isContact,isRussianNumber,isForeignNumber,isShortCode,prefixRisk,callFrequency,isNightTime,recentBankApp,recentGovApp,recentMarketplaceApp,recentMessengerApp,previouslyRejected,inBlacklist,inAllowlist,hiddenNumber,callerVerifyFailed,userVulnerability,userBusinessActivity,contactsAvailable,usageAccessAvailable,label
0.0,1.0,0.0,0.0,0.2,0.6445727406243786,0.0,0.0,0.0,0.0,0.0,0.0,0.0,1.0,0.0,0.0,0.12455263124902075,0.16790092286019637,1.0,1.0,0
0.0,1.0,0.0,0.0,0.2,0.8567368775170342,0.0,0.0,0.0,0.0,0.0,0.0,0.0,1.0,0.0,0.0,0.5019054600135906,0.2687563635520302,1.0,1.0,0
0.0,1.0,0.0,0.0,0.2,0.7015894077287578,0.0,0.0,0.0,0.0,0.0,0.0,0.0,1.0,0.0,0.0,0.16033581576823938,0.5668281698341884,1.0,1.0,0
0.0,1.0,0.0,0.0,0.2,0.668988894025281,0.0,0.0,0.0,0.0,0.0,0.0,0.0,1.0,0.0,0.0,0.14839870655462534,0.23679186917420253,1.0,1.0,0
0.0,1.0,0.0,0.0,0.2,0.6990566357780069,0.0,0.0,0.0,0.0,0.0,0.0,0.0,1.0,0.0,0.0,0.35449373557078684,0.35656976390933365,1.0,1.0,0
1.0,1.0,0.0,0.0,0.2,0.7865440704684715,0.0,0.0,0.0,0.0,0.0,0.0,0.0,1.0,0.0,0.0,0.5231644188928585,0.6529188357839718,1.0,0.0,0
0.0,1.0,0.0,0.0,0.2,0.6498504523508057,0.0,0.0,0.0,0.0,0.0,0.0,0.0,1.0,0.0,0.0,0.26425295819996875,0.5055817289509469,1.0,0.0,0
0.0,1.0,0.0,0.0,0.2,0.5017198926643418,0.0,0.0,0.0,0.0,0.0,0.0,0.0,1.0,0.0,0.0,0.41488677133909907,0.34831894285883425,1.0,0.0,0
1.0,1.0,0.0,0.0,0.2,0.7167458133280322,0.0,0.0,0.0,0.0,0.0,0.0,0.0,1.0,0.0,0.0,0.22940575633884455,0.4846086866927112,1.0,1.0,0
1.0,1.0,0.0,0.0,0.2,0.7035028226567283,0.0,0.0,0.0,0.0,0.0,0.0,0.0,1.0,0.0,0.0,0.39336723834410925,0.3849520956539149,1.0,1.0,0
0.0,1.0,0.0,0.0,0.2,0.6917411845974781,0.0,0.0,0.0,0.0,0.0,0.0,0.0,1.0,0.0,0.0,0.4447021377460679,0.289479409539775,1.0,1.0,0
0.0,1.0,0.0,0.0,0.2,0.8033912627214992,0.0,0.0,0.0,0.0,0.0,0.0,0.0,1.0,0.0,0.0,0.11948242613014669,0.6367868884212322,1.0,1.0,0
0.0,1.0,0.0,0.0,0.2,0.6249080656930177,0.0,0.0,0.0,0.0,0.0,0.0,0.0,1.0,0.0,0.0,0.09054607133473823,0.6841860227168913,1.0,0.0,0
0.0,1.0,0.0,0.0,0.2,0.4591228063261893,0.0,0.0,0.0,0.0,0.0,0.0,0.0,1.0,0.0,0.0,0.20139145879541773,0.5150604459656163,1.0,0.0,0
0.0,1.0,0.0,0.0,0.2,0.7353547301578774,0.0,0.0,0.0,0.0,0.0,0.0,0.0,1.0,0.0,0.0,0.16050638865164704,0.36795849196957847,1.0,0.0,0
0.0,1.0,0.0,0.0,0.2,0.9425163895376896,0.0,0.0,0.0,0.0,0.0,0.0,0.0,1.0,0.0,0.0,0.2237751257546528,0.1845622680864572,1.0,0.0,0
0.0,1.0,0.0,0.0,0.2,0.7286880782198395,0.0,0.0,0.0,0.0,0.0,0.0,0.0,1.0,0.0,0.0,0.4258853464122673,0.23043338508662722,1.0,0.0,0
1.0,1.0,0.0,0.0,0.1,0.9484651109007955,0.0,0.0,0.0,0.0,0.0,0.0,0.0,1.0,0.0,0.0,0.2031552569085217,0.5269182595960168,1.0,0.0,0
0.0,1.0,0.0,0.0,0.1,0.7663508948501393,0.0,0.0,0.0,0.0,0.0,0.0,0.0,1.0,0.0,0.0,0.05008871404175602,0.20111442498818505,1.0,0.0,0
0.0,1.0,0.0,0.0,0.1,0.3759686720364148,0.0,0.0,0.0,0.0,0.0,0.0,0.0,1.0,0.0,0.0,0.21581192212292197,0.5713409591563258,1.0,1.0,0
0.0,1.0,0.0,0.0,0.1,0.957868448206527,0.0,0.0,0.0,0.0,0.0,0.0,0.0,1.0,0.0,0.0,0.2955412005794506,0.4900467352139683,1.0,0.0,0
0.0,1.0,0.0,0.0,0.1,0.9398381896287724,0.0,0.0,0.0,0.0,0.0,0.0,0.0,1.0,0.0,0.0,0.46916780667310926,0.36708665596093887,1.0,1.0,0
1.0,1.0,0.0,0.0,0.1,0.6625674040774104,0.0,0.0,0.0,0.0,0.0,0.0,0.0,1.0,0.0,0.0,0.25036812515522017,0.7905329554228854,1.0,0.0,0
1.0,1.0,0.0,0.0,0.1,0.6943707338049505,0.0,0.0,0.0,0.0,0.0,0.0,0.0,1.0,0.0,0.0,0.6823980641679637,0.18356005386641738,1.0,0.0,0
1.0,1.0,0.0,0.0,0.1,0.6329692017991881,0.0,0.0,0.0,0.0,0.0,0.0,0.0,1.0,0.0,0.0,0.459261950280735,0.3581727426356935,1.0,0.0,0
0.0,1.0,0.0,0.0,0.1,0.5300146173644419,0.0,0.0,0.0,0.0,0.0,0.0,0.0,1.0,0.0,0.0,0.24260230715855463,0.2404410872581447,1.0,1.0,0
0.0,1.0,0.0,0.0,0.1,0.9091158405971492,0.0,0.0,0.0,0.0,0.0,0.0,0.0,1.0,0.0,0.0,0.28951741964637373,0.6027455882620948,1.0,0.0,0
1.0,1.0,0.0,0.0,0.1,0.7255103268167558,0.0,0.0,0.0,0.0,0.0,0.0,0.0,1.0,0.0,0.0,0.5819265505826844,0.3475582885597414,1.0,0.0,0
0.0,1.0,0.0,0.0,0.1,0.8673950466456545,0.0,0.0,0.0,0.0,0.0,0.0,0.0,1.0,0.0,0.0,0.31040080203551035,0.523199126332031,1.0,0.0,0
0.0,1.0,0.0,0.0,0.1,0.7650459055119151,0.0,0.0,0.0,0.0,0.0,0.0,0.0,1.0,0.0,0.0,0.08329325242427113,0.45555764234455165,1.0,1.0,0
0.0,1.0,0.0,0.0,0.1,0.9238397201561996,0.0,0.0,0.0,0.0,0.0,0.0,0.0,1.0,0.0,0.0,0.25059426653149053,0.3748222779439656,1.0,1.0,0
0.0,1.0,0.0,0.0,0.1,0.8122411323867097,0.0,0.0,0.0,0.0,0.0,0.0,0.0,1.0,0.0,0.0,0.5482117875938531,0.554667445270027,1.0,0.0,0
1.0,1.0,0.0,0.0,0.1,0.7141100208443988,0.0,0.0,0.0,0.0,0.0,0.0,0.0,1.0,0.0,0.0,0.2931849216513565,0.4226853202128385,1.0,1.0,0
0.0,1.0,0.0,0.0,0.1,0.5571009252322501,0.0,0.0,0.0,0.0,0.0,0.0,0.0,1.0,0.0,0.0,0.20841393311167739,0.2598781456378989,1.0,1.0,0
1.0,1.0,0.0,0.0,0.1,0.9014236734896184,0.0,0.0,0.0,0.0,0.0,0.0,0.0,1.0,0.0,0.0,0.0603719558292412,0.33566437455604164,1.0,1.0,0
1.0,1.0,0.0,0.0,0.1,0.1780909663776355,0.0,0.0,0.0,0.0,0.0,0.0,0.0,1.0,0.0,0.0,0.18389952767545317,0.2577785293275008,1.0,1.0,0
1.0,1.0,0.0,0.0,0.1,0.5525062721816576,0.0,0.0,0.0,0.0,0.0,0.0,0.0,1.0,0.0,0.0,0.5195547626442477,0.4772136136539698,1.0,1.0,0
0.0,1.0,0.0,0.0,0.1,0.6059720120535528,0.0,0.0,0.0,0.0,0.0,0.0,0.0,1.0,0.0,0.0,0.5545036336049924,0.21627630278389778,1.0,0.0,0
0.0,1.0,0.0,0.0,0.1,0.9138234907894667,0.0,0.0,0.0,0.0,0.0,0.0,0.0,1.0,0.0,0.0,0.23694424391200855,0.31344610654444366,1.0,1.0,0
0.0,1.0,0.0,0.0,0.1,0.6298310716078195,0.0,0.0,0.0,0.0,0.0,0.0,0.0,1.0,0.0,0.0,0.17874140921302678,0.351338241397059,1.0,0.0,0
1.0,1.0,0.0,0.0,0.1,0.4067516110874206,0.0,0.0,0.0,0.0,0.0,0.0,0.0,1.0,0.0,0.0,0.27005626743486166,0.49480222561924775,1.0,1.0,0
1.0,1.0,0.0,0.0,0.1,0.7478013253116844,0.0,0.0,0.0,0.0,0.0,0.0,0.0,1.0,0.0,0.0,0.14436784990676763,0.6134317319363327,1.0,1.0,0
1.0,1.0,0.0,0.0,0.1,0.9345499758474943,0.0,0.0,0.0,0.0,0.0,0.0,0.0,1.0,0.0,0.0,0.12926517100085835,0.3120208669723523,1.0,0.0,0
1.0,1.0,0.0,0.0,0.1,0.8579054318477382,0.0,0.0,0.0,0.0,0.0,0.0,0.0,1.0,0.0,0.0,0.06798146542871901,0.2554988358458995,1.0,1.0,0
1.0,1.0,0.0,0.0,0.1,0.5358157745883753,0.0,0.0,0.0,0.0,0.0,0.0,0.0,1.0,0.0,0.0,0.5665096722658727,0.17982756715054093,1.0,0.0,0
0.0,1.0,0.0,0.0,0.1,0.8609356858192095,0.0,0.0,0.0,0.0,0.0,0.0,0.0,1.0,0.0,0.0,0.23890908512031517,0.45182165236591676,1.0,0.0,0
1.0,1.0,0.0,0.0,0.1,0.7457549182453752,0.0,0.0,0.0,0.0,0.0,0.0,0.0,1.0,0.0,0.0,0.06352583153009403,0.3050847485860548,1.0,1.0,0
1.0,1.0,0.0,0.0,0.1,0.6845823589264527,0.0,0.0,0.0,0.0,0.0,0.0,0.0,1.0,0.0,0.0,0.1456240838288239,0.22397131566612474,1.0,1.0,0
0.0,1.0,0.0,0.0,0.1,0.8285736794288625,0.0,0.0,0.0,0.0,0.0,0.0,0.0,1.0,0.0,0.0,0.1586860404607824,0.20965863918099203,1.0,1.0,0
0.0,1.0,0.0,0.0,0.1,0.6420458394253012,0.0,0.0,0.0,0.0,0.0,0.0,0.0,1.0,0.0,0.0,0.27758774383097273,0.24010616408778704,1.0,1.0,0
0.0,1.0,0.0,0.0,0.6,0.3938571464281238,0.0,0.0,0.0,0.0,0.0,0.0,0.0,0.0,0.0,0.0,0.3325029899752494,0.3740201282797573,1.0,0.0,1
0.0,1.0,0.0,0.0,0.6,0.2780546571258971,0.0,0.0,0.0,0.0,0.0,0.0,0.0,0.0,0.0,0.0,0.39856305610622283,0.18043656500271982,1.0,0.0,1
0.0,1.0,0.0,0.0,0.6,0.1578921815399427,0.0,0.0,0.0,0.0,0.0,0.0,0.0,0.0,0.0,0.0,0.03979702043324557,0.7157599834185803,1.0,1.0,1
0.0,1.0,0.0,0.0,0.1,0.8950837011828691,0.0,0.0,0.0,0.0,0.0,0.0,0.0,1.0,0.0,0.0,0.16979277366289627,0.6405537334664971,1.0,0.0,0
0.0,1.0,0.0,0.0,0.3,0.8411241579548138,0.0,0.0,0.0,0.0,0.0,0.0,0.0,1.0,0.0,0.0,0.07752878472658356,0.7512188070927449,1.0,1.0,0
0.0,1.0,0.0,0.0,0.3,0.23447465438446657,1.0,0.0,0.0,0.0,0.0,1.0,1.0,0.0,0.0,1.0,0.4850272874889934,0.49479443657345645,1.0,1.0,2
0.0,1.0,0.0,0.0,0.0,0.6035052273370155,0.0,0.0,0.0,0.0,0.0,0.0,0.0,1.0,0.0,0.0,0.32301200328066954,0.43548535022823853,1.0,1.0,0
0.0,1.0,0.0,0.0,0.3,0.034976357016741955,0.0,0.0,0.0,0.0,0.0,0.0,1.0,0.0,0.0,0.0,0.2972698999083187,0.5773090018247626,1.0,1.0,2
0.0,1.0,0.0,0.0,0.3,0.38597644217792276,0.0,0.0,0.0,0.0,0.0,0.0,0.0,0.0,0.0,0.0,0.11283766576987714,0.3578436019810962,1.0,0.0,1
0.0,1.0,0.0,0.0,0.6,0.15944616653029375,0.0,0.0,0.0,0.0,0.0,0.0,0.0,0.0,0.0,0.0,0.23637718209622496,0.24637249729287436,1.0,0.0,1
0.0,1.0,0.0,0.0,0.0,0.30164197076763705,0.0,0.0,0.0,0.0,0.0,0.0,0.0,0.0,0.0,0.0,0.7544332692160459,0.15416341371012554,1.0,1.0,1
0.0,1.0,0.0,0.0,0.0,0.6793711583801588,0.0,0.0,0.0,0.0,0.0,0.0,0.0,1.0,0.0,0.0,0.3330698763010332,0.21416366776242793,1.0,1.0,0
0.0,1.0,0.0,0.0,0.3,0.36516880724360556,0.0,0.0,0.0,0.0,0.0,0.0,0.0,0.0,0.0,0.0,0.4063402481360411,0.4510497586519869,1.0,0.0,1
1.0,1.0,0.0,0.0,0.3,0.37980883249971426,0.0,0.0,0.0,0.0,0.0,0.0,0.0,1.0,0.0,0.0,0.19014204723541409,0.33882250377186557,1.0,1.0,0
0.0,1.0,0.0,0.0,0.3,0.20706563590779506,0.0,0.0,0.0,0.0,0.0,0.0,0.0,0.0,0.0,0.0,0.029481673145535472,0.6129836671405423,1.0,1.0,1
1.0,1.0,0.0,0.0,0.3,0.7472765270064766,0.0,0.0,0.0,0.0,0.0,0.0,0.0,1.0,0.0,0.0,0.1305619473969275,0.28051358304227747,1.0,1.0,0
0.0,1.0,0.0,0.0,0.3,0.3951036553756733,0.0,0.0,0.0,0.0,0.0,0.0,0.0,0.0,0.0,0.0,0.4008408334816259,0.4646740970503902,1.0,0.0,1
0.0,1.0,0.0,0.0,0.0,0.3475385688045479,0.0,0.0,0.0,0.0,0.0,0.0,0.0,0.0,0.0,0.0,0.48485134255018936,0.5974335349310855,1.0,1.0,1
0.0,1.0,0.0,0.0,0.6,0.6510038096914164,0.0,0.0,0.0,0.0,0.0,0.0,0.0,1.0,0.0,0.0,0.18998436352331027,0.546746473267499,1.0,1.0,0
0.0,1.0,0.0,0.0,0.6,0.10692948393705307,0.0,0.0,0.0,0.0,0.0,1.0,1.0,0.0,0.0,0.0,0.46840992931498826,0.5083071397760752,1.0,1.0,2
0.0,1.0,0.0,0.0,0.0,0.09336199763995921,0.0,0.0,0.0,0.0,0.0,0.0,1.0,0.0,0.0,0.0,0.08291794099410285,0.7548491152900569,1.0,0.0,2
0.0,1.0,0.0,0.0,0.0,0.803969933957964,0.0,0.0,0.0,0.0,0.0,0.0,0.0,1.0,0.0,0.0,0.4393619966963823,0.4327268675873145,1.0,1.0,0
0.0,1.0,0.0,0.0,0.3,0.3737624982370225,0.0,0.0,0.0,0.0,0.0,0.0,1.0,0.0,0.0,1.0,0.17237805734636083,0.3390590733748067,1.0,1.0,2
0.0,1.0,0.0,0.0,0.3,0.5402497634609793,0.0,0.0,0.0,0.0,0.0,0.0,0.0,0.0,0.0,0.0,0.3443850874037643,0.2706494576615447,1.0,0.0,1
0.0,1.0,0.0,0.0,0.6,0.5099382051812501,0.0,0.0,0.0,0.0,0.0,0.0,0.0,0.0,0.0,0.0,0.13954267005397325,0.2814199194263103,1.0,1.0,1
0.0,1.0,0.0,0.0,0.0,0.12322871827165824,0.0,0.0,0.0,0.0,0.0,0.0,0.0,0.0,0.0,0.0,0.26838311280452304,0.44512812579517114,1.0,0.0,1
1.0,1.0,0.0,0.0,0.0,0.6411204924448836,0.0,0.0,0.0,0.0,0.0,0.0,0.0,1.0,0.0,0.0,0.15206152740821952,0.4842556990487681,1.0,1.0,0
0.0,1.0,0.0,0.0,0.0,0.13704302089688805,0.0,0.0,0.0,0.0,0.0,0.0,1.0,0.0,0.0,0.0,0.6331425616990806,0.5038861233087435,1.0,1.0,2
0.0,1.0,0.0,0.0,0.6,0.865775880563677,0.0,0.0,0.0,0.0,0.0,0.0,0.0,1.0,0.0,0.0,0.07699572356240936,0.15782956645598323,1.0,1.0,0
0.0,1.0,0.0,0.0,0.3,0.5993074474162202,0.0,0.0,0.0,0.0,0.0,0.0,0.0,0.0,0.0,0.0,0.17051522741231095,0.26235610826889977,1.0,0.0,1
1.0,1.0,0.0,0.0,0.1,0.8313028013569009,0.0,0.0,0.0,0.0,0.0,0.0,0.0,1.0,0.0,0.0,0.38998599215951624,0.4595429626323883,1.0,1.0,0
0.0,1.0,0.0,0.0,0.6,0.3291395227487306,0.0,0.0,0.0,0.0,0.0,0.0,0.0,0.0,0.0,0.0,0.5200154425158402,0.3252480407475233,1.0,0.0,1
0.0,1.0,0.0,0.0,0.6,0.7345832543813688,0.0,0.0,0.0,0.0,0.0,0.0,0.0,1.0,0.0,0.0,0.35413010194718175,0.577268255381006,1.0,1.0,0
1.0,1.0,0.0,0.0,0.0,0.793436127591989,0.0,0.0,0.0,0.0,0.0,0.0,0.0,1.0,0.0,0.0,0.4564081956728977,0.48736210921597256,1.0,0.0,0
0.0,1.0,0.0,0.0,0.3,0.2617937315114602,0.0,0.0,0.0,0.0,0.0,0.0,0.0,0.0,0.0,0.0,0.281079532891862,0.6025119526900422,1.0,1.0,1
0.0,1.0,0.0,0.0,0.0,0.21800634715939887,0.0,0.0,0.0,0.0,0.0,0.0,0.0,0.0,0.0,0.0,0.3393162027966654,0.38189258613203597,1.0,1.0,1
0.0,1.0,0.0,0.0,0.0,0.5452616302238639,0.0,0.0,0.0,0.0,0.0,0.0,0.0,0.0,0.0,0.0,0.4476803303702816,0.11685690570120161,1.0,1.0,1
0.0,1.0,0.0,0.0,0.6,0.6956185080922664,0.0,0.0,0.0,0.0,0.0,0.0,0.0,0.0,0.0,0.0,0.8061871450784142,0.5108350239310268,1.0,1.0,1
1.0,1.0,0.0,0.0,0.2,0.8842563444735277,0.0,0.0,0.0,0.0,0.0,0.0,0.0,1.0,0.0,0.0,0.36981611035380296,0.4460446330122914,1.0,0.0,0
0.0,1.0,0.0,0.0,0.0,0.8114657669054163,0.0,0.0,0.0,0.0,0.0,0.0,0.0,1.0,0.0,0.0,0.27608244214353433,0.16445198444824205,1.0,0.0,0
0.0,1.0,0.0,0.0,0.0,0.0872687703480537,0.0,1.0,0.0,0.0,0.0,1.0,1.0,0.0,0.0,0.0,0.17218613583563314,0.5006648242045922,1.0,1.0,2
0.0,1.0,0.0,0.0,0.3,0.5501099808404838,0.0,0.0,0.0,0.0,0.0,0.0,0.0,1.0,0.0,0.0,0.22560622627262086,0.40853099409098775,1.0,1.0,0
1.0,1.0,0.0,0.0,0.0,0.8632297127471174,0.0,0.0,0.0,0.0,0.0,0.0,0.0,1.0,0.0,0.0,0.26454796317981993,0.493142724190465,1.0,0.0,0
0.0,1.0,0.0,0.0,0.6,0.3013855100360363,0.0,0.0,0.0,0.0,0.0,0.0,0.0,0.0,0.0,0.0,0.4700756333727693,0.7144975831032363,1.0,0.0,1
0.0,1.0,0.0,0.0,0.0,0.17156703946459675,0.0,1.0,0.0,0.0,0.0,1.0,1.0,0.0,0.0,1.0,0.49045485570587694,0.4083322051678666,1.0,0.0,2
0.0,1.0,0.0,0.0,0.3,0.6200374569804836,0.0,0.0,0.0,0.0,0.0,0.0,0.0,1.0,0.0,0.0,0.2922374443032408,0.18838560501853022,1.0,0.0,0
1.0,1.0,0.0,0.0,0.3,0.7246171919640969,0.0,0.0,0.0,0.0,0.0,0.0,0.0,1.0,0.0,0.0,0.3764928823247789,0.28138285574431066,1.0,0.0,0
0.0,1.0,0.0,0.0,0.0,0.5934713844182389,0.0,0.0,0.0,0.0,0.0,0.0,0.0,1.0,0.0,0.0,0.22939584187570197,0.17143856958629944,1.0,0.0,0
0.0,1.0,0.0,0.0,0.0,0.1474307646654852,0.0,0.0,0.0,0.0,0.0,0.0,0.0,0.0,0.0,0.0,0.2762100244097804,0.506799758906692,1.0,1.0,1
0.0,1.0,0.0,0.0,0.3,0.04344832573566897,0.0,0.0,0.0,0.0,0.0,0.0,1.0,0.0,0.0,1.0,0.23508122807362794,0.4581736961004694,1.0,1.0,2
0.0,1.0,0.0,0.0,0.3,0.7417047992666452,0.0,0.0,0.0,0.0,0.0,0.0,0.0,1.0,0.0,0.0,0.05605945842236018,0.48612529274853716,1.0,0.0,0
0.0,1.0,0.0,0.0,0.0,0.8665851336196001,0.0,0.0,0.0,0.0,0.0,0.0,0.0,1.0,0.0,0.0,0.5243073927998013,0.4555839678760159,1.0,0.0,0
0.0,1.0,0.0,0.0,0.0,0.09344502378904569,0.0,0.0,0.0,0.0,0.0,0.0,0.0,0.0,0.0,0.0,0.321603240031711,0.46491172841198863,1.0,0.0,1
0.0,1.0,0.0,0.0,0.0,0.02572159900601239,0.0,0.0,0.0,0.0,0.0,0.0,1.0,0.0,0.0,0.0,0.3897523399457415,0.3821691306937993,1.0,1.0,2
0.0,1.0,0.0,0.0,0.6,0.8013450775039969,0.0,0.0,0.0,0.0,0.0,0.0,0.0,1.0,0.0,0.0,0.13768039551765116,0.3126597459931247,1.0,0.0,0
0.0,1.0,0.0,0.0,0.0,0.6721430688782936,0.0,0.0,0.0,0.0,0.0,0.0,0.0,1.0,0.0,0.0,0.2993858248660802,0.7553469629505501,1.0,1.0,0
0.0,1.0,0.0,0.0,0.3,0.15201809305689706,0.0,0.0,0.0,0.0,0.0,0.0,0.0,0.0,0.0,0.0,0.2073433634010576,0.463734860269006,1.0,0.0,1
1.0,1.0,0.0,0.0,0.3,0.6323422636594651,0.0,0.0,0.0,0.0,0.0,0.0,0.0,1.0,0.0,0.0,0.2875565083853619,0.26964506350238004,1.0,0.0,0
0.0,1.0,0.0,0.0,0.6,0.0034489955489611047,0.0,0.0,0.0,0.0,0.0,0.0,1.0,0.0,0.0,0.0,0.13804825062538234,0.6634042247479885,1.0,0.0,2
1.0,1.0,0.0,0.0,0.3,0.733469178522493,0.0,0.0,0.0,0.0,0.0,0.0,0.0,1.0,0.0,0.0,0.12804429113015076,0.2720019467107175,1.0,0.0,0
0.0,1.0,0.0,0.0,0.3,0.06992386021231999,1.0,0.0,0.0,0.0,0.0,1.0,1.0,0.0,0.0,0.0,0.14997691395582682,0.6167089682047245,1.0,1.0,2
0.0,1.0,0.0,0.0,0.0,0.03865095612740126,1.0,0.0,0.0,0.0,0.0,0.0,1.0,0.0,0.0,0.0,0.26557882365272883,0.3719446290243237,1.0,1.0,2
1.0,1.0,0.0,0.0,0.3,0.934770990757627,0.0,0.0,0.0,0.0,0.0,0.0,0.0,1.0,0.0,0.0,0.0640638272015002,0.3858634637263148,1.0,1.0,0
0.0,1.0,0.0,0.0,0.2,0.6665843667669888,0.0,0.0,0.0,0.0,0.0,0.0,0.0,1.0,0.0,0.0,0.596807646552055,0.27046421351139693,1.0,0.0,0
0.0,1.0,0.0,0.0,0.3,0.16454873338964765,0.0,0.0,0.0,0.0,0.0,0.0,1.0,0.0,0.0,1.0,0.2866352596129533,0.5266352779120066,1.0,0.0,2
0.0,1.0,0.0,0.0,0.3,0.8427891181155203,0.0,0.0,0.0,0.0,0.0,0.0,0.0,1.0,0.0,0.0,0.285388801850378,0.3783058441375662,1.0,0.0,0
0.0,1.0,0.0,0.0,0.3,0.29133130036605964,0.0,0.0,0.0,0.0,0.0,0.0,0.0,0.0,0.0,0.0,0.2994946170774046,0.43000841765201475,1.0,1.0,1
0.0,1.0,0.0,0.0,0.6,0.5632959956949032,0.0,0.0,0.0,0.0,0.0,0.0,0.0,0.0,0.0,0.0,0.354795601713049,0.6705186214064648,1.0,0.0,1
0.0,1.0,0.0,0.0,0.0,0.10827140129843875,0.0,0.0,0.0,0.0,0.0,0.0,1.0,0.0,0.0,1.0,0.2861062273262148,0.132527752496408,1.0,1.0,2
0.0,1.0,0.0,0.0,0.6,0.009472434929242917,0.0,0.0,0.0,0.0,0.0,0.0,1.0,0.0,0.0,0.0,0.13193417492604595,0.7502788007905224,1.0,0.0,2
0.0,1.0,0.0,0.0,0.0,0.03983936051637331,0.0,0.0,0.0,0.0,0.0,0.0,0.0,0.0,0.0,0.0,0.2186530089290105,0.6032108599873239,1.0,0.0,1
0.0,1.0,0.0,0.0,0.3,0.1472408483480197,0.0,0.0,0.0,0.0,0.0,0.0,1.0,0.0,0.0,1.0,0.16849940126110008,0.5541595770665366,1.0,0.0,2
0.0,1.0,0.0,0.0,0.3,0.013381696071806719,1.0,1.0,0.0,0.0,0.0,0.0,1.0,0.0,0.0,0.0,0.41779469156980165,0.5054041076172457,1.0,1.0,2
1.0,1.0,0.0,0.0,0.0,0.7060990255918602,0.0,0.0,0.0,0.0,0.0,0.0,0.0,1.0,0.0,0.0,0.30301009999912404,0.24995598302709437,1.0,1.0,0
0.0,1.0,0.0,0.0,0.2,0.7396642755493583,0.0,0.0,0.0,0.0,0.0,0.0,0.0,0.0,0.0,0.0,0.48465761151806874,0.49570235791443407,1.0,0.0,1
0.0,1.0,0.0,0.0,0.3,0.33333206240044944,0.0,0.0,0.0,0.0,0.0,0.0,0.0,0.0,0.0,0.0,0.4149964818949308,0.22261402018065762,1.0,0.0,1
0.0,1.0,0.0,0.0,0.3,0.6999488080748113,0.0,0.0,0.0,0.0,0.0,0.0,0.0,1.0,0.0,0.0,0.32488250320222267,0.2637872416325011,1.0,0.0,0
1.0,1.0,0.0,0.0,0.6,0.7699392535801648,0.0,0.0,0.0,0.0,0.0,0.0,0.0,1.0,0.0,0.0,0.26988052329057505,0.6222877467154395,1.0,0.0,0
0.0,1.0,0.0,0.0,0.6,0.814646053801578,0.0,0.0,0.0,0.0,0.0,0.0,0.0,1.0,0.0,0.0,0.31525992170015465,0.11726336403460848,1.0,1.0,0
0.0,1.0,0.0,0.0,0.3,0.7358207376028778,0.0,0.0,0.0,0.0,0.0,0.0,0.0,1.0,0.0,0.0,0.4146878045429074,0.6281530176096584,1.0,0.0,0
0.0,1.0,0.0,0.0,0.3,0.2361092509567363,0.0,0.0,0.0,0.0,0.0,0.0,1.0,0.0,0.0,0.0,0.1517343805702248,0.4584050083896329,1.0,0.0,2
0.0,1.0,0.0,0.0,0.3,0.0007300775432130575,0.0,1.0,0.0,0.0,0.0,1.0,1.0,0.0,0.0,1.0,0.26143473310608933,0.2933882111164524,1.0,1.0,2
0.0,1.0,0.0,0.0,0.6,0.33697067824101357,0.0,0.0,0.0,0.0,0.0,0.0,0.0,0.0,0.0,0.0,0.31806140062547517,0.6283946141055513,1.0,0.0,1
0.0,1.0,0.0,0.0,0.0,0.19419204669220363,0.0,0.0,0.0,0.0,0.0,1.0,1.0,0.0,0.0,1.0,0.254345010786614,0.3806091433832401,1.0,1.0,2
1.0,1.0,0.0,0.0,0.0,0.686755531405934,0.0,0.0,0.0,0.0,0.0,0.0,0.0,1.0,0.0,0.0,0.03808639804523028,0.3727290085313414,1.0,0.0,0
0.0,1.0,0.0,0.0,0.0,0.16255000454605345,0.0,0.0,0.0,0.0,0.0,0.0,1.0,0.0,0.0,1.0,0.12946521610425016,0.23374870731491076,1.0,1.0,2
0.0,1.0,0.0,0.0,0.3,0.10316405595656261,0.0,0.0,0.0,0.0,0.0,0.0,0.0,0.0,0.0,0.0,0.33269021563057033,0.22297981101489844,1.0,0.0,1
1.0,1.0,0.0,0.0,0.3,0.8166989960605889,0.0,0.0,0.0,0.0,0.0,0.0,0.0,1.0,0.0,0.0,0.2850122449263776,0.1928880588694769,1.0,0.0,0
0.0,1.0,0.0,0.0,0.6,0.7201664384011468,0.0,0.0,0.0,0.0,0.0,0.0,0.0,1.0,0.0,0.0,0.2851927634407237,0.5502118628405819,1.0,1.0,0
0.0,1.0,0.0,0.0,0.3,0.0984861237914883,0.0,0.0,0.0,0.0,0.0,0.0,0.0,0.0,0.0,0.0,0.4020565638547267,0.5581562317601533,1.0,1.0,1
0.0,1.0,0.0,0.0,0.6,0.9047361855575962,0.0,0.0,0.0,0.0,0.0,0.0,0.0,1.0,0.0,0.0,0.2715482412276446,0.20851500617601218,1.0,0.0,0
0.0,1.0,0.0,0.0,0.0,0.09515321137830865,1.0,1.0,0.0,0.0,0.0,1.0,1.0,0.0,0.0,0.0,0.1977689732247932,0.29946666892362145,1.0,0.0,2
0.0,1.0,0.0,0.0,0.6,0.562633937080864,0.0,0.0,0.0,0.0,0.0,0.0,0.0,0.0,0.0,0.0,0.43417126169526815,0.2128752531684705,1.0,0.0,1
0.0,1.0,0.0,0.0,0.6,0.6303042262677262,0.0,0.0,0.0,0.0,0.0,0.0,0.0,1.0,0.0,0.0,0.33769480478494146,0.3919706989734623,1.0,0.0,0
0.0,1.0,0.0,0.0,0.2,0.43454522410874247,0.0,0.0,0.0,0.0,0.0,0.0,0.0,1.0,0.0,0.0,0.1457990467691004,0.37098532299353004,1.0,0.0,0
0.0,1.0,0.0,0.0,0.6,0.023480478818197714,0.0,0.0,0.0,0.0,0.0,1.0,1.0,0.0,0.0,0.0,0.47375880072918575,0.6221866527334603,1.0,0.0,2
0.0,1.0,0.0,0.0,0.0,0.03021132501004183,0.0,0.0,0.0,0.0,0.0,0.0,0.0,0.0,0.0,0.0,0.27386626891468946,0.48401296161698465,1.0,0.0,1
0.0,1.0,0.0,0.0,0.3,0.1378505447932075,0.0,0.0,0.0,0.0,0.0,0.0,0.0,0.0,0.0,0.0,0.07314708457638575,0.2767159261767645,1.0,0.0,1
0.0,1.0,0.0,0.0,0.2,0.5266757461475782,0.0,0.0,0.0,0.0,0.0,0.0,0.0,0.0,0.0,0.0,0.39342629112673305,0.18266501042586838,1.0,1.0,1
0.0,1.0,0.0,0.0,0.3,0.5070063403971998,0.0,0.0,0.0,0.0,0.0,0.0,0.0,1.0,0.0,0.0,0.5145344308267137,0.6746287424988081,1.0,0.0,0
0.0,1.0,0.0,0.0,0.0,0.15356210901122175,0.0,1.0,0.0,0.0,0.0,0.0,1.0,0.0,0.0,0.0,0.37590068010004163,0.3913858444334974,1.0,0.0,2
0.0,1.0,0.0,0.0,0.0,0.20158841033767055,0.0,0.0,0.0,0.0,0.0,1.0,1.0,0.0,0.0,0.0,0.0695033478486689,0.7563722817621921,1.0,0.0,2
0.0,1.0,0.0,0.0,0.6,0.37672151157320133,0.0,0.0,0.0,0.0,0.0,0.0,0.0,0.0,0.0,0.0,0.5835777642037271,0.41141655848801956,1.0,1.0,1
0.0,1.0,0.0,0.0,0.0,0.06106673204624361,1.0,0.0,0.0,0.0,0.0,0.0,1.0,0.0,0.0,1.0,0.2364273377466961,0.4555876541483095,1.0,0.0,2
0.0,1.0,0.0,0.0,0.3,0.7273699469583067,0.0,0.0,0.0,0.0,0.0,0.0,0.0,1.0,0.0,0.0,0.24774667685966767,0.4802443126847879,1.0,1.0,0
0.0,1.0,0.0,0.0,0.3,0.4003270240661904,0.0,0.0,0.0,0.0,0.0,0.0,0.0,0.0,0.0,0.0,0.5069736163862067,0.5249990750604449,1.0,1.0,1
1.0,1.0,0.0,0.0,0.0,0.8830383468958898,0.0,0.0,0.0,0.0,0.0,0.0,0.0,1.0,0.0,0.0,0.22245053345775356,0.1630054251176647,1.0,1.0,0
0.0,1.0,0.0,0.0,0.0,0.07183628293527036,1.0,1.0,0.0,0.0,0.0,1.0,1.0,0.0,0.0,0.0,0.04252250570058801,0.447657472116801,1.0,1.0,2
0.0,1.0,0.0,0.0,0.3,0.4460289900541434,0.0,0.0,0.0,0.0,0.0,0.0,0.0,0.0,0.0,0.0,0.12059852655880947,0.2904007368400627,1.0,0.0,1
0.0,1.0,0.0,0.0,0.3,0.011775388777780033,0.0,0.0,0.0,0.0,0.0,0.0,1.0,0.0,0.0,0.0,0.23072857249452286,0.5426327850849629,1.0,1.0,2
0.0,1.0,0.0,0.0,0.3,0.06180550008739528,0.0,1.0,0.0,0.0,0.0,1.0,1.0,0.0,0.0,1.0,0.20396668227630393,0.4026486692266516,1.0,1.0,2
0.0,1.0,0.0,0.0,0.6,0.08307305760026108,0.0,0.0,0.0,0.0,0.0,0.0,0.0,0.0,0.0,0.0,0.21379474700572185,0.6763639225751106,1.0,0.0,1
0.0,1.0,0.0,0.0,0.0,0.28287175135024234,0.0,0.0,0.0,0.0,0.0,0.0,0.0,0.0,0.0,0.0,0.10228804832823611,0.4118895328697739,1.0,0.0,1
0.0,1.0,0.0,0.0,0.3,0.14406689720088492,0.0,0.0,0.0,0.0,0.0,1.0,1.0,0.0,0.0,0.0,0.4514657279081482,0.04779718716188473,1.0,0.0,2
0.0,1.0,0.0,0.0,0.3,0.008513715582107492,0.0,0.0,0.0,0.0,0.0,0.0,1.0,0.0,0.0,0.0,0.25654286747829724,0.7105842694611536,1.0,0.0,2
0.0,1.0,0.0,0.0,0.0,0.765585543156829,0.0,0.0,0.0,0.0,0.0,0.0,0.0,1.0,0.0,0.0,0.12080607114527345,0.4910151835009026,1.0,1.0,0
0.0,1.0,0.0,0.0,0.6,0.3795350655475386,0.0,0.0,0.0,0.0,0.0,0.0,0.0,0.0,0.0,0.0,0.35437151956975343,0.09119457041920928,1.0,1.0,1
1.0,1.0,0.0,0.0,0.0,0.9226404754470985,0.0,0.0,0.0,0.0,0.0,0.0,0.0,1.0,0.0,0.0,0.3087458998015995,0.5957718978480615,1.0,1.0,0
1.0,1.0,0.0,0.0,0.6,0.6010610655227276,0.0,0.0,0.0,0.0,0.0,0.0,0.0,1.0,0.0,0.0,0.39493300572923834,0.5417232746785019,1.0,0.0,0
0.0,1.0,0.0,0.0,0.0,0.19772134340654618,0.0,0.0,0.0,0.0,0.0,0.0,1.0,0.0,0.0,1.0,0.36892431476975296,0.3204314226248224,1.0,1.0,2
0.0,1.0,0.0,0.0,0.0,0.16764808567733677,0.0,0.0,0.0,0.0,0.0,0.0,0.0,0.0,0.0,0.0,0.46676118673474487,0.6964472924215722,1.0,1.0,1
0.0,1.0,0.0,0.0,0.3,0.03221034937423905,0.0,0.0,0.0,0.0,0.0,0.0,1.0,0.0,0.0,0.0,0.27567189103286793,0.41113287296075063,1.0,0.0,2
0.0,1.0,0.0,0.0,0.0,0.7044937263644985,0.0,0.0,0.0,0.0,0.0,0.0,0.0,1.0,0.0,0.0,0.3028257953909531,0.18909256122849874,1.0,1.0,0
0.0,1.0,0.0,0.0,0.3,0.6498608955680519,0.0,0.0,0.0,0.0,0.0,0.0,0.0,1.0,0.0,0.0,0.15030864146388206,0.3964288181633076,1.0,1.0,0
0.0,1.0,0.0,0.0,0.0,0.744682652759805,0.0,0.0,0.0,0.0,0.0,0.0,0.0,1.0,0.0,0.0,0.060698742720470794,0.5236949808516875,1.0,0.0,0
0.0,1.0,0.0,0.0,0.2,0.21812230227934923,0.0,0.0,0.0,0.0,0.0,0.0,0.0,0.0,0.0,0.0,0.230742524011359,0.690204173798056,1.0,0.0,1
0.0,1.0,0.0,0.0,0.3,0.6228119604863722,0.0,0.0,0.0,0.0,0.0,0.0,0.0,1.0,0.0,0.0,0.06118284580874084,0.22537359735338924,1.0,1.0,0
1.0,1.0,0.0,0.0,0.3,0.7967437541192111,0.0,0.0,0.0,0.0,0.0,0.0,0.0,1.0,0.0,0.0,0.4171722457259874,0.3263810536457539,1.0,1.0,0
0.0,1.0,0.0,0.0,0.6,0.2040693557084001,0.0,0.0,0.0,0.0,0.0,0.0,0.0,0.0,0.0,0.0,0.40213546322219207,0.2829208702098824,1.0,1.0,1
0.0,1.0,0.0,0.0,0.6,0.04004649829800316,0.0,1.0,0.0,0.0,0.0,1.0,1.0,0.0,0.0,1.0,0.255738707826182,0.7294436564198036,1.0,1.0,2
0.0,1.0,0.0,0.0,0.6,0.11042208227887672,0.0,0.0,0.0,0.0,0.0,1.0,1.0,0.0,0.0,1.0,0.4396256942589426,0.20717483526200225,1.0,1.0,2
0.0,1.0,0.0,0.0,0.0,0.5532658320685624,0.0,0.0,0.0,0.0,0.0,0.0,0.0,1.0,0.0,0.0,0.2537406942729097,0.24359175102789893,1.0,1.0,0
0.0,1.0,0.0,0.0,0.6,0.17823734305155237,1.0,0.0,0.0,0.0,0.0,0.0,1.0,0.0,0.0,0.0,0.30275364605064037,0.5971053882762957,1.0,0.0,2
0.0,1.0,0.0,0.0,0.6,0.3575555824667331,0.0,0.0,0.0,0.0,0.0,0.0,0.0,0.0,0.0,0.0,0.5881494656119398,0.6453560528643072,1.0,1.0,1
1.0,1.0,0.0,0.0,0.0,0.554654318268564,0.0,0.0,0.0,0.0,0.0,0.0,0.0,1.0,0.0,0.0,0.36122543906564275,0.7144225921419987,1.0,0.0,0
0.0,1.0,0.0,0.0,0.3,0.05830745185370453,0.0,1.0,0.0,0.0,0.0,0.0,1.0,0.0,0.0,0.0,0.3261193735962958,0.5323625813169255,1.0,1.0,2
0.0,1.0,0.0,0.0,0.0,0.24386321552085657,0.0,0.0,0.0,0.0,0.0,0.0,0.0,0.0,0.0,0.0,0.3506982049762778,0.25797612532007813,1.0,0.0,1
0.0,1.0,0.0,0.0,0.3,0.41100649763306213,0.0,0.0,0.0,0.0,0.0,0.0,0.0,0.0,0.0,0.0,0.2566391511757756,0.23254391127241045,1.0,0.0,1
0.0,1.0,0.0,0.0,0.3,0.67919568090832,0.0,0.0,0.0,0.0,0.0,0.0,0.0,1.0,0.0,0.0,0.28751423992479325,0.3533420042557125,1.0,1.0,0
0.0,1.0,0.0,0.0,0.0,0.1726522067134925,0.0,0.0,0.0,0.0,0.0,0.0,0.0,0.0,0.0,0.0,0.07071450847505803,0.5448948870347871,1.0,0.0,1
0.0,1.0,0.0,0.0,0.2,0.1588621121197506,0.0,0.0,0.0,0.0,0.0,0.0,0.0,0.0,0.0,0.0,0.24307323591696034,0.2970436713125382,1.0,1.0,1
0.0,1.0,0.0,0.0,0.0,0.12711392490669488,1.0,0.0,0.0,0.0,0.0,1.0,1.0,0.0,0.0,1.0,0.5392309098991973,0.42520683559320077,1.0,0.0,2
0.0,1.0,0.0,0.0,0.3,0.05214526959908243,0.0,0.0,0.0,0.0,0.0,0.0,1.0,0.0,0.0,0.0,0.26470657443853235,0.3759946360690936,1.0,0.0,2
0.0,1.0,0.0,0.0,0.3,0.2220141126853554,0.0,0.0,0.0,0.0,0.0,0.0,1.0,0.0,0.0,0.0,0.29067740431572076,0.3679908475001294,1.0,1.0,2
1.0,1.0,0.0,0.0,0.3,0.35875004513669806,0.0,0.0,0.0,0.0,0.0,0.0,0.0,1.0,0.0,0.0,0.1490431458586235,0.3713442097801507,1.0,0.0,0
0.0,1.0,0.0,0.0,0.6,0.4511885331406847,0.0,0.0,0.0,0.0,0.0,0.0,0.0,0.0,0.0,0.0,0.1414964575489263,0.12986914401590516,1.0,0.0,1
0.0,1.0,0.0,0.0,0.3,0.2316926167935936,0.0,0.0,0.0,0.0,0.0,0.0,0.0,0.0,0.0,0.0,0.7472978639227913,0.4816525430792885,1.0,1.0,1
0.0,1.0,0.0,0.0,0.0,0.6604876963574615,0.0,0.0,0.0,0.0,0.0,0.0,0.0,1.0,0.0,0.0,0.12155752282089348,0.45190572554248676,1.0,1.0,0
0.0,1.0,0.0,0.0,0.0,0.026542738819846166,0.0,0.0,0.0,0.0,0.0,0.0,0.0,0.0,0.0,0.0,0.39108421792913034,0.30288874951655004,1.0,1.0,1
0.0,1.0,0.0,0.0,0.3,0.09262897643034,0.0,0.0,0.0,0.0,0.0,0.0,0.0,0.0,0.0,0.0,0.059354577206431385,0.2723024414325771,1.0,1.0,1
0.0,1.0,0.0,0.0,0.0,0.07418157072752087,1.0,0.0,0.0,0.0,0.0,1.0,1.0,0.0,0.0,0.0,0.1892405864301597,0.23942516221237736,1.0,0.0,2
0.0,1.0,0.0,0.0,0.0,0.9174866397296073,0.0,0.0,0.0,0.0,0.0,0.0,0.0,1.0,0.0,0.0,0.2820501963173687,0.4885534034742264,1.0,1.0,0
1.0,1.0,0.0,0.0,0.0,0.8215262176017267,0.0,0.0,0.0,0.0,0.0,0.0,0.0,1.0,0.0,0.0,0.0639023121382279,0.4387466487514746,1.0,1.0,0
0.0,1.0,0.0,0.0,0.0,0.2524171917378907,0.0,0.0,0.0,0.0,0.0,0.0,0.0,0.0,0.0,0.0,0.21611388683160768,0.37841607034116154,1.0,0.0,1
0.0,1.0,0.0,0.0,0.0,0.20632076017382864,1.0,0.0,0.0,0.0,0.0,1.0,1.0,0.0,0.0,0.0,0.41436126738034573,0.29383131319492917,1.0,0.0,2
0.0,1.0,0.0,0.0,0.0,0.12878624038042993,0.0,0.0,0.0,0.0,0.0,0.0,0.0,0.0,0.0,0.0,0.5685873191495553,0.19278776208870102,1.0,0.0,1
0.0,1.0,0.0,0.0,0.0,0.4209002491771318,0.0,0.0,0.0,0.0,0.0,0.0,0.0,0.0,0.0,0.0,0.2731634133346557,0.13278912985181135,1.0,0.0,1
0.0,1.0,0.0,0.0,0.3,0.08366296314063638,0.0,0.0,0.0,0.0,0.0,0.0,0.0,0.0,0.0,0.0,0.3084405794235914,0.4175789849890758,1.0,0.0,1
0.0,1.0,0.0,0.0,0.6,0.45682665146899415,0.0,0.0,0.0,0.0,0.0,0.0,0.0,0.0,0.0,0.0,0.1123847901725526,0.557281426609435,1.0,0.0,1
0.0,1.0,0.0,0.0,0.6,0.16524576320165513,0.0,0.0,0.0,0.0,0.0,0.0,0.0,0.0,0.0,0.0,0.14866281889039226,0.5054487572038574,1.0,0.0,1
0.0,1.0,0.0,0.0,0.0,0.1569179897416526,0.0,0.0,0.0,0.0,0.0,0.0,0.0,0.0,0.0,0.0,0.431346082264471,0.23904087713261168,1.0,1.0,1
0.0,1.0,0.0,0.0,0.3,0.24495203130822982,0.0,0.0,0.0,0.0,0.0,0.0,0.0,0.0,0.0,0.0,0.2794797095225979,0.08163751631748913,1.0,0.0,1
0.0,1.0,0.0,0.0,0.3,0.07823030256186395,0.0,0.0,0.0,0.0,0.0,1.0,1.0,0.0,0.0,0.0,0.34236522509332495,0.40729875421001965,1.0,1.0,2
0.0,1.0,0.0,0.0,0.6,0.011585205503993405,0.0,0.0,0.0,0.0,0.0,0.0,0.0,0.0,0.0,0.0,0.4049562632465449,0.39658690943619324,1.0,1.0,1
0.0,1.0,0.0,0.0,0.0,0.32687212884080274,0.0,0.0,0.0,0.0,0.0,0.0,0.0,0.0,0.0,0.0,0.2739822367969744,0.3549293923498063,1.0,1.0,1
0.0,1.0,0.0,0.0,0.3,0.44772787506332506,0.0,0.0,0.0,0.0,0.0,0.0,0.0,1.0,0.0,0.0,0.3755292121551429,0.21255543361645388,1.0,1.0,0
0.0,1.0,0.0,0.0,0.2,0.26775609844158743,0.0,0.0,0.0,0.0,0.0,0.0,0.0,0.0,0.0,0.0,0.25593863846804227,0.48695672425339964,1.0,0.0,1
0.0,1.0,0.0,0.0,0.0,0.21583480992829332,0.0,0.0,0.0,0.0,0.0,0.0,0.0,0.0,0.0,0.0,0.283708069543476,0.7230039208828822,1.0,0.0,1
0.0,1.0,0.0,0.0,0.3,0.22662703906837875,0.0,0.0,0.0,0.0,0.0,0.0,0.0,0.0,0.0,0.0,0.09939609216227589,0.6003556959867589,1.0,1.0,1
0.0,1.0,0.0,0.0,0.0,0.08318772498564041,0.0,0.0,0.0,0.0,0.0,0.0,1.0,0.0,0.0,0.0,0.056937654950524066,0.4918257839813116,1.0,0.0,2
0.0,1.0,0.0,0.0,0.6,0.32016292958020515,0.0,0.0,0.0,0.0,0.0,0.0,0.0,0.0,0.0,0.0,0.13798237642110417,0.38890948407888626,1.0,0.0,1
0.0,1.0,0.0,0.0,0.0,0.10924902982408395,0.0,0.0,0.0,0.0,0.0,0.0,0.0,0.0,0.0,0.0,0.16328418082711454,0.21769995198973022,1.0,1.0,1
0.0,1.0,0.0,0.0,0.0,0.481685085248554,0.0,0.0,0.0,0.0,0.0,0.0,0.0,0.0,0.0,0.0,0.2738351824239514,0.5622963459008866,1.0,1.0,1
0.0,1.0,0.0,0.0,0.0,0.5526023186355409,0.0,0.0,0.0,0.0,0.0,0.0,0.0,0.0,0.0,0.0,0.26168820689371886,0.15567449269401595,1.0,1.0,1
0.0,1.0,0.0,0.0,0.3,0.3985175492070465,0.0,0.0,0.0,0.0,0.0,0.0,0.0,0.0,0.0,0.0,0.4430439607210839,0.659960117629081,1.0,1.0,1
0.0,1.0,0.0,0.0,0.0,0.15162454667089595,0.0,0.0,0.0,0.0,0.0,1.0,1.0,0.0,0.0,1.0,0.29805293615506595,0.6124431862881272,1.0,1.0,2
0.0,1.0,0.0,0.0,0.0,0.3385261774753263,0.0,0.0,0.0,0.0,0.0,0.0,0.0,0.0,0.0,0.0,0.25173946934824987,0.2501268879978147,1.0,1.0,1
0.0,1.0,0.0,0.0,0.6,0.15247505292692914,0.0,0.0,0.0,0.0,0.0,0.0,0.0,0.0,0.0,0.0,0.28433453088754623,0.5547595703177509,1.0,1.0,1
0.0,1.0,0.0,0.0,0.3,0.2503330805937026,0.0,0.0,0.0,0.0,0.0,0.0,0.0,0.0,0.0,0.0,0.3168046899391618,0.45229942032018733,1.0,1.0,1
0.0,1.0,0.0,0.0,0.0,0.20204652056959146,0.0,0.0,0.0,0.0,0.0,0.0,0.0,0.0,0.0,0.0,0.189515910911761,0.5994676838730592,1.0,0.0,1
0.0,1.0,0.0,0.0,0.6,0.27599528707216997,0.0,0.0,0.0,0.0,0.0,0.0,0.0,0.0,0.0,0.0,0.5673755427465641,0.3951547294773398,1.0,1.0,1
0.0,1.0,0.0,0.0,0.0,0.02020589365992055,0.0,1.0,0.0,0.0,0.0,1.0,1.0,0.0,0.0,1.0,0.3054274872460385,0.6118046811710516,1.0,1.0,2
0.0,1.0,0.0,0.0,0.3,0.0246109911396887,1.0,0.0,0.0,0.0,0.0,1.0,1.0,0.0,0.0,1.0,0.2957074190654704,0.3378103333491351,1.0,0.0,2
0.0,1.0,0.0,0.0,0.3,0.726504120254365,0.0,0.0,0.0,0.0,0.0,0.0,0.0,1.0,0.0,0.0,0.3442287035701949,0.34024408195788364,1.0,0.0,0
0.0,1.0,0.0,0.0,0.6,0.5951953647700249,0.0,0.0,0.0,0.0,0.0,0.0,0.0,0.0,0.0,0.0,0.5742756731639679,0.27465266294109497,1.0,1.0,1
0.0,1.0,0.0,0.0,0.0,0.2506861661550949,0.0,0.0,0.0,0.0,0.0,0.0,0.0,0.0,0.0,0.0,0.0800238501478489,0.6018245561393832,1.0,0.0,1
0.0,1.0,0.0,0.0,0.3,0.7877194955619026,0.0,0.0,0.0,0.0,0.0,0.0,0.0,1.0,0.0,0.0,0.28333219562610734,0.27381545118798234,1.0,0.0,0
0.0,1.0,0.0,0.0,0.3,0.07104015949212641,0.0,0.0,0.0,0.0,0.0,0.0,0.0,0.0,0.0,0.0,0.3857770236121845,0.714931927728669,1.0,0.0,1
0.0,1.0,0.0,0.0,0.0,0.08123900924089537,1.0,1.0,0.0,0.0,0.0,0.0,1.0,0.0,0.0,0.0,0.685407346232191,0.6211364047200177,1.0,1.0,2
0.0,1.0,0.0,0.0,0.0,0.023476278900964133,1.0,1.0,0.0,0.0,0.0,1.0,1.0,0.0,0.0,1.0,0.11861305663973494,0.10021757392677662,1.0,0.0,2
0.0,1.0,0.0,0.0,0.3,0.01351432423726383,0.0,1.0,0.0,0.0,0.0,1.0,1.0,0.0,0.0,1.0,0.14956629570798402,0.348073523261513,1.0,0.0,2
0.0,1.0,0.0,0.0,0.3,0.37177766841780924,0.0,0.0,0.0,0.0,0.0,0.0,0.0,1.0,0.0,0.0,0.24693526513549666,0.3729346396203284,1.0,0.0,0
0.0,1.0,0.0,0.0,0.3,0.5853327338788591,0.0,0.0,0.0,0.0,0.0,0.0,0.0,1.0,0.0,0.0,0.10406103683214844,0.42631507380508826,1.0,1.0,0
0.0,1.0,0.0,0.0,0.6,0.0597437032954867,0.0,0.0,0.0,0.0,0.0,0.0,0.0,0.0,0.0,0.0,0.182327753575496,0.19452917519365792,1.0,1.0,1
0.0,1.0,0.0,0.0,0.0,0.07705478264897436,0.0,0.0,0.0,0.0,0.0,0.0,0.0,0.0,0.0,0.0,0.17839323233676468,0.23700727720920176,1.0,0.0,1
0.0,1.0,0.0,0.0,0.0,0.22931938898833462,0.0,0.0,0.0,0.0,0.0,0.0,0.0,0.0,0.0,0.0,0.33342637360261346,0.6728134279055958,1.0,0.0,1
0.0,1.0,0.0,0.0,0.6,0.7138319338819853,0.0,0.0,0.0,0.0,0.0,0.0,0.0,1.0,0.0,0.0,0.061320592383234285,0.5997459549248644,1.0,1.0,0
0.0,1.0,0.0,0.0,0.3,0.30185830440515904,1.0,1.0,0.0,0.0,0.0,1.0,1.0,0.0,0.0,1.0,0.583365713668625,0.25003410453035,1.0,0.0,2
1.0,1.0,0.0,0.0,0.3,0.9440368715466178,0.0,0.0,0.0,0.0,0.0,0.0,0.0,1.0,0.0,0.0,0.1702864027604099,0.6000252772514977,1.0,1.0,0
0.0,1.0,0.0,0.0,0.0,0.5073082084250676,0.0,0.0,0.0,0.0,0.0,0.0,0.0,0.0,0.0,0.0,0.5714193522731802,0.40007078672776875,1.0,0.0,1
1.0,1.0,0.0,0.0,0.0,0.8160732596406178,0.0,0.0,0.0,0.0,0.0,0.0,0.0,1.0,0.0,0.0,0.18064688547084654,0.5489326645758708,1.0,1.0,0
0.0,1.0,0.0,0.0,0.0,0.5861370923705475,0.0,0.0,0.0,0.0,0.0,0.0,0.0,1.0,0.0,0.0,0.19123422448035837,0.3049548089991416,1.0,0.0,0
0.0,1.0,0.0,0.0,0.6,0.013462728186132733,1.0,0.0,0.0,0.0,0.0,1.0,1.0,0.0,0.0,1.0,0.3170115588650342,0.5573201739637463,1.0,0.0,2
0.0,1.0,0.0,0.0,0.3,0.02056393172517957,1.0,0.0,0.0,0.0,0.0,0.0,1.0,0.0,0.0,0.0,0.05594776537878701,0.6200091052537391,1.0,1.0,2
0.0,1.0,0.0,0.0,0.6,0.008401438276730783,1.0,0.0,0.0,0.0,0.0,1.0,1.0,0.0,0.0,0.0,0.15518274263692855,0.1386503028161317,1.0,0.0,2
0.0,1.0,0.0,0.0,0.6,0.42413238817014237,0.0,0.0,0.0,0.0,0.0,0.0,0.0,0.0,0.0,0.0,0.07276372321905282,0.3571065714801557,1.0,0.0,1
1.0,1.0,0.0,0.0,0.0,0.7917077979694062,0.0,0.0,0.0,0.0,0.0,0.0,0.0,1.0,0.0,0.0,0.14609227465585356,0.3408813474942124,1.0,1.0,0
0.0,1.0,0.0,0.0,0.0,0.16423384553749573,0.0,1.0,0.0,0.0,0.0,0.0,1.0,0.0,0.0,0.0,0.3966195724246095,0.23815159143569237,1.0,1.0,2
0.0,1.0,0.0,0.0,0.3,0.12384107737262277,0.0,0.0,0.0,0.0,0.0,0.0,0.0,0.0,0.0,0.0,0.5414747456472555,0.26181336312452386,1.0,0.0,1
1.0,1.0,0.0,0.0,0.2,0.92209351417967,0.0,0.0,0.0,0.0,0.0,0.0,0.0,1.0,0.0,0.0,0.2804592756503741,0.4469729079613403,1.0,1.0,0
0.0,1.0,0.0,0.0,0.3,0.7085199606983611,0.0,0.0,0.0,0.0,0.0,0.0,0.0,1.0,0.0,0.0,0.2494796790479932,0.3651350123648127,1.0,0.0,0
0.0,1.0,0.0,0.0,0.3,0.049106506216108944,0.0,0.0,0.0,0.0,0.0,1.0,1.0,0.0,0.0,0.0,0.021234485599649945,0.44497087411661684,1.0,0.0,2
0.0,1.0,0.0,0.0,0.3,0.046358671060293316,0.0,0.0,0.0,0.0,0.0,0.0,1.0,0.0,0.0,0.0,0.23013406546266732,0.39681826956041755,1.0,1.0,2
1.0,1.0,0.0,0.0,0.0,0.5685458898954744,0.0,0.0,0.0,0.0,0.0,0.0,0.0,1.0,0.0,0.0,0.24110448685370459,0.48825615751489315,1.0,0.0,0
0.0,1.0,0.0,0.0,0.3,0.01284893548946782,1.0,0.0,0.0,0.0,0.0,1.0,1.0,0.0,0.0,1.0,0.04424101440411038,0.27998046266202065,1.0,1.0,2
0.0,1.0,0.0,0.0,0.3,0.3524129850752711,0.0,0.0,0.0,0.0,0.0,0.0,0.0,0.0,0.0,0.0,0.29057735470081103,0.300341064468752,1.0,1.0,1
0.0,1.0,0.0,0.0,0.6,0.44034684429395654,0.0,0.0,0.0,0.0,0.0,0.0,0.0,0.0,0.0,0.0,0.2003270726869669,0.559415445065571,1.0,1.0,1
0.0,1.0,0.0,0.0,0.0,0.9137968480506676,0.0,0.0,0.0,0.0,0.0,0.0,0.0,1.0,0.0,0.0,0.17514872960420586,0.5297527643406023,1.0,0.0,0
0.0,1.0,0.0,0.0,0.0,0.2574874494449308,0.0,0.0,0.0,0.0,0.0,0.0,0.0,0.0,0.0,0.0,0.2429713400159194,0.45065217086174364,1.0,0.0,1
0.0,1.0,0.0,0.0,0.3,0.2076408143965552,0.0,0.0,0.0,0.0,0.0,0.0,0.0,0.0,0.0,0.0,0.34830911399501924,0.40636620040754295,1.0,1.0,1
0.0,1.0,0.0,0.0,0.3,0.6585902950016344,0.0,0.0,0.0,0.0,0.0,0.0,0.0,1.0,0.0,0.0,0.33071245444979935,0.4229211222890821,1.0,0.0,0
0.0,1.0,0.0,0.0,0.0,0.384819091978014,0.0,0.0,0.0,0.0,0.0,0.0,0.0,1.0,0.0,0.0,0.46489468364314673,0.311760033219046,1.0,0.0,0
0.0,1.0,0.0,0.0,0.0,0.21726381501306277,0.0,0.0,0.0,0.0,0.0,0.0,0.0,0.0,0.0,0.0,0.23389295073555277,0.48323755478384606,1.0,0.0,1
1.0,1.0,0.0,0.0,0.2,0.6108809727302958,0.0,0.0,0.0,0.0,0.0,0.0,0.0,1.0,0.0,0.0,0.15943766190331254,0.4530659126531643,1.0,0.0,0
0.0,1.0,0.0,0.0,0.3,0.042052710262511145,0.0,0.0,0.0,0.0,0.0,0.0,1.0,0.0,0.0,0.0,0.3439360688701173,0.6875835021002101,1.0,1.0,2
0.0,1.0,0.0,0.0,0.0,0.9494328695749085,0.0,0.0,0.0,0.0,0.0,0.0,0.0,1.0,0.0,0.0,0.19953027683755523,0.5616985428771373,1.0,1.0,0
0.0,1.0,0.0,0.0,0.2,0.5949318924736555,0.0,0.0,0.0,0.0,0.0,0.0,0.0,1.0,0.0,0.0,0.24553129670402682,0.17482510145566893,1.0,1.0,0
0.0,1.0,0.0,0.0,0.3,0.7503159966109438,0.0,0.0,0.0,0.0,0.0,0.0,0.0,1.0,0.0,0.0,0.18782521766175475,0.6529327248709128,1.0,0.0,0
0.0,1.0,0.0,0.0,0.0,0.00043999930534877225,0.0,0.0,0.0,0.0,0.0,1.0,1.0,0.0,0.0,0.0,0.18310335529600885,0.3520004282821654,1.0,0.0,2
0.0,1.0,0.0,0.0,0.0,0.35890530547376054,0.0,0.0,0.0,0.0,0.0,0.0,0.0,0.0,0.0,0.0,0.6390738501546878,0.28943549676458,1.0,0.0,1
0.0,1.0,0.0,0.0,0.3,0.3980723840605615,0.0,0.0,0.0,0.0,0.0,0.0,0.0,0.0,0.0,0.0,0.4192020480239192,0.2890786703095835,1.0,0.0,1
0.0,1.0,0.0,0.0,0.3,0.8887773869380248,0.0,0.0,0.0,0.0,0.0,0.0,0.0,1.0,0.0,0.0,0.37412260463897595,0.31677681175248007,1.0,1.0,0
0.0,1.0,0.0,0.0,0.2,0.594066641139382,0.0,0.0,0.0,0.0,0.0,0.0,0.0,1.0,0.0,0.0,0.17898557744345958,0.3035625628371529,1.0,0.0,0
0.0,1.0,0.0,0.0,0.2,0.3100720657642192,0.0,0.0,0.0,0.0,0.0,0.0,0.0,1.0,0.0,0.0,0.07180691407521998,0.4545943428505183,1.0,0.0,0
0.0,1.0,0.0,0.0,0.3,0.8689317772192645,0.0,0.0,0.0,0.0,0.0,0.0,0.0,1.0,0.0,0.0,0.34740483233240377,0.36325966563346396,1.0,0.0,0
0.0,1.0,0.0,0.0,0.6,0.032603857097510174,1.0,0.0,0.0,0.0,0.0,1.0,1.0,0.0,0.0,1.0,0.3074159853615258,0.8934713316666889,1.0,1.0,2
0.0,1.0,0.0,0.0,0.3,0.5565032596443291,0.0,0.0,0.0,0.0,0.0,0.0,0.0,0.0,0.0,0.0,0.1802916561756408,0.6754656597716435,1.0,0.0,1
0.0,1.0,0.0,0.0,0.3,0.12088336561793903,0.0,0.0,0.0,0.0,0.0,0.0,0.0,0.0,0.0,0.0,0.08362359466635157,0.454250307590848,1.0,1.0,1
0.0,1.0,0.0,0.0,0.0,0.3226778514368653,0.0,0.0,0.0,0.0,0.0,0.0,0.0,0.0,0.0,0.0,0.29997155026807953,0.14372086953923652,1.0,1.0,1
0.0,1.0,0.0,0.0,0.3,0.2770994165377878,0.0,0.0,0.0,0.0,0.0,0.0,0.0,0.0,0.0,0.0,0.48171158374286044,0.24407672573364264,1.0,0.0,1
0.0,1.0,0.0,0.0,0.1,0.8985111522048663,0.0,0.0,0.0,0.0,0.0,0.0,0.0,1.0,0.0,0.0,0.5367514626373561,0.1943433679732532,1.0,0.0,0
0.0,1.0,0.0,0.0,0.3,0.11191720824568895,0.0,0.0,0.0,0.0,0.0,1.0,1.0,0.0,0.0,0.0,0.32254777817796454,0.39153140208466625,1.0,1.0,2
0.0,1.0,0.0,0.0,0.2,0.0588620852169596,0.0,0.0,0.0,0.0,0.0,0.0,0.0,0.0,0.0,0.0,0.15523193832175927,0.3557716901952554,1.0,1.0,1
1.0,1.0,0.0,0.0,0.0,0.738126271433855,0.0,0.0,0.0,0.0,0.0,0.0,0.0,1.0,0.0,0.0,0.2524498278591403,0.7470928332105854,1.0,0.0,0
0.0,1.0,0.0,0.0,0.3,0.09331683861153843,1.0,0.0,0.0,0.0,0.0,0.0,1.0,0.0,0.0,0.0,0.3426210318953755,0.5126505547149736,1.0,0.0,2
0.0,1.0,0.0,0.0,0.6,0.057925481415836,0.0,0.0,0.0,0.0,0.0,0.0,0.0,0.0,0.0,0.0,0.11335871587628134,0.5694889802026152,1.0,0.0,1
0.0,1.0,0.0,0.0,0.0,0.6117573997055237,0.0,0.0,0.0,0.0,0.0,0.0,0.0,1.0,0.0,0.0,0.2281098273857024,0.2538327383593844,1.0,0.0,0
0.0,1.0,0.0,0.0,0.0,0.3887949340499442,0.0,0.0,0.0,0.0,0.0,0.0,0.0,0.0,0.0,0.0,0.3945396851904238,0.6259357104464275,1.0,1.0,1
1.0,1.0,0.0,0.0,0.2,0.5754298234673989,0.0,0.0,0.0,0.0,0.0,0.0,0.0,1.0,0.0,0.0,0.4528702525330167,0.6586055700374195,1.0,0.0,0
1.0,1.0,0.0,0.0,0.2,0.6048150823499961,0.0,0.0,0.0,0.0,0.0,0.0,0.0,1.0,0.0,0.0,0.5684846779757547,0.6899799251224744,1.0,0.0,0
0.0,1.0,0.0,0.0,0.6,0.16246009723998386,0.0,0.0,0.0,0.0,0.0,0.0,0.0,0.0,0.0,0.0,0.24481531598312645,0.42261448637280735,1.0,1.0,1
0.0,1.0,0.0,0.0,0.3,0.5866944649356005,0.0,0.0,0.0,0.0,0.0,0.0,0.0,1.0,0.0,0.0,0.4222873166697297,0.8165784945720429,1.0,0.0,0
1.0,1.0,0.0,0.0,0.6,0.5595091532874295,0.0,0.0,0.0,0.0,0.0,0.0,0.0,1.0,0.0,0.0,0.17300661379839585,0.3954907358194895,1.0,0.0,0
0.0,1.0,0.0,0.0,0.6,0.10422359957733308,0.0,0.0,0.0,0.0,0.0,1.0,1.0,0.0,0.0,0.0,0.5246479601658698,0.3915989060751344,1.0,1.0,2
0.0,1.0,0.0,0.0,0.6,0.6385307543346352,0.0,0.0,0.0,0.0,0.0,0.0,0.0,1.0,0.0,0.0,0.19573042937058918,0.41185396720834616,1.0,0.0,0
0.0,1.0,0.0,0.0,0.6,0.27303209910710635,0.0,0.0,0.0,0.0,0.0,0.0,0.0,0.0,0.0,0.0,0.12409286016257805,0.4094079351268692,1.0,1.0,1
0.0,1.0,0.0,0.0,0.3,0.299558185770768,0.0,0.0,0.0,0.0,0.0,0.0,0.0,0.0,0.0,0.0,0.3793573622885363,0.2931146042753565,1.0,1.0,1
0.0,1.0,0.0,0.0,0.0,0.08306274839452056,0.0,0.0,0.0,0.0,0.0,0.0,1.0,0.0,0.0,1.0,0.14927397109720908,0.35298539007528096,1.0,0.0,2
0.0,1.0,0.0,0.0,0.0,0.6780789843232329,0.0,0.0,0.0,0.0,0.0,0.0,0.0,1.0,0.0,0.0,0.537872532543329,0.6400639397755173,1.0,0.0,0
0.0,1.0,0.0,0.0,0.3,0.49868905397449126,0.0,0.0,0.0,0.0,0.0,0.0,0.0,0.0,0.0,0.0,0.3990666548138057,0.30759522205494655,1.0,0.0,1
0.0,1.0,0.0,0.0,0.6,0.24007915719918665,0.0,1.0,0.0,0.0,0.0,1.0,1.0,0.0,0.0,1.0,0.46431039491550974,0.5058383238668314,1.0,0.0,2
0.0,1.0,0.0,0.0,0.3,0.833878474731662,0.0,0.0,0.0,0.0,0.0,0.0,0.0,1.0,0.0,0.0,0.04185644226646406,0.29876747493539363,1.0,1.0,0
0.0,1.0,0.0,0.0,0.3,0.06932809255708612,0.0,0.0,0.0,0.0,0.0,0.0,1.0,0.0,0.0,0.0,0.5660878223601492,0.30978293781029836,1.0,1.0,2
0.0,1.0,0.0,0.0,0.2,0.1521485170265699,0.0,0.0,0.0,0.0,0.0,0.0,0.0,0.0,0.0,0.0,0.09706522270640573,0.42492259111091096,1.0,1.0,1
0.0,1.0,0.0,0.0,0.0,0.04273610567754879,1.0,0.0,0.0,0.0,0.0,1.0,1.0,0.0,0.0,0.0,0.04760229158014684,0.5915258535181975,1.0,0.0,2
0.0,1.0,0.0,0.0,0.0,0.11179569961519452,0.0,0.0,0.0,0.0,0.0,0.0,1.0,0.0,0.0,0.0,0.17094780337851065,0.476722186364629,1.0,1.0,2
0.0,1.0,0.0,0.0,0.3,0.17255351706294683,0.0,1.0,0.0,0.0,0.0,0.0,1.0,0.0,0.0,0.0,0.36224009074684915,0.7949685761209683,1.0,0.0,2
0.0,1.0,0.0,0.0,0.6,0.598946151334763,0.0,0.0,0.0,0.0,0.0,0.0,0.0,1.0,0.0,0.0,0.10338931346847291,0.03279878586632458,1.0,0.0,0
0.0,1.0,0.0,0.0,0.3,0.03332891868768466,1.0,1.0,0.0,0.0,0.0,1.0,1.0,0.0,0.0,1.0,0.24937079164147236,0.5518980363667761,1.0,1.0,2
1.0,1.0,0.0,0.0,0.0,0.333310240966396,0.0,0.0,0.0,0.0,0.0,0.0,0.0,1.0,0.0,0.0,0.4667254895325707,0.3358189809749403,1.0,1.0,0
0.0,1.0,0.0,0.0,0.3,0.12666731113055307,0.0,0.0,0.0,0.0,0.0,0.0,0.0,0.0,0.0,0.0,0.1453057644339296,0.3581640632631161,1.0,1.0,1
0.0,1.0,0.0,0.0,0.0,0.07495220114028395,0.0,0.0,0.0,0.0,0.0,0.0,0.0,0.0,0.0,0.0,0.3701628122179818,0.4719595003837117,1.0,1.0,1
0.0,1.0,0.0,0.0,0.0,0.3902422903785404,0.0,0.0,0.0,0.0,0.0,0.0,0.0,0.0,0.0,0.0,0.15116078671426225,0.5845406992454893,1.0,0.0,1
1.0,1.0,0.0,0.0,0.3,0.7568402679390963,0.0,0.0,0.0,0.0,0.0,0.0,0.0,1.0,0.0,0.0,0.12670030692309148,0.20144365979767415,1.0,0.0,0
0.0,1.0,0.0,0.0,0.6,0.2957962026940584,0.0,0.0,0.0,0.0,0.0,0.0,0.0,0.0,0.0,0.0,0.36875325410731113,0.579180271411773,1.0,1.0,1
0.0,1.0,0.0,0.0,0.3,0.055758605013517724,0.0,1.0,0.0,0.0,0.0,0.0,1.0,0.0,0.0,0.0,0.2854003726972936,0.6146717492924415,1.0,1.0,2
0.0,1.0,0.0,0.0,0.0,0.5902861977451728,0.0,0.0,0.0,0.0,0.0,0.0,0.0,1.0,0.0,0.0,0.15522064377311315,0.14551216560930724,1.0,0.0,0
1.0,1.0,0.0,0.0,0.3,0.8446899564510432,0.0,0.0,0.0,0.0,0.0,0.0,0.0,1.0,0.0,0.0,0.19480495855045685,0.8090647206047876,1.0,0.0,0
0.0,1.0,0.0,0.0,0.6,0.21083502967958007,0.0,0.0,0.0,0.0,0.0,0.0,0.0,0.0,0.0,0.0,0.36169348235261506,0.3304323414673062,1.0,0.0,1
0.0,1.0,0.0,0.0,0.3,0.30467162566411654,1.0,0.0,0.0,0.0,0.0,0.0,1.0,0.0,0.0,1.0,0.32112349897226217,0.4904995685858103,1.0,1.0,2
0.0,1.0,0.0,0.0,0.3,0.9685505132003301,0.0,0.0,0.0,0.0,0.0,0.0,0.0,1.0,0.0,0.0,0.3686674409117945,0.3408787333617902,1.0,0.0,0
0.0,1.0,0.0,0.0,0.6,0.03019521804009579,1.0,0.0,0.0,0.0,0.0,0.0,1.0,0.0,0.0,1.0,0.438576248125932,0.6910941219437259,1.0,1.0,2
0.0,1.0,0.0,0.0,0.3,0.21653994819829306,0.0,0.0,0.0,0.0,0.0,0.0,0.0,0.0,0.0,0.0,0.5115582539713289,0.48609961537444923,1.0,1.0,1
0.0,1.0,0.0,0.0,0.0,0.6767179725831017,0.0,0.0,0.0,0.0,0.0,0.0,0.0,1.0,0.0,0.0,0.30631598305598523,0.5181881330929933,1.0,0.0,0
0.0,1.0,0.0,0.0,0.6,0.8823735659093106,0.0,0.0,0.0,0.0,0.0,0.0,0.0,1.0,0.0,0.0,0.3431155804862632,0.11694464362470663,1.0,1.0,0
1.0,1.0,0.0,0.0,0.0,0.8628084304800673,0.0,0.0,0.0,0.0,0.0,0.0,0.0,1.0,0.0,0.0,0.0396660186340447,0.5462658182050595,1.0,1.0,0
0.0,1.0,0.0,0.0,0.0,0.3499426335682846,0.0,0.0,0.0,0.0,0.0,0.0,0.0,0.0,0.0,0.0,0.123966325503692,0.5484038045769938,1.0,1.0,1
0.0,1.0,0.0,0.0,0.3,0.0898838952439783,1.0,0.0,0.0,0.0,0.0,0.0,1.0,0.0,0.0,0.0,0.615313567896484,0.2398779408924208,1.0,0.0,2
0.0,1.0,0.0,0.0,0.6,0.3422334321121827,0.0,0.0,0.0,0.0,0.0,0.0,0.0,0.0,0.0,0.0,0.3307103309503443,0.3818481196869252,1.0,0.0,1
0.0,1.0,0.0,0.0,0.3,0.004981697400469405,0.0,0.0,0.0,0.0,0.0,0.0,1.0,0.0,0.0,0.0,0.14748434829111604,0.35478585168220483,1.0,0.0,2
0.0,1.0,0.0,0.0,0.6,0.08679345356804136,0.0,0.0,0.0,0.0,0.0,0.0,1.0,0.0,0.0,1.0,0.15833842433756357,0.4348332506319728,1.0,1.0,2
0.0,1.0,0.0,0.0,0.3,0.27757435417994397,0.0,0.0,0.0,0.0,0.0,0.0,0.0,0.0,0.0,0.0,0.3395923592395762,0.20697122704673632,1.0,0.0,1
0.0,1.0,0.0,0.0,0.2,0.8433690857184526,0.0,0.0,0.0,0.0,0.0,0.0,0.0,1.0,0.0,0.0,0.3797702239146376,0.8253338692368672,1.0,1.0,0
0.0,1.0,0.0,0.0,0.3,0.0875095789851856,0.0,0.0,0.0,0.0,0.0,0.0,1.0,0.0,0.0,1.0,0.3339135444313872,0.33926242768123105,1.0,1.0,2
0.0,1.0,0.0,0.0,0.3,0.18847374596822,0.0,0.0,0.0,0.0,0.0,0.0,0.0,0.0,0.0,0.0,0.1732155917403698,0.396893731443911,1.0,0.0,1
0.0,1.0,0.0,0.0,0.3,0.1381694037338534,0.0,1.0,0.0,0.0,0.0,0.0,1.0,0.0,0.0,1.0,0.31659276356434124,0.8250189684260097,1.0,0.0,2
0.0,1.0,0.0,0.0,0.3,0.5352217948648677,0.0,0.0,0.0,0.0,0.0,0.0,0.0,0.0,0.0,0.0,0.48191630239035543,0.7162996275310635,1.0,1.0,1
0.0,1.0,0.0,0.0,0.6,0.004106506375269326,1.0,0.0,0.0,0.0,0.0,1.0,1.0,0.0,0.0,0.0,0.4703536636936719,0.6703428488179834,1.0,1.0,2
0.0,1.0,0.0,0.0,0.3,0.06687739045682527,0.0,0.0,0.0,0.0,0.0,0.0,0.0,0.0,0.0,0.0,0.4745532814008272,0.3737865734622124,1.0,1.0,1
0.0,1.0,0.0,0.0,0.0,0.6571586982478664,0.0,0.0,0.0,0.0,0.0,0.0,0.0,1.0,0.0,0.0,0.5789490968855199,0.5198227444515484,1.0,1.0,0
0.0,1.0,0.0,0.0,0.0,0.05206067190233076,0.0,0.0,0.0,0.0,0.0,0.0,0.0,0.0,0.0,0.0,0.14426143552180595,0.5380872125350962,1.0,0.0,1
0.0,1.0,0.0,0.0,0.0,0.6616100644121212,0.0,0.0,0.0,0.0,0.0,0.0,0.0,1.0,0.0,0.0,0.18422499187907135,0.4429355718836701,1.0,1.0,0
0.0,1.0,0.0,0.0,0.3,0.44285895396336633,0.0,0.0,0.0,0.0,0.0,0.0,0.0,0.0,0.0,0.0,0.20091849871521955,0.4073957964279807,1.0,1.0,1
0.0,1.0,0.0,0.0,0.0,0.8688446285016691,0.0,0.0,0.0,0.0,0.0,0.0,0.0,1.0,0.0,0.0,0.25258263264674674,0.17723136408360612,1.0,0.0,0
0.0,1.0,0.0,0.0,0.6,0.23336104063073423,0.0,0.0,0.0,0.0,0.0,0.0,0.0,0.0,0.0,0.0,0.3612980094537975,0.1511897324208864,1.0,1.0,1
0.0,1.0,0.0,0.0,0.3,0.3386980722401987,0.0,0.0,0.0,0.0,0.0,0.0,0.0,0.0,0.0,0.0,0.29265331868044153,0.2886455513165021,1.0,0.0,1
0.0,1.0,0.0,0.0,0.3,0.32975683100514397,0.0,0.0,0.0,0.0,0.0,0.0,0.0,0.0,0.0,0.0,0.44979704892193173,0.5355627523399882,1.0,0.0,1
0.0,1.0,0.0,0.0,0.3,0.26583205970754237,1.0,0.0,0.0,0.0,0.0,0.0,1.0,0.0,0.0,0.0,0.28913165539443925,0.5726388151945188,1.0,1.0,2
1.0,1.0,0.0,0.0,0.6,0.48428583109242596,0.0,0.0,0.0,0.0,0.0,0.0,0.0,1.0,0.0,0.0,0.22845063754533282,0.4473666325260901,1.0,0.0,0
0.0,1.0,0.0,0.0,0.6,0.1786546607990298,0.0,0.0,0.0,0.0,0.0,0.0,0.0,0.0,0.0,0.0,0.11911671498155615,0.18253462227253123,1.0,1.0,1
0.0,1.0,0.0,0.0,0.3,0.1104729340526522,0.0,0.0,0.0,0.0,0.0,0.0,1.0,0.0,0.0,0.0,0.4073614079723293,0.4438272683554809,1.0,0.0,2
1.0,1.0,0.0,0.0,0.3,0.6387239717998047,0.0,0.0,0.0,0.0,0.0,0.0,0.0,1.0,0.0,0.0,0.1690815785398064,0.33873232108830437,1.0,0.0,0
0.0,1.0,0.0,0.0,0.0,0.5361606280171538,0.0,0.0,0.0,0.0,0.0,0.0,0.0,0.0,0.0,0.0,0.49502361333721145,0.4386630312724915,1.0,0.0,1
0.0,1.0,0.0,0.0,0.2,0.43176397000214695,0.0,0.0,0.0,0.0,0.0,0.0,0.0,0.0,0.0,0.0,0.2668871668906401,0.05901298633830062,1.0,0.0,1
0.0,1.0,0.0,0.0,0.6,0.12491633578035809,0.0,0.0,0.0,0.0,0.0,0.0,0.0,0.0,0.0,0.0,0.4134256603893111,0.44994235636538576,1.0,1.0,1
0.0,1.0,0.0,0.0,0.3,0.04978007406412359,0.0,0.0,0.0,0.0,0.0,0.0,0.0,0.0,0.0,0.0,0.09079155742852917,0.5512672672756924,1.0,0.0,1
0.0,1.0,0.0,0.0,0.6,0.060423245512338394,0.0,0.0,0.0,0.0,0.0,0.0,1.0,0.0,0.0,0.0,0.48313341255937753,0.23250480876772028,1.0,1.0,2
0.0,1.0,0.0,0.0,0.6,0.6614063453847127,0.0,0.0,0.0,0.0,0.0,0.0,0.0,1.0,0.0,0.0,0.2611779276002501,0.4953296443730061,1.0,0.0,0
0.0,1.0,0.0,0.0,0.3,0.6753725166517243,0.0,0.0,0.0,0.0,0.0,0.0,0.0,1.0,0.0,0.0,0.2092828097711131,0.25444781052779414,1.0,0.0,0
0.0,1.0,0.0,0.0,0.3,0.02403060792075171,0.0,0.0,0.0,0.0,0.0,0.0,0.0,0.0,0.0,0.0,0.11857173968736871,0.29352415470887183,1.0,1.0,1
0.0,1.0,0.0,0.0,0.3,0.8420096797460221,0.0,0.0,0.0,0.0,0.0,0.0,0.0,1.0,0.0,0.0,0.5015427727291574,0.20608531694246235,1.0,0.0,0
0.0,1.0,0.0,0.0,0.0,0.8032984735670733,0.0,0.0,0.0,0.0,0.0,0.0,0.0,1.0,0.0,0.0,0.16181350605676248,0.47538112961298107,1.0,1.0,0
0.0,1.0,0.0,0.0,0.3,0.23367531657748786,0.0,0.0,0.0,0.0,0.0,1.0,1.0,0.0,0.0,1.0,0.28281375047690244,0.7141612151361252,1.0,1.0,2
0.0,1.0,0.0,0.0,0.0,0.33637997577579537,0.0,0.0,0.0,0.0,0.0,0.0,0.0,0.0,0.0,0.0,0.3940499857468368,0.49513225165228614,1.0,1.0,1
1.0,1.0,0.0,0.0,0.3,0.28555127664835206,0.0,0.0,0.0,0.0,0.0,0.0,0.0,1.0,0.0,0.0,0.23680003388901574,0.4556865375082062,1.0,0.0,0
0.0,1.0,0.0,0.0,0.6,0.08988444669230114,0.0,0.0,0.0,0.0,0.0,0.0,0.0,0.0,0.0,0.0,0.07237157506111815,0.376065045549293,1.0,0.0,1
0.0,1.0,0.0,0.0,0.3,0.06709143324573127,0.0,0.0,0.0,0.0,0.0,0.0,0.0,0.0,0.0,0.0,0.23436560784821564,0.5896855444680179,1.0,1.0,1
0.0,1.0,0.0,0.0,0.6,0.7393595594592637,0.0,0.0,0.0,0.0,0.0,0.0,0.0,1.0,0.0,0.0,0.11631023209081513,0.45020103581840876,1.0,0.0,0
0.0,1.0,0.0,0.0,0.0,0.2144637447597779,0.0,0.0,0.0,0.0,0.0,0.0,0.0,0.0,0.0,0.0,0.24728054338335467,0.4934264631051942,1.0,1.0,1
0.0,1.0,0.0,0.0,0.0,0.015451873856926082,0.0,0.0,0.0,0.0,0.0,1.0,1.0,0.0,0.0,0.0,0.36010976949688406,0.21642800369764736,1.0,0.0,2
0.0,1.0,0.0,0.0,0.3,0.39073021194725444,0.0,0.0,0.0,0.0,0.0,1.0,1.0,0.0,0.0,1.0,0.34276920243739295,0.5205127655090801,1.0,0.0,2
0.0,1.0,0.0,0.0,0.3,0.17447357728690308,0.0,0.0,0.0,0.0,0.0,0.0,0.0,0.0,0.0,0.0,0.28790990603959526,0.30630907070177626,1.0,1.0,1
0.0,1.0,0.0,0.0,0.0,0.11224354544953383,0.0,0.0,0.0,0.0,0.0,0.0,1.0,0.0,0.0,1.0,0.5117473217887503,0.6233949817260518,1.0,1.0,2
0.0,1.0,0.0,0.0,0.6,0.28176370105131593,0.0,0.0,0.0,0.0,0.0,0.0,0.0,0.0,0.0,0.0,0.44279971429868165,0.43582066696068805,1.0,0.0,1
0.0,1.0,0.0,0.0,0.3,0.23203868970034952,0.0,0.0,0.0,0.0,0.0,0.0,0.0,0.0,0.0,0.0,0.07512322284600861,0.4070083936330366,1.0,0.0,1
0.0,1.0,0.0,0.0,0.6,0.6412026195837586,0.0,0.0,0.0,0.0,0.0,0.0,0.0,1.0,0.0,0.0,0.05984090070154351,0.6788629424626111,1.0,1.0,0
0.0,1.0,0.0,0.0,0.6,0.4374198987039623,0.0,0.0,0.0,0.0,0.0,0.0,0.0,1.0,0.0,0.0,0.4713816790453476,0.1555956702765848,1.0,1.0,0
0.0,1.0,0.0,0.0,0.3,0.8052326245811583,0.0,0.0,0.0,0.0,0.0,0.0,0.0,1.0,0.0,0.0,0.5109844154973987,0.35212999191714783,1.0,0.0,0
0.0,1.0,0.0,0.0,0.3,0.06946438798337629,0.0,1.0,0.0,0.0,0.0,0.0,1.0,0.0,0.0,0.0,0.5544831001013825,0.3817453675621862,1.0,1.0,2
1.0,1.0,0.0,0.0,0.6,0.8438305332436171,0.0,0.0,0.0,0.0,0.0,0.0,0.0,1.0,0.0,0.0,0.22394983388952752,0.32289934573532464,1.0,0.0,0
0.0,1.0,0.0,0.0,0.0,0.09594239197156672,0.0,0.0,0.0,0.0,0.0,0.0,0.0,0.0,0.0,0.0,0.1773312389255395,0.3850701742312978,1.0,0.0,1
0.0,1.0,0.0,0.0,0.3,0.29675999384377316,0.0,0.0,0.0,0.0,0.0,0.0,0.0,0.0,0.0,0.0,0.2133752359883096,0.5215859876126463,1.0,1.0,1
0.0,1.0,0.0,0.0,0.0,0.2695580742388241,0.0,0.0,0.0,0.0,0.0,0.0,0.0,0.0,0.0,0.0,0.2994541766796072,0.3060093309301336,1.0,1.0,1
0.0,1.0,0.0,0.0,0.6,0.7065075232760698,0.0,0.0,0.0,0.0,0.0,0.0,0.0,1.0,0.0,0.0,0.44006591494472613,0.3373920001107721,1.0,0.0,0
0.0,1.0,0.0,0.0,0.3,0.6524354157990172,0.0,0.0,0.0,0.0,0.0,0.0,0.0,0.0,0.0,0.0,0.31333070901286875,0.5718838786092943,1.0,0.0,1
0.0,1.0,0.0,0.0,0.6,0.3276944988750179,0.0,0.0,0.0,0.0,0.0,0.0,0.0,0.0,0.0,0.0,0.07118721643647227,0.34427349482505565,1.0,0.0,1
0.0,1.0,0.0,0.0,0.0,0.009307944637360385,0.0,0.0,0.0,0.0,0.0,0.0,1.0,0.0,0.0,1.0,0.007274846695843892,0.5133682055560745,1.0,0.0,2
0.0,1.0,0.0,0.0,0.6,0.01645072633873159,0.0,0.0,0.0,0.0,0.0,1.0,1.0,0.0,0.0,0.0,0.3138988024321719,0.2792325982979895,1.0,1.0,2
0.0,1.0,0.0,0.0,0.3,0.616125399725018,0.0,0.0,0.0,0.0,0.0,0.0,0.0,1.0,0.0,0.0,0.49017843685889484,0.5944001832471019,1.0,0.0,0
0.0,1.0,0.0,0.0,0.3,0.01312823342366363,0.0,0.0,0.0,0.0,0.0,0.0,1.0,0.0,0.0,1.0,0.17385554872538322,0.36554390604436837,1.0,1.0,2
0.0,1.0,0.0,0.0,0.3,0.24621654516312333,0.0,0.0,0.0,0.0,0.0,1.0,1.0,0.0,0.0,0.0,0.5842610488655869,0.5508502709309862,1.0,0.0,2
0.0,1.0,0.0,0.0,0.0,0.4865597488487877,0.0,0.0,0.0,0.0,0.0,0.0,0.0,0.0,0.0,0.0,0.12454689931733162,0.2560085740259169,1.0,1.0,1
0.0,1.0,0.0,0.0,0.0,0.012838549674846409,0.0,1.0,0.0,0.0,0.0,0.0,1.0,0.0,0.0,1.0,0.3416560913393481,0.5247455113754752,1.0,0.0,2
0.0,1.0,0.0,0.0,0.0,0.8978380122058566,0.0,0.0,0.0,0.0,0.0,0.0,0.0,1.0,0.0,0.0,0.39954766928347585,0.3480631275447031,1.0,0.0,0
0.0,1.0,0.0,0.0,0.0,0.8620895718486851,0.0,0.0,0.0,0.0,0.0,0.0,0.0,1.0,0.0,0.0,0.07386789353444442,0.19329715504457556,1.0,0.0,0
0.0,1.0,0.0,0.0,0.0,0.04992819864736363,0.0,0.0,0.0,0.0,0.0,0.0,1.0,0.0,0.0,0.0,0.3212673702792437,0.24913864934969854,1.0,1.0,2
1.0,1.0,0.0,0.0,0.0,0.5213131321793485,0.0,0.0,0.0,0.0,0.0,0.0,0.0,1.0,0.0,0.0,0.3646243313567193,0.7306551370708093,1.0,1.0,0
0.0,1.0,0.0,0.0,0.3,0.2090995178171649,0.0,0.0,0.0,0.0,0.0,0.0,0.0,0.0,0.0,0.0,0.49371958725112153,0.34419125028510367,1.0,0.0,1
0.0,1.0,0.0,0.0,0.0,0.6444011317425057,0.0,0.0,0.0,0.0,0.0,0.0,0.0,0.0,0.0,0.0,0.3289269086094234,0.7003742752641738,1.0,0.0,1
0.0,1.0,0.0,0.0,0.0,0.14367361772037207,1.0,1.0,0.0,0.0,0.0,0.0,1.0,0.0,0.0,0.0,0.15845592232792577,0.47121978579415896,1.0,0.0,2
0.0,1.0,0.0,0.0,0.3,0.5770970220952154,0.0,0.0,0.0,0.0,0.0,0.0,0.0,1.0,0.0,0.0,0.29005231864220693,0.20395312280782005,1.0,0.0,0
0.0,1.0,0.0,0.0,0.3,0.8489542311159307,0.0,0.0,0.0,0.0,0.0,0.0,0.0,1.0,0.0,0.0,0.13500890843977867,0.34506833056078745,1.0,1.0,0
0.0,1.0,0.0,0.0,0.2,0.4094959082606288,0.0,0.0,0.0,0.0,0.0,0.0,0.0,0.0,0.0,0.0,0.19679411549741782,0.3560355408286843,1.0,1.0,1
0.0,1.0,0.0,0.0,0.2,0.9189504338394734,0.0,0.0,0.0,0.0,0.0,0.0,0.0,1.0,0.0,0.0,0.38955406115080526,0.5370901633733893,1.0,0.0,0
0.0,1.0,0.0,0.0,0.0,0.11005439467473753,1.0,0.0,0.0,0.0,0.0,0.0,1.0,0.0,0.0,1.0,0.37113543695998347,0.27343992014201346,1.0,0.0,2
0.0,1.0,0.0,0.0,0.0,0.8424757258953888,0.0,0.0,0.0,0.0,0.0,0.0,0.0,1.0,0.0,0.0,0.289141590123546,0.34315394829929524,1.0,0.0,0
0.0,1.0,0.0,0.0,0.3,0.2136131878064023,0.0,0.0,0.0,0.0,0.0,0.0,0.0,0.0,0.0,0.0,0.11559919295448308,0.3360291190635534,1.0,0.0,1
0.0,1.0,0.0,0.0,0.0,0.03262130279301119,0.0,0.0,0.0,0.0,0.0,0.0,1.0,0.0,0.0,0.0,0.31814353594674993,0.2325512309154253,1.0,0.0,2
0.0,1.0,0.0,0.0,0.0,0.014133823386224712,0.0,0.0,0.0,0.0,0.0,1.0,1.0,0.0,0.0,1.0,0.21653855319181545,0.27334452691872135,1.0,0.0,2
0.0,1.0,0.0,0.0,0.0,0.7343305538792781,0.0,0.0,0.0,0.0,0.0,0.0,0.0,1.0,0.0,0.0,0.24719020864409744,0.6106028337923252,1.0,0.0,0
0.0,1.0,0.0,0.0,0.1,0.46484839200159417,0.0,0.0,0.0,0.0,0.0,0.0,0.0,1.0,0.0,0.0,0.4792894656448242,0.4326868090616145,1.0,0.0,0
1.0,1.0,0.0,0.0,0.0,0.8797280336623126,0.0,0.0,0.0,0.0,0.0,0.0,0.0,1.0,0.0,0.0,0.13707781805512795,0.20095941764640496,1.0,0.0,0
1.0,1.0,0.0,0.0,0.0,0.8251227495293555,0.0,0.0,0.0,0.0,0.0,0.0,0.0,1.0,0.0,0.0,0.19765432444375547,0.23550523389969927,1.0,1.0,0
0.0,1.0,0.0,0.0,0.3,0.060234085193258895,0.0,0.0,0.0,0.0,0.0,0.0,0.0,0.0,0.0,0.0,0.2126096752673982,0.47190550601866205,1.0,1.0,1
0.0,1.0,0.0,0.0,0.0,0.09812421833084893,0.0,1.0,0.0,0.0,0.0,0.0,1.0,0.0,0.0,0.0,0.518368592725962,0.40711395875479073,1.0,0.0,2
0.0,1.0,0.0,0.0,0.0,0.8475655656381647,0.0,0.0,0.0,0.0,0.0,0.0,0.0,1.0,0.0,0.0,0.16287221722394016,0.44467481027784145,1.0,1.0,0
0.0,1.0,0.0,0.0,0.0,0.02073526465111154,0.0,0.0,0.0,0.0,0.0,0.0,0.0,0.0,0.0,0.0,0.05056858951979365,0.8221310918409441,1.0,0.0,1
0.0,1.0,0.0,0.0,0.0,0.43803351605548024,1.0,0.0,0.0,0.0,0.0,1.0,1.0,0.0,0.0,1.0,0.047258207218804506,0.8033423808945476,1.0,1.0,2
0.0,1.0,0.0,0.0,0.2,0.6587169635431186,0.0,0.0,0.0,0.0,0.0,0.0,0.0,0.0,0.0,0.0,0.32468925305064655,0.5093854261183396,1.0,0.0,1
0.0,1.0,0.0,0.0,0.0,0.03734010325089896,0.0,0.0,0.0,0.0,0.0,0.0,1.0,0.0,0.0,0.0,0.34025714625613546,0.587172657971229,1.0,1.0,2
0.0,1.0,0.0,0.0,0.6,0.0450743586863961,1.0,1.0,0.0,0.0,0.0,1.0,1.0,0.0,0.0,1.0,0.3567211438526594,0.27584382312352623,1.0,0.0,2
0.0,1.0,0.0,0.0,0.0,0.7019976199406951,0.0,0.0,0.0,0.0,0.0,0.0,0.0,1.0,0.0,0.0,0.35650511631930076,0.3230998053530549,1.0,1.0,0
0.0,1.0,0.0,0.0,0.0,0.19325092294089258,0.0,0.0,0.0,0.0,0.0,0.0,0.0,0.0,0.0,0.0,0.1019009934496696,0.2872781301746049,1.0,0.0,1
0.0,1.0,0.0,0.0,0.0,0.00801236145469864,0.0,0.0,0.0,0.0,0.0,1.0,1.0,0.0,0.0,1.0,0.13647214780815783,0.41301967963494995,1.0,1.0,2
0.0,1.0,0.0,0.0,0.3,0.7716233856042534,0.0,0.0,0.0,0.0,0.0,0.0,0.0,1.0,0.0,0.0,0.2998962339718141,0.6923705794953801,1.0,1.0,0
0.0,1.0,0.0,0.0,0.3,0.23496851754067427,0.0,0.0,0.0,0.0,0.0,0.0,0.0,0.0,0.0,0.0,0.5845728267989981,0.8041903337829356,1.0,0.0,1
0.0,1.0,0.0,0.0,0.0,0.7989980830918892,0.0,0.0,0.0,0.0,0.0,0.0,0.0,1.0,0.0,0.0,0.11472768887904962,0.47167189628242556,1.0,1.0,0
0.0,1.0,0.0,0.0,0.0,0.14740178952601607,0.0,0.0,0.0,0.0,0.0,0.0,0.0,0.0,0.0,0.0,0.03264874965499295,0.4136652087776217,1.0,1.0,1
0.0,1.0,0.0,0.0,0.3,0.9580162259400117,0.0,0.0,0.0,0.0,0.0,0.0,0.0,1.0,0.0,0.0,0.26805259071887627,0.1906510487750367,1.0,0.0,0
1.0,1.0,0.0,0.0,0.0,0.6262564833366234,0.0,0.0,0.0,0.0,0.0,0.0,0.0,1.0,0.0,0.0,0.031062625333190857,0.42938955858372374,1.0,0.0,0
0.0,1.0,0.0,0.0,0.6,0.013696759466513404,0.0,0.0,0.0,0.0,0.0,0.0,1.0,0.0,0.0,1.0,0.6031025214897184,0.32272984509885455,1.0,1.0,2
0.0,1.0,0.0,0.0,0.6,0.14335197933004604,0.0,1.0,0.0,0.0,0.0,0.0,1.0,0.0,0.0,1.0,0.49462450025519655,0.5162693131128167,1.0,0.0,2
0.0,1.0,0.0,0.0,0.6,0.14049723813745407,0.0,0.0,0.0,0.0,0.0,0.0,1.0,0.0,0.0,0.0,0.16982154050695972,0.3057351850019614,1.0,1.0,2
0.0,1.0,0.0,0.0,0.0,0.22961887176932314,0.0,0.0,0.0,0.0,0.0,0.0,0.0,0.0,0.0,0.0,0.11766455556961361,0.29804638190676985,1.0,0.0,1
0.0,1.0,0.0,0.0,0.0,0.05421030819654647,0.0,0.0,0.0,0.0,0.0,1.0,1.0,0.0,0.0,1.0,0.10894562106914937,0.32899785390842134,1.0,1.0,2
0.0,1.0,0.0,0.0,0.3,0.01975670115778306,0.0,1.0,0.0,0.0,0.0,0.0,1.0,0.0,0.0,0.0,0.36635057467247734,0.8384300150516525,1.0,1.0,2
0.0,1.0,0.0,0.0,0.3,0.006151812982493953,0.0,0.0,0.0,0.0,0.0,0.0,1.0,0.0,0.0,0.0,0.40101437388087546,0.27108680564318377,1.0,1.0,2
0.0,1.0,0.0,0.0,0.6,0.1862007056747017,1.0,1.0,0.0,0.0,0.0,0.0,1.0,0.0,0.0,0.0,0.543645547947242,0.21721516649320685,1.0,0.0,2
0.0,1.0,0.0,0.0,0.3,0.863416659154425,0.0,0.0,0.0,0.0,0.0,0.0,0.0,1.0,0.0,0.0,0.3948725788391149,0.33678265008454406,1.0,1.0,0
1.0,1.0,0.0,0.0,0.3,0.5901038176041701,0.0,0.0,0.0,0.0,0.0,0.0,0.0,1.0,0.0,0.0,0.15250849789946447,0.5311674521833032,1.0,1.0,0
0.0,1.0,0.0,0.0,0.3,0.2723193417122599,0.0,0.0,0.0,0.0,0.0,0.0,0.0,0.0,0.0,0.0,0.3258363328220604,0.2820787919331385,1.0,0.0,1
0.0,1.0,0.0,0.0,0.6,0.3665472584181658,0.0,0.0,0.0,0.0,0.0,1.0,1.0,0.0,0.0,1.0,0.580314308370996,0.3598938232451436,1.0,0.0,2
0.0,1.0,0.0,0.0,0.6,0.47654423418854414,0.0,0.0,0.0,0.0,0.0,0.0,0.0,0.0,0.0,0.0,0.2922683319994595,0.5184581106188845,1.0,0.0,1
1.0,1.0,0.0,0.0,0.6,0.946665819596688,0.0,0.0,0.0,0.0,0.0,0.0,0.0,1.0,0.0,0.0,0.2280076717582465,0.42596762978081004,1.0,0.0,0
0.0,1.0,0.0,0.0,0.3,0.07402620444007176,1.0,0.0,0.0,0.0,0.0,0.0,1.0,0.0,0.0,0.0,0.3552469417173989,0.7485997752757733,1.0,1.0,2
0.0,1.0,0.0,0.0,0.3,0.8852329142767941,0.0,0.0,0.0,0.0,0.0,0.0,0.0,1.0,0.0,0.0,0.12073666728968235,0.6268549743570252,1.0,1.0,0
0.0,1.0,0.0,0.0,0.0,0.808364828359339,0.0,0.0,0.0,0.0,0.0,0.0,0.0,1.0,0.0,0.0,0.20084786472253854,0.24995420709908514,1.0,0.0,0
0.0,1.0,0.0,0.0,0.2,0.1288964884854771,0.0,0.0,0.0,0.0,0.0,0.0,0.0,0.0,0.0,0.0,0.18215979121998468,0.618007374151479,1.0,0.0,1
1.0,1.0,0.0,0.0,0.3,0.3187311081100028,0.0,0.0,0.0,0.0,0.0,0.0,0.0,1.0,0.0,0.0,0.1848448519206572,0.5473217047592823,1.0,1.0,0
0.0,1.0,0.0,0.0,0.3,0.21515290974701967,0.0,0.0,0.0,0.0,0.0,0.0,0.0,0.0,0.0,0.0,0.15146164077947222,0.2863068546408516,1.0,0.0,1
0.0,1.0,0.0,0.0,0.3,0.8005979331978099,0.0,0.0,0.0,0.0,0.0,0.0,0.0,1.0,0.0,0.0,0.09522739673262577,0.48988304157185053,1.0,0.0,0
0.0,1.0,0.0,0.0,0.3,0.09630873761769804,0.0,0.0,0.0,0.0,0.0,1.0,1.0,0.0,0.0,0.0,0.2479232573169184,0.7490285461336837,1.0,1.0,2
0.0,1.0,0.0,0.0,0.0,0.21223283704384135,0.0,0.0,0.0,0.0,0.0,0.0,0.0,0.0,0.0,0.0,0.08639565291545392,0.13454107899461604,1.0,1.0,1
0.0,1.0,0.0,0.0,0.0,0.8955010451514659,0.0,0.0,0.0,0.0,0.0,0.0,0.0,1.0,0.0,0.0,0.6023156717196948,0.33478273043238876,1.0,0.0,0
0.0,1.0,0.0,0.0,0.3,0.16452458604937345,0.0,0.0,0.0,0.0,0.0,0.0,0.0,0.0,0.0,0.0,0.35951198401500656,0.4154436452746097,1.0,0.0,1
0.0,1.0,0.0,0.0,0.3,0.6111109983836112,0.0,0.0,0.0,0.0,0.0,0.0,0.0,1.0,0.0,0.0,0.4180803751913135,0.31452356906385526,1.0,0.0,0
0.0,1.0,0.0,0.0,0.3,0.35183632050702973,1.0,1.0,0.0,0.0,0.0,1.0,1.0,0.0,0.0,0.0,0.09113050966119832,0.35053214666583893,1.0,1.0,2
1.0,1.0,0.0,0.0,0.3,0.8426323649765014,0.0,0.0,0.0,0.0,0.0,0.0,0.0,1.0,0.0,0.0,0.18203368287774221,0.4548918031638249,1.0,0.0,0
0.0,1.0,0.0,0.0,0.0,0.09977467717825819,0.0,1.0,0.0,0.0,0.0,0.0,1.0,0.0,0.0,0.0,0.40638100191514054,0.476216126653139,1.0,0.0,2
0.0,1.0,0.0,0.0,0.3,0.9104532570603717,0.0,0.0,0.0,0.0,0.0,0.0,0.0,1.0,0.0,0.0,0.2944472966438938,0.4030179065557288,1.0,0.0,0
0.0,1.0,0.0,0.0,0.3,0.2385569022339212,0.0,0.0,0.0,0.0,0.0,0.0,0.0,0.0,0.0,0.0,0.44214357564725976,0.4114076258422319,1.0,0.0,1
0.0,1.0,0.0,0.0,0.3,0.10072816202309963,0.0,0.0,0.0,0.0,0.0,1.0,1.0,0.0,0.0,1.0,0.2712231475264162,0.2012636946866392,1.0,1.0,2
0.0,1.0,0.0,0.0,0.0,0.12096307167726397,0.0,0.0,0.0,0.0,0.0,0.0,0.0,0.0,0.0,0.0,0.09536925632101792,0.381779093187891,1.0,1.0,1
0.0,1.0,0.0,0.0,0.0,0.46961451253387987,0.0,0.0,0.0,0.0,0.0,0.0,0.0,0.0,0.0,0.0,0.5284309735731221,0.35922604321830015,1.0,0.0,1
0.0,1.0,0.0,0.0,0.0,0.4514177141471727,0.0,0.0,0.0,0.0,0.0,1.0,1.0,0.0,0.0,1.0,0.5668707705054024,0.5022450026703446,1.0,1.0,2
0.0,1.0,0.0,0.0,0.6,0.43711670849274914,1.0,0.0,0.0,0.0,0.0,1.0,1.0,0.0,0.0,0.0,0.25490134413110066,0.4369514907118844,1.0,1.0,2
0.0,1.0,0.0,0.0,0.3,0.053464907393683134,0.0,0.0,0.0,0.0,0.0,0.0,0.0,0.0,0.0,0.0,0.5667548169467043,0.5811078082776223,1.0,0.0,1
0.0,1.0,0.0,0.0,0.0,0.8834146482801661,0.0,0.0,0.0,0.0,0.0,0.0,0.0,1.0,0.0,0.0,0.2837137249672578,0.7243080814076958,1.0,1.0,0
0.0,1.0,0.0,0.0,0.0,0.8548745972313003,0.0,0.0,0.0,0.0,0.0,0.0,0.0,1.0,0.0,0.0,0.4452161728834355,0.40198575675132375,1.0,1.0,0
0.0,1.0,0.0,0.0,0.3,0.26166843284392705,0.0,0.0,0.0,0.0,0.0,0.0,0.0,0.0,0.0,0.0,0.12738526849950324,0.08259645991939148,1.0,0.0,1
0.0,1.0,0.0,0.0,0.3,0.3613939530759726,0.0,0.0,0.0,0.0,0.0,0.0,0.0,0.0,0.0,0.0,0.31545699006088623,0.4483153347361944,1.0,1.0,1
0.0,1.0,0.0,0.0,0.3,0.174484558112661,0.0,1.0,0.0,0.0,0.0,1.0,1.0,0.0,0.0,0.0,0.32617556103408707,0.29135596985057816,1.0,0.0,2
0.0,1.0,0.0,0.0,0.3,0.008077544547892425,1.0,0.0,0.0,0.0,0.0,0.0,1.0,0.0,0.0,0.0,0.3135206119861229,0.4328947720880336,1.0,1.0,2
1.0,1.0,0.0,0.0,0.0,0.7905007936843103,0.0,0.0,0.0,0.0,0.0,0.0,0.0,1.0,0.0,0.0,0.09697913571017451,0.525207013571837,1.0,1.0,0
0.0,1.0,0.0,0.0,0.3,0.3775556958924274,1.0,0.0,0.0,0.0,0.0,1.0,1.0,0.0,0.0,1.0,0.18202280018158257,0.16349017961201645,1.0,1.0,2
0.0,1.0,0.0,0.0,0.3,0.8804105787954863,0.0,0.0,0.0,0.0,0.0,0.0,0.0,1.0,0.0,0.0,0.17008330460943807,0.42064797357902545,1.0,1.0,0
0.0,1.0,0.0,0.0,0.3,0.19222333939242897,0.0,0.0,0.0,0.0,0.0,0.0,0.0,0.0,0.0,0.0,0.33018873921878544,0.17739831503390752,1.0,0.0,1
0.0,1.0,0.0,0.0,0.3,0.4774617312513481,0.0,0.0,0.0,0.0,0.0,0.0,0.0,0.0,0.0,0.0,0.0823006527573579,0.4701700138705512,1.0,1.0,1
0.0,1.0,0.0,0.0,0.0,0.4911621250225412,0.0,0.0,0.0,0.0,0.0,0.0,0.0,0.0,0.0,0.0,0.21508638692735813,0.03134754951224358,1.0,1.0,1
0.0,1.0,0.0,0.0,0.3,0.7392876028357473,0.0,0.0,0.0,0.0,0.0,0.0,0.0,1.0,0.0,0.0,0.5032641358212601,0.6238041123513663,1.0,1.0,0
0.0,1.0,0.0,0.0,0.0,0.19287483803527075,0.0,0.0,0.0,0.0,0.0,0.0,0.0,0.0,0.0,0.0,0.35422137921077135,0.277830678565794,1.0,1.0,1
0.0,1.0,0.0,0.0,0.0,0.8782465166382215,0.0,0.0,0.0,0.0,0.0,0.0,0.0,1.0,0.0,0.0,0.09341248612693132,0.40135336901468455,1.0,0.0,0
1.0,1.0,0.0,0.0,0.6,0.9397030269631905,0.0,0.0,0.0,0.0,0.0,0.0,0.0,1.0,0.0,0.0,0.3008734630858669,0.5261085382358752,1.0,0.0,0
0.0,1.0,0.0,0.0,0.3,0.10888895840781919,0.0,0.0,0.0,0.0,0.0,0.0,0.0,0.0,0.0,0.0,0.4414066071874258,0.49411533236458727,1.0,0.0,1
0.0,1.0,0.0,0.0,0.0,0.2970947649690139,1.0,1.0,0.0,0.0,0.0,0.0,1.0,0.0,0.0,1.0,0.11018971907164074,0.2473251430866652,1.0,1.0,2
0.0,1.0,0.0,0.0,0.3,0.7197927775756155,0.0,0.0,0.0,0.0,0.0,0.0,0.0,1.0,0.0,0.0,0.11346138839704797,0.18114891426604232,1.0,0.0,0
1.0,1.0,0.0,0.0,0.0,0.8387031454522035,0.0,0.0,0.0,0.0,0.0,0.0,0.0,1.0,0.0,0.0,0.4750874374507672,0.2647261016107093,1.0,1.0,0
0.0,1.0,0.0,0.0,0.3,0.4053826658649104,0.0,0.0,0.0,0.0,0.0,0.0,0.0,0.0,0.0,0.0,0.10169035345489101,0.8011878486869234,1.0,0.0,1
0.0,1.0,0.0,0.0,0.3,0.1883880206896991,0.0,0.0,0.0,0.0,0.0,0.0,0.0,0.0,0.0,0.0,0.3175844394884649,0.053426428257468156,1.0,0.0,1
0.0,1.0,0.0,0.0,0.3,0.8623823262023428,0.0,0.0,0.0,0.0,0.0,0.0,0.0,1.0,0.0,0.0,0.10146276462798573,0.23397598504035788,1.0,1.0,0
0.0,1.0,0.0,0.0,0.3,0.19294206526707391,0.0,0.0,0.0,0.0,0.0,0.0,0.0,0.0,0.0,0.0,0.3408291755954205,0.4149547681443541,1.0,1.0,1
1.0,1.0,0.0,0.0,0.6,0.5325993008375633,0.0,0.0,0.0,0.0,0.0,0.0,0.0,1.0,0.0,0.0,0.6561590840391168,0.7490951518863368,1.0,1.0,0
0.0,1.0,0.0,0.0,0.3,0.12069405181275408,0.0,0.0,0.0,0.0,0.0,0.0,0.0,0.0,0.0,0.0,0.45354387979367705,0.7797549513192383,1.0,1.0,1
0.0,1.0,0.0,0.0,0.3,0.5631695615043655,0.0,0.0,0.0,0.0,0.0,0.0,0.0,0.0,0.0,0.0,0.7041310130985775,0.7178225053742203,1.0,0.0,1
0.0,1.0,0.0,0.0,0.0,0.6732910834715692,0.0,0.0,0.0,0.0,0.0,0.0,0.0,0.0,0.0,0.0,0.367098128834942,0.3346657485218285,1.0,1.0,1
0.0,1.0,0.0,0.0,0.6,0.9112743973511074,0.0,0.0,0.0,0.0,0.0,0.0,0.0,1.0,0.0,0.0,0.5002993366713379,0.47375002416062484,1.0,1.0,0
0.0,1.0,0.0,0.0,0.3,0.4639906725239901,0.0,0.0,0.0,0.0,0.0,0.0,0.0,1.0,0.0,0.0,0.18698039176199827,0.20648453319158283,1.0,0.0,0
1.0,1.0,0.0,0.0,0.3,0.6874395453827388,0.0,0.0,0.0,0.0,0.0,0.0,0.0,1.0,0.0,0.0,0.054208984393724395,0.3719094587840246,1.0,1.0,0
1.0,1.0,0.0,0.0,0.3,0.7432065090701566,0.0,0.0,0.0,0.0,0.0,0.0,0.0,1.0,0.0,0.0,0.1987575108656349,0.4194299311956737,1.0,0.0,0
1.0,1.0,0.0,0.0,0.0,0.850439591727065,0.0,0.0,0.0,0.0,0.0,0.0,0.0,1.0,0.0,0.0,0.2856132432042381,0.30651077073582417,1.0,0.0,0
0.0,1.0,0.0,0.0,0.3,0.11290147533567066,0.0,0.0,0.0,0.0,0.0,0.0,0.0,0.0,0.0,0.0,0.09637453291263696,0.3873361165044034,1.0,0.0,1
1.0,1.0,0.0,0.0,0.6,0.8316434516975341,0.0,0.0,0.0,0.0,0.0,0.0,0.0,1.0,0.0,0.0,0.14407520036186094,0.5038350782670983,1.0,0.0,0
0.0,1.0,0.0,0.0,0.3,0.13407107956813735,0.0,0.0,0.0,0.0,0.0,0.0,1.0,0.0,0.0,0.0,0.0542209363668479,0.386072185777184,1.0,0.0,2
0.0,1.0,0.0,0.0,0.6,0.813736091304129,0.0,0.0,0.0,0.0,0.0,0.0,0.0,1.0,0.0,0.0,0.11029352497741525,0.4067672206638718,1.0,0.0,0
0.0,1.0,0.0,0.0,0.3,0.6922170594259424,0.0,0.0,0.0,0.0,0.0,0.0,0.0,1.0,0.0,0.0,0.027448689539981082,0.474952269650499,1.0,0.0,0
0.0,1.0,0.0,0.0,0.3,0.3916647906780454,0.0,0.0,0.0,0.0,0.0,0.0,0.0,1.0,0.0,0.0,0.16826527752676154,0.46900377484887673,1.0,0.0,0
0.0,1.0,0.0,0.0,0.6,0.24724575990460274,0.0,0.0,0.0,0.0,0.0,0.0,0.0,0.0,0.0,0.0,0.14452579692420534,0.480823506288051,1.0,0.0,1
0.0,1.0,0.0,0.0,0.0,0.10822609446417987,0.0,0.0,0.0,0.0,0.0,0.0,0.0,0.0,0.0,0.0,0.44040797231545264,0.34153456671753196,1.0,0.0,1
0.0,1.0,0.0,0.0,0.3,0.14847249767237286,0.0,0.0,0.0,0.0,0.0,0.0,1.0,0.0,0.0,1.0,0.1268879098444629,0.37237293255775245,1.0,0.0,2
0.0,1.0,0.0,0.0,0.6,0.13496055994883252,0.0,0.0,0.0,0.0,0.0,0.0,0.0,0.0,0.0,0.0,0.07328689112698708,0.5133571347800079,1.0,0.0,1
1.0,1.0,0.0,0.0,0.2,0.6583897802099613,0.0,0.0,0.0,0.0,0.0,0.0,0.0,1.0,0.0,0.0,0.11031413792152778,0.4512634820839776,1.0,1.0,0
0.0,1.0,0.0,0.0,0.0,0.128820298154109,0.0,0.0,0.0,0.0,0.0,0.0,1.0,0.0,0.0,0.0,0.2366923983311001,0.5499802657902041,1.0,1.0,2
0.0,1.0,0.0,0.0,0.3,0.18869617803605598,0.0,0.0,0.0,0.0,0.0,0.0,0.0,0.0,0.0,0.0,0.0784201899930849,0.47930440365782007,1.0,0.0,1
0.0,1.0,0.0,0.0,0.2,0.7010104821063929,0.0,0.0,0.0,0.0,0.0,0.0,0.0,1.0,0.0,0.0,0.16952335938388494,0.31852265431222676,1.0,0.0,0
1.0,1.0,0.0,0.0,0.3,0.710332403510626,0.0,0.0,0.0,0.0,0.0,0.0,0.0,1.0,0.0,0.0,0.36897355556065475,0.2483790226346062,1.0,0.0,0
0.0,1.0,0.0,0.0,0.3,0.5541260349043251,0.0,0.0,0.0,0.0,0.0,0.0,0.0,1.0,0.0,0.0,0.043307186106937796,0.22306346320470716,1.0,1.0,0
0.0,1.0,0.0,0.0,0.3,0.5198596616735172,0.0,0.0,0.0,0.0,0.0,0.0,0.0,1.0,0.0,0.0,0.46918151548646375,0.8091134480629637,1.0,1.0,0
0.0,1.0,0.0,0.0,0.3,0.4497561408979487,0.0,0.0,0.0,0.0,0.0,0.0,0.0,0.0,0.0,0.0,0.18322792791356315,0.42755029961619984,1.0,1.0,1
0.0,1.0,0.0,0.0,0.0,0.6747562819966805,0.0,0.0,0.0,0.0,0.0,0.0,0.0,1.0,0.0,0.0,0.14761090180410993,0.5156658584168025,1.0,1.0,0
0.0,1.0,0.0,0.0,0.0,0.006030299438433708,0.0,0.0,0.0,0.0,0.0,0.0,1.0,0.0,0.0,1.0,0.14689118119546896,0.29249697905868705,1.0,1.0,2
1.0,1.0,0.0,0.0,0.0,0.46134419220679873,0.0,0.0,0.0,0.0,0.0,0.0,0.0,1.0,0.0,0.0,0.20876738757776614,0.4717168060174733,1.0,1.0,0
0.0,1.0,0.0,0.0,0.0,0.3069449266167376,0.0,0.0,0.0,0.0,0.0,0.0,0.0,1.0,0.0,0.0,0.5680627138041684,0.4782981433552764,1.0,0.0,0
0.0,1.0,0.0,0.0,0.0,0.1028225636803072,0.0,0.0,0.0,0.0,0.0,0.0,0.0,0.0,0.0,0.0,0.2625293649837329,0.7802469592973742,1.0,0.0,1
1.0,1.0,0.0,0.0,0.0,0.7511989626442005,0.0,0.0,0.0,0.0,0.0,0.0,0.0,1.0,0.0,0.0,0.37440137924837197,0.2916768986449269,1.0,1.0,0
0.0,1.0,0.0,0.0,0.3,0.7765267725351941,0.0,0.0,0.0,0.0,0.0,0.0,0.0,1.0,0.0,0.0,0.4797998153500145,0.19620520598948205,1.0,0.0,0
0.0,1.0,0.0,0.0,0.0,0.4350824287145739,0.0,0.0,0.0,0.0,0.0,0.0,0.0,0.0,0.0,0.0,0.2965712694682878,0.11790425883333695,1.0,1.0,1
0.0,1.0,0.0,0.0,0.0,0.17109596851173361,0.0,0.0,0.0,0.0,0.0,0.0,0.0,0.0,0.0,0.0,0.2611577946141001,0.3081624062920115,1.0,1.0,1
1.0,1.0,0.0,0.0,0.0,0.7123233258012345,0.0,0.0,0.0,0.0,0.0,0.0,0.0,1.0,0.0,0.0,0.22028185504040992,0.26888962255752974,1.0,0.0,0
0.0,1.0,0.0,0.0,0.3,0.2731797314663337,0.0,0.0,0.0,0.0,0.0,0.0,0.0,0.0,0.0,0.0,0.46646187298284714,0.5768336373933808,1.0,1.0,1
0.0,1.0,0.0,0.0,0.3,0.41227958431442957,0.0,0.0,0.0,0.0,0.0,0.0,0.0,1.0,0.0,0.0,0.04779055509671064,0.5234984166128136,1.0,0.0,0
0.0,1.0,0.0,0.0,0.2,0.9725080289846306,0.0,0.0,0.0,0.0,0.0,0.0,0.0,1.0,0.0,0.0,0.22289562049320197,0.45305218590249496,1.0,0.0,0
0.0,1.0,0.0,0.0,0.0,0.1620364323906438,0.0,1.0,0.0,0.0,0.0,0.0,1.0,0.0,0.0,1.0,0.24859477813269576,0.49612347801310086,1.0,1.0,2
0.0,1.0,0.0,0.0,0.3,0.3948561945949736,0.0,0.0,0.0,0.0,0.0,0.0,0.0,0.0,0.0,0.0,0.5676326173900511,0.4050842202268323,1.0,1.0,1
0.0,1.0,0.0,0.0,0.6,0.26487232779367315,0.0,0.0,0.0,0.0,0.0,0.0,0.0,0.0,0.0,0.0,0.06735525048295402,0.4410546421374845,1.0,0.0,1
0.0,1.0,0.0,0.0,0.6,0.6051258130844416,0.0,0.0,0.0,0.0,0.0,0.0,0.0,0.0,0.0,0.0,0.05176346527733454,0.683968600807582,1.0,0.0,1
0.0,1.0,0.0,0.0,0.6,0.34383807861479176,0.0,0.0,0.0,0.0,0.0,0.0,0.0,1.0,0.0,0.0,0.39783215549654016,0.4601322587585458,1.0,0.0,0
0.0,1.0,0.0,0.0,0.0,0.3276650018755329,0.0,0.0,0.0,0.0,0.0,0.0,0.0,0.0,0.0,0.0,0.09340395458678973,0.35661115585521125,1.0,1.0,1
0.0,1.0,0.0,0.0,0.3,0.22053277692490764,1.0,1.0,0.0,0.0,0.0,1.0,1.0,0.0,0.0,1.0,0.14686110040707775,0.6870573027958476,1.0,1.0,2
1.0,1.0,0.0,0.0,0.0,0.7857211119096741,0.0,0.0,0.0,0.0,0.0,0.0,0.0,1.0,0.0,0.0,0.36856429603233287,0.19745596188188066,1.0,1.0,0
0.0,1.0,0.0,0.0,0.6,0.42714044463203943,0.0,0.0,0.0,0.0,0.0,0.0,0.0,0.0,0.0,0.0,0.15285227653799255,0.4462094764998692,1.0,0.0,1
0.0,1.0,0.0,0.0,0.1,0.38318227574243546,0.0,0.0,0.0,0.0,0.0,0.0,0.0,1.0,0.0,0.0,0.20474606291164504,0.6005175317783067,1.0,0.0,0
0.0,1.0,0.0,0.0,0.3,0.18309119955320546,0.0,0.0,0.0,0.0,0.0,0.0,0.0,0.0,0.0,0.0,0.20936069863729842,0.32622379915895333,1.0,1.0,1
0.0,1.0,0.0,0.0,0.3,0.639668190011252,0.0,0.0,0.0,0.0,0.0,0.0,0.0,1.0,0.0,0.0,0.3751367477965912,0.5427642117688364,1.0,1.0,0
0.0,1.0,0.0,0.0,0.0,0.6177438903555902,0.0,0.0,0.0,0.0,0.0,0.0,0.0,1.0,0.0,0.0,0.13125203806132177,0.31083774561800936,1.0,1.0,0
0.0,1.0,0.0,0.0,0.6,0.7642383260017973,0.0,0.0,0.0,0.0,0.0,0.0,0.0,1.0,0.0,0.0,0.22149015104730568,0.575499722629858,1.0,1.0,0
0.0,1.0,0.0,0.0,0.6,0.19406549666545425,0.0,1.0,0.0,0.0,0.0,0.0,1.0,0.0,0.0,0.0,0.3012730350370827,0.2473835755574603,1.0,0.0,2
1.0,1.0,0.0,0.0,0.0,0.8315381857714949,0.0,0.0,0.0,0.0,0.0,0.0,0.0,1.0,0.0,0.0,0.2395794195884265,0.5392556625099095,1.0,0.0,0
0.0,1.0,0.0,0.0,0.0,0.17974324211967777,0.0,0.0,0.0,0.0,0.0,0.0,0.0,0.0,0.0,0.0,0.4095915086405293,0.3768624057303144,1.0,0.0,1
0.0,1.0,0.0,0.0,0.2,0.8578339178884312,0.0,0.0,0.0,0.0,0.0,0.0,0.0,1.0,0.0,0.0,0.315446063659303,0.34485418507298,1.0,0.0,0
0.0,1.0,0.0,0.0,0.6,0.30173042510466425,0.0,0.0,0.0,0.0,0.0,0.0,0.0,0.0,0.0,0.0,0.3607133056707036,0.32413620886864397,1.0,0.0,1
0.0,1.0,0.0,0.0,0.0,0.1603959727673681,0.0,0.0,0.0,0.0,0.0,0.0,0.0,0.0,0.0,0.0,0.2359938901011362,0.13395673533002858,1.0,1.0,1
0.0,1.0,0.0,0.0,0.2,0.4277387252396749,0.0,0.0,0.0,0.0,0.0,0.0,0.0,0.0,0.0,0.0,0.15708635733515117,0.3264557848340006,1.0,1.0,1
0.0,1.0,0.0,0.0,0.3,0.06851330177555721,0.0,0.0,0.0,0.0,0.0,1.0,1.0,0.0,0.0,1.0,0.027313082896549254,0.2307162474621213,1.0,1.0,2
0.0,1.0,0.0,0.0,0.0,0.0014002384632274005,1.0,0.0,0.0,0.0,0.0,0.0,1.0,0.0,0.0,0.0,0.1897526861256633,0.7850651873755,1.0,0.0,2
0.0,1.0,0.0,0.0,0.0,0.4874602911909958,0.0,0.0,0.0,0.0,0.0,0.0,0.0,0.0,0.0,0.0,0.585642819962655,0.5883098923182727,1.0,1.0,1
0.0,1.0,0.0,0.0,0.3,0.18190468705106777,0.0,0.0,0.0,0.0,0.0,0.0,0.0,0.0,0.0,0.0,0.4778717211850202,0.47355658566701875,1.0,0.0,1
0.0,1.0,0.0,0.0,0.3,0.07287476301798754,0.0,0.0,0.0,0.0,0.0,0.0,0.0,0.0,0.0,0.0,0.28662418596249783,0.32376216240516387,1.0,0.0,1
0.0,1.0,0.0,0.0,0.0,0.164295425082531,0.0,0.0,0.0,0.0,0.0,0.0,0.0,0.0,0.0,0.0,0.4668211325742705,0.8312865582650056,1.0,1.0,1
0.0,1.0,0.0,0.0,0.3,0.3682422769050449,0.0,0.0,0.0,0.0,0.0,0.0,0.0,0.0,0.0,0.0,0.3102044280681302,0.13457335036036483,1.0,0.0,1
0.0,1.0,0.0,0.0,0.3,0.3969229109811044,0.0,0.0,0.0,0.0,0.0,0.0,0.0,1.0,0.0,0.0,0.25318248836099816,0.24797291955002967,1.0,1.0,0
0.0,1.0,0.0,0.0,0.6,0.04318949258671149,0.0,0.0,0.0,0.0,0.0,1.0,1.0,0.0,0.0,0.0,0.06385740406876182,0.18163956455097732,1.0,0.0,2
0.0,1.0,0.0,0.0,0.0,0.2982074242004402,0.0,0.0,0.0,0.0,0.0,0.0,0.0,0.0,0.0,0.0,0.43316769815187817,0.16897451729107055,1.0,1.0,1
0.0,1.0,0.0,0.0,0.3,0.227693005237257,0.0,0.0,0.0,0.0,0.0,0.0,0.0,0.0,0.0,0.0,0.25303608726753263,0.4672187145266306,1.0,1.0,1
0.0,1.0,0.0,0.0,0.0,0.2154234570899447,0.0,0.0,0.0,0.0,0.0,0.0,0.0,0.0,0.0,0.0,0.4048633266265746,0.38564567334852673,1.0,1.0,1
0.0,1.0,0.0,0.0,0.2,0.37464975800429307,0.0,0.0,0.0,0.0,0.0,0.0,0.0,0.0,0.0,0.0,0.07593131591044351,0.43532463714982605,1.0,1.0,1
0.0,1.0,0.0,0.0,0.3,0.21035939721859948,0.0,0.0,0.0,0.0,0.0,0.0,1.0,0.0,0.0,1.0,0.37706256081319667,0.6090311989161041,1.0,0.0,2
0.0,1.0,0.0,0.0,0.3,0.023282454381748856,0.0,0.0,0.0,0.0,0.0,0.0,1.0,0.0,0.0,0.0,0.17645038586849704,0.4038811312992044,1.0,0.0,2
0.0,1.0,0.0,0.0,0.0,0.1752109769182534,0.0,0.0,0.0,0.0,0.0,0.0,0.0,0.0,0.0,0.0,0.1820690913385866,0.6073945023467094,1.0,0.0,1
0.0,1.0,0.0,0.0,0.3,0.004470331074541933,0.0,0.0,0.0,0.0,0.0,1.0,1.0,0.0,0.0,0.0,0.167991373130802,0.3781797229708893,1.0,1.0,2
0.0,1.0,0.0,0.0,0.3,0.7871546459802632,0.0,0.0,0.0,0.0,0.0,0.0,0.0,1.0,0.0,0.0,0.20075025134999613,0.15809306981959867,1.0,1.0,0
0.0,1.0,0.0,0.0,0.6,0.5775246024975077,0.0,0.0,0.0,0.0,0.0,0.0,0.0,0.0,0.0,0.0,0.042869662374629504,0.27262490398422723,1.0,1.0,1
0.0,1.0,0.0,0.0,0.0,0.07065793931895728,1.0,0.0,0.0,0.0,0.0,0.0,1.0,0.0,0.0,0.0,0.09959127064418949,0.5127590247268671,1.0,1.0,2
0.0,1.0,0.0,0.0,0.6,0.07794913489310158,0.0,0.0,0.0,0.0,0.0,0.0,1.0,0.0,0.0,0.0,0.3506308808630062,0.6447478062441832,1.0,0.0,2
0.0,1.0,0.0,0.0,0.0,0.27970185501660016,1.0,1.0,0.0,0.0,0.0,0.0,1.0,0.0,0.0,1.0,0.289238438257896,0.5892306800517247,1.0,0.0,2
0.0,1.0,0.0,0.0,0.0,0.729981470780765,0.0,0.0,0.0,0.0,0.0,0.0,0.0,1.0,0.0,0.0,0.07874731266227562,0.120385357567586,1.0,0.0,0
1.0,1.0,0.0,0.0,0.0,0.6869808322389528,0.0,0.0,0.0,0.0,0.0,0.0,0.0,1.0,0.0,0.0,0.1420267232767643,0.739860374630571,1.0,1.0,0
0.0,1.0,0.0,0.0,0.3,0.7500825415918304,0.0,0.0,0.0,0.0,0.0,0.0,0.0,1.0,0.0,0.0,0.2051697882199887,0.1898749438926692,1.0,1.0,0
0.0,1.0,0.0,0.0,0.3,0.5599619625691477,0.0,0.0,0.0,0.0,0.0,0.0,0.0,1.0,0.0,0.0,0.07069996809351492,0.44075465259220936,1.0,1.0,0
1.0,1.0,0.0,0.0,0.0,0.5659968866127052,0.0,0.0,0.0,0.0,0.0,0.0,0.0,1.0,0.0,0.0,0.1681601266086208,0.642101274543294,1.0,0.0,0
0.0,1.0,0.0,0.0,0.3,0.050292628129018524,0.0,0.0,0.0,0.0,0.0,0.0,0.0,0.0,0.0,0.0,0.38678661593523606,0.1441346877346682,1.0,1.0,1
0.0,1.0,0.0,0.0,0.6,0.5048899141766949,0.0,0.0,0.0,0.0,0.0,0.0,0.0,0.0,0.0,0.0,0.11161747603801264,0.4623333597916836,1.0,1.0,1
0.0,1.0,0.0,0.0,0.0,0.7156332429969028,0.0,0.0,0.0,0.0,0.0,0.0,0.0,1.0,0.0,0.0,0.10658205837476262,0.47041725758520136,1.0,1.0,0
0.0,1.0,0.0,0.0,0.0,0.07250123224006148,0.0,0.0,0.0,0.0,0.0,0.0,0.0,0.0,0.0,0.0,0.33284372033969695,0.722797625189307,1.0,1.0,1
0.0,1.0,0.0,0.0,0.0,0.07802098128361136,1.0,0.0,0.0,0.0,0.0,0.0,1.0,0.0,0.0,1.0,0.2856781309616025,0.3229835583787298,1.0,1.0,2
1.0,1.0,0.0,0.0,0.0,0.7371282245104122,0.0,0.0,0.0,0.0,0.0,0.0,0.0,1.0,0.0,0.0,0.1422470805008582,0.41120478355124307,1.0,1.0,0
0.0,1.0,0.0,0.0,0.6,0.4984199357521338,0.0,0.0,0.0,0.0,0.0,0.0,0.0,0.0,0.0,0.0,0.36442104896656313,0.70025315894325,1.0,1.0,1
0.0,1.0,0.0,0.0,0.0,0.3123935309133577,0.0,0.0,0.0,0.0,0.0,0.0,0.0,0.0,0.0,0.0,0.4446205349867522,0.47709026013435674,1.0,0.0,1
0.0,1.0,0.0,0.0,0.0,0.18178865310502668,0.0,0.0,0.0,0.0,0.0,0.0,0.0,0.0,0.0,0.0,0.2071291369723699,0.5089241399711926,1.0,0.0,1
0.0,1.0,0.0,0.0,0.0,0.2628044148664254,0.0,0.0,0.0,0.0,0.0,0.0,0.0,0.0,0.0,0.0,0.1919238095102593,0.5363806075760519,1.0,1.0,1
1.0,1.0,0.0,0.0,0.0,0.9491903396133032,0.0,0.0,0.0,0.0,0.0,0.0,0.0,1.0,0.0,0.0,0.33706219129400944,0.14419587856625543,1.0,0.0,0
0.0,1.0,0.0,0.0,0.0,0.08858656851815426,0.0,0.0,0.0,0.0,0.0,0.0,1.0,0.0,0.0,0.0,0.09814613505536822,0.3363219285909513,1.0,1.0,2
1.0,1.0,0.0,0.0,0.3,0.6301736463676703,0.0,0.0,0.0,0.0,0.0,0.0,0.0,1.0,0.0,0.0,0.465795852026899,0.4697111056071298,1.0,0.0,0
0.0,1.0,0.0,0.0,0.0,0.1571761141502995,0.0,0.0,0.0,0.0,0.0,0.0,0.0,0.0,0.0,0.0,0.09180283940517256,0.3918765694081967,1.0,1.0,1
0.0,1.0,0.0,0.0,0.3,0.24694861378179842,0.0,0.0,0.0,0.0,0.0,0.0,0.0,0.0,0.0,0.0,0.3705554940343384,0.6958404985162241,1.0,1.0,1
0.0,1.0,0.0,0.0,0.6,0.12048917214289431,0.0,0.0,0.0,0.0,0.0,0.0,0.0,0.0,0.0,0.0,0.11884329548741741,0.341577718404043,1.0,1.0,1
0.0,1.0,0.0,0.0,0.6,0.3375809433068417,0.0,0.0,0.0,0.0,0.0,0.0,0.0,0.0,0.0,0.0,0.18875389035859155,0.26917045144759055,1.0,1.0,1
0.0,1.0,0.0,0.0,0.0,0.010839646121903386,0.0,1.0,0.0,0.0,0.0,1.0,1.0,0.0,0.0,0.0,0.5204185395592259,0.16946257683288493,1.0,0.0,2
1.0,1.0,0.0,0.0,0.2,0.8619838135336289,0.0,0.0,0.0,0.0,0.0,0.0,0.0,1.0,0.0,0.0,0.06839542286479916,0.689235212435558,1.0,1.0,0
0.0,1.0,0.0,0.0,0.0,0.04104185395252123,0.0,0.0,0.0,0.0,0.0,0.0,1.0,0.0,0.0,0.0,0.39811106031769156,0.44335577408198,1.0,0.0,2
0.0,1.0,0.0,0.0,0.6,0.19926166903047451,0.0,0.0,0.0,0.0,0.0,0.0,0.0,0.0,0.0,0.0,0.14820669700675934,0.6435876907981575,1.0,1.0,1
0.0,1.0,0.0,0.0,0.3,0.11506166290135895,0.0,0.0,0.0,0.0,0.0,0.0,0.0,0.0,0.0,0.0,0.47469004540347354,0.22928135353494675,1.0,1.0,1
0.0,1.0,0.0,0.0,0.6,0.09104309347485587,0.0,0.0,0.0,0.0,0.0,0.0,0.0,0.0,0.0,0.0,0.17171225027544862,0.575679853996308,1.0,0.0,1
0.0,1.0,0.0,0.0,0.0,0.01267820169773043,0.0,0.0,0.0,0.0,0.0,0.0,1.0,0.0,0.0,0.0,0.5357725307164652,0.5599944723700715,1.0,1.0,2
0.0,1.0,0.0,0.0,0.3,0.929335471123097,0.0,0.0,0.0,0.0,0.0,0.0,0.0,1.0,0.0,0.0,0.5898767638693643,0.5120845136385934,1.0,1.0,0
0.0,1.0,0.0,0.0,0.0,0.21482151509469888,0.0,0.0,0.0,0.0,0.0,0.0,1.0,0.0,0.0,0.0,0.2563102764351418,0.3499260334877513,1.0,0.0,2
0.0,1.0,0.0,0.0,0.6,0.06457671979159775,1.0,0.0,0.0,0.0,0.0,0.0,1.0,0.0,0.0,0.0,0.29917016200847213,0.538517664005065,1.0,0.0,2
0.0,1.0,0.0,0.0,0.6,0.20626256747035937,0.0,0.0,0.0,0.0,0.0,0.0,0.0,0.0,0.0,0.0,0.7060193814866951,0.5323810988685724,1.0,1.0,1
0.0,1.0,0.0,0.0,0.0,0.11655492580474068,0.0,0.0,0.0,0.0,0.0,0.0,1.0,0.0,0.0,1.0,0.4654629409346266,0.5010296170389317,1.0,0.0,2
0.0,1.0,0.0,0.0,0.0,0.052002669677268444,1.0,1.0,0.0,0.0,0.0,1.0,1.0,0.0,0.0,0.0,0.5794692374563957,0.3796764320250739,1.0,1.0,2
0.0,1.0,0.0,0.0,0.0,0.27358011609010047,0.0,0.0,0.0,0.0,0.0,0.0,0.0,0.0,0.0,0.0,0.0944331821449822,0.5498887027674929,1.0,1.0,1
0.0,1.0,0.0,0.0,0.3,0.09676888628622617,1.0,1.0,0.0,0.0,0.0,0.0,1.0,0.0,0.0,0.0,0.5484406208797215,0.08806382156788907,1.0,1.0,2
0.0,1.0,0.0,0.0,0.3,0.7969057529871022,0.0,0.0,0.0,0.0,0.0,0.0,0.0,1.0,0.0,0.0,0.5450695598524611,0.5080175041854142,1.0,1.0,0
0.0,1.0,0.0,0.0,0.3,0.29103048583671837,0.0,0.0,0.0,0.0,0.0,0.0,0.0,0.0,0.0,0.0,0.17323312902996496,0.5964496672748237,1.0,0.0,1
0.0,1.0,0.0,0.0,0.3,0.12593812010891245,0.0,1.0,0.0,0.0,0.0,0.0,1.0,0.0,0.0,0.0,0.3545764149867606,0.6317745456040582,1.0,1.0,2
0.0,1.0,0.0,0.0,0.0,0.3971448141907002,1.0,1.0,0.0,0.0,0.0,0.0,1.0,0.0,0.0,0.0,0.23519842355195628,0.29217683700074787,1.0,1.0,2
1.0,1.0,0.0,0.0,0.0,0.707386704060038,0.0,0.0,0.0,0.0,0.0,0.0,0.0,1.0,0.0,0.0,0.23102084024558578,0.2765174811617577,1.0,1.0,0
1.0,1.0,0.0,0.0,0.0,0.8004757572413543,0.0,0.0,0.0,0.0,0.0,0.0,0.0,1.0,0.0,0.0,0.019997986065349516,0.39909496798936034,1.0,0.0,0
0.0,1.0,0.0,0.0,0.3,0.01082282949021097,0.0,0.0,0.0,0.0,0.0,0.0,1.0,0.0,0.0,0.0,0.12503815964232864,0.46667474804631875,1.0,1.0,2
1.0,1.0,0.0,0.0,0.6,0.7582812832206258,0.0,0.0,0.0,0.0,0.0,0.0,0.0,1.0,0.0,0.0,0.12028160680205317,0.5775304737697483,1.0,0.0,0
0.0,1.0,0.0,0.0,0.3,0.12041053554153973,0.0,1.0,0.0,0.0,0.0,1.0,1.0,0.0,0.0,1.0,0.23492856915504892,0.4275475025042053,1.0,0.0,2
0.0,1.0,0.0,0.0,0.3,0.4900134420771744,1.0,0.0,0.0,0.0,0.0,0.0,1.0,0.0,0.0,1.0,0.15090055190787244,0.15743660245476823,1.0,1.0,2
0.0,1.0,0.0,0.0,0.0,0.18786072209040713,0.0,0.0,0.0,0.0,0.0,0.0,0.0,0.0,0.0,0.0,0.22601474803473348,0.26904046609618065,1.0,1.0,1
0.0,1.0,0.0,0.0,0.3,0.3821315269082123,0.0,0.0,0.0,0.0,0.0,0.0,0.0,0.0,0.0,0.0,0.06957347119205735,0.21618177461208915,1.0,0.0,1
0.0,1.0,0.0,0.0,0.3,0.24197586448673292,0.0,0.0,0.0,0.0,0.0,0.0,0.0,0.0,0.0,0.0,0.36774083891604087,0.2795387353977112,1.0,0.0,1
0.0,1.0,0.0,0.0,0.0,0.27721955477199217,0.0,0.0,0.0,0.0,0.0,0.0,0.0,0.0,0.0,0.0,0.4064198927700917,0.30229517270729245,1.0,1.0,1
1.0,1.0,0.0,0.0,0.0,0.40364513708845,0.0,0.0,0.0,0.0,0.0,0.0,0.0,1.0,0.0,0.0,0.1132233297096001,0.7040296133337095,1.0,1.0,0
0.0,1.0,0.0,0.0,0.0,0.5774507355497053,0.0,0.0,0.0,0.0,0.0,0.0,0.0,1.0,0.0,0.0,0.22105705657626734,0.16445604255747018,1.0,1.0,0
0.0,1.0,0.0,0.0,0.3,0.46704522939764287,0.0,0.0,0.0,0.0,0.0,0.0,0.0,1.0,0.0,0.0,0.17032924421122017,0.4804853031791052,1.0,0.0,0
0.0,1.0,0.0,0.0,0.3,0.5359385330395656,0.0,0.0,0.0,0.0,0.0,0.0,0.0,0.0,0.0,0.0,0.11957971084093887,0.16026999084183263,1.0,1.0,1
0.0,1.0,0.0,0.0,0.0,0.5196755728131742,0.0,0.0,0.0,0.0,0.0,0.0,0.0,0.0,0.0,0.0,0.17984317937890706,0.5412822173014148,1.0,1.0,1
0.0,1.0,0.0,0.0,0.0,0.16547368845635413,0.0,0.0,0.0,0.0,0.0,0.0,0.0,0.0,0.0,0.0,0.11945525682445793,0.5390676571303539,1.0,1.0,1
0.0,1.0,0.0,0.0,0.3,0.10450426619163684,0.0,0.0,0.0,0.0,0.0,0.0,0.0,0.0,0.0,0.0,0.2586986482766784,0.07169918487588066,1.0,0.0,1
0.0,1.0,0.0,0.0,0.0,0.13861617267952053,0.0,0.0,0.0,0.0,0.0,0.0,0.0,0.0,0.0,0.0,0.5299847084115584,0.2212696409633546,1.0,0.0,1
0.0,1.0,0.0,0.0,0.6,0.15879883532445607,0.0,0.0,0.0,0.0,0.0,0.0,0.0,0.0,0.0,0.0,0.5691314595690704,0.1372138807022252,1.0,1.0,1
0.0,1.0,0.0,0.0,0.3,0.0562424280944512,1.0,0.0,0.0,0.0,0.0,1.0,1.0,0.0,0.0,0.0,0.4605541016069091,0.3753134773856852,1.0,1.0,2
0.0,1.0,0.0,0.0,0.0,0.7814956851229415,0.0,0.0,0.0,0.0,0.0,0.0,0.0,1.0,0.0,0.0,0.28108635170868185,0.33569278113614176,1.0,0.0,0
0.0,1.0,0.0,0.0,0.0,0.13030109369244147,0.0,0.0,0.0,0.0,0.0,0.0,0.0,0.0,0.0,0.0,0.3062268714648701,0.47789459901910347,1.0,1.0,1
0.0,1.0,0.0,0.0,0.0,0.014546907161601404,1.0,0.0,0.0,0.0,0.0,0.0,1.0,0.0,0.0,1.0,0.12798512757933833,0.6443856035472889,1.0,1.0,2
1.0,1.0,0.0,0.0,0.0,0.6226278141040726,0.0,0.0,0.0,0.0,0.0,0.0,0.0,1.0,0.0,0.0,0.257489956061628,0.23361965828179787,1.0,0.0,0
1.0,1.0,0.0,0.0,0.0,0.5030137391710577,0.0,0.0,0.0,0.0,0.0,0.0,0.0,1.0,0.0,0.0,0.3599640927145063,0.12992480538813628,1.0,1.0,0
0.0,1.0,0.0,0.0,0.2,0.3918345599826172,0.0,0.0,0.0,0.0,0.0,0.0,0.0,0.0,0.0,0.0,0.34767250324008864,0.5165579540201879,1.0,1.0,1
1.0,1.0,0.0,0.0,0.3,0.8479192227851756,0.0,0.0,0.0,0.0,0.0,0.0,0.0,1.0,0.0,0.0,0.4195027603474053,0.41919188238353294,1.0,1.0,0
0.0,1.0,0.0,0.0,0.3,0.022309761684992255,0.0,1.0,0.0,0.0,0.0,0.0,1.0,0.0,0.0,0.0,0.30300855965747775,0.24264328667867888,1.0,1.0,2
0.0,1.0,0.0,0.0,0.3,0.446506415482803,0.0,0.0,0.0,0.0,0.0,0.0,0.0,0.0,0.0,0.0,0.021721625428959158,0.2447498813937971,1.0,0.0,1
0.0,1.0,0.0,0.0,0.2,0.24831810750788086,0.0,0.0,0.0,0.0,0.0,0.0,0.0,0.0,0.0,0.0,0.3617799310191418,0.4721645443010062,1.0,0.0,1
0.0,1.0,0.0,0.0,0.3,0.21589577598406962,1.0,1.0,0.0,0.0,0.0,0.0,1.0,0.0,0.0,0.0,0.43067142121126756,0.28164041613547575,1.0,0.0,2
0.0,1.0,0.0,0.0,0.0,0.019796282346257178,1.0,0.0,0.0,0.0,0.0,0.0,1.0,0.0,0.0,0.0,0.4002455038781032,0.19847733699647177,1.0,0.0,2
0.0,1.0,0.0,0.0,0.0,0.06831283313330577,0.0,0.0,0.0,0.0,0.0,0.0,1.0,0.0,0.0,0.0,0.448466774033723,0.6078121921855236,1.0,1.0,2
0.0,1.0,0.0,0.0,0.3,0.9453912935558381,0.0,0.0,0.0,0.0,0.0,0.0,0.0,1.0,0.0,0.0,0.20613932349924866,0.3616964463635206,1.0,0.0,0
0.0,1.0,0.0,0.0,0.3,0.6950490224797194,0.0,0.0,0.0,0.0,0.0,0.0,0.0,1.0,0.0,0.0,0.232462146242232,0.26137689782955686,1.0,0.0,0
0.0,1.0,0.0,0.0,0.6,0.22647494340018937,0.0,0.0,0.0,0.0,0.0,0.0,0.0,0.0,0.0,0.0,0.2420705089940215,0.4248424621122369,1.0,1.0,1
1.0,1.0,0.0,0.0,0.1,0.8591956491054178,0.0,0.0,0.0,0.0,0.0,0.0,0.0,1.0,0.0,0.0,0.2766316552554133,0.42184038498303567,1.0,0.0,0
0.0,1.0,0.0,0.0,0.3,0.06004494092262488,0.0,0.0,0.0,0.0,0.0,1.0,1.0,0.0,0.0,0.0,0.23466875244639462,0.48422532171370813,1.0,0.0,2
1.0,1.0,0.0,0.0,0.6,0.8239386316563969,0.0,0.0,0.0,0.0,0.0,0.0,0.0,1.0,0.0,0.0,0.06345273598028177,0.3676336482270698,1.0,0.0,0
0.0,1.0,0.0,0.0,0.3,0.06793669755327804,0.0,0.0,0.0,0.0,0.0,0.0,1.0,0.0,0.0,1.0,0.15735002005870144,0.5822166776301602,1.0,1.0,2
0.0,1.0,0.0,0.0,0.3,0.13407314732101053,0.0,0.0,0.0,0.0,0.0,0.0,0.0,0.0,0.0,0.0,0.17213081181715598,0.2597101424274078,1.0,1.0,1
0.0,1.0,0.0,0.0,0.0,0.10403104562330091,0.0,0.0,0.0,0.0,0.0,0.0,1.0,0.0,0.0,1.0,0.31098925775795433,0.29322566885424806,1.0,0.0,2
0.0,1.0,0.0,0.0,0.0,0.363787925702087,0.0,0.0,0.0,0.0,0.0,0.0,0.0,0.0,0.0,0.0,0.09967403562038822,0.36797694955859206,1.0,1.0,1
1.0,1.0,0.0,0.0,0.0,0.7201813011445777,0.0,0.0,0.0,0.0,0.0,0.0,0.0,1.0,0.0,0.0,0.13306721963614876,0.5258246768529765,1.0,1.0,0
0.0,1.0,0.0,0.0,0.0,0.8889823611074181,0.0,0.0,0.0,0.0,0.0,0.0,0.0,1.0,0.0,0.0,0.2804962547541122,0.4881612147697879,1.0,1.0,0
1.0,1.0,0.0,0.0,0.3,0.8021998475284327,0.0,0.0,0.0,0.0,0.0,0.0,0.0,1.0,0.0,0.0,0.4669229011582526,0.5257559858851041,1.0,0.0,0
0.0,1.0,0.0,0.0,0.6,0.4293493140373998,0.0,0.0,0.0,0.0,0.0,0.0,0.0,0.0,0.0,0.0,0.46039133721500775,0.6961442325947963,1.0,0.0,1
0.0,1.0,0.0,0.0,0.1,0.7792977691372713,0.0,0.0,0.0,0.0,0.0,0.0,0.0,1.0,0.0,0.0,0.125795625693826,0.4316679242345525,1.0,0.0,0
0.0,1.0,0.0,0.0,0.3,0.13347956765625277,0.0,0.0,0.0,0.0,0.0,0.0,0.0,0.0,0.0,0.0,0.434065940499164,0.6437941883470392,1.0,0.0,1
0.0,1.0,0.0,0.0,0.2,0.1450492758575241,0.0,0.0,0.0,0.0,0.0,0.0,0.0,0.0,0.0,0.0,0.27892207034564825,0.2715340183997247,1.0,0.0,1
0.0,1.0,0.0,0.0,0.3,0.11936022846433017,0.0,0.0,0.0,0.0,0.0,0.0,0.0,0.0,0.0,0.0,0.12951938564824264,0.5478114261717246,1.0,0.0,1
0.0,1.0,0.0,0.0,0.3,0.07616871870290898,1.0,0.0,0.0,0.0,0.0,0.0,1.0,0.0,0.0,1.0,0.4971581449935271,0.19168761047815183,1.0,0.0,2
0.0,1.0,0.0,0.0,0.3,0.11018908955244873,0.0,0.0,0.0,0.0,0.0,0.0,0.0,0.0,0.0,0.0,0.370111626161841,0.6135791732638358,1.0,1.0,1
0.0,1.0,0.0,0.0,0.2,0.269584955458662,0.0,0.0,0.0,0.0,0.0,0.0,0.0,0.0,0.0,0.0,0.24470936914131475,0.6310505287576756,1.0,1.0,1
1.0,1.0,0.0,0.0,0.3,0.8308617541269785,0.0,0.0,0.0,0.0,0.0,0.0,0.0,1.0,0.0,0.0,0.55470949297322,0.6397140910198712,1.0,1.0,0
0.0,1.0,0.0,0.0,0.0,0.20846306562189104,0.0,0.0,0.0,0.0,0.0,0.0,1.0,0.0,0.0,1.0,0.04056584002004712,0.13198174846316046,1.0,0.0,2
0.0,1.0,0.0,0.0,0.6,0.0944086654206242,0.0,0.0,0.0,0.0,0.0,1.0,1.0,0.0,0.0,0.0,0.41576298255166133,0.2279592241804789,1.0,0.0,2
0.0,1.0,0.0,0.0,0.0,0.1884863384468341,1.0,0.0,0.0,0.0,0.0,0.0,1.0,0.0,0.0,1.0,0.11544509347424933,0.14768153265530398,1.0,0.0,2
0.0,1.0,0.0,0.0,0.0,0.07727759252086634,0.0,1.0,0.0,0.0,0.0,0.0,1.0,0.0,0.0,1.0,0.25490157060408986,0.7566821456880334,1.0,0.0,2
0.0,1.0,0.0,0.0,0.3,0.8124245100675356,0.0,0.0,0.0,0.0,0.0,0.0,0.0,1.0,0.0,0.0,0.06688425382075631,0.1697161205028924,1.0,0.0,0
0.0,1.0,0.0,0.0,0.3,0.5154258030981516,0.0,0.0,0.0,0.0,0.0,0.0,0.0,0.0,0.0,0.0,0.2862333337790532,0.5031838899956811,1.0,0.0,1
0.0,1.0,0.0,0.0,0.0,0.9521162662317408,0.0,0.0,0.0,0.0,0.0,0.0,0.0,1.0,0.0,0.0,0.25462834495399034,0.7701544914674564,1.0,1.0,0
0.0,1.0,0.0,0.0,0.6,0.7040351527971713,0.0,0.0,0.0,0.0,0.0,0.0,0.0,1.0,0.0,0.0,0.5042466433783624,0.5410423085468218,1.0,1.0,0
0.0,1.0,0.0,0.0,0.3,0.3484433373580911,0.0,0.0,0.0,0.0,0.0,0.0,0.0,0.0,0.0,0.0,0.13741768381611782,0.595045708411223,1.0,0.0,1
0.0,1.0,0.0,0.0,0.0,0.6234421115758606,0.0,0.0,0.0,0.0,0.0,0.0,0.0,1.0,0.0,0.0,0.4012274028223454,0.6039368804145218,1.0,0.0,0
0.0,1.0,0.0,0.0,0.0,0.23207462171998092,0.0,0.0,0.0,0.0,0.0,0.0,0.0,0.0,0.0,0.0,0.5037126211164117,0.3649662634134365,1.0,0.0,1
0.0,1.0,0.0,0.0,0.3,0.27666993399468015,0.0,0.0,0.0,0.0,0.0,1.0,1.0,0.0,0.0,0.0,0.27731994703977986,0.6746901853811914,1.0,0.0,2
0.0,1.0,0.0,0.0,0.0,0.0812111730225624,0.0,0.0,0.0,0.0,0.0,1.0,1.0,0.0,0.0,1.0,0.19684596147684197,0.4556487598060552,1.0,0.0,2
0.0,1.0,0.0,0.0,0.3,0.2383763302098214,0.0,0.0,0.0,0.0,0.0,0.0,0.0,0.0,0.0,0.0,0.39326256333267967,0.49715394476070474,1.0,0.0,1
0.0,1.0,0.0,0.0,0.0,0.06989924212308062,0.0,0.0,0.0,0.0,0.0,1.0,1.0,0.0,0.0,0.0,0.31501282976712947,0.24894475237646388,1.0,1.0,2
0.0,1.0,0.0,0.0,0.3,0.2620757044587374,0.0,0.0,0.0,0.0,0.0,1.0,1.0,0.0,0.0,0.0,0.19595690743526453,0.6837763411104782,1.0,1.0,2
0.0,1.0,0.0,0.0,0.3,0.8350060324035256,0.0,0.0,0.0,0.0,0.0,0.0,0.0,1.0,0.0,0.0,0.3504843341327351,0.43466455325048875,1.0,0.0,0
0.0,1.0,0.0,0.0,0.3,0.35407219802203543,0.0,0.0,0.0,0.0,0.0,0.0,0.0,0.0,0.0,0.0,0.29558964474757077,0.11462783014420673,1.0,0.0,1
0.0,1.0,0.0,0.0,0.3,0.48984831794371275,0.0,0.0,0.0,0.0,0.0,0.0,0.0,1.0,0.0,0.0,0.36683948196278354,0.3373245337424191,1.0,0.0,0
0.0,1.0,0.0,0.0,0.3,0.814752224842727,0.0,0.0,0.0,0.0,0.0,0.0,0.0,1.0,0.0,0.0,0.40785050743072987,0.1509832090170715,1.0,1.0,0
1.0,1.0,0.0,0.0,0.3,0.8356263272569173,0.0,0.0,0.0,0.0,0.0,0.0,0.0,1.0,0.0,0.0,0.17220331149677662,0.37519917036465356,1.0,0.0,0
0.0,1.0,0.0,0.0,0.0,0.35520387483197086,1.0,0.0,0.0,0.0,0.0,1.0,1.0,0.0,0.0,0.0,0.09326613446808345,0.570887690989585,1.0,0.0,2
0.0,1.0,0.0,0.0,0.0,0.062072234049922036,0.0,0.0,0.0,0.0,0.0,1.0,1.0,0.0,0.0,0.0,0.3587672134220328,0.5141949798296837,1.0,1.0,2
0.0,1.0,0.0,0.0,0.0,0.6427256893005866,0.0,0.0,0.0,0.0,0.0,0.0,0.0,1.0,0.0,0.0,0.23519538921715458,0.6494695427984697,1.0,0.0,0
0.0,1.0,0.0,0.0,0.0,0.5386479461252314,0.0,0.0,0.0,0.0,0.0,0.0,0.0,1.0,0.0,0.0,0.11996257141664621,0.34151387166167974,1.0,1.0,0
0.0,1.0,0.0,0.0,0.3,0.31511047581485296,0.0,0.0,0.0,0.0,0.0,0.0,0.0,0.0,0.0,0.0,0.5993158140212264,0.569903367321745,1.0,0.0,1
0.0,1.0,0.0,0.0,0.6,0.477604185230163,0.0,0.0,0.0,0.0,0.0,0.0,0.0,0.0,0.0,0.0,0.25064525307860824,0.19382397360938944,1.0,1.0,1
0.0,1.0,0.0,0.0,0.3,0.07679043533921705,0.0,0.0,0.0,0.0,0.0,0.0,1.0,0.0,0.0,1.0,0.47083874150613664,0.5778175713616136,1.0,1.0,2
0.0,1.0,0.0,0.0,0.3,0.2023274013530165,0.0,0.0,0.0,0.0,0.0,0.0,0.0,0.0,0.0,0.0,0.06966455960026144,0.3947194620905497,1.0,0.0,1
0.0,1.0,0.0,0.0,0.3,0.15564756904956767,0.0,0.0,0.0,0.0,0.0,0.0,0.0,0.0,0.0,0.0,0.3388118211972245,0.08520917571535462,1.0,1.0,1
0.0,1.0,0.0,0.0,0.3,0.2803973600194635,0.0,0.0,0.0,0.0,0.0,0.0,1.0,0.0,0.0,0.0,0.6730319537280962,0.5467144685268024,1.0,0.0,2
0.0,1.0,0.0,0.0,0.3,0.05085382585533002,1.0,1.0,0.0,0.0,0.0,1.0,1.0,0.0,0.0,0.0,0.3250066573634875,0.16736385055944727,1.0,0.0,2
0.0,1.0,0.0,0.0,0.0,0.665575272424918,0.0,0.0,0.0,0.0,0.0,0.0,0.0,1.0,0.0,0.0,0.21399738572136448,0.23043221484479884,1.0,0.0,0
1.0,1.0,0.0,0.0,0.3,0.932785999303947,0.0,0.0,0.0,0.0,0.0,0.0,0.0,1.0,0.0,0.0,0.6557174976588853,0.6480938679458482,1.0,0.0,0
0.0,1.0,0.0,0.0,0.6,0.0806726581968804,0.0,0.0,0.0,0.0,0.0,0.0,1.0,0.0,0.0,0.0,0.26726031275203843,0.48759372685312513,1.0,1.0,2
0.0,1.0,0.0,0.0,0.3,0.35222286548370213,0.0,0.0,0.0,0.0,0.0,0.0,0.0,0.0,0.0,0.0,0.3525746889925248,0.609422780185157,1.0,1.0,1
1.0,1.0,0.0,0.0,0.0,0.6511707878628337,0.0,0.0,0.0,0.0,0.0,0.0,0.0,1.0,0.0,0.0,0.1684112302784022,0.39771504380810163,1.0,1.0,0
0.0,1.0,0.0,0.0,0.0,0.11039094415855813,1.0,0.0,0.0,0.0,0.0,1.0,1.0,0.0,0.0,1.0,0.09345316257361569,0.5826755504291607,1.0,1.0,2
0.0,1.0,0.0,0.0,0.6,0.2887351326659826,0.0,0.0,0.0,0.0,0.0,0.0,0.0,0.0,0.0,0.0,0.24152798778238796,0.49035570077096635,1.0,1.0,1
0.0,1.0,0.0,0.0,0.6,0.022330873925283507,0.0,0.0,0.0,0.0,0.0,1.0,1.0,0.0,0.0,0.0,0.276773080632872,0.4061164434786563,1.0,0.0,2
0.0,1.0,0.0,0.0,0.6,0.2885283573303511,0.0,0.0,0.0,0.0,0.0,0.0,0.0,0.0,0.0,0.0,0.14430515654140375,0.6333935795775995,1.0,0.0,1
0.0,1.0,0.0,0.0,0.3,0.38155514757488307,0.0,0.0,0.0,0.0,0.0,0.0,0.0,0.0,0.0,0.0,0.39952224994862623,0.45028792644151133,1.0,0.0,1
0.0,1.0,0.0,0.0,0.6,0.3425795256225374,0.0,0.0,0.0,0.0,0.0,0.0,0.0,0.0,0.0,0.0,0.2761376971174847,0.34528655867915803,1.0,1.0,1
0.0,1.0,0.0,0.0,0.0,0.7734801089267739,0.0,0.0,0.0,0.0,0.0,0.0,0.0,1.0,0.0,0.0,0.11450513356124199,0.29637776887788164,1.0,1.0,0
0.0,1.0,0.0,0.0,0.3,0.5408187122998167,0.0,0.0,0.0,0.0,0.0,0.0,0.0,0.0,0.0,0.0,0.5234896540536123,0.5187584310523545,1.0,0.0,1
0.0,1.0,0.0,0.0,0.6,0.10336372414261558,0.0,0.0,0.0,0.0,0.0,0.0,0.0,0.0,0.0,0.0,0.03972111969528973,0.5309747266042967,1.0,0.0,1
0.0,1.0,0.0,0.0,0.6,0.2496454619479789,0.0,0.0,0.0,0.0,0.0,0.0,0.0,0.0,0.0,0.0,0.12551493875327238,0.6549181959621457,1.0,1.0,1
0.0,1.0,0.0,0.0,0.3,0.7793020081462468,0.0,0.0,0.0,0.0,0.0,0.0,0.0,1.0,0.0,0.0,0.32101608570634965,0.23318132488623305,1.0,0.0,0
0.0,1.0,0.0,0.0,0.3,0.05072188658627047,0.0,0.0,0.0,0.0,0.0,0.0,0.0,0.0,0.0,0.0,0.2613619731587907,0.4648640341274411,1.0,0.0,1
0.0,1.0,0.0,0.0,0.3,0.046640598204720406,0.0,0.0,0.0,0.0,0.0,0.0,1.0,0.0,0.0,0.0,0.23902778926564439,0.4749135647160763,1.0,1.0,2
0.0,1.0,0.0,0.0,0.0,0.42826108884886016,0.0,0.0,0.0,0.0,0.0,0.0,0.0,1.0,0.0,0.0,0.29334535410679774,0.4618429984079729,1.0,1.0,0
1.0,1.0,0.0,0.0,0.0,0.8417941185625721,0.0,0.0,0.0,0.0,0.0,0.0,0.0,1.0,0.0,0.0,0.2989303286352195,0.6846812683288414,1.0,1.0,0
1.0,1.0,0.0,0.0,0.0,0.8218748249695866,0.0,0.0,0.0,0.0,0.0,0.0,0.0,1.0,0.0,0.0,0.1893644125814366,0.3692706225118541,1.0,0.0,0
0.0,1.0,0.0,0.0,0.0,0.17180938380182803,0.0,0.0,0.0,0.0,0.0,0.0,0.0,0.0,0.0,0.0,0.060887244490846454,0.5767354651514663,1.0,1.0,1
0.0,1.0,0.0,0.0,0.3,0.5180670156471359,0.0,0.0,0.0,0.0,0.0,0.0,0.0,0.0,0.0,0.0,0.15413271274443277,0.32273366388193603,1.0,0.0,1
0.0,1.0,0.0,0.0,0.3,0.009089968704847963,0.0,1.0,0.0,0.0,0.0,1.0,1.0,0.0,0.0,1.0,0.14503077514420243,0.4123886627591152,1.0,1.0,2
1.0,1.0,0.0,0.0,0.0,0.7218572881491805,0.0,0.0,0.0,0.0,0.0,0.0,0.0,1.0,0.0,0.0,0.08020057467240489,0.49207599606339225,1.0,0.0,0
1.0,1.0,0.0,0.0,0.6,0.9160149741658037,0.0,0.0,0.0,0.0,0.0,0.0,0.0,1.0,0.0,0.0,0.09889383128990341,0.3629831274587872,1.0,0.0,0
0.0,1.0,0.0,0.0,0.0,0.30088034131121477,0.0,0.0,0.0,0.0,0.0,0.0,1.0,0.0,0.0,0.0,0.6010513447777733,0.4577348064771638,1.0,1.0,2
0.0,1.0,0.0,0.0,0.0,0.4406562951300015,0.0,0.0,0.0,0.0,0.0,0.0,0.0,0.0,0.0,0.0,0.35307733691289533,0.31899201948641936,1.0,1.0,1
0.0,1.0,0.0,0.0,0.2,0.3567275028244329,0.0,0.0,0.0,0.0,0.0,0.0,0.0,0.0,0.0,0.0,0.14632469926835784,0.4801267720365153,1.0,1.0,1
0.0,1.0,0.0,0.0,0.3,0.9313519427927393,0.0,0.0,0.0,0.0,0.0,0.0,0.0,1.0,0.0,0.0,0.35446232515914416,0.1029851739408076,1.0,1.0,0
0.0,1.0,0.0,0.0,0.3,0.7515374860940193,0.0,0.0,0.0,0.0,0.0,0.0,0.0,1.0,0.0,0.0,0.5100439330331836,0.2766078224510432,1.0,1.0,0
0.0,1.0,0.0,0.0,0.3,0.07867845597373412,0.0,0.0,0.0,0.0,0.0,1.0,1.0,0.0,0.0,1.0,0.3573805240291132,0.47763712798107877,1.0,1.0,2
0.0,1.0,0.0,0.0,0.3,0.8784049685816878,0.0,0.0,0.0,0.0,0.0,0.0,0.0,1.0,0.0,0.0,0.4328354636211304,0.3086533848281677,1.0,1.0,0
0.0,1.0,0.0,0.0,0.6,0.2223616708032627,0.0,0.0,0.0,0.0,0.0,0.0,0.0,0.0,0.0,0.0,0.3690963935385443,0.7404249174437043,1.0,1.0,1
0.0,1.0,0.0,0.0,0.3,0.12684181796148555,0.0,0.0,0.0,0.0,0.0,0.0,1.0,0.0,0.0,0.0,0.5719200269694749,0.5158828354077303,1.0,0.0,2
1.0,1.0,0.0,0.0,0.6,0.8779202119208672,0.0,0.0,0.0,0.0,0.0,0.0,0.0,1.0,0.0,0.0,0.37661890250094904,0.4407303628852986,1.0,1.0,0
0.0,1.0,0.0,0.0,0.3,0.10889816767246745,0.0,0.0,0.0,0.0,0.0,1.0,1.0,0.0,0.0,0.0,0.4143042625219437,0.2554962731479936,1.0,1.0,2
0.0,1.0,0.0,0.0,0.0,0.591243209242479,0.0,0.0,0.0,0.0,0.0,0.0,0.0,1.0,0.0,0.0,0.5649826903433228,0.2912409629701587,1.0,1.0,0
0.0,1.0,0.0,0.0,0.3,0.4322546237867218,0.0,0.0,0.0,0.0,0.0,0.0,0.0,0.0,0.0,0.0,0.15435250925176577,0.48729640373717015,1.0,1.0,1
0.0,1.0,0.0,0.0,0.3,0.3945318117892981,0.0,0.0,0.0,0.0,0.0,0.0,0.0,0.0,0.0,0.0,0.1286690778176877,0.6286461197503014,1.0,0.0,1
0.0,1.0,0.0,0.0,0.0,0.5457122307364884,0.0,0.0,0.0,0.0,0.0,0.0,0.0,0.0,0.0,0.0,0.3330230668873302,0.5978728645127417,1.0,0.0,1
0.0,1.0,0.0,0.0,0.3,0.08344896632698359,0.0,0.0,0.0,0.0,0.0,0.0,1.0,0.0,0.0,1.0,0.221017643316734,0.6305603641763137,1.0,0.0,2
0.0,1.0,0.0,0.0,0.2,0.3294375633602582,0.0,0.0,0.0,0.0,0.0,0.0,0.0,0.0,0.0,0.0,0.4320871962784987,0.4092325901918222,1.0,1.0,1
0.0,1.0,0.0,0.0,0.3,0.12433403438898308,0.0,0.0,0.0,0.0,0.0,0.0,1.0,0.0,0.0,0.0,0.06930353357098493,0.22896293918091085,1.0,0.0,2
0.0,1.0,0.0,0.0,0.3,0.14378608377002822,0.0,0.0,0.0,0.0,0.0,1.0,1.0,0.0,0.0,1.0,0.2826233331881068,0.4967568257381477,1.0,0.0,2
1.0,1.0,0.0,0.0,0.1,0.8703668769510374,0.0,0.0,0.0,0.0,0.0,0.0,0.0,1.0,0.0,0.0,0.05784927502800081,0.3848322357446234,1.0,0.0,0
0.0,1.0,0.0,0.0,0.0,0.2842097986148717,0.0,0.0,0.0,0.0,0.0,0.0,0.0,0.0,0.0,0.0,0.04226212061589791,0.6660348858400675,1.0,0.0,1
0.0,1.0,0.0,0.0,0.3,0.0999756644802686,0.0,0.0,0.0,0.0,0.0,0.0,0.0,0.0,0.0,0.0,0.3018846254088612,0.5350246152141447,1.0,0.0,1
0.0,1.0,0.0,0.0,0.0,0.008866737375204275,0.0,0.0,0.0,0.0,0.0,0.0,1.0,0.0,0.0,1.0,0.4860058939354629,0.46201209371162955,1.0,1.0,2
0.0,1.0,0.0,0.0,0.0,0.17587244849184352,0.0,0.0,0.0,0.0,0.0,1.0,1.0,0.0,0.0,0.0,0.2459997645060009,0.5800851670883699,1.0,1.0,2
1.0,1.0,0.0,0.0,0.6,0.9381791453879216,0.0,0.0,0.0,0.0,0.0,0.0,0.0,1.0,0.0,0.0,0.5269797020361693,0.3780838573342979,1.0,0.0,0
0.0,1.0,0.0,0.0,0.2,0.7827385225542116,0.0,0.0,0.0,0.0,0.0,0.0,0.0,1.0,0.0,0.0,0.6910959917258684,0.4548731842072171,1.0,0.0,0
0.0,1.0,0.0,0.0,0.0,0.09471673398425337,0.0,0.0,0.0,0.0,0.0,1.0,1.0,0.0,0.0,0.0,0.5479329887767058,0.5371110197035165,1.0,0.0,2
0.0,1.0,0.0,0.0,0.3,0.21001981535513697,0.0,0.0,0.0,0.0,0.0,0.0,0.0,0.0,0.0,0.0,0.2154111757907339,0.13272641729296436,1.0,1.0,1
1.0,1.0,0.0,0.0,0.3,0.6979411561851068,0.0,0.0,0.0,0.0,0.0,0.0,0.0,1.0,0.0,0.0,0.07962392089098567,0.37579289702572194,1.0,1.0,0
1.0,1.0,0.0,0.0,0.3,0.6221345040245962,0.0,0.0,0.0,0.0,0.0,0.0,0.0,1.0,0.0,0.0,0.1787036075584945,0.5794717354245295,1.0,0.0,0
0.0,1.0,0.0,0.0,0.6,0.18563978868321887,0.0,0.0,0.0,0.0,0.0,0.0,1.0,0.0,0.0,0.0,0.3081916399583434,0.15654572841137387,1.0,0.0,2
0.0,1.0,0.0,0.0,0.0,0.14992874477332152,0.0,0.0,0.0,0.0,0.0,0.0,0.0,0.0,0.0,0.0,0.531543056688923,0.33960161112126663,1.0,0.0,1
0.0,1.0,0.0,0.0,0.2,0.3676737666167292,0.0,0.0,0.0,0.0,0.0,0.0,0.0,0.0,0.0,0.0,0.07541383162814139,0.5547734261725612,1.0,1.0,1
0.0,1.0,0.0,0.0,0.3,0.7601725327373664,0.0,0.0,0.0,0.0,0.0,0.0,0.0,1.0,0.0,0.0,0.29253953036311164,0.5978749355487671,1.0,1.0,0
0.0,1.0,0.0,0.0,0.0,0.8503176104944377,0.0,0.0,0.0,0.0,0.0,0.0,0.0,1.0,0.0,0.0,0.14056818363106713,0.5814008063378711,1.0,1.0,0
0.0,1.0,0.0,0.0,0.3,0.6192411080716687,0.0,0.0,0.0,0.0,0.0,0.0,0.0,1.0,0.0,0.0,0.13395887237179435,0.24912923307767046,1.0,1.0,0
0.0,1.0,0.0,0.0,0.0,0.11869968037688061,0.0,0.0,0.0,0.0,0.0,0.0,0.0,0.0,0.0,0.0,0.3822513851340827,0.2015823921382077,1.0,0.0,1
0.0,1.0,0.0,0.0,0.0,0.2068399189114825,0.0,0.0,0.0,0.0,0.0,0.0,0.0,0.0,0.0,0.0,0.29445450946163115,0.2869888953969427,1.0,1.0,1
0.0,1.0,0.0,0.0,0.3,0.2963189299587312,0.0,0.0,0.0,0.0,0.0,0.0,0.0,0.0,0.0,0.0,0.5608392464612797,0.15818575074684482,1.0,0.0,1
0.0,1.0,0.0,0.0,0.6,0.3608364885089691,0.0,0.0,0.0,0.0,0.0,0.0,0.0,1.0,0.0,0.0,0.4186871309316842,0.4993526775863395,1.0,1.0,0
0.0,1.0,0.0,0.0,0.0,0.04195733685402798,0.0,1.0,0.0,0.0,0.0,0.0,1.0,0.0,0.0,1.0,0.10358504051602042,0.37212185314526347,1.0,0.0,2
0.0,1.0,0.0,0.0,0.3,0.3109285348171041,0.0,0.0,0.0,0.0,0.0,0.0,0.0,0.0,0.0,0.0,0.35789341794734403,0.3176470619326209,1.0,0.0,1
0.0,1.0,0.0,0.0,0.3,0.17630086240663576,0.0,0.0,0.0,0.0,0.0,0.0,0.0,0.0,0.0,0.0,0.2615199405022611,0.29410783020534614,1.0,1.0,1
0.0,1.0,0.0,0.0,0.0,0.008305189754454724,1.0,0.0,0.0,0.0,0.0,1.0,1.0,0.0,0.0,0.0,0.20591437037659838,0.4412014922925696,1.0,1.0,2
0.0,1.0,0.0,0.0,0.6,0.27321269446053303,0.0,0.0,0.0,0.0,0.0,0.0,0.0,0.0,0.0,0.0,0.261135967680825,0.4810760907512531,1.0,1.0,1
0.0,1.0,0.0,0.0,0.3,0.16420957195226024,0.0,0.0,0.0,0.0,0.0,0.0,1.0,0.0,0.0,0.0,0.11873587055608775,0.6714972832803809,1.0,0.0,2
0.0,1.0,0.0,0.0,0.3,0.21132288037520194,0.0,0.0,0.0,0.0,0.0,0.0,0.0,0.0,0.0,0.0,0.31470855148367854,0.7526382135247419,1.0,1.0,1
0.0,1.0,0.0,0.0,0.2,0.8496860799830831,0.0,0.0,0.0,0.0,0.0,0.0,0.0,1.0,0.0,0.0,0.3809440775191901,0.259955762436983,1.0,0.0,0
0.0,1.0,0.0,0.0,0.6,0.1738993621076106,0.0,0.0,0.0,0.0,0.0,1.0,1.0,0.0,0.0,1.0,0.13712750259746304,0.37103239689690115,1.0,0.0,2
0.0,1.0,0.0,0.0,0.3,0.5372178683285522,0.0,0.0,0.0,0.0,0.0,0.0,0.0,1.0,0.0,0.0,0.18147091121263664,0.4533255374441956,1.0,0.0,0
0.0,1.0,0.0,0.0,0.3,0.18908604211608399,0.0,0.0,0.0,0.0,0.0,0.0,0.0,0.0,0.0,0.0,0.2782767789619877,0.46826580216757285,1.0,1.0,1
0.0,1.0,0.0,0.0,0.3,0.2510181783779094,0.0,0.0,0.0,0.0,0.0,0.0,0.0,0.0,0.0,0.0,0.6412027300239537,0.3930407019874773,1.0,0.0,1
0.0,1.0,0.0,0.0,0.3,0.28961638607099854,0.0,0.0,0.0,0.0,0.0,0.0,0.0,0.0,0.0,0.0,0.4398379846045637,0.7233055857567833,1.0,0.0,1
0.0,1.0,0.0,0.0,0.0,0.5743483940722937,0.0,0.0,0.0,0.0,0.0,0.0,0.0,1.0,0.0,0.0,0.09432841831892791,0.2499851325772278,1.0,0.0,0
0.0,1.0,0.0,0.0,0.0,0.88968818977598,0.0,0.0,0.0,0.0,0.0,0.0,0.0,1.0,0.0,0.0,0.1531103682355933,0.20134457818982562,1.0,1.0,0
0.0,1.0,0.0,0.0,0.6,0.6197401752600479,0.0,0.0,0.0,0.0,0.0,0.0,0.0,1.0,0.0,0.0,0.2605644185288302,0.41715672301238693,1.0,1.0,0
0.0,1.0,0.0,0.0,0.0,0.4549399808865881,0.0,0.0,0.0,0.0,0.0,0.0,0.0,0.0,0.0,0.0,0.5563438158139703,0.6340481469378093,1.0,0.0,1
0.0,1.0,0.0,0.0,0.3,0.14496989029866367,0.0,0.0,0.0,0.0,0.0,0.0,0.0,0.0,0.0,0.0,0.42509572013091546,0.17732461874891564,1.0,1.0,1
0.0,1.0,0.0,0.0,0.6,0.7034609755865584,0.0,0.0,0.0,0.0,0.0,0.0,0.0,1.0,0.0,0.0,0.5765004408614128,0.43968512806796234,1.0,1.0,0
0.0,1.0,0.0,0.0,0.2,0.7142448234942145,0.0,0.0,0.0,0.0,0.0,0.0,0.0,1.0,0.0,0.0,0.6998799762127422,0.7197761940236014,1.0,1.0,0
0.0,1.0,0.0,0.0,0.0,0.13367692275479928,0.0,0.0,0.0,0.0,0.0,0.0,1.0,0.0,0.0,0.0,0.29480744133842973,0.37929090674936927,1.0,1.0,2
0.0,1.0,0.0,0.0,0.0,0.20829935904707778,0.0,0.0,0.0,0.0,0.0,0.0,0.0,0.0,0.0,0.0,0.1687304580725618,0.4233715775972469,1.0,0.0,1
0.0,1.0,0.0,0.0,0.3,0.19318177589663266,0.0,0.0,0.0,0.0,0.0,0.0,1.0,0.0,0.0,1.0,0.5741095108297896,0.49630491338449495,1.0,1.0,2
0.0,1.0,0.0,0.0,0.0,0.09780260953319149,0.0,0.0,0.0,0.0,0.0,0.0,0.0,0.0,0.0,0.0,0.11451846689483659,0.6227230737027629,1.0,1.0,1
0.0,1.0,0.0,0.0,0.3,0.32887100971354377,0.0,0.0,0.0,0.0,0.0,0.0,0.0,0.0,0.0,0.0,0.3375177154124379,0.2647559767558873,1.0,0.0,1
0.0,1.0,0.0,0.0,0.0,0.6972283166992175,0.0,0.0,0.0,0.0,0.0,0.0,0.0,1.0,0.0,0.0,0.13690056953213317,0.2532374837772398,1.0,1.0,0
0.0,1.0,0.0,0.0,0.3,0.2513135511673227,0.0,0.0,0.0,0.0,0.0,0.0,0.0,0.0,0.0,0.0,0.14088772080099723,0.539938016448844,1.0,1.0,1
0.0,1.0,0.0,0.0,0.0,0.007862737661945582,1.0,0.0,0.0,0.0,0.0,0.0,1.0,0.0,0.0,1.0,0.07663918323715867,0.8230162924039699,1.0,0.0,2
0.0,1.0,0.0,0.0,0.6,0.1298804816765523,0.0,0.0,0.0,0.0,0.0,0.0,0.0,0.0,0.0,0.0,0.334759413933058,0.37484606997613984,1.0,1.0,1
0.0,1.0,0.0,0.0,0.3,0.09221301138976215,1.0,0.0,0.0,0.0,0.0,1.0,1.0,0.0,0.0,0.0,0.58123838339152,0.39306577030727813,1.0,0.0,2
1.0,1.0,0.0,0.0,0.0,0.8219021499604469,0.0,0.0,0.0,0.0,0.0,0.0,0.0,1.0,0.0,0.0,0.17913289021748993,0.6290174120377258,1.0,1.0,0
0.0,1.0,0.0,0.0,0.6,0.8742857011765146,0.0,0.0,0.0,0.0,0.0,0.0,0.0,1.0,0.0,0.0,0.48539312850961325,0.05092763401760908,1.0,1.0,0
0.0,1.0,0.0,0.0,0.0,0.3784872310441648,0.0,0.0,0.0,0.0,0.0,0.0,0.0,0.0,0.0,0.0,0.1484925126103081,0.5740061656894269,1.0,0.0,1
1.0,1.0,0.0,0.0,0.3,0.9231897006379776,0.0,0.0,0.0,0.0,0.0,0.0,0.0,1.0,0.0,0.0,0.21176970355910782,0.4815895136146119,1.0,0.0,0
0.0,1.0,0.0,0.0,0.0,0.6880997508054781,0.0,0.0,0.0,0.0,0.0,0.0,0.0,1.0,0.0,0.0,0.40716543160840873,0.19247865027846275,1.0,0.0,0
0.0,1.0,0.0,0.0,0.0,0.25058155863644077,0.0,0.0,0.0,0.0,0.0,0.0,1.0,0.0,0.0,0.0,0.2504082544688736,0.5521815076328462,1.0,0.0,2
0.0,1.0,0.0,0.0,0.6,0.9213157864289371,0.0,0.0,0.0,0.0,0.0,0.0,0.0,1.0,0.0,0.0,0.17535750954850218,0.5180321112209172,1.0,1.0,0
0.0,1.0,0.0,0.0,0.3,0.04494342015075871,0.0,0.0,0.0,0.0,0.0,0.0,0.0,0.0,0.0,0.0,0.37887861560902075,0.3863218192296719,1.0,0.0,1
1.0,1.0,0.0,0.0,0.0,0.9255425924924571,0.0,0.0,0.0,0.0,0.0,0.0,0.0,1.0,0.0,0.0,0.26065557267541684,0.646111408534851,1.0,1.0,0
0.0,1.0,0.0,0.0,0.0,0.2941038367270458,0.0,0.0,0.0,0.0,0.0,0.0,0.0,1.0,0.0,0.0,0.10847422392512819,0.6582737920373786,1.0,0.0,0
0.0,1.0,0.0,0.0,0.0,0.30353703704671503,0.0,0.0,0.0,0.0,0.0,0.0,0.0,0.0,0.0,0.0,0.1066397771649576,0.59942151722305,1.0,1.0,1
1.0,1.0,0.0,0.0,0.0,0.6872740354530618,0.0,0.0,0.0,0.0,0.0,0.0,0.0,1.0,0.0,0.0,0.539912569672036,0.5192948733381196,1.0,0.0,0
0.0,1.0,0.0,0.0,0.3,0.1855489717389573,0.0,0.0,0.0,0.0,0.0,0.0,0.0,0.0,0.0,0.0,0.22653305225528098,0.6515285495677692,1.0,0.0,1
0.0,1.0,0.0,0.0,0.0,0.8969989292516143,0.0,0.0,0.0,0.0,0.0,0.0,0.0,1.0,0.0,0.0,0.20043085858666154,0.40744522363889907,1.0,0.0,0
0.0,1.0,0.0,0.0,0.3,0.08111577505548735,0.0,0.0,0.0,0.0,0.0,0.0,1.0,0.0,0.0,0.0,0.12373395616105327,0.25223517989490124,1.0,0.0,2
0.0,1.0,0.0,0.0,0.3,0.08296846954550632,0.0,0.0,0.0,0.0,0.0,0.0,0.0,0.0,0.0,0.0,0.10981278279439831,0.5200477534473101,1.0,0.0,1
0.0,1.0,0.0,0.0,0.6,0.8991647733874354,0.0,0.0,0.0,0.0,0.0,0.0,0.0,1.0,0.0,0.0,0.09085265114229242,0.47466765937615657,1.0,0.0,0
0.0,1.0,0.0,0.0,0.3,0.10512897414217219,0.0,0.0,0.0,0.0,0.0,0.0,1.0,0.0,0.0,0.0,0.7539908670509575,0.2803206381599985,1.0,0.0,2
0.0,1.0,0.0,0.0,0.3,0.8718765056146642,0.0,0.0,0.0,0.0,0.0,0.0,0.0,1.0,0.0,0.0,0.33968769489392414,0.40560290212475786,1.0,1.0,0
1.0,1.0,0.0,0.0,0.6,0.7554418098655349,0.0,0.0,0.0,0.0,0.0,0.0,0.0,1.0,0.0,0.0,0.3190247429011618,0.7301800682617734,1.0,1.0,0
1.0,1.0,0.0,0.0,0.3,0.7281406131110277,0.0,0.0,0.0,0.0,0.0,0.0,0.0,1.0,0.0,0.0,0.031229132621860122,0.7582066755612071,1.0,0.0,0
0.0,1.0,0.0,0.0,0.3,0.22897103813371802,0.0,0.0,0.0,0.0,0.0,0.0,0.0,0.0,0.0,0.0,0.4140607571750424,0.5063450184730839,1.0,0.0,1
0.0,1.0,0.0,0.0,0.0,0.8014285052561698,0.0,0.0,0.0,0.0,0.0,0.0,0.0,1.0,0.0,0.0,0.05208304135176411,0.47253303409131686,1.0,1.0,0
0.0,1.0,0.0,0.0,0.3,0.09752717170349438,0.0,0.0,0.0,0.0,0.0,0.0,0.0,0.0,0.0,0.0,0.5058542245068125,0.7105184407875085,1.0,0.0,1
0.0,1.0,0.0,0.0,0.6,0.8992132399785165,0.0,0.0,0.0,0.0,0.0,0.0,0.0,1.0,0.0,0.0,0.6979389974375199,0.1293541828729152,1.0,1.0,0
0.0,1.0,0.0,0.0,0.0,0.5782922867216168,0.0,0.0,0.0,0.0,0.0,0.0,0.0,0.0,0.0,0.0,0.16187685492862822,0.7258695403065445,1.0,0.0,1
0.0,1.0,0.0,0.0,0.0,0.017287697883741602,0.0,1.0,0.0,0.0,0.0,1.0,1.0,0.0,0.0,0.0,0.5046151049763763,0.20316274967364858,1.0,0.0,2
0.0,1.0,0.0,0.0,0.6,0.1527858713460425,0.0,0.0,0.0,0.0,0.0,0.0,0.0,0.0,0.0,0.0,0.3659158650835698,0.6217765062912894,1.0,0.0,1
0.0,1.0,0.0,0.0,0.3,0.46895957005292405,0.0,0.0,0.0,0.0,0.0,0.0,0.0,1.0,0.0,0.0,0.4187076564251129,0.3633168537068836,1.0,1.0,0
0.0,1.0,0.0,0.0,0.3,0.34852873594673717,0.0,0.0,0.0,0.0,0.0,0.0,0.0,1.0,0.0,0.0,0.5400014544083012,0.17605268282099046,1.0,0.0,0
0.0,1.0,0.0,0.0,0.3,0.4031840229253921,0.0,0.0,0.0,0.0,0.0,0.0,0.0,1.0,0.0,0.0,0.09793146049460903,0.537844791071876,1.0,0.0,0
0.0,1.0,0.0,0.0,0.3,0.360133522324677,0.0,0.0,0.0,0.0,0.0,0.0,0.0,0.0,0.0,0.0,0.17172930475461215,0.27466508218485225,1.0,1.0,1
0.0,1.0,0.0,0.0,0.0,0.24183031687626533,0.0,0.0,0.0,0.0,0.0,0.0,1.0,0.0,0.0,0.0,0.2909692833445491,0.16554375254680467,1.0,1.0,2
0.0,1.0,0.0,0.0,0.0,0.8128993156465689,0.0,0.0,0.0,0.0,0.0,0.0,0.0,1.0,0.0,0.0,0.6495108012418965,0.23689245227194577,1.0,0.0,0
0.0,1.0,0.0,0.0,0.3,0.11640526992327938,0.0,1.0,0.0,0.0,0.0,0.0,1.0,0.0,0.0,0.0,0.10802163673608736,0.7349292566255536,1.0,1.0,2
0.0,1.0,0.0,0.0,0.1,0.4389795676549732,0.0,0.0,0.0,0.0,0.0,0.0,0.0,1.0,0.0,0.0,0.2868176982308004,0.44844474833757575,1.0,1.0,0
0.0,1.0,0.0,0.0,0.6,0.15759315544716296,0.0,0.0,0.0,0.0,0.0,0.0,0.0,0.0,0.0,0.0,0.1980013286536203,0.2510871510856786,1.0,1.0,1
0.0,1.0,0.0,0.0,0.3,0.05280257056266857,0.0,1.0,0.0,0.0,0.0,1.0,1.0,0.0,0.0,1.0,0.300780248027352,0.32240391125438245,1.0,0.0,2
0.0,1.0,0.0,0.0,0.3,0.36515778072383104,0.0,0.0,0.0,0.0,0.0,0.0,0.0,1.0,0.0,0.0,0.27648388790856954,0.2999513413745352,1.0,1.0,0
0.0,1.0,0.0,0.0,0.3,0.5360371957383944,0.0,0.0,0.0,0.0,0.0,0.0,0.0,0.0,0.0,0.0,0.06676583464289541,0.4320651665891016,1.0,1.0,1
0.0,1.0,0.0,0.0,0.3,0.007276747523057357,0.0,1.0,0.0,0.0,0.0,0.0,1.0,0.0,0.0,1.0,0.10870070368302602,0.2173971272465276,1.0,0.0,2
0.0,1.0,0.0,0.0,0.0,0.2012792561014885,0.0,0.0,0.0,0.0,0.0,0.0,0.0,0.0,0.0,0.0,0.10366003381731824,0.2145354554073571,1.0,0.0,1
0.0,1.0,0.0,0.0,0.0,0.03827960833465482,1.0,0.0,0.0,0.0,0.0,0.0,1.0,0.0,0.0,1.0,0.4799130461064334,0.3203302253741003,1.0,1.0,2
0.0,1.0,0.0,0.0,0.6,0.26938179485146324,0.0,0.0,0.0,0.0,0.0,0.0,0.0,0.0,0.0,0.0,0.47516377852496106,0.41834883598858175,1.0,1.0,1
0.0,1.0,0.0,0.0,0.0,0.31336250998099796,0.0,0.0,0.0,0.0,0.0,0.0,0.0,1.0,0.0,0.0,0.27891156135659206,0.23786751283895877,1.0,1.0,0
0.0,1.0,0.0,0.0,0.1,0.5687538038519283,0.0,0.0,0.0,0.0,0.0,0.0,0.0,1.0,0.0,0.0,0.14562594052291,0.598603997990171,1.0,0.0,0
0.0,1.0,0.0,0.0,0.6,0.0718556283461614,0.0,0.0,0.0,0.0,0.0,0.0,1.0,0.0,0.0,0.0,0.641628894238868,0.6041606667204835,1.0,0.0,2
0.0,1.0,0.0,0.0,0.3,0.21999738360949223,0.0,0.0,0.0,0.0,0.0,0.0,0.0,0.0,0.0,0.0,0.5558883802687301,0.36063565422129046,1.0,0.0,1
0.0,1.0,0.0,0.0,0.0,0.5433967254330905,0.0,0.0,0.0,0.0,0.0,0.0,0.0,1.0,0.0,0.0,0.5282558068542497,0.3906210017102954,1.0,0.0,0
0.0,1.0,0.0,0.0,0.6,0.14829065045538156,0.0,0.0,0.0,0.0,0.0,0.0,0.0,0.0,0.0,0.0,0.3673329181987247,0.714447156404969,1.0,0.0,1
1.0,1.0,0.0,0.0,0.2,0.9609657494345032,0.0,0.0,0.0,0.0,0.0,0.0,0.0,1.0,0.0,0.0,0.25619597684999135,0.831932889517499,1.0,0.0,0
0.0,1.0,0.0,0.0,0.3,0.14316990319883405,0.0,0.0,0.0,0.0,0.0,0.0,0.0,0.0,0.0,0.0,0.17734078751829802,0.669655733023578,1.0,0.0,1
1.0,1.0,0.0,0.0,0.0,0.6521841034486877,0.0,0.0,0.0,0.0,0.0,0.0,0.0,1.0,0.0,0.0,0.49762387336089503,0.4986703261430916,1.0,0.0,0
0.0,1.0,0.0,0.0,0.3,0.318576458399797,0.0,0.0,0.0,0.0,0.0,0.0,0.0,0.0,0.0,0.0,0.08709119182928345,0.3828237769673707,1.0,1.0,1
1.0,1.0,0.0,0.0,0.2,0.7114437569164453,0.0,0.0,0.0,0.0,0.0,0.0,0.0,1.0,0.0,0.0,0.050605231725514,0.8028480763499902,1.0,1.0,0
1.0,1.0,0.0,0.0,0.3,0.5002448520037004,0.0,0.0,0.0,0.0,0.0,0.0,0.0,1.0,0.0,0.0,0.2714892983552016,0.6266896604634243,1.0,1.0,0
0.0,1.0,0.0,0.0,0.3,0.2135301331372639,0.0,0.0,0.0,0.0,0.0,0.0,0.0,0.0,0.0,0.0,0.11078414353165772,0.5730759679874913,1.0,0.0,1
0.0,1.0,0.0,0.0,0.0,0.4722008137017036,0.0,0.0,0.0,0.0,0.0,0.0,0.0,0.0,0.0,0.0,0.16561301770558917,0.18689951650978437,1.0,1.0,1
1.0,1.0,0.0,0.0,0.3,0.8281449303269123,0.0,0.0,0.0,0.0,0.0,0.0,0.0,1.0,0.0,0.0,0.17576446489871156,0.5386374635309917,1.0,1.0,0
0.0,1.0,0.0,0.0,0.3,0.3470165285426551,1.0,1.0,0.0,0.0,0.0,0.0,1.0,0.0,0.0,1.0,0.4760444534395743,0.4204925588656053,1.0,1.0,2
0.0,1.0,0.0,0.0,0.3,0.07577739321893343,0.0,0.0,0.0,0.0,0.0,0.0,1.0,0.0,0.0,0.0,0.479188238026186,0.18708522422541535,1.0,1.0,2
0.0,1.0,0.0,0.0,0.6,0.2320717161602625,0.0,0.0,0.0,0.0,0.0,0.0,0.0,0.0,0.0,0.0,0.24025605247122586,0.5777738274761801,1.0,0.0,1
0.0,1.0,0.0,0.0,0.3,0.42608227933065856,0.0,0.0,0.0,0.0,0.0,0.0,0.0,0.0,0.0,0.0,0.3073404146764365,0.13107528656943657,1.0,1.0,1
0.0,1.0,0.0,0.0,0.0,0.01652393175730096,1.0,0.0,0.0,0.0,0.0,1.0,1.0,0.0,0.0,1.0,0.17484528314981523,0.37098413707266065,1.0,1.0,2
0.0,1.0,0.0,0.0,0.3,0.5916082093132163,0.0,0.0,0.0,0.0,0.0,0.0,0.0,1.0,0.0,0.0,0.2875313936425413,0.3293879076225238,1.0,1.0,0
0.0,1.0,0.0,0.0,0.3,0.13668630137523752,0.0,0.0,0.0,0.0,0.0,0.0,1.0,0.0,0.0,0.0,0.4457175028505119,0.7374552340543864,1.0,0.0,2
0.0,1.0,0.0,0.0,0.0,0.020227482302650656,0.0,0.0,0.0,0.0,0.0,1.0,1.0,0.0,0.0,0.0,0.11475775106727626,0.48085205451197455,1.0,0.0,2
0.0,1.0,0.0,0.0,0.3,0.7761287259841231,0.0,0.0,0.0,0.0,0.0,0.0,0.0,1.0,0.0,0.0,0.2642610541790984,0.12075996082716135,1.0,1.0,0
0.0,1.0,0.0,0.0,0.3,0.4641732243909111,0.0,0.0,0.0,0.0,0.0,0.0,0.0,1.0,0.0,0.0,0.3619002176903441,0.610087601680826,1.0,1.0,0
1.0,1.0,0.0,0.0,0.0,0.7832234797705191,0.0,0.0,0.0,0.0,0.0,0.0,0.0,1.0,0.0,0.0,0.33993938778074057,0.6538612922778541,1.0,0.0,0
0.0,1.0,0.0,0.0,0.6,0.1810407819832175,0.0,0.0,0.0,0.0,0.0,0.0,0.0,0.0,0.0,0.0,0.5420347735379123,0.40632449757547234,1.0,0.0,1
0.0,1.0,0.0,0.0,0.3,0.3065777178505755,0.0,0.0,0.0,0.0,0.0,0.0,0.0,0.0,0.0,0.0,0.08649311804442385,0.5351202033530149,1.0,0.0,1
0.0,1.0,0.0,0.0,0.3,0.5057719425197439,0.0,0.0,0.0,0.0,0.0,0.0,0.0,0.0,0.0,0.0,0.1606464312426077,0.2206374050549939,1.0,0.0,1
0.0,1.0,0.0,0.0,0.0,0.23527765083019844,0.0,0.0,0.0,0.0,0.0,1.0,1.0,0.0,0.0,1.0,0.28182403556729674,0.46684960958727745,1.0,1.0,2
0.0,1.0,0.0,0.0,0.3,0.3535540956162958,0.0,0.0,0.0,0.0,0.0,0.0,0.0,0.0,0.0,0.0,0.5281575615154596,0.6842074167409676,1.0,1.0,1
0.0,1.0,0.0,0.0,0.0,0.10645239134513489,0.0,0.0,0.0,0.0,0.0,1.0,1.0,0.0,0.0,0.0,0.5235986371368768,0.33205563661083626,1.0,0.0,2
0.0,1.0,0.0,0.0,0.0,0.22389718651378224,0.0,0.0,0.0,0.0,0.0,0.0,1.0,0.0,0.0,1.0,0.18394047799291355,0.6498466336618943,1.0,1.0,2
0.0,1.0,0.0,0.0,0.6,0.7263654247542072,0.0,0.0,0.0,0.0,0.0,0.0,0.0,1.0,0.0,0.0,0.354091558728542,0.3336646482900667,1.0,0.0,0
0.0,1.0,0.0,0.0,0.6,0.8051030330298853,0.0,0.0,0.0,0.0,0.0,0.0,0.0,1.0,0.0,0.0,0.21736701798653138,0.35513133484615805,1.0,1.0,0
0.0,1.0,0.0,0.0,0.0,0.4551283538052433,0.0,0.0,0.0,0.0,0.0,0.0,0.0,1.0,0.0,0.0,0.25379521796220295,0.7872797997052982,1.0,1.0,0
1.0,1.0,0.0,0.0,0.3,0.35741874735095586,0.0,0.0,0.0,0.0,0.0,0.0,0.0,1.0,0.0,0.0,0.6403916715289534,0.6352880375286777,1.0,0.0,0
0.0,1.0,0.0,0.0,0.2,0.4362335562851704,0.0,0.0,0.0,0.0,0.0,0.0,0.0,0.0,0.0,0.0,0.36933650763929976,0.4994786248504883,1.0,1.0,1
0.0,1.0,0.0,0.0,0.3,0.8653720228800643,0.0,0.0,0.0,0.0,0.0,0.0,0.0,1.0,0.0,0.0,0.11854126584980366,0.499335084555429,1.0,0.0,0
0.0,1.0,0.0,0.0,0.0,0.22050679899356423,1.0,0.0,0.0,0.0,0.0,0.0,1.0,0.0,0.0,1.0,0.31141328142150165,0.4500701092866951,1.0,1.0,2
0.0,1.0,0.0,0.0,0.3,0.5039891957408268,0.0,0.0,0.0,0.0,0.0,0.0,0.0,0.0,0.0,0.0,0.2643240685154422,0.30760520170373173,1.0,1.0,1
1.0,1.0,0.0,0.0,0.6,0.7142113123160734,0.0,0.0,0.0,0.0,0.0,0.0,0.0,1.0,0.0,0.0,0.10264865219756548,0.3389412100527307,1.0,0.0,0
0.0,1.0,0.0,0.0,0.3,0.35503641195823954,0.0,0.0,0.0,0.0,0.0,0.0,0.0,0.0,0.0,0.0,0.13574244035934308,0.1127824920031832,1.0,1.0,1
0.0,1.0,0.0,0.0,0.0,0.2038920847736476,1.0,1.0,0.0,0.0,0.0,0.0,1.0,0.0,0.0,1.0,0.26913958060681736,0.3903103395966328,1.0,1.0,2
0.0,1.0,0.0,0.0,0.0,0.16399697393757215,0.0,0.0,0.0,0.0,0.0,0.0,0.0,0.0,0.0,0.0,0.7541157823442163,0.4085796934640043,1.0,0.0,1
0.0,1.0,0.0,0.0,0.3,0.3114709761702196,1.0,0.0,0.0,0.0,0.0,0.0,1.0,0.0,0.0,1.0,0.531434806946242,0.596517017890831,1.0,0.0,2
0.0,1.0,0.0,0.0,0.3,0.47255788558218387,0.0,0.0,0.0,0.0,0.0,0.0,0.0,0.0,0.0,0.0,0.22712599842718526,0.23972903338414409,1.0,1.0,1
0.0,1.0,0.0,0.0,0.0,0.19788309824987227,0.0,0.0,0.0,0.0,0.0,0.0,0.0,0.0,0.0,0.0,0.06370602180395031,0.3107817432950848,1.0,1.0,1
0.0,1.0,0.0,0.0,0.0,0.07166574882477586,0.0,0.0,0.0,0.0,0.0,1.0,1.0,0.0,0.0,0.0,0.28927045349905717,0.36160159427783645,1.0,1.0,2
0.0,1.0,0.0,0.0,0.3,0.9451102253803113,0.0,0.0,0.0,0.0,0.0,0.0,0.0,1.0,0.0,0.0,0.3854382101029295,0.6617048082893274,1.0,1.0,0
1.0,1.0,0.0,0.0,0.0,0.8762987714086948,0.0,0.0,0.0,0.0,0.0,0.0,0.0,1.0,0.0,0.0,0.18884306052713823,0.263536007683194,1.0,1.0,0
0.0,1.0,0.0,0.0,0.0,0.3775760578423403,0.0,0.0,0.0,0.0,0.0,0.0,0.0,0.0,0.0,0.0,0.698649695677818,0.1687989607064579,1.0,0.0,1
0.0,1.0,0.0,0.0,0.3,0.05229315127851602,0.0,0.0,0.0,0.0,0.0,0.0,0.0,0.0,0.0,0.0,0.03191944850990498,0.6936718152701022,1.0,0.0,1
1.0,1.0,0.0,0.0,0.3,0.721941111979244,0.0,0.0,0.0,0.0,0.0,0.0,0.0,1.0,0.0,0.0,0.24100335168357168,0.583930879669463,1.0,1.0,0
0.0,1.0,0.0,0.0,0.0,0.036268498260094005,0.0,0.0,0.0,0.0,0.0,0.0,1.0,0.0,0.0,0.0,0.3131840737401965,0.12261439818430593,1.0,0.0,2
0.0,1.0,0.0,0.0,0.3,0.2635371074583213,0.0,0.0,0.0,0.0,0.0,0.0,0.0,0.0,0.0,0.0,0.4638741947647378,0.44458651657243115,1.0,0.0,1
0.0,1.0,0.0,0.0,0.0,0.23104208078380745,0.0,0.0,0.0,0.0,0.0,0.0,1.0,0.0,0.0,1.0,0.20535726793350256,0.5113321386642974,1.0,1.0,2
0.0,1.0,0.0,0.0,0.3,0.3075528385703808,0.0,0.0,0.0,0.0,0.0,0.0,0.0,0.0,0.0,0.0,0.5166517233332424,0.806343846867248,1.0,1.0,1
0.0,1.0,0.0,0.0,0.0,0.2855809814596839,0.0,0.0,0.0,0.0,0.0,0.0,0.0,0.0,0.0,0.0,0.32324847582897687,0.15086889125045214,1.0,0.0,1
0.0,1.0,0.0,0.0,0.0,0.23355040532065657,0.0,0.0,0.0,0.0,0.0,0.0,0.0,0.0,0.0,0.0,0.303069054688399,0.3119918536281992,1.0,0.0,1
0.0,1.0,0.0,0.0,0.0,0.9597759291230088,0.0,0.0,0.0,0.0,0.0,0.0,0.0,1.0,0.0,0.0,0.11484764899014396,0.5572033413571416,1.0,0.0,0
0.0,1.0,0.0,0.0,0.6,0.33332554308716195,0.0,0.0,0.0,0.0,0.0,0.0,0.0,0.0,0.0,0.0,0.09001200955663187,0.545531062705451,1.0,1.0,1
0.0,1.0,0.0,0.0,0.3,0.028583529426720218,0.0,0.0,0.0,0.0,0.0,0.0,1.0,0.0,0.0,0.0,0.5647718880906302,0.23627493161173482,1.0,0.0,2
0.0,1.0,0.0,0.0,0.0,0.5127632882607683,0.0,0.0,0.0,0.0,0.0,0.0,0.0,0.0,0.0,0.0,0.3199074982470766,0.5003522366503226,1.0,1.0,1
0.0,1.0,0.0,0.0,0.3,0.05417920787231559,0.0,0.0,0.0,0.0,0.0,1.0,1.0,0.0,0.0,0.0,0.09619084038277671,0.613529883398141,1.0,0.0,2
0.0,1.0,0.0,0.0,0.3,0.35151742067788183,0.0,0.0,0.0,0.0,0.0,0.0,0.0,0.0,0.0,0.0,0.1560844919895269,0.34703187670161023,1.0,1.0,1
0.0,1.0,0.0,0.0,0.6,0.4122703495670232,1.0,0.0,0.0,0.0,0.0,1.0,1.0,0.0,0.0,1.0,0.1834134395078204,0.24067520012332522,1.0,0.0,2
0.0,1.0,0.0,0.0,0.0,0.5850668116252756,0.0,0.0,0.0,0.0,0.0,0.0,0.0,0.0,0.0,0.0,0.17597435148724044,0.3290766006682655,1.0,1.0,1
0.0,1.0,0.0,0.0,0.3,0.20231974860211335,0.0,0.0,0.0,0.0,0.0,0.0,0.0,0.0,0.0,0.0,0.18921116512160818,0.4146543211875961,1.0,1.0,1
1.0,1.0,0.0,0.0,0.0,0.2528577382858093,0.0,0.0,0.0,0.0,0.0,0.0,0.0,1.0,0.0,0.0,0.12201119258289234,0.5240116689715545,1.0,1.0,0
0.0,1.0,0.0,0.0,0.0,0.01598249406771692,0.0,1.0,0.0,0.0,0.0,0.0,1.0,0.0,0.0,1.0,0.19776008304564385,0.37092806892116564,1.0,1.0,2
0.0,1.0,0.0,0.0,0.3,0.32512311251470455,0.0,0.0,0.0,0.0,0.0,0.0,1.0,0.0,0.0,0.0,0.1329612601502973,0.32911890386027826,1.0,0.0,2
0.0,1.0,0.0,0.0,0.3,0.0961171085519682,0.0,0.0,0.0,0.0,0.0,0.0,0.0,0.0,0.0,0.0,0.3847806922097947,0.22963103351035374,1.0,0.0,1
0.0,1.0,0.0,0.0,0.3,0.1196431801946813,0.0,0.0,0.0,0.0,0.0,0.0,0.0,0.0,0.0,0.0,0.6510884274199289,0.6266248876478185,1.0,1.0,1
0.0,1.0,0.0,0.0,0.0,0.06911636456600155,0.0,0.0,0.0,0.0,0.0,0.0,0.0,0.0,0.0,0.0,0.13901530700944603,0.437268648053706,1.0,1.0,1
0.0,1.0,0.0,0.0,0.6,0.8713383220564563,0.0,0.0,0.0,0.0,0.0,0.0,0.0,1.0,0.0,0.0,0.2262226736171722,0.6329230180109104,1.0,1.0,0
0.0,1.0,0.0,0.0,0.3,0.3196661265708954,0.0,0.0,0.0,0.0,0.0,0.0,0.0,0.0,0.0,0.0,0.5470275870861202,0.23258935828888355,1.0,0.0,1
0.0,1.0,0.0,0.0,0.3,0.012570246740910873,1.0,0.0,0.0,0.0,0.0,0.0,1.0,0.0,0.0,0.0,0.22913157212260296,0.5549616617498718,1.0,0.0,2
0.0,1.0,0.0,0.0,0.0,0.28254650437866613,0.0,0.0,0.0,0.0,0.0,0.0,0.0,0.0,0.0,0.0,0.45134104852378176,0.45522604913843034,1.0,1.0,1
0.0,1.0,0.0,0.0,0.0,0.3650532536701624,0.0,0.0,0.0,0.0,0.0,0.0,1.0,0.0,0.0,0.0,0.08455709318735455,0.5582719408192196,1.0,1.0,2
0.0,1.0,0.0,0.0,0.3,0.027868731328586152,1.0,0.0,0.0,0.0,0.0,0.0,1.0,0.0,0.0,1.0,0.2312978710080015,0.27413985194434687,1.0,0.0,2
0.0,1.0,0.0,0.0,0.0,0.40856305826210804,0.0,0.0,0.0,0.0,0.0,0.0,0.0,0.0,0.0,0.0,0.18306509659202866,0.13943733184628107,1.0,1.0,1
0.0,1.0,0.0,0.0,0.0,0.027015404650634532,0.0,0.0,0.0,0.0,0.0,0.0,1.0,0.0,0.0,1.0,0.24081830940709606,0.5316761424218508,1.0,0.0,2
0.0,1.0,0.0,0.0,0.3,0.38115931316422286,1.0,0.0,0.0,0.0,0.0,0.0,1.0,0.0,0.0,0.0,0.3950627216857367,0.8128728785174575,1.0,1.0,2
0.0,1.0,0.0,0.0,0.3,0.11974035839944824,0.0,0.0,0.0,0.0,0.0,0.0,0.0,0.0,0.0,0.0,0.21466272895922328,0.161257940019041,1.0,1.0,1
0.0,1.0,0.0,0.0,0.3,0.22960224052051587,1.0,0.0,0.0,0.0,0.0,0.0,1.0,0.0,0.0,1.0,0.6070396937836198,0.7699724887712337,1.0,0.0,2
1.0,1.0,0.0,0.0,0.1,0.5904931604942733,0.0,0.0,0.0,0.0,0.0,0.0,0.0,1.0,0.0,0.0,0.19154119127105157,0.3282721723988498,1.0,0.0,0
0.0,1.0,0.0,0.0,0.3,0.6434240473074946,0.0,0.0,0.0,0.0,0.0,0.0,0.0,1.0,0.0,0.0,0.7647654637482663,0.5631738656061598,1.0,1.0,0
0.0,1.0,0.0,0.0,0.6,0.1462431441913789,0.0,0.0,0.0,0.0,0.0,0.0,1.0,0.0,0.0,1.0,0.33423753167353093,0.26823325530510145,1.0,1.0,2
0.0,1.0,0.0,0.0,0.3,0.37275396561723984,0.0,0.0,0.0,0.0,0.0,0.0,0.0,0.0,0.0,0.0,0.262869839401612,0.29246771731872906,1.0,1.0,1
0.0,1.0,0.0,0.0,0.6,0.00045642731858986486,1.0,0.0,0.0,0.0,0.0,1.0,1.0,0.0,0.0,1.0,0.3275420629681231,0.27618555119814775,1.0,1.0,2
0.0,1.0,0.0,0.0,0.6,0.4596995680213094,0.0,0.0,0.0,0.0,0.0,0.0,0.0,0.0,0.0,0.0,0.3317222539976826,0.4382536957887296,1.0,1.0,1
0.0,1.0,0.0,0.0,0.2,0.10054975640971094,0.0,0.0,0.0,0.0,0.0,0.0,0.0,0.0,0.0,0.0,0.6613783825999725,0.3709999461225496,1.0,1.0,1
0.0,1.0,0.0,0.0,0.3,0.09530662313145252,0.0,1.0,0.0,0.0,0.0,0.0,1.0,0.0,0.0,0.0,0.3077582148414369,0.4476029066765117,1.0,0.0,2
0.0,1.0,0.0,0.0,0.0,0.8689072194529567,0.0,0.0,0.0,0.0,0.0,0.0,0.0,1.0,0.0,0.0,0.18456043812127143,0.4302326209775395,1.0,0.0,0
1.0,1.0,0.0,0.0,0.3,0.8238691830033822,0.0,0.0,0.0,0.0,0.0,0.0,0.0,1.0,0.0,0.0,0.09223346298083966,0.2799933700823416,1.0,1.0,0
0.0,1.0,0.0,0.0,0.0,0.09873124074253307,0.0,0.0,0.0,0.0,0.0,0.0,0.0,0.0,0.0,0.0,0.25886942748276415,0.32279249407789956,1.0,1.0,1
1.0,1.0,0.0,0.0,0.0,0.8479881299225053,0.0,0.0,0.0,0.0,0.0,0.0,0.0,1.0,0.0,0.0,0.2038727082836568,0.4107619913536519,1.0,0.0,0
0.0,1.0,0.0,0.0,0.0,0.10978686073533563,0.0,0.0,0.0,0.0,0.0,0.0,0.0,0.0,0.0,0.0,0.41599115869699255,0.18273651910926766,1.0,0.0,1
0.0,1.0,0.0,0.0,0.0,0.035515154395831174,1.0,1.0,0.0,0.0,0.0,0.0,1.0,0.0,0.0,1.0,0.4417008431053976,0.4755564575488821,1.0,0.0,2
0.0,1.0,0.0,0.0,0.0,0.20277207948358203,0.0,0.0,0.0,0.0,0.0,0.0,0.0,0.0,0.0,0.0,0.1956450000314473,0.6080453655072655,1.0,0.0,1
0.0,1.0,0.0,0.0,0.0,0.22710596952909864,0.0,0.0,0.0,0.0,0.0,0.0,0.0,0.0,0.0,0.0,0.15374139611951812,0.7301665536875757,1.0,0.0,1
1.0,1.0,0.0,0.0,0.0,0.9236073292277923,0.0,0.0,0.0,0.0,0.0,0.0,0.0,1.0,0.0,0.0,0.31049735366708325,0.35191855583204845,1.0,1.0,0
0.0,1.0,0.0,0.0,0.3,0.2544296430543175,0.0,0.0,0.0,0.0,0.0,0.0,0.0,0.0,0.0,0.0,0.42886114406514414,0.3083141100035366,1.0,0.0,1
0.0,1.0,0.0,0.0,0.3,0.01274142965583097,1.0,0.0,0.0,0.0,0.0,0.0,1.0,0.0,0.0,0.0,0.47033292909735136,0.49943870594203277,1.0,0.0,2
0.0,1.0,0.0,0.0,0.0,0.015069869366095669,1.0,0.0,0.0,0.0,0.0,1.0,1.0,0.0,0.0,0.0,0.02163856016200808,0.665894858532732,1.0,1.0,2
0.0,1.0,0.0,0.0,0.3,0.014155786501824585,1.0,0.0,0.0,0.0,0.0,0.0,1.0,0.0,0.0,0.0,0.4530825955334131,0.19993796681298764,1.0,1.0,2
0.0,1.0,0.0,0.0,0.3,0.333838506014423,0.0,0.0,0.0,0.0,0.0,0.0,0.0,0.0,0.0,0.0,0.8049461611932502,0.22564795988773542,1.0,1.0,1
0.0,1.0,0.0,0.0,0.3,0.1347454617715105,0.0,0.0,0.0,0.0,0.0,0.0,1.0,0.0,0.0,1.0,0.4517746053474062,0.37742741096286003,1.0,1.0,2
0.0,1.0,0.0,0.0,0.6,0.01849235880918019,0.0,0.0,0.0,0.0,0.0,0.0,0.0,0.0,0.0,0.0,0.1914870713639573,0.8062469955871349,1.0,0.0,1
0.0,1.0,0.0,0.0,0.3,0.14250229172411108,0.0,0.0,0.0,0.0,0.0,0.0,1.0,0.0,0.0,0.0,0.23961411182687048,0.22854839057215467,1.0,0.0,2
0.0,1.0,0.0,0.0,0.3,0.11157092229820481,1.0,1.0,0.0,0.0,0.0,0.0,1.0,0.0,0.0,0.0,0.34241776553850206,0.08166972324744654,1.0,1.0,2
0.0,1.0,0.0,0.0,0.0,0.4285965739184659,0.0,0.0,0.0,0.0,0.0,0.0,0.0,0.0,0.0,0.0,0.1437303704299693,0.26155403075606043,1.0,1.0,1
0.0,1.0,0.0,0.0,0.6,0.11191173021926158,1.0,1.0,0.0,0.0,0.0,1.0,1.0,0.0,0.0,0.0,0.44551753374446473,0.5214369508640647,1.0,0.0,2
0.0,1.0,0.0,0.0,0.0,0.12240060509835912,0.0,0.0,0.0,0.0,0.0,0.0,1.0,0.0,0.0,1.0,0.30075083978878747,0.46913314455625105,1.0,0.0,2
0.0,1.0,0.0,0.0,0.3,0.49926445847054574,0.0,0.0,0.0,0.0,0.0,0.0,0.0,1.0,0.0,0.0,0.23236957601533315,0.5395675160565345,1.0,0.0,0
0.0,1.0,0.0,0.0,0.3,0.38507683620998745,0.0,0.0,0.0,0.0,0.0,0.0,0.0,0.0,0.0,0.0,0.5658138075820934,0.7151386136700792,1.0,1.0,1
1.0,1.0,0.0,0.0,0.6,0.5473163909772182,0.0,0.0,0.0,0.0,0.0,0.0,0.0,1.0,0.0,0.0,0.6650182911126916,0.33507165935880723,1.0,1.0,0
0.0,1.0,0.0,0.0,0.0,0.16996428318679305,0.0,0.0,0.0,0.0,0.0,0.0,0.0,0.0,0.0,0.0,0.3828371259303376,0.32442695808979716,1.0,1.0,1
0.0,1.0,0.0,0.0,0.0,0.361991755720728,0.0,0.0,0.0,0.0,0.0,0.0,0.0,0.0,0.0,0.0,0.6055576952662428,0.19549426637758666,1.0,1.0,1
0.0,1.0,0.0,0.0,0.3,0.09625647854490162,0.0,0.0,0.0,0.0,0.0,0.0,1.0,0.0,0.0,0.0,0.4689327962492509,0.7790152302916119,1.0,0.0,2
0.0,1.0,0.0,0.0,0.3,0.19863654536296682,0.0,0.0,0.0,0.0,0.0,0.0,0.0,0.0,0.0,0.0,0.24513584258916088,0.18497618240520156,1.0,0.0,1
0.0,1.0,0.0,0.0,0.3,0.0707488427951791,0.0,0.0,0.0,0.0,0.0,0.0,1.0,0.0,0.0,1.0,0.40101726976820523,0.2982507046847936,1.0,1.0,2
0.0,1.0,0.0,0.0,0.0,0.9379058999163796,0.0,0.0,0.0,0.0,0.0,0.0,0.0,1.0,0.0,0.0,0.2726667048011328,0.7503010920774077,1.0,0.0,0
0.0,1.0,0.0,0.0,0.6,0.31635867229537357,0.0,0.0,0.0,0.0,0.0,0.0,0.0,0.0,0.0,0.0,0.32268409516542845,0.474264521620658,1.0,0.0,1
0.0,1.0,0.0,0.0,0.3,0.06111141638920528,1.0,0.0,0.0,0.0,0.0,0.0,1.0,0.0,0.0,1.0,0.14527074899457748,0.5663447074668579,1.0,1.0,2
0.0,1.0,0.0,0.0,0.6,0.5096310321168103,0.0,0.0,0.0,0.0,0.0,0.0,0.0,0.0,0.0,0.0,0.19350392932205115,0.4223849510230758,1.0,1.0,1
1.0,1.0,0.0,0.0,0.3,0.8394444954823918,0.0,0.0,0.0,0.0,0.0,0.0,0.0,1.0,0.0,0.0,0.02887771694764349,0.3301180915416787,1.0,1.0,0
0.0,1.0,0.0,0.0,0.0,0.20469217652072108,0.0,0.0,0.0,0.0,0.0,0.0,0.0,0.0,0.0,0.0,0.07336283370741821,0.43785988482482735,1.0,1.0,1
0.0,1.0,0.0,0.0,0.0,0.22233945226452123,0.0,0.0,0.0,0.0,0.0,0.0,1.0,0.0,0.0,0.0,0.4882267075073076,0.6138826776391971,1.0,0.0,2
0.0,1.0,0.0,0.0,0.3,0.16438730760540357,1.0,1.0,0.0,0.0,0.0,0.0,1.0,0.0,0.0,1.0,0.34980830135956276,0.25028536783662503,1.0,0.0,2
0.0,1.0,0.0,0.0,0.3,0.2569447503846226,0.0,0.0,0.0,0.0,0.0,0.0,0.0,0.0,0.0,0.0,0.20295245795162156,0.4995139907289341,1.0,1.0,1
0.0,1.0,0.0,0.0,0.3,0.37447574595220645,0.0,0.0,0.0,0.0,0.0,0.0,0.0,0.0,0.0,0.0,0.21058541608518594,0.6645468885982361,1.0,0.0,1
0.0,1.0,0.0,0.0,0.0,0.003316515936103265,0.0,0.0,0.0,0.0,0.0,1.0,1.0,0.0,0.0,1.0,0.40893003327068295,0.12090408137622953,1.0,0.0,2
0.0,1.0,0.0,0.0,0.0,0.16740149493805043,0.0,0.0,0.0,0.0,0.0,1.0,1.0,0.0,0.0,0.0,0.20298162695665353,0.3654437385811423,1.0,0.0,2
0.0,1.0,0.0,0.0,0.3,0.02676203638644819,0.0,0.0,0.0,0.0,0.0,0.0,1.0,0.0,0.0,0.0,0.40731555367035327,0.3645032544314201,1.0,1.0,2
0.0,1.0,0.0,0.0,0.3,0.03123483817861515,0.0,0.0,0.0,0.0,0.0,0.0,0.0,0.0,0.0,0.0,0.14947688537290835,0.4457584872236268,1.0,1.0,1
1.0,1.0,0.0,0.0,0.6,0.8467260162201052,0.0,0.0,0.0,0.0,0.0,0.0,0.0,1.0,0.0,0.0,0.48323052201019606,0.22562305310556474,1.0,0.0,0
0.0,1.0,0.0,0.0,0.0,0.3612465630156466,0.0,0.0,0.0,0.0,0.0,0.0,0.0,0.0,0.0,0.0,0.3120488800231736,0.26826050194968387,1.0,1.0,1
1.0,1.0,0.0,0.0,0.2,0.9332959887908902,0.0,0.0,0.0,0.0,0.0,0.0,0.0,1.0,0.0,0.0,0.33789570581725276,0.3993510355764246,1.0,1.0,0
1.0,1.0,0.0,0.0,0.0,0.6662878017194098,0.0,0.0,0.0,0.0,0.0,0.0,0.0,1.0,0.0,0.0,0.44159843561057893,0.8178317123961748,1.0,0.0,0
0.0,1.0,0.0,0.0,0.0,0.12732673829554816,0.0,0.0,0.0,0.0,0.0,0.0,1.0,0.0,0.0,1.0,0.06742951260575075,0.8611113172324742,1.0,1.0,2
0.0,1.0,0.0,0.0,0.0,0.12329480765055041,0.0,0.0,0.0,0.0,0.0,0.0,1.0,0.0,0.0,1.0,0.15048686728189284,0.8211953418040578,1.0,0.0,2
1.0,1.0,0.0,0.0,0.6,0.827097845961398,0.0,0.0,0.0,0.0,0.0,0.0,0.0,1.0,0.0,0.0,0.11821885699035901,0.16676834492823558,1.0,0.0,0
0.0,1.0,0.0,0.0,0.3,0.1507064825310626,0.0,0.0,0.0,0.0,0.0,0.0,0.0,0.0,0.0,0.0,0.0876804068166119,0.8170419398768314,1.0,0.0,1
1.0,1.0,0.0,0.0,0.3,0.5995473467015033,0.0,0.0,0.0,0.0,0.0,0.0,0.0,1.0,0.0,0.0,0.4062449213707472,0.44871850385848233,1.0,1.0,0
0.0,1.0,0.0,0.0,0.3,0.3084273177906784,0.0,0.0,0.0,0.0,0.0,0.0,0.0,0.0,0.0,0.0,0.5726173397200789,0.48154880423733737,1.0,0.0,1
0.0,1.0,0.0,0.0,0.0,0.11507134162542766,0.0,0.0,0.0,0.0,0.0,0.0,0.0,0.0,0.0,0.0,0.11963801925520708,0.30952832227295785,1.0,0.0,1
1.0,1.0,0.0,0.0,0.6,0.3685401582173175,0.0,0.0,0.0,0.0,0.0,0.0,0.0,1.0,0.0,0.0,0.5055513508894314,0.4368866555128317,1.0,0.0,0
0.0,1.0,0.0,0.0,0.2,0.6636154827095218,0.0,0.0,0.0,0.0,0.0,0.0,0.0,1.0,0.0,0.0,0.22368226149689982,0.23935627261581474,1.0,0.0,0
0.0,1.0,0.0,0.0,0.0,0.28307677112523116,0.0,0.0,0.0,0.0,0.0,0.0,0.0,0.0,0.0,0.0,0.0682350916803047,0.3792130430642672,1.0,1.0,1
0.0,1.0,0.0,0.0,0.3,0.6910087049684795,0.0,0.0,0.0,0.0,0.0,0.0,0.0,1.0,0.0,0.0,0.24597879113350618,0.3775590608431838,1.0,1.0,0
0.0,1.0,0.0,0.0,0.0,0.16683674401672,0.0,0.0,0.0,0.0,0.0,0.0,1.0,0.0,0.0,1.0,0.237712347685812,0.6069387489466324,1.0,1.0,2
0.0,1.0,0.0,0.0,0.0,0.3785606933678278,0.0,1.0,0.0,0.0,0.0,1.0,1.0,0.0,0.0,0.0,0.42498295373433553,0.3336684498473475,1.0,0.0,2
1.0,1.0,0.0,0.0,0.0,0.9013651175084371,0.0,0.0,0.0,0.0,0.0,0.0,0.0,1.0,0.0,0.0,0.1517739083066996,0.5149388725339789,1.0,1.0,0
0.0,1.0,0.0,0.0,0.6,0.24200309803262068,0.0,0.0,0.0,0.0,0.0,0.0,0.0,0.0,0.0,0.0,0.1220696488536922,0.4350792069294193,1.0,0.0,1
0.0,1.0,0.0,0.0,0.3,0.1581570166531057,0.0,0.0,0.0,0.0,0.0,0.0,0.0,0.0,0.0,0.0,0.2610904468570154,0.3879487451018398,1.0,1.0,1
0.0,1.0,0.0,0.0,0.3,0.21805832196536248,0.0,0.0,0.0,0.0,0.0,0.0,0.0,0.0,0.0,0.0,0.211326287006551,0.31653784889203324,1.0,1.0,1
0.0,1.0,0.0,0.0,0.6,0.02541886545767487,0.0,1.0,0.0,0.0,0.0,1.0,1.0,0.0,0.0,1.0,0.2215281989273107,0.4617852950295199,1.0,1.0,2
0.0,1.0,0.0,0.0,0.3,0.0853654392735873,0.0,0.0,0.0,0.0,0.0,0.0,1.0,0.0,0.0,1.0,0.08168177884125442,0.637801016268248,1.0,1.0,2
0.0,1.0,0.0,0.0,0.3,0.26644238777570967,0.0,0.0,0.0,0.0,0.0,0.0,1.0,0.0,0.0,0.0,0.3255043467519745,0.5149260897660827,1.0,0.0,2
0.0,1.0,0.0,0.0,0.0,0.5406608499161295,0.0,0.0,0.0,0.0,0.0,0.0,0.0,1.0,0.0,0.0,0.12784535129552407,0.4332132915899825,1.0,1.0,0
0.0,1.0,0.0,0.0,0.0,0.23827292560747118,0.0,0.0,0.0,0.0,0.0,0.0,0.0,0.0,0.0,0.0,0.13119940508315775,0.511558496369686,1.0,1.0,1
1.0,1.0,0.0,0.0,0.3,0.5348626349476289,0.0,0.0,0.0,0.0,0.0,0.0,0.0,1.0,0.0,0.0,0.39182768123463685,0.5066928285724145,1.0,1.0,0
0.0,1.0,0.0,0.0,0.6,0.0299665847621807,0.0,1.0,0.0,0.0,0.0,0.0,1.0,0.0,0.0,0.0,0.11038412735353344,0.20823110686923807,1.0,0.0,2
0.0,1.0,0.0,0.0,0.3,0.265466378997296,0.0,0.0,0.0,0.0,0.0,0.0,1.0,0.0,0.0,0.0,0.42682312144550355,0.41268896121842535,1.0,1.0,2
0.0,1.0,0.0,0.0,0.3,0.0044767185188175265,0.0,1.0,0.0,0.0,0.0,0.0,1.0,0.0,0.0,1.0,0.13138774009630622,0.39575584429591126,1.0,0.0,2
0.0,1.0,0.0,0.0,0.3,0.017206639175622165,0.0,0.0,0.0,0.0,0.0,1.0,1.0,0.0,0.0,1.0,0.32883104109156863,0.13498762578905882,1.0,1.0,2
0.0,1.0,0.0,0.0,0.0,0.5660652423273881,0.0,0.0,0.0,0.0,0.0,0.0,0.0,0.0,0.0,0.0,0.3653209672864027,0.4282769550724039,1.0,1.0,1
0.0,1.0,0.0,0.0,0.3,0.009871876290934391,0.0,0.0,0.0,0.0,0.0,0.0,1.0,0.0,0.0,1.0,0.17476132771132977,0.28337889037591957,1.0,0.0,2
0.0,1.0,0.0,0.0,0.3,0.7548752673554693,0.0,0.0,0.0,0.0,0.0,0.0,0.0,1.0,0.0,0.0,0.07599688087566484,0.6424994836161173,1.0,0.0,0
0.0,1.0,0.0,0.0,0.0,0.04580061990505463,1.0,0.0,0.0,0.0,0.0,0.0,1.0,0.0,0.0,0.0,0.22515322659735873,0.5441820397063726,1.0,0.0,2
0.0,1.0,0.0,0.0,0.3,0.2010673206264469,0.0,0.0,0.0,0.0,0.0,0.0,0.0,0.0,0.0,0.0,0.17805348048633407,0.8192285532377669,1.0,1.0,1
0.0,1.0,0.0,0.0,0.6,0.05539425358736342,0.0,0.0,0.0,0.0,0.0,0.0,0.0,0.0,0.0,0.0,0.43082233519153046,0.2303611548657851,1.0,1.0,1
0.0,1.0,0.0,0.0,0.6,0.03897045653693484,0.0,0.0,0.0,0.0,0.0,1.0,1.0,0.0,0.0,0.0,0.21861125057820296,0.8203568632431355,1.0,1.0,2
0.0,1.0,0.0,0.0,0.3,0.2790027645898696,0.0,0.0,0.0,0.0,0.0,0.0,0.0,0.0,0.0,0.0,0.11865030010754296,0.42128621961158697,1.0,0.0,1
0.0,1.0,0.0,0.0,0.3,0.07665171083837463,0.0,1.0,0.0,0.0,0.0,1.0,1.0,0.0,0.0,1.0,0.3009403977939029,0.13536284566802761,1.0,1.0,2
0.0,1.0,0.0,0.0,0.0,0.629555347611887,0.0,0.0,0.0,0.0,0.0,0.0,0.0,1.0,0.0,0.0,0.4703182568582994,0.6320399459303462,1.0,0.0,0
0.0,1.0,0.0,0.0,0.3,0.03737895232023961,0.0,0.0,0.0,0.0,0.0,0.0,0.0,0.0,0.0,0.0,0.3622151128297617,0.6307130456856266,1.0,0.0,1
1.0,1.0,0.0,0.0,0.0,0.4232191972049428,0.0,0.0,0.0,0.0,0.0,0.0,0.0,1.0,0.0,0.0,0.1477491302427251,0.18917779809446894,1.0,1.0,0
0.0,1.0,0.0,0.0,0.3,0.32996570154976057,0.0,0.0,0.0,0.0,0.0,0.0,0.0,0.0,0.0,0.0,0.24082744132504966,0.14429430567820448,1.0,0.0,1
0.0,1.0,0.0,0.0,0.3,0.060800310316787246,0.0,0.0,0.0,0.0,0.0,0.0,0.0,0.0,0.0,0.0,0.19882309078018212,0.6397062296350845,1.0,1.0,1
0.0,1.0,0.0,0.0,0.6,0.1656981600418303,0.0,0.0,0.0,0.0,0.0,0.0,1.0,0.0,0.0,1.0,0.3512478868850874,0.3749663599064294,1.0,0.0,2
0.0,1.0,0.0,0.0,0.3,0.13575128885408844,0.0,0.0,0.0,0.0,0.0,0.0,0.0,0.0,0.0,0.0,0.4178853922962049,0.20882145967139856,1.0,1.0,1
0.0,1.0,0.0,0.0,0.3,0.06295222472908218,1.0,0.0,0.0,0.0,0.0,0.0,1.0,0.0,0.0,1.0,0.5047467399925912,0.5047648024248342,1.0,0.0,2
1.0,1.0,0.0,0.0,0.0,0.7256447059094022,0.0,0.0,0.0,0.0,0.0,0.0,0.0,1.0,0.0,0.0,0.34128324333714605,0.4620905372123908,1.0,0.0,0
0.0,1.0,0.0,0.0,0.0,0.1921222008933851,0.0,0.0,0.0,0.0,0.0,0.0,0.0,0.0,0.0,0.0,0.34310282778816004,0.7456669465430844,1.0,1.0,1
1.0,1.0,0.0,0.0,0.0,0.4110365370118204,0.0,0.0,0.0,0.0,0.0,0.0,0.0,1.0,0.0,0.0,0.48570227191448206,0.7675692967436788,1.0,0.0,0
0.0,1.0,0.0,0.0,0.3,0.1636746445487897,0.0,0.0,0.0,0.0,0.0,0.0,0.0,0.0,0.0,0.0,0.2158539655635826,0.4978168140353043,1.0,1.0,1
0.0,1.0,0.0,0.0,0.0,0.010231055512596388,0.0,1.0,0.0,0.0,0.0,1.0,1.0,0.0,0.0,0.0,0.0755496817762852,0.6289782557362218,1.0,0.0,2
0.0,1.0,0.0,0.0,0.3,0.7766687897631228,0.0,0.0,0.0,0.0,0.0,0.0,0.0,1.0,0.0,0.0,0.14431271953888322,0.6838691815888445,1.0,1.0,0
0.0,1.0,0.0,0.0,0.2,0.32324938196422903,0.0,0.0,0.0,0.0,0.0,0.0,0.0,0.0,0.0,0.0,0.29555676042543955,0.6974531598064401,1.0,0.0,1
0.0,1.0,0.0,0.0,0.0,0.45855158036695637,0.0,0.0,0.0,0.0,0.0,0.0,0.0,0.0,0.0,0.0,0.20993291650258877,0.4024051462307168,1.0,1.0,1
0.0,1.0,0.0,0.0,0.3,0.13371045812771956,0.0,0.0,0.0,0.0,0.0,0.0,0.0,0.0,0.0,0.0,0.7547528573402141,0.6175098415689445,1.0,0.0,1
1.0,1.0,0.0,0.0,0.0,0.561003546182733,0.0,0.0,0.0,0.0,0.0,0.0,0.0,1.0,0.0,0.0,0.32876238565639193,0.180443497758751,1.0,1.0,0
1.0,1.0,0.0,0.0,0.3,0.4578245298486563,0.0,0.0,0.0,0.0,0.0,0.0,0.0,1.0,0.0,0.0,0.6797610654129546,0.21616471401881274,1.0,1.0,0
0.0,1.0,0.0,0.0,0.6,0.3366779356871092,0.0,0.0,0.0,0.0,0.0,0.0,0.0,0.0,0.0,0.0,0.028753147280195252,0.2578749864057859,1.0,1.0,1
0.0,1.0,0.0,0.0,0.3,0.616434719724898,0.0,0.0,0.0,0.0,0.0,0.0,0.0,1.0,0.0,0.0,0.235748261150444,0.7485335617775815,1.0,0.0,0
1.0,1.0,0.0,0.0,0.2,0.9002032527871888,0.0,0.0,0.0,0.0,0.0,0.0,0.0,1.0,0.0,0.0,0.22946422178130707,0.591790442032621,1.0,1.0,0
0.0,1.0,0.0,0.0,0.0,0.10554996901839366,0.0,0.0,0.0,0.0,0.0,0.0,0.0,0.0,0.0,0.0,0.3510389043540293,0.37684140200451366,1.0,0.0,1
0.0,1.0,0.0,0.0,0.3,0.08347285840026779,1.0,1.0,0.0,0.0,0.0,0.0,1.0,0.0,0.0,1.0,0.09887960934230007,0.4954771490248477,1.0,1.0,2
0.0,1.0,0.0,0.0,0.3,0.1421972555603359,0.0,0.0,0.0,0.0,0.0,0.0,0.0,0.0,0.0,0.0,0.04209262209576662,0.3025395235716179,1.0,1.0,1
0.0,1.0,0.0,0.0,0.3,0.17082099042719415,0.0,0.0,0.0,0.0,0.0,0.0,0.0,0.0,0.0,0.0,0.22401069463828538,0.1539657272824643,1.0,0.0,1
0.0,1.0,0.0,0.0,0.0,0.13396380885367323,0.0,0.0,0.0,0.0,0.0,1.0,1.0,0.0,0.0,1.0,0.3397073789498302,0.47016560983069716,1.0,1.0,2
0.0,1.0,0.0,0.0,0.3,0.06968031451611849,0.0,0.0,0.0,0.0,0.0,0.0,1.0,0.0,0.0,1.0,0.3803906412428744,0.1589484229416611,1.0,1.0,2
0.0,1.0,0.0,0.0,0.0,0.14077957973747776,0.0,1.0,0.0,0.0,0.0,1.0,1.0,0.0,0.0,1.0,0.4455039441195205,0.6314553192423291,1.0,1.0,2
0.0,1.0,0.0,0.0,0.3,0.5768033661104962,0.0,0.0,0.0,0.0,0.0,0.0,0.0,0.0,0.0,0.0,0.11753158778347267,0.5431268999165852,1.0,0.0,1
0.0,1.0,0.0,0.0,0.3,0.006464701364246552,0.0,1.0,0.0,0.0,0.0,1.0,1.0,0.0,0.0,0.0,0.038787911323752325,0.30876131860521605,1.0,1.0,2
0.0,1.0,0.0,0.0,0.0,0.2282662720509301,0.0,0.0,0.0,0.0,0.0,1.0,1.0,0.0,0.0,1.0,0.05094872462776216,0.3859562998624117,1.0,0.0,2
0.0,1.0,0.0,0.0,0.3,0.15381189089891073,0.0,0.0,0.0,0.0,0.0,0.0,0.0,0.0,0.0,0.0,0.5235889319196702,0.5973127667245997,1.0,0.0,1
0.0,1.0,0.0,0.0,0.3,0.12674984929900396,0.0,0.0,0.0,0.0,0.0,0.0,0.0,0.0,0.0,0.0,0.19406688545836254,0.3107697582904294,1.0,0.0,1
0.0,1.0,0.0,0.0,0.3,0.633351241402338,0.0,0.0,0.0,0.0,0.0,0.0,0.0,1.0,0.0,0.0,0.1850959098713165,0.15940094711858635,1.0,1.0,0
0.0,1.0,0.0,0.0,0.6,0.12075356341813558,0.0,0.0,0.0,0.0,0.0,0.0,0.0,0.0,0.0,0.0,0.6589444610203422,0.43254125064892773,1.0,0.0,1
0.0,1.0,0.0,0.0,0.0,0.32273953808005257,0.0,0.0,0.0,0.0,0.0,0.0,0.0,0.0,0.0,0.0,0.4045711250637068,0.20084336624352706,1.0,0.0,1
1.0,1.0,0.0,0.0,0.3,0.9339812062879942,0.0,0.0,0.0,0.0,0.0,0.0,0.0,1.0,0.0,0.0,0.22794514226616108,0.1539484095498522,1.0,0.0,0
0.0,1.0,0.0,0.0,0.3,0.8347387770030653,0.0,0.0,0.0,0.0,0.0,0.0,0.0,1.0,0.0,0.0,0.5423457219912989,0.15325622462085833,1.0,1.0,0
0.0,1.0,0.0,0.0,0.3,0.11136386796893914,0.0,0.0,0.0,0.0,0.0,0.0,0.0,0.0,0.0,0.0,0.0891474449224468,0.624756401670007,1.0,1.0,1
1.0,1.0,0.0,0.0,0.3,0.3420123652593046,0.0,0.0,0.0,0.0,0.0,0.0,0.0,1.0,0.0,0.0,0.4397088207127187,0.16417469497273637,1.0,1.0,0
0.0,1.0,0.0,0.0,0.2,0.0954073238584352,0.0,0.0,0.0,0.0,0.0,0.0,0.0,0.0,0.0,0.0,0.2061538621427842,0.10736525374501898,1.0,1.0,1
0.0,1.0,0.0,0.0,0.3,0.4772076069957942,0.0,0.0,0.0,0.0,0.0,0.0,1.0,0.0,0.0,0.0,0.2556028195524527,0.7182132913746944,1.0,1.0,2
0.0,1.0,0.0,0.0,0.0,0.31821014940537284,0.0,0.0,0.0,0.0,0.0,0.0,0.0,0.0,0.0,0.0,0.33333614570705694,0.3041106970857614,1.0,1.0,1
0.0,1.0,0.0,0.0,0.0,0.007184251743891364,0.0,0.0,0.0,0.0,0.0,0.0,1.0,0.0,0.0,1.0,0.5846274811957629,0.28725003654341597,1.0,0.0,2
0.0,1.0,0.0,0.0,0.0,0.40171173247551417,0.0,0.0,0.0,0.0,0.0,0.0,0.0,0.0,0.0,0.0,0.2758072725045787,0.4452538575209228,1.0,1.0,1
0.0,1.0,0.0,0.0,0.3,0.26805804343545614,0.0,0.0,0.0,0.0,0.0,0.0,0.0,0.0,0.0,0.0,0.39516880644718294,0.17942442869281797,1.0,1.0,1
0.0,1.0,0.0,0.0,0.3,0.08086321210025449,0.0,0.0,0.0,0.0,0.0,0.0,0.0,0.0,0.0,0.0,0.22577629108415137,0.6296881540350728,1.0,0.0,1
0.0,1.0,0.0,0.0,0.3,0.31994929925084936,0.0,0.0,0.0,0.0,0.0,0.0,0.0,0.0,0.0,0.0,0.15839519417003747,0.49885748395451207,1.0,1.0,1
0.0,1.0,0.0,0.0,0.3,0.656218855426239,0.0,0.0,0.0,0.0,0.0,0.0,0.0,1.0,0.0,0.0,0.11337223660778271,0.6174901634562362,1.0,0.0,0
0.0,1.0,0.0,0.0,0.0,0.7317541628419107,0.0,0.0,0.0,0.0,0.0,0.0,0.0,1.0,0.0,0.0,0.46965089693212936,0.23052743103545678,1.0,1.0,0
1.0,1.0,0.0,0.0,0.0,0.973667301618567,0.0,0.0,0.0,0.0,0.0,0.0,0.0,1.0,0.0,0.0,0.37384517260014827,0.28711410936688025,1.0,1.0,0
0.0,1.0,0.0,0.0,0.3,0.04039470603764035,1.0,0.0,0.0,0.0,0.0,0.0,1.0,0.0,0.0,1.0,0.22227389248122428,0.5506842983880147,1.0,1.0,2
0.0,1.0,0.0,0.0,0.3,0.24128311701022703,0.0,0.0,0.0,0.0,0.0,0.0,0.0,0.0,0.0,0.0,0.24505973186110863,0.46010495427913917,1.0,1.0,1
0.0,1.0,0.0,0.0,0.0,0.1956993664618817,0.0,0.0,0.0,0.0,0.0,0.0,0.0,0.0,0.0,0.0,0.12456536666113797,0.3095501756362611,1.0,0.0,1
0.0,1.0,0.0,0.0,0.0,0.05551974532524235,0.0,0.0,0.0,0.0,0.0,0.0,1.0,0.0,0.0,1.0,0.34082261678328457,0.6821421112598631,1.0,0.0,2
0.0,1.0,0.0,0.0,0.6,0.702179880132059,0.0,0.0,0.0,0.0,0.0,0.0,0.0,1.0,0.0,0.0,0.32080320484645175,0.19536702289417596,1.0,1.0,0
0.0,1.0,0.0,0.0,0.3,0.484428999538927,0.0,0.0,0.0,0.0,0.0,0.0,0.0,0.0,0.0,0.0,0.2755252346749841,0.4152609572293523,1.0,0.0,1
0.0,1.0,0.0,0.0,0.3,0.3717403195252765,0.0,0.0,0.0,0.0,0.0,0.0,1.0,0.0,0.0,0.0,0.43928871150977467,0.5469672735747076,1.0,0.0,2
0.0,1.0,0.0,0.0,0.0,0.18451383939800503,0.0,0.0,0.0,0.0,0.0,0.0,0.0,0.0,0.0,0.0,0.453416255702375,0.4653610611820992,1.0,1.0,1
0.0,1.0,0.0,0.0,0.0,0.19485364106212477,0.0,0.0,0.0,0.0,0.0,0.0,0.0,0.0,0.0,0.0,0.30247055335696377,0.374496459698025,1.0,1.0,1
0.0,1.0,0.0,0.0,0.3,0.004113081423820078,0.0,0.0,0.0,0.0,0.0,1.0,1.0,0.0,0.0,1.0,0.3247678698773621,0.8520835321610889,1.0,1.0,2
0.0,1.0,0.0,0.0,0.6,0.24706180105947895,0.0,0.0,0.0,0.0,0.0,0.0,0.0,0.0,0.0,0.0,0.1856998905367566,0.34449647981122583,1.0,1.0,1
0.0,1.0,0.0,0.0,0.3,0.003959253118878001,0.0,1.0,0.0,0.0,0.0,0.0,1.0,0.0,0.0,1.0,0.44189402852102816,0.49256603884896843,1.0,0.0,2
0.0,1.0,0.0,0.0,0.0,0.5110558286841619,0.0,0.0,0.0,0.0,0.0,0.0,0.0,1.0,0.0,0.0,0.29229691150716874,0.2827959574564418,1.0,1.0,0
0.0,1.0,0.0,0.0,0.3,0.8924477783311855,0.0,0.0,0.0,0.0,0.0,0.0,0.0,1.0,0.0,0.0,0.4337772529458276,0.33139036824037155,1.0,1.0,0
0.0,1.0,0.0,0.0,0.0,0.2768192405968693,0.0,0.0,0.0,0.0,0.0,0.0,0.0,0.0,0.0,0.0,0.22065443630904755,0.3335052817848568,1.0,1.0,1
0.0,1.0,0.0,0.0,0.0,0.026397482848016445,0.0,0.0,0.0,0.0,0.0,0.0,1.0,0.0,0.0,1.0,0.4307753268366951,0.4845636573327151,1.0,0.0,2
1.0,1.0,0.0,0.0,0.0,0.8114270816683684,0.0,0.0,0.0,0.0,0.0,0.0,0.0,1.0,0.0,0.0,0.2664855227219189,0.468200123252522,1.0,1.0,0
0.0,1.0,0.0,0.0,0.6,0.021482578476207603,1.0,0.0,0.0,0.0,0.0,0.0,1.0,0.0,0.0,0.0,0.23881296055814713,0.3712101762163399,1.0,1.0,2
0.0,1.0,0.0,0.0,0.3,0.27760051699501365,0.0,0.0,0.0,0.0,0.0,0.0,0.0,0.0,0.0,0.0,0.4659604429712736,0.3194473342626587,1.0,1.0,1
0.0,1.0,0.0,0.0,0.6,0.961291736949086,0.0,0.0,0.0,0.0,0.0,0.0,0.0,1.0,0.0,0.0,0.10384517585646644,0.262191307713482,1.0,0.0,0
0.0,1.0,0.0,0.0,0.3,0.017541918441279933,0.0,0.0,0.0,0.0,0.0,0.0,1.0,0.0,0.0,0.0,0.34201581220115884,0.38737568569694814,1.0,1.0,2
0.0,1.0,0.0,0.0,0.3,0.9073262282748462,0.0,0.0,0.0,0.0,0.0,0.0,0.0,1.0,0.0,0.0,0.18435743445058436,0.2220335634526242,1.0,1.0,0
0.0,1.0,0.0,0.0,0.3,0.08449286446160242,1.0,0.0,0.0,0.0,0.0,1.0,1.0,0.0,0.0,0.0,0.04913322461240943,0.49948982078550197,1.0,1.0,2
0.0,1.0,0.0,0.0,0.3,0.03010348958591865,0.0,1.0,0.0,0.0,0.0,1.0,1.0,0.0,0.0,1.0,0.14734104219926716,0.7556536924889989,1.0,1.0,2
0.0,1.0,0.0,0.0,0.0,0.8336194538644592,0.0,0.0,0.0,0.0,0.0,0.0,0.0,1.0,0.0,0.0,0.16971711192809572,0.8056068567231549,1.0,1.0,0
0.0,1.0,0.0,0.0,0.3,0.7624644339968978,0.0,0.0,0.0,0.0,0.0,0.0,0.0,1.0,0.0,0.0,0.36566292765930636,0.8639500243785133,1.0,0.0,0
0.0,1.0,0.0,0.0,0.0,0.22081960651844001,0.0,1.0,0.0,0.0,0.0,1.0,1.0,0.0,0.0,1.0,0.05868721928658755,0.3990832897888617,1.0,1.0,2
0.0,1.0,0.0,0.0,0.0,0.14445820120380226,0.0,0.0,0.0,0.0,0.0,0.0,1.0,0.0,0.0,1.0,0.19257522319922907,0.37132187158376445,1.0,1.0,2
0.0,1.0,0.0,0.0,0.0,0.44750213932900096,0.0,0.0,0.0,0.0,0.0,0.0,0.0,0.0,0.0,0.0,0.5603040503937198,0.44931564711696625,1.0,0.0,1
0.0,1.0,0.0,0.0,0.2,0.448888916597816,0.0,0.0,0.0,0.0,0.0,0.0,0.0,0.0,0.0,0.0,0.3830043823747662,0.5764430963466478,1.0,0.0,1
1.0,1.0,0.0,0.0,0.0,0.7416857668314439,0.0,0.0,0.0,0.0,0.0,0.0,0.0,1.0,0.0,0.0,0.27520936019948267,0.2022111590799003,1.0,0.0,0
0.0,1.0,0.0,0.0,0.6,0.5658170711956656,0.0,0.0,0.0,0.0,0.0,0.0,0.0,1.0,0.0,0.0,0.3851455921412369,0.41128160564561017,1.0,1.0,0
0.0,1.0,0.0,0.0,0.0,0.3812790449486501,0.0,0.0,0.0,0.0,0.0,0.0,1.0,0.0,0.0,1.0,0.23278771234492124,0.45039883706363537,1.0,1.0,2
0.0,1.0,0.0,0.0,0.0,0.26348727517575754,0.0,0.0,0.0,0.0,0.0,0.0,0.0,0.0,0.0,0.0,0.24726362653567943,0.7095596419718173,1.0,0.0,1
1.0,1.0,0.0,0.0,0.0,0.5717879493637189,0.0,0.0,0.0,0.0,0.0,0.0,0.0,1.0,0.0,0.0,0.14425248819039782,0.7478810232853209,1.0,0.0,0
0.0,1.0,0.0,0.0,0.3,0.0656282361018286,0.0,1.0,0.0,0.0,0.0,0.0,1.0,0.0,0.0,1.0,0.39078621806487923,0.3569523323679429,1.0,0.0,2
1.0,1.0,0.0,0.0,0.3,0.8422198674291613,0.0,0.0,0.0,0.0,0.0,0.0,0.0,1.0,0.0,0.0,0.2863640493466887,0.21065009337908852,1.0,1.0,0
1.0,1.0,0.0,0.0,0.0,0.7988706437420179,0.0,0.0,0.0,0.0,0.0,0.0,0.0,1.0,0.0,0.0,0.49101451623125164,0.5221079332096606,1.0,0.0,0
0.0,1.0,0.0,0.0,0.3,0.20043624949539746,0.0,0.0,0.0,0.0,0.0,0.0,0.0,0.0,0.0,0.0,0.16415955086037048,0.5495407049874592,1.0,0.0,1
0.0,1.0,0.0,0.0,0.0,0.23106008395459174,0.0,0.0,0.0,0.0,0.0,1.0,1.0,0.0,0.0,0.0,0.2543303222592634,0.29710787472574607,1.0,1.0,2
0.0,1.0,0.0,0.0,0.3,0.04064813371127685,0.0,0.0,0.0,0.0,0.0,0.0,1.0,0.0,0.0,1.0,0.20495675634641258,0.498935577085269,1.0,0.0,2
0.0,1.0,0.0,0.0,0.0,0.31101865486328373,1.0,0.0,0.0,0.0,0.0,0.0,1.0,0.0,0.0,1.0,0.594842503711828,0.7942889108793307,1.0,0.0,2
1.0,1.0,0.0,0.0,0.6,0.5124042679052303,0.0,0.0,0.0,0.0,0.0,0.0,0.0,1.0,0.0,0.0,0.43918293771590466,0.5711009919668723,1.0,0.0,0
1.0,1.0,0.0,0.0,0.0,0.657032877439267,0.0,0.0,0.0,0.0,0.0,0.0,0.0,1.0,0.0,0.0,0.3620647965637934,0.502960598964973,1.0,1.0,0
0.0,1.0,0.0,0.0,0.3,0.18148230703493198,1.0,0.0,0.0,0.0,0.0,0.0,1.0,0.0,0.0,1.0,0.11859307050183672,0.44327766608786207,1.0,0.0,2
0.0,1.0,0.0,0.0,0.6,0.48892668633536635,0.0,0.0,0.0,0.0,0.0,0.0,0.0,0.0,0.0,0.0,0.3172596386626138,0.16362514990315927,1.0,1.0,1
0.0,1.0,0.0,0.0,0.6,0.26457576449499154,0.0,0.0,0.0,0.0,0.0,0.0,0.0,0.0,0.0,0.0,0.5281876771763172,0.2834830412339045,1.0,0.0,1
0.0,1.0,0.0,0.0,0.3,0.44529801635436317,0.0,0.0,0.0,0.0,0.0,0.0,0.0,0.0,0.0,0.0,0.36890755735948,0.6384380258205918,1.0,1.0,1
0.0,1.0,0.0,0.0,0.3,0.07598513088672817,0.0,0.0,0.0,0.0,0.0,0.0,0.0,0.0,0.0,0.0,0.39400075590734585,0.596912212611875,1.0,0.0,1
0.0,1.0,0.0,0.0,0.0,0.20661430116920845,0.0,0.0,0.0,0.0,0.0,0.0,0.0,0.0,0.0,0.0,0.22363640356215683,0.27394945672451954,1.0,1.0,1
0.0,1.0,0.0,0.0,0.0,0.9235130511910111,0.0,0.0,0.0,0.0,0.0,0.0,0.0,1.0,0.0,0.0,0.2127586008654062,0.4920917765471699,1.0,0.0,0
0.0,1.0,0.0,0.0,0.0,0.1621972626502349,1.0,1.0,0.0,0.0,0.0,0.0,1.0,0.0,0.0,0.0,0.4131592016897486,0.32832803464305804,1.0,1.0,2
0.0,1.0,0.0,0.0,0.3,0.19505062862416117,0.0,0.0,0.0,0.0,0.0,0.0,0.0,0.0,0.0,0.0,0.1085194943710043,0.4826815668195449,1.0,0.0,1
0.0,1.0,0.0,0.0,0.0,0.16567695940182894,0.0,0.0,0.0,0.0,0.0,0.0,0.0,0.0,0.0,0.0,0.56655655649889,0.30316397961314917,1.0,0.0,1
0.0,1.0,0.0,0.0,0.0,0.0008338284816490304,0.0,0.0,0.0,0.0,0.0,1.0,1.0,0.0,0.0,1.0,0.5238771076937893,0.5260085169971088,1.0,0.0,2
0.0,1.0,0.0,0.0,0.3,0.10888469039448821,0.0,0.0,0.0,0.0,0.0,0.0,0.0,0.0,0.0,0.0,0.3763718643550376,0.5919402279574297,1.0,1.0,1
0.0,1.0,0.0,0.0,0.3,0.36485095759721264,0.0,0.0,0.0,0.0,0.0,0.0,0.0,0.0,0.0,0.0,0.2266470520177494,0.2806145249420814,1.0,0.0,1
0.0,1.0,0.0,0.0,0.3,0.5828627912427755,0.0,0.0,0.0,0.0,0.0,0.0,0.0,1.0,0.0,0.0,0.4321388476394933,0.12581156566992246,1.0,0.0,0
0.0,1.0,0.0,0.0,0.3,0.1735573370248332,0.0,0.0,0.0,0.0,0.0,0.0,1.0,0.0,0.0,1.0,0.4900235961565216,0.12650609218312248,1.0,1.0,2
1.0,1.0,0.0,0.0,0.0,0.8674147788577503,0.0,0.0,0.0,0.0,0.0,0.0,0.0,1.0,0.0,0.0,0.3879593223168718,0.8081002442508899,1.0,1.0,0
0.0,1.0,0.0,0.0,0.3,0.12599003574166479,0.0,0.0,0.0,0.0,0.0,0.0,1.0,0.0,0.0,1.0,0.3832677716710936,0.2684113092410439,1.0,0.0,2
0.0,1.0,0.0,0.0,0.3,0.3913694311078863,0.0,0.0,0.0,0.0,0.0,0.0,0.0,0.0,0.0,0.0,0.4426485569043941,0.40803367908441923,1.0,1.0,1
0.0,1.0,0.0,0.0,0.6,0.23617800577653925,0.0,0.0,0.0,0.0,0.0,0.0,0.0,0.0,0.0,0.0,0.23614247408855427,0.5430788498193383,1.0,0.0,1
0.0,1.0,0.0,0.0,0.0,0.05833843279541178,0.0,0.0,0.0,0.0,0.0,0.0,0.0,0.0,0.0,0.0,0.3251001629340743,0.10000734403511059,1.0,0.0,1
0.0,1.0,0.0,0.0,0.3,0.25076291441144744,0.0,0.0,0.0,0.0,0.0,0.0,0.0,0.0,0.0,0.0,0.37964579947929294,0.463882502864433,1.0,1.0,1
0.0,1.0,0.0,0.0,0.3,0.8615086935468295,0.0,0.0,0.0,0.0,0.0,0.0,0.0,1.0,0.0,0.0,0.14253163049044326,0.08914953073493731,1.0,0.0,0
0.0,1.0,0.0,0.0,0.6,0.18735897670005958,0.0,0.0,0.0,0.0,0.0,1.0,1.0,0.0,0.0,1.0,0.41042038020740756,0.04863565757047419,1.0,0.0,2
0.0,1.0,0.0,0.0,0.0,0.018824719472018185,0.0,0.0,0.0,0.0,0.0,0.0,1.0,0.0,0.0,0.0,0.6072949927246065,0.5531004020059389,1.0,1.0,2
0.0,1.0,0.0,0.0,0.0,0.06787094028974873,0.0,0.0,0.0,0.0,0.0,0.0,0.0,0.0,0.0,0.0,0.2929033452342798,0.5134768824704274,1.0,1.0,1
0.0,1.0,0.0,0.0,0.0,0.24042177860953043,0.0,0.0,0.0,0.0,0.0,0.0,0.0,0.0,0.0,0.0,0.174954583256512,0.2672298254795459,1.0,1.0,1
1.0,1.0,0.0,0.0,0.3,0.6189888898897989,0.0,0.0,0.0,0.0,0.0,0.0,0.0,1.0,0.0,0.0,0.536596314652718,0.6166950315686783,1.0,1.0,0
0.0,1.0,0.0,0.0,0.3,0.2070847415170758,0.0,0.0,0.0,0.0,0.0,0.0,1.0,0.0,0.0,1.0,0.2662303309438107,0.4074251403728208,1.0,1.0,2
1.0,1.0,0.0,0.0,0.0,0.9475871413428585,0.0,0.0,0.0,0.0,0.0,0.0,0.0,1.0,0.0,0.0,0.33970869324099673,0.6310671537228832,1.0,0.0,0
1.0,1.0,0.0,0.0,0.6,0.987763907549207,0.0,0.0,0.0,0.0,0.0,0.0,0.0,1.0,0.0,0.0,0.46754266650572834,0.2613251728268948,1.0,0.0,0
0.0,1.0,0.0,0.0,0.0,0.09185896693213144,0.0,0.0,0.0,0.0,0.0,1.0,1.0,0.0,0.0,1.0,0.12651252196587348,0.14352196252821373,1.0,0.0,2
0.0,1.0,0.0,0.0,0.0,0.287342459490053,0.0,0.0,0.0,0.0,0.0,0.0,1.0,0.0,0.0,1.0,0.18856823946774376,0.8273632788513424,1.0,1.0,2
0.0,1.0,0.0,0.0,0.3,0.126449792202195,0.0,0.0,0.0,0.0,0.0,0.0,0.0,0.0,0.0,0.0,0.14934510411842059,0.42653468215576756,1.0,0.0,1
0.0,1.0,0.0,0.0,0.3,0.03417842525345618,0.0,0.0,0.0,0.0,0.0,1.0,1.0,0.0,0.0,1.0,0.2179199227845437,0.510781145308193,1.0,1.0,2
0.0,1.0,0.0,0.0,0.2,0.21769152897954466,0.0,0.0,0.0,0.0,0.0,0.0,0.0,0.0,0.0,0.0,0.14321611975390755,0.20528785499395444,1.0,1.0,1
0.0,1.0,0.0,0.0,0.3,0.0804557121224895,0.0,0.0,0.0,0.0,0.0,0.0,0.0,0.0,0.0,0.0,0.27263735328404703,0.3484533398200766,1.0,1.0,1
0.0,1.0,0.0,0.0,0.6,0.015660864633828684,0.0,0.0,0.0,0.0,0.0,0.0,0.0,0.0,0.0,0.0,0.1471985116514894,0.6211526319736946,1.0,1.0,1
0.0,1.0,0.0,0.0,0.0,0.058915970964416677,0.0,1.0,0.0,0.0,0.0,0.0,1.0,0.0,0.0,1.0,0.05561688350437471,0.3306035746627329,1.0,1.0,2
0.0,1.0,0.0,0.0,0.3,0.2853200375006615,0.0,0.0,0.0,0.0,0.0,0.0,0.0,0.0,0.0,0.0,0.43703663029936496,0.43347248144156036,1.0,0.0,1
0.0,1.0,0.0,0.0,0.6,0.2170713208260921,0.0,0.0,0.0,0.0,0.0,0.0,0.0,0.0,0.0,0.0,0.23215255190582912,0.4435332612845073,1.0,0.0,1
0.0,1.0,0.0,0.0,0.6,0.2836384137038898,0.0,0.0,0.0,0.0,0.0,0.0,0.0,1.0,0.0,0.0,0.21531006640276937,0.28226830369419825,1.0,0.0,0
0.0,1.0,0.0,0.0,0.6,0.004287118290766376,0.0,0.0,0.0,0.0,0.0,1.0,1.0,0.0,0.0,0.0,0.6397040197699476,0.4567895007607979,1.0,1.0,2
0.0,1.0,0.0,0.0,0.0,0.5530449479334105,0.0,0.0,0.0,0.0,0.0,0.0,0.0,1.0,0.0,0.0,0.28367874143899124,0.5956178075373342,1.0,1.0,0
0.0,1.0,0.0,0.0,0.0,0.24572206950130562,0.0,0.0,0.0,0.0,0.0,0.0,1.0,0.0,0.0,0.0,0.16629984229126193,0.1218626197646365,1.0,0.0,2
0.0,1.0,0.0,0.0,0.0,0.02861477875563108,0.0,0.0,0.0,0.0,0.0,1.0,1.0,0.0,0.0,1.0,0.390163327726417,0.4772071696888971,1.0,1.0,2
0.0,1.0,0.0,0.0,0.6,0.14732332437053558,0.0,0.0,0.0,0.0,0.0,0.0,0.0,0.0,0.0,0.0,0.2984186344388717,0.6402833209394061,1.0,1.0,1
0.0,1.0,0.0,0.0,0.0,0.6974168522412028,0.0,0.0,0.0,0.0,0.0,0.0,0.0,1.0,0.0,0.0,0.30794507383564806,0.2099288158619126,1.0,0.0,0
0.0,1.0,0.0,0.0,0.0,0.1545835374991877,0.0,0.0,0.0,0.0,0.0,0.0,0.0,0.0,0.0,0.0,0.2142282917046569,0.6186014452299585,1.0,1.0,1
0.0,1.0,0.0,0.0,0.0,0.00031639886021355237,0.0,0.0,0.0,0.0,0.0,1.0,1.0,0.0,0.0,0.0,0.2374637012957079,0.2548888498193174,1.0,1.0,2
0.0,1.0,0.0,0.0,0.0,0.40105900572555786,0.0,0.0,0.0,0.0,0.0,0.0,0.0,0.0,0.0,0.0,0.17854291320719257,0.5033591736668447,1.0,1.0,1
1.0,1.0,0.0,0.0,0.3,0.9643613125429135,0.0,0.0,0.0,0.0,0.0,0.0,0.0,1.0,0.0,0.0,0.21369696084191486,0.29545988182659005,1.0,1.0,0
0.0,1.0,0.0,0.0,0.0,0.1705994652959845,0.0,0.0,0.0,0.0,0.0,0.0,0.0,0.0,0.0,0.0,0.5129129866578802,0.3116676480921818,1.0,0.0,1
0.0,1.0,0.0,0.0,0.0,0.30849582275407694,0.0,0.0,0.0,0.0,0.0,0.0,0.0,0.0,0.0,0.0,0.709703987589154,0.318365787627685,1.0,1.0,1
0.0,1.0,0.0,0.0,0.0,0.3208525694656563,0.0,0.0,0.0,0.0,0.0,0.0,0.0,0.0,0.0,0.0,0.34645504789964754,0.4642960092685693,1.0,1.0,1
1.0,1.0,0.0,0.0,0.0,0.9142745234914573,0.0,0.0,0.0,0.0,0.0,0.0,0.0,1.0,0.0,0.0,0.31972113376396466,0.0904957150374836,1.0,0.0,0
0.0,1.0,0.0,0.0,0.6,0.3068882769669067,0.0,0.0,0.0,0.0,0.0,0.0,0.0,0.0,0.0,0.0,0.4369662137654653,0.31380941735370477,1.0,1.0,1
0.0,1.0,0.0,0.0,0.3,0.33604277829210893,0.0,0.0,0.0,0.0,0.0,0.0,0.0,0.0,0.0,0.0,0.04802075776136698,0.7316196025083144,1.0,0.0,1
0.0,1.0,0.0,0.0,0.0,0.10783484240320694,0.0,0.0,0.0,0.0,0.0,0.0,0.0,0.0,0.0,0.0,0.037618485168388616,0.34766956150614564,1.0,0.0,1
0.0,1.0,0.0,0.0,0.0,0.13199286021913822,0.0,1.0,0.0,0.0,0.0,1.0,1.0,0.0,0.0,0.0,0.14783463379978704,0.10700492094551392,1.0,1.0,2
1.0,1.0,0.0,0.0,0.6,0.9384054504373325,0.0,0.0,0.0,0.0,0.0,0.0,0.0,1.0,0.0,0.0,0.017589633480518153,0.2107489624300405,1.0,1.0,0
0.0,1.0,0.0,0.0,0.3,0.5355692137128713,0.0,0.0,0.0,0.0,0.0,0.0,0.0,0.0,0.0,0.0,0.25632548312372,0.2880376526373668,1.0,1.0,1
0.0,1.0,0.0,0.0,0.0,0.10429077095129725,0.0,0.0,0.0,0.0,0.0,0.0,0.0,0.0,0.0,0.0,0.3434911794867325,0.34416160002815266,1.0,1.0,1
0.0,1.0,0.0,0.0,0.3,0.21986757053188255,0.0,1.0,0.0,0.0,0.0,0.0,1.0,0.0,0.0,1.0,0.17020566449360064,0.3194803546714559,1.0,0.0,2
0.0,1.0,0.0,0.0,0.3,0.1533815212671892,0.0,0.0,0.0,0.0,0.0,0.0,0.0,0.0,0.0,0.0,0.2833170408712746,0.43673709811026695,1.0,1.0,1
0.0,1.0,0.0,0.0,0.6,0.13080033541315542,0.0,0.0,0.0,0.0,0.0,0.0,0.0,0.0,0.0,0.0,0.21636089672635392,0.7379667120441775,1.0,0.0,1
0.0,1.0,0.0,0.0,0.3,0.6929394636989881,0.0,0.0,0.0,0.0,0.0,0.0,0.0,1.0,0.0,0.0,0.3200154427609737,0.27556378770455814,1.0,1.0,0
0.0,1.0,0.0,0.0,0.3,0.018824617056503054,0.0,1.0,0.0,0.0,0.0,1.0,1.0,0.0,0.0,0.0,0.05677330470418664,0.671225480605097,1.0,0.0,2
0.0,1.0,0.0,0.0,0.3,0.49459425102393084,0.0,0.0,0.0,0.0,0.0,0.0,0.0,0.0,0.0,0.0,0.2930156970110329,0.6578305917853724,1.0,1.0,1
0.0,1.0,0.0,0.0,0.3,0.10249387765030805,1.0,0.0,0.0,0.0,0.0,0.0,1.0,0.0,0.0,0.0,0.4243456850767287,0.8594636315642832,1.0,1.0,2
0.0,1.0,0.0,0.0,0.3,0.2593079768893633,0.0,0.0,0.0,0.0,0.0,0.0,0.0,0.0,0.0,0.0,0.1869712137871792,0.12482397142008211,1.0,1.0,1
0.0,1.0,0.0,0.0,0.3,0.04163607962232061,0.0,0.0,0.0,0.0,0.0,0.0,1.0,0.0,0.0,1.0,0.1917234465366057,0.592615164107307,1.0,0.0,2
0.0,1.0,0.0,0.0,0.0,0.022833407303684022,0.0,0.0,0.0,0.0,0.0,0.0,1.0,0.0,0.0,1.0,0.33114805179909773,0.2840261137960079,1.0,1.0,2
0.0,1.0,0.0,0.0,0.0,0.0025242174517277503,1.0,1.0,0.0,0.0,0.0,1.0,1.0,0.0,0.0,1.0,0.2502269885690267,0.5720718890187618,1.0,0.0,2
0.0,1.0,0.0,0.0,0.3,0.11872464418862841,0.0,0.0,0.0,0.0,0.0,1.0,1.0,0.0,0.0,1.0,0.07320880643377665,0.4472979278002608,1.0,0.0,2
0.0,1.0,0.0,0.0,0.0,0.29764536441998785,0.0,0.0,0.0,0.0,0.0,0.0,0.0,0.0,0.0,0.0,0.3119637822991187,0.7628934600711175,1.0,1.0,1
0.0,1.0,0.0,0.0,0.0,0.4964707670065911,0.0,0.0,0.0,0.0,0.0,0.0,0.0,1.0,0.0,0.0,0.13053162114929326,0.17802680923145575,1.0,1.0,0
0.0,1.0,0.0,0.0,0.0,0.8035989754351005,0.0,0.0,0.0,0.0,0.0,0.0,0.0,1.0,0.0,0.0,0.32847371647312956,0.5351162881470658,1.0,0.0,0
0.0,1.0,0.0,0.0,0.6,0.018764692204853408,0.0,0.0,0.0,0.0,0.0,0.0,0.0,0.0,0.0,0.0,0.32001175519958797,0.26957923999988415,1.0,1.0,1
0.0,1.0,0.0,0.0,0.0,0.019958417809851223,0.0,1.0,0.0,0.0,0.0,1.0,1.0,0.0,0.0,1.0,0.16125356202324861,0.5085613779094572,1.0,0.0,2
0.0,1.0,0.0,0.0,0.6,0.13594319304110702,1.0,1.0,0.0,0.0,0.0,0.0,1.0,0.0,0.0,1.0,0.3031702291107563,0.6813568839843566,1.0,0.0,2
0.0,1.0,0.0,0.0,0.3,0.9287430150806563,0.0,0.0,0.0,0.0,0.0,0.0,0.0,1.0,0.0,0.0,0.360033305714848,0.270816066066751,1.0,0.0,0
0.0,1.0,0.0,0.0,0.3,0.2687169256293509,0.0,0.0,0.0,0.0,0.0,0.0,0.0,0.0,0.0,0.0,0.34807166654083094,0.8018447235626999,1.0,1.0,1
0.0,1.0,0.0,0.0,0.0,0.6856417123721255,0.0,0.0,0.0,0.0,0.0,0.0,0.0,1.0,0.0,0.0,0.20083730118153922,0.7568940039798637,1.0,1.0,0
0.0,1.0,0.0,0.0,0.3,0.8094797452772001,0.0,0.0,0.0,0.0,0.0,0.0,0.0,1.0,0.0,0.0,0.26539087193683647,0.5940067145397081,1.0,0.0,0
0.0,1.0,0.0,0.0,0.2,0.9067967694599236,0.0,0.0,0.0,0.0,0.0,0.0,0.0,1.0,0.0,0.0,0.2518323900264829,0.2335024490982815,1.0,0.0,0
0.0,1.0,0.0,0.0,0.3,0.11516970546263836,1.0,1.0,0.0,0.0,0.0,1.0,1.0,0.0,0.0,1.0,0.017938388635016945,0.4925898231946698,1.0,1.0,2
0.0,1.0,0.0,0.0,0.0,0.654442009132331,0.0,0.0,0.0,0.0,0.0,0.0,0.0,1.0,0.0,0.0,0.1023926667060612,0.7283138059588036,1.0,1.0,0
0.0,1.0,0.0,0.0,0.3,0.10173071945079074,1.0,0.0,0.0,0.0,0.0,1.0,1.0,0.0,0.0,0.0,0.36223025875818043,0.29908832040287203,1.0,1.0,2
0.0,1.0,0.0,0.0,0.3,0.23349122833977068,0.0,0.0,0.0,0.0,0.0,0.0,0.0,0.0,0.0,0.0,0.11609796750426336,0.5511758845832854,1.0,1.0,1
0.0,1.0,0.0,0.0,0.3,0.023311007470557126,0.0,0.0,0.0,0.0,0.0,1.0,1.0,0.0,0.0,0.0,0.19480813808156186,0.3469336389091008,1.0,0.0,2
0.0,1.0,0.0,0.0,0.3,0.7147640051800433,0.0,0.0,0.0,0.0,0.0,0.0,0.0,1.0,0.0,0.0,0.30328919764370543,0.57753414376846,1.0,0.0,0
1.0,1.0,0.0,0.0,0.2,0.36600250494410813,0.0,0.0,0.0,0.0,0.0,0.0,0.0,1.0,0.0,0.0,0.191473646193752,0.653587132098016,1.0,1.0,0
0.0,1.0,0.0,0.0,0.3,0.037948142353241676,0.0,1.0,0.0,0.0,0.0,1.0,1.0,0.0,0.0,1.0,0.13200010161783204,0.22364340354405957,1.0,0.0,2
0.0,1.0,0.0,0.0,0.0,0.9166062787876147,0.0,0.0,0.0,0.0,0.0,0.0,0.0,1.0,0.0,0.0,0.05134369033503873,0.3805940405358874,1.0,0.0,0
0.0,1.0,0.0,0.0,0.6,0.8665316335406635,0.0,0.0,0.0,0.0,0.0,0.0,0.0,1.0,0.0,0.0,0.29690141142956344,0.31096808798162784,1.0,1.0,0
0.0,1.0,0.0,0.0,0.0,0.2778631748803749,0.0,0.0,0.0,0.0,0.0,0.0,0.0,0.0,0.0,0.0,0.27225046846922263,0.4625094124831072,1.0,0.0,1
1.0,1.0,0.0,0.0,0.6,0.7398576017693782,0.0,0.0,0.0,0.0,0.0,0.0,0.0,1.0,0.0,0.0,0.31026300835923387,0.46405530802595496,1.0,0.0,0
0.0,1.0,0.0,0.0,0.0,0.013050185423473724,0.0,0.0,0.0,0.0,0.0,0.0,0.0,0.0,0.0,0.0,0.6543427915121067,0.12849615322679128,1.0,0.0,1
0.0,1.0,0.0,0.0,0.0,0.13064059813165407,0.0,0.0,0.0,0.0,0.0,0.0,0.0,0.0,0.0,0.0,0.436067177455432,0.19754374021363977,1.0,1.0,1
0.0,1.0,0.0,0.0,0.0,0.16043748146011538,1.0,0.0,0.0,0.0,0.0,0.0,1.0,0.0,0.0,1.0,0.17546583926745143,0.3707360240456814,1.0,0.0,2
0.0,1.0,0.0,0.0,0.3,0.3980588622227716,0.0,0.0,0.0,0.0,0.0,0.0,0.0,0.0,0.0,0.0,0.7045923228818399,0.3962564090943091,1.0,0.0,1
0.0,1.0,0.0,0.0,0.0,0.6699475606613319,0.0,0.0,0.0,0.0,0.0,0.0,0.0,1.0,0.0,0.0,0.30847558615701964,0.6480317210941833,1.0,1.0,0
0.0,1.0,0.0,0.0,0.6,0.7725022903691504,0.0,0.0,0.0,0.0,0.0,0.0,0.0,1.0,0.0,0.0,0.16380267548333446,0.7386202060069488,1.0,0.0,0
1.0,1.0,0.0,0.0,0.0,0.7303107533323286,0.0,0.0,0.0,0.0,0.0,0.0,0.0,1.0,0.0,0.0,0.535454415923192,0.22166946317522393,1.0,0.0,0
0.0,1.0,0.0,0.0,0.0,0.6384131228910916,0.0,0.0,0.0,0.0,0.0,0.0,0.0,1.0,0.0,0.0,0.34983056790816164,0.8515286327960104,1.0,1.0,0
0.0,1.0,0.0,0.0,0.0,0.2180050801099504,1.0,0.0,0.0,0.0,0.0,1.0,1.0,0.0,0.0,1.0,0.3380562239679165,0.4839533366825068,1.0,0.0,2
0.0,1.0,0.0,0.0,0.0,0.2352851748377961,0.0,0.0,0.0,0.0,0.0,0.0,0.0,0.0,0.0,0.0,0.20716159017365973,0.4333480602009774,1.0,0.0,1
1.0,1.0,0.0,0.0,0.0,0.700823562675647,0.0,0.0,0.0,0.0,0.0,0.0,0.0,1.0,0.0,0.0,0.5925568752905824,0.6512626832174409,1.0,1.0,0
0.0,1.0,0.0,0.0,0.0,0.09529969034703244,0.0,0.0,0.0,0.0,0.0,0.0,1.0,0.0,0.0,0.0,0.4697706497291002,0.6062822796817713,1.0,1.0,2
0.0,1.0,0.0,0.0,0.3,0.8947634764506188,0.0,0.0,0.0,0.0,0.0,0.0,0.0,1.0,0.0,0.0,0.21094796073317934,0.6603949712610443,1.0,0.0,0
0.0,1.0,0.0,0.0,0.3,0.12988257140047968,0.0,0.0,0.0,0.0,0.0,0.0,0.0,0.0,0.0,0.0,0.12185904424380598,0.6965945568550652,1.0,1.0,1
0.0,1.0,0.0,0.0,0.3,0.6512228108806755,0.0,0.0,0.0,0.0,0.0,0.0,0.0,0.0,0.0,0.0,0.4237957965673665,0.24712886539559614,1.0,1.0,1
0.0,1.0,0.0,0.0,0.3,0.019084055107681342,0.0,1.0,0.0,0.0,0.0,0.0,1.0,0.0,0.0,0.0,0.17916121588830916,0.5480875432212282,1.0,0.0,2
0.0,1.0,0.0,0.0,0.0,0.249030327289469,0.0,0.0,0.0,0.0,0.0,0.0,1.0,0.0,0.0,0.0,0.361819962236616,0.3294602033739143,1.0,0.0,2
0.0,1.0,0.0,0.0,0.3,0.05187828138313166,0.0,0.0,0.0,0.0,0.0,1.0,1.0,0.0,0.0,0.0,0.1239361432633761,0.3719315666220903,1.0,1.0,2
0.0,1.0,0.0,0.0,0.3,0.5722071559754475,0.0,0.0,0.0,0.0,0.0,0.0,0.0,1.0,0.0,0.0,0.38537191217357863,0.386219328707644,1.0,0.0,0
0.0,1.0,0.0,0.0,0.0,0.30319687846169074,0.0,0.0,0.0,0.0,0.0,0.0,1.0,0.0,0.0,1.0,0.14582635307619957,0.32262150292573455,1.0,1.0,2
1.0,1.0,0.0,0.0,0.0,0.36986836098726195,0.0,0.0,0.0,0.0,0.0,0.0,0.0,1.0,0.0,0.0,0.25939515729259804,0.446484063520762,1.0,0.0,0
0.0,1.0,0.0,0.0,0.2,0.363294048922955,0.0,0.0,0.0,0.0,0.0,0.0,0.0,0.0,0.0,0.0,0.21518594031046406,0.6877029682351773,1.0,1.0,1
0.0,1.0,0.0,0.0,0.3,0.3505288752202959,0.0,0.0,0.0,0.0,0.0,0.0,0.0,0.0,0.0,0.0,0.2943108317780801,0.5210138872748927,1.0,0.0,1
0.0,1.0,0.0,0.0,0.3,0.5450221429698497,0.0,0.0,0.0,0.0,0.0,0.0,0.0,0.0,0.0,0.0,0.13796750398527285,0.2561684085147655,1.0,1.0,1
0.0,1.0,0.0,0.0,0.3,0.12803843766415007,0.0,0.0,0.0,0.0,0.0,0.0,0.0,0.0,0.0,0.0,0.16757744286826717,0.21548861310045936,1.0,1.0,1
0.0,1.0,0.0,0.0,0.3,0.41772631103435454,0.0,0.0,0.0,0.0,0.0,0.0,0.0,0.0,0.0,0.0,0.03466528825389444,0.5010384827979246,1.0,1.0,1
0.0,1.0,0.0,0.0,0.6,0.39789754055299487,0.0,0.0,0.0,0.0,0.0,0.0,0.0,0.0,0.0,0.0,0.4157263726308595,0.4298414658633202,1.0,0.0,1
0.0,1.0,0.0,0.0,0.3,0.5863249190195315,0.0,0.0,0.0,0.0,0.0,0.0,0.0,1.0,0.0,0.0,0.3385221830263164,0.7111987320759592,1.0,0.0,0
0.0,1.0,0.0,0.0,0.6,0.21719808010974728,1.0,1.0,0.0,0.0,0.0,0.0,1.0,0.0,0.0,1.0,0.3457632089372034,0.720618105027305,1.0,0.0,2
0.0,1.0,0.0,0.0,0.3,0.25920877061631153,0.0,0.0,0.0,0.0,0.0,0.0,0.0,0.0,0.0,0.0,0.18266593865475256,0.5382923934263295,1.0,1.0,1
0.0,1.0,0.0,0.0,0.2,0.8046067897770469,0.0,0.0,0.0,0.0,0.0,0.0,0.0,1.0,0.0,0.0,0.45200186948735904,0.49977010484125245,1.0,1.0,0
0.0,1.0,0.0,0.0,0.6,0.006261599827415906,0.0,0.0,0.0,0.0,0.0,0.0,0.0,0.0,0.0,0.0,0.6287615738582802,0.205645486864376,1.0,0.0,1
0.0,1.0,0.0,0.0,0.0,0.16171183763116231,0.0,0.0,0.0,0.0,0.0,0.0,0.0,0.0,0.0,0.0,0.16144173758282257,0.5242815971459033,1.0,1.0,1
1.0,1.0,0.0,0.0,0.6,0.8137983293409464,0.0,0.0,0.0,0.0,0.0,0.0,0.0,1.0,0.0,0.0,0.26486625609736625,0.6308285878737031,1.0,0.0,0
0.0,1.0,0.0,0.0,0.3,0.21189087740222246,0.0,0.0,0.0,0.0,0.0,0.0,0.0,0.0,0.0,0.0,0.03820381390414771,0.8159226997234519,1.0,0.0,1
0.0,1.0,0.0,0.0,0.6,0.2946899294630036,0.0,0.0,0.0,0.0,0.0,0.0,0.0,1.0,0.0,0.0,0.509322153608006,0.587384757926431,1.0,0.0,0
0.0,1.0,0.0,0.0,0.3,0.056895853392791754,0.0,1.0,0.0,0.0,0.0,1.0,1.0,0.0,0.0,1.0,0.09839609680963327,0.37109424277538583,1.0,1.0,2
0.0,1.0,0.0,0.0,0.0,0.12586965507564415,0.0,1.0,0.0,0.0,0.0,1.0,1.0,0.0,0.0,1.0,0.03198194333413593,0.44128654131909845,1.0,0.0,2
0.0,1.0,0.0,0.0,0.0,0.7593258089810517,0.0,0.0,0.0,0.0,0.0,0.0,0.0,1.0,0.0,0.0,0.12723029857367185,0.5378919255166275,1.0,1.0,0
1.0,1.0,0.0,0.0,0.6,0.7480999121982418,0.0,0.0,0.0,0.0,0.0,0.0,0.0,1.0,0.0,0.0,0.2555567643210205,0.6330822266228797,1.0,1.0,0
0.0,1.0,0.0,0.0,0.3,0.039164139585143365,0.0,1.0,0.0,0.0,0.0,1.0,1.0,0.0,0.0,0.0,0.5082422214490506,0.696069551018889,1.0,0.0,2
0.0,1.0,0.0,0.0,0.0,0.7039731825231471,0.0,0.0,0.0,0.0,0.0,0.0,0.0,1.0,0.0,0.0,0.11544700538112711,0.32856658940615435,1.0,0.0,0
0.0,1.0,0.0,0.0,0.0,0.3424960652525318,0.0,0.0,0.0,0.0,0.0,0.0,0.0,1.0,0.0,0.0,0.40558119386476815,0.38550495595911427,1.0,0.0,0
0.0,1.0,0.0,0.0,0.6,0.14058923169035759,0.0,0.0,0.0,0.0,0.0,0.0,0.0,0.0,0.0,0.0,0.5643166551090399,0.42412335158460845,1.0,0.0,1
1.0,1.0,0.0,0.0,0.3,0.9089014892009953,0.0,0.0,0.0,0.0,0.0,0.0,0.0,1.0,0.0,0.0,0.2965476266541258,0.4697972268139807,1.0,1.0,0
0.0,1.0,0.0,0.0,0.3,0.008877267043956576,0.0,0.0,0.0,0.0,0.0,0.0,1.0,0.0,0.0,0.0,0.2831460971268022,0.261317792628832,1.0,1.0,2
0.0,1.0,0.0,0.0,0.3,0.1562516974316149,1.0,0.0,0.0,0.0,0.0,0.0,1.0,0.0,0.0,0.0,0.3087444556582375,0.3911512153023375,1.0,0.0,2
1.0,1.0,0.0,0.0,0.3,0.5733529119657609,0.0,0.0,0.0,0.0,0.0,0.0,0.0,1.0,0.0,0.0,0.17815019092594017,0.17362889098400786,1.0,0.0,0
0.0,1.0,0.0,0.0,0.0,0.872853222910611,0.0,0.0,0.0,0.0,0.0,0.0,0.0,1.0,0.0,0.0,0.41444144902068225,0.19296631018276986,1.0,0.0,0
0.0,1.0,0.0,0.0,0.6,0.060409062335269395,1.0,0.0,0.0,0.0,0.0,0.0,1.0,0.0,0.0,0.0,0.10172872959969234,0.7174232740024283,1.0,1.0,2
0.0,1.0,0.0,0.0,0.0,0.5407617700027926,0.0,0.0,0.0,0.0,0.0,0.0,0.0,1.0,0.0,0.0,0.40402761759697664,0.20188115858333042,1.0,0.0,0
0.0,1.0,0.0,0.0,0.2,0.393720604858272,0.0,0.0,0.0,0.0,0.0,0.0,0.0,0.0,0.0,0.0,0.22931035483071863,0.1761245987445937,1.0,1.0,1
0.0,1.0,0.0,0.0,0.3,0.15528103844858343,0.0,1.0,0.0,0.0,0.0,1.0,1.0,0.0,0.0,1.0,0.19528764100798288,0.2032281863070366,1.0,1.0,2
0.0,1.0,0.0,0.0,0.0,0.02490380689400791,0.0,0.0,0.0,0.0,0.0,0.0,0.0,0.0,0.0,0.0,0.1266465527234311,0.30641134464071096,1.0,0.0,1
0.0,1.0,0.0,0.0,0.0,0.1975930143699879,0.0,0.0,0.0,0.0,0.0,0.0,0.0,0.0,0.0,0.0,0.1357938095814188,0.18077249468213885,1.0,1.0,1
0.0,1.0,0.0,0.0,0.0,0.8555465688587359,0.0,0.0,0.0,0.0,0.0,0.0,0.0,1.0,0.0,0.0,0.6200236750250907,0.6187432189436438,1.0,0.0,0
0.0,1.0,0.0,0.0,0.2,0.2079452401700678,0.0,0.0,0.0,0.0,0.0,0.0,0.0,0.0,0.0,0.0,0.1020847902566509,0.5110583559568939,1.0,0.0,1
0.0,1.0,0.0,0.0,0.6,0.11728157698932959,0.0,0.0,0.0,0.0,0.0,0.0,1.0,0.0,0.0,1.0,0.04194709636961107,0.29910423848547996,1.0,0.0,2
0.0,1.0,0.0,0.0,0.3,0.7868355795488543,0.0,0.0,0.0,0.0,0.0,0.0,0.0,1.0,0.0,0.0,0.11322650993295574,0.1548081733073638,1.0,0.0,0
0.0,1.0,0.0,0.0,0.3,0.24099837126351722,1.0,0.0,0.0,0.0,0.0,0.0,1.0,0.0,0.0,1.0,0.4724161621867351,0.4646876166590192,1.0,0.0,2
1.0,1.0,0.0,0.0,0.1,0.7714355932786893,0.0,0.0,0.0,0.0,0.0,0.0,0.0,1.0,0.0,0.0,0.3870299745193668,0.15937781636292714,1.0,1.0,0
0.0,1.0,0.0,0.0,0.0,0.5210459436411357,0.0,0.0,0.0,0.0,0.0,0.0,0.0,0.0,0.0,0.0,0.1462951238717977,0.6091427700207305,1.0,0.0,1
0.0,1.0,0.0,0.0,0.3,0.11932762259119607,0.0,1.0,0.0,0.0,0.0,1.0,1.0,0.0,0.0,0.0,0.7425046555331799,0.6353783807847123,1.0,0.0,2
0.0,1.0,0.0,0.0,0.0,0.22916156031319837,0.0,0.0,0.0,0.0,0.0,0.0,0.0,0.0,0.0,0.0,0.538026285530921,0.627800665177572,1.0,0.0,1
0.0,1.0,0.0,0.0,0.3,0.24867655283532447,0.0,0.0,0.0,0.0,0.0,0.0,1.0,0.0,0.0,1.0,0.391888199452689,0.5260710125438731,1.0,0.0,2
0.0,1.0,0.0,0.0,0.3,0.16736091457459332,0.0,0.0,0.0,0.0,0.0,0.0,0.0,0.0,0.0,0.0,0.1796996328268092,0.377559691324933,1.0,1.0,1
0.0,1.0,0.0,0.0,0.0,0.5642693078842758,0.0,0.0,0.0,0.0,0.0,0.0,0.0,1.0,0.0,0.0,0.39431999170401444,0.33596343284094576,1.0,0.0,0
1.0,1.0,0.0,0.0,0.3,0.5894565060899657,0.0,0.0,0.0,0.0,0.0,0.0,0.0,1.0,0.0,0.0,0.40360792580510796,0.5529803286116267,1.0,1.0,0
0.0,1.0,0.0,0.0,0.0,0.8486271185398593,0.0,0.0,0.0,0.0,0.0,0.0,0.0,1.0,0.0,0.0,0.17836195876453187,0.33979921003972724,1.0,1.0,0
0.0,1.0,0.0,0.0,0.6,0.3408627756705581,0.0,0.0,0.0,0.0,0.0,0.0,0.0,0.0,0.0,0.0,0.6350571442408759,0.43298456356427995,1.0,1.0,1
1.0,1.0,0.0,0.0,0.3,0.6879928298198672,0.0,0.0,0.0,0.0,0.0,0.0,0.0,1.0,0.0,0.0,0.22192244886338164,0.31121297284998045,1.0,0.0,0
0.0,1.0,0.0,0.0,0.3,0.3817473585225797,0.0,0.0,0.0,0.0,0.0,0.0,0.0,0.0,0.0,0.0,0.22530070823534568,0.3496089725477274,1.0,0.0,1
1.0,1.0,0.0,0.0,0.3,0.9213672674227057,0.0,0.0,0.0,0.0,0.0,0.0,0.0,1.0,0.0,0.0,0.03956840539235929,0.5063311353372718,1.0,0.0,0
0.0,1.0,0.0,0.0,0.3,0.1862539024039725,1.0,1.0,0.0,0.0,0.0,0.0,1.0,0.0,0.0,0.0,0.28609568403154323,0.36888577094120095,1.0,0.0,2
0.0,1.0,0.0,0.0,0.3,0.662458130055912,0.0,0.0,0.0,0.0,0.0,0.0,0.0,1.0,0.0,0.0,0.3711753146835784,0.5737873914581997,1.0,0.0,0
0.0,1.0,0.0,0.0,0.6,0.03122070100537406,0.0,0.0,0.0,0.0,0.0,1.0,1.0,0.0,0.0,0.0,0.24353529442096053,0.6960961224747413,1.0,1.0,2
0.0,1.0,0.0,0.0,0.6,0.19453360770753145,0.0,0.0,0.0,0.0,0.0,0.0,0.0,0.0,0.0,0.0,0.6017861281849938,0.5979769261350748,1.0,0.0,1
1.0,1.0,0.0,0.0,0.0,0.7308344829138536,0.0,0.0,0.0,0.0,0.0,0.0,0.0,1.0,0.0,0.0,0.17261109573105346,0.5260647042915019,1.0,0.0,0
0.0,1.0,0.0,0.0,0.3,0.17142830248199253,0.0,0.0,0.0,0.0,0.0,0.0,1.0,0.0,0.0,0.0,0.2580531184742506,0.4262843242260122,1.0,1.0,2
0.0,1.0,0.0,0.0,0.0,0.2741056676869244,0.0,0.0,0.0,0.0,0.0,0.0,0.0,0.0,0.0,0.0,0.2554478000160864,0.15923555632954878,1.0,1.0,1
0.0,1.0,0.0,0.0,0.0,0.15712590098225518,0.0,0.0,0.0,0.0,0.0,0.0,0.0,0.0,0.0,0.0,0.4106266295329098,0.3286840816790731,1.0,1.0,1
0.0,1.0,0.0,0.0,0.3,0.015560327123279826,0.0,1.0,0.0,0.0,0.0,1.0,1.0,0.0,0.0,0.0,0.16180201337818215,0.47275850766813493,1.0,0.0,2
0.0,1.0,0.0,0.0,0.3,0.22782392554084585,0.0,0.0,0.0,0.0,0.0,0.0,0.0,0.0,0.0,0.0,0.45870327165496605,0.3260073487164493,1.0,0.0,1
1.0,1.0,0.0,0.0,0.3,0.7381759574106671,0.0,0.0,0.0,0.0,0.0,0.0,0.0,1.0,0.0,0.0,0.38595331717097103,0.2886895688012312,1.0,1.0,0
0.0,1.0,0.0,0.0,0.0,0.015404831263745282,0.0,0.0,0.0,0.0,0.0,1.0,1.0,0.0,0.0,0.0,0.3479354895183696,0.34931499790398834,1.0,1.0,2
0.0,1.0,0.0,0.0,0.3,0.3719847853156685,0.0,0.0,0.0,0.0,0.0,0.0,0.0,0.0,0.0,0.0,0.18277571021747235,0.2976637469429838,1.0,1.0,1
1.0,1.0,0.0,0.0,0.3,0.5092675797293839,0.0,0.0,0.0,0.0,0.0,0.0,0.0,1.0,0.0,0.0,0.2873990338679267,0.5789277690689862,1.0,1.0,0
0.0,1.0,0.0,0.0,0.3,0.07572484167952029,0.0,1.0,0.0,0.0,0.0,0.0,1.0,0.0,0.0,1.0,0.44237592693271544,0.6014982545598928,1.0,0.0,2
1.0,1.0,0.0,0.0,0.3,0.8726008360004776,0.0,0.0,0.0,0.0,0.0,0.0,0.0,1.0,0.0,0.0,0.29935959511359356,0.5255163452514303,1.0,1.0,0
0.0,1.0,0.0,0.0,0.6,0.22678095116699898,0.0,0.0,0.0,0.0,0.0,0.0,0.0,0.0,0.0,0.0,0.3043778961235811,0.20211327170632812,1.0,0.0,1
1.0,1.0,0.0,0.0,0.3,0.6827875720801143,0.0,0.0,0.0,0.0,0.0,0.0,0.0,1.0,0.0,0.0,0.3331883349042786,0.4913881599194668,1.0,0.0,0
0.0,1.0,0.0,0.0,0.6,0.9157956603259242,0.0,0.0,0.0,0.0,0.0,0.0,0.0,1.0,0.0,0.0,0.177352902024408,0.5028401400132563,1.0,0.0,0
0.0,1.0,0.0,0.0,0.0,0.119890678016334,0.0,0.0,0.0,0.0,0.0,1.0,1.0,0.0,0.0,0.0,0.17280496324121103,0.5924063246258693,1.0,0.0,2
0.0,1.0,0.0,0.0,0.6,0.1602923211633563,0.0,0.0,0.0,0.0,0.0,0.0,0.0,0.0,0.0,0.0,0.3131217004031033,0.6091424365262996,1.0,1.0,1
1.0,1.0,0.0,0.0,0.0,0.8262169257965776,0.0,0.0,0.0,0.0,0.0,0.0,0.0,1.0,0.0,0.0,0.3036003427675477,0.3175827091178316,1.0,0.0,0
0.0,1.0,0.0,0.0,0.3,0.30622986368525623,0.0,0.0,0.0,0.0,0.0,0.0,0.0,0.0,0.0,0.0,0.0902352351940415,0.6644061125621736,1.0,1.0,1
1.0,1.0,0.0,0.0,0.0,0.9718681425992657,0.0,0.0,0.0,0.0,0.0,0.0,0.0,1.0,0.0,0.0,0.4500716508294569,0.2535845383293798,1.0,0.0,0
1.0,1.0,0.0,0.0,0.3,0.5472742558597341,0.0,0.0,0.0,0.0,0.0,0.0,0.0,1.0,0.0,0.0,0.11107746181122362,0.2396783658167938,1.0,1.0,0
0.0,1.0,0.0,0.0,0.6,0.6663489012786387,0.0,0.0,0.0,0.0,0.0,0.0,0.0,1.0,0.0,0.0,0.26947483539391476,0.6995823835222004,1.0,1.0,0
0.0,1.0,0.0,0.0,0.6,0.06938479657735568,0.0,1.0,0.0,0.0,0.0,1.0,1.0,0.0,0.0,1.0,0.3355173655052456,0.6255632625628149,1.0,1.0,2
0.0,1.0,0.0,0.0,0.6,0.4287863521869136,0.0,0.0,0.0,0.0,0.0,0.0,0.0,1.0,0.0,0.0,0.4532495588444252,0.5189748716223481,1.0,0.0,0
0.0,1.0,0.0,0.0,0.0,0.8015314054582208,0.0,0.0,0.0,0.0,0.0,0.0,0.0,1.0,0.0,0.0,0.3161745780040627,0.384136084335551,1.0,0.0,0
0.0,1.0,0.0,0.0,0.3,0.5581758071123328,0.0,0.0,0.0,0.0,0.0,0.0,0.0,1.0,0.0,0.0,0.22587328710935595,0.3197925491856545,1.0,1.0,0
0.0,1.0,0.0,0.0,0.0,0.6575677919689661,0.0,0.0,0.0,0.0,0.0,0.0,0.0,0.0,0.0,0.0,0.5163250377763188,0.33158238480376756,1.0,0.0,1
0.0,1.0,0.0,0.0,0.0,0.24410714804941375,0.0,0.0,0.0,0.0,0.0,0.0,0.0,0.0,0.0,0.0,0.3744425431931217,0.5132289703563226,1.0,0.0,1
0.0,1.0,0.0,0.0,0.0,0.0244450034228139,0.0,0.0,0.0,0.0,0.0,0.0,1.0,0.0,0.0,0.0,0.011355606539676044,0.7829652118261812,1.0,0.0,2
1.0,1.0,0.0,0.0,0.6,0.5286317410138053,0.0,0.0,0.0,0.0,0.0,0.0,0.0,1.0,0.0,0.0,0.2834844298985606,0.3580524050730584,1.0,1.0,0
0.0,1.0,0.0,0.0,0.0,0.40426043967071934,0.0,0.0,0.0,0.0,0.0,0.0,0.0,0.0,0.0,0.0,0.6833514761502094,0.551978874043562,1.0,0.0,1
0.0,1.0,0.0,0.0,0.0,0.5505594879661848,0.0,0.0,0.0,0.0,0.0,0.0,0.0,1.0,0.0,0.0,0.052197710309109496,0.4789810338192715,1.0,0.0,0
0.0,1.0,0.0,0.0,0.3,0.7269316305266484,0.0,0.0,0.0,0.0,0.0,0.0,0.0,1.0,0.0,0.0,0.10860815826888522,0.3312563055910736,1.0,0.0,0
0.0,1.0,0.0,0.0,0.0,0.27496529246103074,0.0,0.0,0.0,0.0,0.0,0.0,0.0,0.0,0.0,0.0,0.24973809453646897,0.5701508113431254,1.0,1.0,1
1.0,1.0,0.0,0.0,0.6,0.8863877075985718,0.0,0.0,0.0,0.0,0.0,0.0,0.0,1.0,0.0,0.0,0.14240868006057317,0.19108639494481366,1.0,0.0,0
0.0,1.0,0.0,0.0,0.6,0.8244031278387279,0.0,0.0,0.0,0.0,0.0,0.0,0.0,1.0,0.0,0.0,0.0908602801894749,0.7758650415932851,1.0,1.0,0
0.0,1.0,0.0,0.0,0.3,0.21576333016643814,0.0,0.0,0.0,0.0,0.0,0.0,0.0,0.0,0.0,0.0,0.24503179937695138,0.9510934802926813,1.0,0.0,1
0.0,1.0,0.0,0.0,0.3,0.5903859989127392,0.0,0.0,0.0,0.0,0.0,0.0,0.0,1.0,0.0,0.0,0.31277767951654534,0.42090448822598214,1.0,1.0,0
1.0,1.0,0.0,0.0,0.0,0.42201322236593364,0.0,0.0,0.0,0.0,0.0,0.0,0.0,1.0,0.0,0.0,0.5885269967324052,0.1460721149400074,1.0,0.0,0
0.0,1.0,0.0,0.0,0.3,0.41932335063019743,0.0,0.0,0.0,0.0,0.0,0.0,0.0,1.0,0.0,0.0,0.14758706068954652,0.47221283068625236,1.0,1.0,0
0.0,1.0,0.0,0.0,0.3,0.44429062134388286,0.0,0.0,0.0,0.0,0.0,0.0,0.0,1.0,0.0,0.0,0.23806234471764975,0.24650600051597266,1.0,0.0,0
0.0,1.0,0.0,0.0,0.6,0.3131811806315284,0.0,0.0,0.0,0.0,0.0,0.0,0.0,0.0,0.0,0.0,0.23074764829531938,0.3641436414805625,1.0,0.0,1
0.0,1.0,0.0,0.0,0.3,0.2808866067102169,0.0,0.0,0.0,0.0,0.0,0.0,0.0,0.0,0.0,0.0,0.4987137851045296,0.367021199977013,1.0,1.0,1
0.0,1.0,0.0,0.0,0.6,0.19970246198598532,0.0,0.0,0.0,0.0,0.0,0.0,0.0,0.0,0.0,0.0,0.2873605608538806,0.5902435528345031,1.0,1.0,1
0.0,1.0,0.0,0.0,0.0,0.6581535028101088,0.0,0.0,0.0,0.0,0.0,0.0,0.0,0.0,0.0,0.0,0.09049753950073526,0.650326427664933,1.0,1.0,1
1.0,1.0,0.0,0.0,0.3,0.7341061453290492,0.0,0.0,0.0,0.0,0.0,0.0,0.0,1.0,0.0,0.0,0.39059383558657484,0.5424007705921428,1.0,0.0,0
1.0,1.0,0.0,0.0,0.6,0.8307919986646739,0.0,0.0,0.0,0.0,0.0,0.0,0.0,1.0,0.0,0.0,0.2603187692756782,0.7900260527483278,1.0,1.0,0
0.0,1.0,0.0,0.0,0.3,0.7806742561304014,0.0,0.0,0.0,0.0,0.0,0.0,0.0,1.0,0.0,0.0,0.24239925045532335,0.259025846825118,1.0,1.0,0
0.0,1.0,0.0,0.0,0.1,0.40395652096449414,0.0,0.0,0.0,0.0,0.0,0.0,0.0,1.0,0.0,0.0,0.2819477669765295,0.41626933468984073,1.0,1.0,0
1.0,1.0,0.0,0.0,0.0,0.6570096472185029,0.0,0.0,0.0,0.0,0.0,0.0,0.0,1.0,0.0,0.0,0.45261403974960257,0.45944162314223447,1.0,0.0,0
0.0,1.0,0.0,0.0,0.6,0.3726054827983347,0.0,0.0,0.0,0.0,0.0,0.0,0.0,0.0,0.0,0.0,0.2425365565548515,0.3798649906602124,1.0,1.0,1
0.0,1.0,0.0,0.0,0.3,0.4179414383389813,0.0,1.0,0.0,0.0,0.0,1.0,1.0,0.0,0.0,1.0,0.10345768223146583,0.4663805012967331,1.0,1.0,2
0.0,1.0,0.0,0.0,0.0,0.11501638651127122,0.0,0.0,0.0,0.0,0.0,0.0,0.0,0.0,0.0,0.0,0.10637593354436044,0.3691280953479613,1.0,1.0,1
0.0,1.0,0.0,0.0,0.0,0.7747124954187372,0.0,0.0,0.0,0.0,0.0,0.0,0.0,1.0,0.0,0.0,0.3413149285909411,0.17296330264817208,1.0,0.0,0
0.0,1.0,0.0,0.0,0.3,0.030767954325832004,1.0,0.0,0.0,0.0,0.0,1.0,1.0,0.0,0.0,0.0,0.22596671126963552,0.18126120944029261,1.0,1.0,2
0.0,1.0,0.0,0.0,0.3,0.7910756326473943,0.0,0.0,0.0,0.0,0.0,0.0,0.0,1.0,0.0,0.0,0.24506455454663623,0.3854530030027985,1.0,0.0,0
0.0,1.0,0.0,0.0,0.3,0.16239780369749152,0.0,1.0,0.0,0.0,0.0,1.0,1.0,0.0,0.0,1.0,0.4706934146492295,0.5453707679680342,1.0,0.0,2
0.0,1.0,0.0,0.0,0.3,0.16501277068275466,0.0,0.0,0.0,0.0,0.0,0.0,0.0,0.0,0.0,0.0,0.3243694419816836,0.47143182173889825,1.0,0.0,1
1.0,1.0,0.0,0.0,0.3,0.7253562514486486,0.0,0.0,0.0,0.0,0.0,0.0,0.0,1.0,0.0,0.0,0.515045273059122,0.5415976005602545,1.0,0.0,0
0.0,1.0,0.0,0.0,0.0,0.22487521187178267,0.0,0.0,0.0,0.0,0.0,0.0,0.0,0.0,0.0,0.0,0.09419291637209594,0.4442553065405972,1.0,1.0,1
0.0,1.0,0.0,0.0,0.2,0.9748612796820777,0.0,0.0,0.0,0.0,0.0,0.0,0.0,1.0,0.0,0.0,0.4543744623433962,0.4695059048778131,1.0,0.0,0
1.0,1.0,0.0,0.0,0.2,0.8121106355172175,0.0,0.0,0.0,0.0,0.0,0.0,0.0,1.0,0.0,0.0,0.613709709906048,0.3684543249456082,1.0,1.0,0
0.0,1.0,0.0,0.0,0.0,0.32832860604754965,0.0,0.0,0.0,0.0,0.0,0.0,0.0,0.0,0.0,0.0,0.15074955634315043,0.28302983133564275,1.0,1.0,1
0.0,1.0,0.0,0.0,0.3,0.3430423837319279,0.0,0.0,0.0,0.0,0.0,0.0,0.0,0.0,0.0,0.0,0.07058168944019197,0.5695792783114494,1.0,1.0,1
0.0,1.0,0.0,0.0,0.3,0.16677262785159264,0.0,0.0,0.0,0.0,0.0,0.0,0.0,0.0,0.0,0.0,0.6336591557852772,0.4677616456079762,1.0,0.0,1
0.0,1.0,0.0,0.0,0.0,0.47814356202833813,0.0,0.0,0.0,0.0,0.0,0.0,0.0,0.0,0.0,0.0,0.30191572104890674,0.4155582298358552,1.0,0.0,1
1.0,1.0,0.0,0.0,0.3,0.8250111337398138,0.0,0.0,0.0,0.0,0.0,0.0,0.0,1.0,0.0,0.0,0.2205307054881805,0.28687605869252353,1.0,1.0,0
0.0,1.0,0.0,0.0,0.0,0.13459042502630963,0.0,1.0,0.0,0.0,0.0,1.0,1.0,0.0,0.0,0.0,0.3298483339028894,0.5191010138456341,1.0,0.0,2
0.0,1.0,0.0,0.0,0.3,0.2713376363609299,0.0,0.0,0.0,0.0,0.0,0.0,0.0,0.0,0.0,0.0,0.11838489330874913,0.7220436641691399,1.0,1.0,1
1.0,1.0,0.0,0.0,0.6,0.8633606138387733,0.0,0.0,0.0,0.0,0.0,0.0,0.0,1.0,0.0,0.0,0.1699086848695856,0.28562978028819613,1.0,0.0,0
0.0,1.0,0.0,0.0,0.0,0.07202674176597834,1.0,1.0,0.0,0.0,0.0,1.0,1.0,0.0,0.0,1.0,0.38236555551197277,0.42223393830696365,1.0,1.0,2
0.0,1.0,0.0,0.0,0.0,0.27630109581483103,0.0,0.0,0.0,0.0,0.0,0.0,0.0,0.0,0.0,0.0,0.05446379518945961,0.8342279547846171,1.0,0.0,1
0.0,1.0,0.0,0.0,0.6,0.16847168036115895,0.0,0.0,0.0,0.0,0.0,0.0,1.0,0.0,0.0,0.0,0.38604495326941285,0.6706525867049914,1.0,1.0,2
0.0,1.0,0.0,0.0,0.6,0.06126288686108792,0.0,0.0,0.0,0.0,0.0,0.0,1.0,0.0,0.0,1.0,0.3982422575030187,0.4254036211449934,1.0,1.0,2
0.0,1.0,0.0,0.0,0.6,0.24699306477188918,0.0,0.0,0.0,0.0,0.0,0.0,0.0,0.0,0.0,0.0,0.23536809795964148,0.34238203694040015,1.0,0.0,1
0.0,1.0,0.0,0.0,0.2,0.53791207293533,0.0,0.0,0.0,0.0,0.0,0.0,0.0,0.0,0.0,0.0,0.2102680295144064,0.29362881221910214,1.0,0.0,1
0.0,1.0,0.0,0.0,0.0,0.18595508138495814,0.0,0.0,0.0,0.0,0.0,1.0,1.0,0.0,0.0,0.0,0.6032243724655072,0.38559323500608755,1.0,0.0,2
0.0,1.0,0.0,0.0,0.0,0.0980429289645174,0.0,1.0,0.0,0.0,0.0,0.0,1.0,0.0,0.0,0.0,0.5173070202595236,0.4373162290673485,1.0,0.0,2
0.0,1.0,0.0,0.0,0.1,0.9825787931069928,0.0,0.0,0.0,0.0,0.0,0.0,0.0,1.0,0.0,0.0,0.369940044557905,0.6289713715951608,1.0,0.0,0
0.0,1.0,0.0,0.0,0.6,0.27449571569205167,0.0,1.0,0.0,0.0,0.0,0.0,1.0,0.0,0.0,1.0,0.13015832841805985,0.4735148733779532,1.0,0.0,2
0.0,1.0,0.0,0.0,0.0,0.4010445225545823,0.0,0.0,0.0,0.0,0.0,0.0,0.0,0.0,0.0,0.0,0.32565351032572826,0.37277499168864425,1.0,0.0,1
1.0,1.0,0.0,0.0,0.6,0.46677933569588026,0.0,0.0,0.0,0.0,0.0,0.0,0.0,1.0,0.0,0.0,0.5156684389273062,0.41441385128125013,1.0,0.0,0
0.0,1.0,0.0,0.0,0.6,0.6415693593769299,0.0,0.0,0.0,0.0,0.0,0.0,0.0,0.0,0.0,0.0,0.07097711974576669,0.6625445334974288,1.0,0.0,1
0.0,1.0,0.0,0.0,0.3,0.2357737140700033,0.0,1.0,0.0,0.0,0.0,0.0,1.0,0.0,0.0,0.0,0.1820136162901774,0.11290181243249003,1.0,1.0,2
0.0,1.0,0.0,0.0,0.2,0.07214409293184017,0.0,0.0,0.0,0.0,0.0,0.0,0.0,0.0,0.0,0.0,0.2833064166412701,0.3693089887102165,1.0,1.0,1
0.0,1.0,0.0,0.0,0.0,0.5490051644081335,0.0,0.0,0.0,0.0,0.0,0.0,0.0,1.0,0.0,0.0,0.38420558963849527,0.45033838903407447,1.0,1.0,0
0.0,1.0,0.0,0.0,0.3,0.29019268826722866,0.0,0.0,0.0,0.0,0.0,0.0,0.0,0.0,0.0,0.0,0.1530669298406716,0.2706446431321268,1.0,1.0,1
1.0,1.0,0.0,0.0,0.0,0.3589871373783255,0.0,0.0,0.0,0.0,0.0,0.0,0.0,1.0,0.0,0.0,0.42053273936188834,0.5195938599710241,1.0,1.0,0
0.0,1.0,0.0,0.0,0.3,0.09910900962030672,0.0,0.0,0.0,0.0,0.0,0.0,0.0,0.0,0.0,0.0,0.30630529734748724,0.36292217985864417,1.0,1.0,1
0.0,1.0,0.0,0.0,0.3,0.19878732525734985,0.0,0.0,0.0,0.0,0.0,0.0,0.0,0.0,0.0,0.0,0.30514456799671225,0.5582393248813232,1.0,0.0,1
0.0,1.0,0.0,0.0,0.3,0.4452926229963966,0.0,0.0,0.0,0.0,0.0,0.0,0.0,0.0,0.0,0.0,0.25289897008899753,0.3350457299541432,1.0,1.0,1
0.0,1.0,0.0,0.0,0.3,0.23504063916253706,0.0,0.0,0.0,0.0,0.0,0.0,0.0,0.0,0.0,0.0,0.18245174723289406,0.14319480323203526,1.0,1.0,1
0.0,1.0,0.0,0.0,0.0,0.15081930235838428,0.0,0.0,0.0,0.0,0.0,0.0,0.0,0.0,0.0,0.0,0.301085283897619,0.41418489511798146,1.0,1.0,1
0.0,1.0,0.0,0.0,0.6,0.002624274161765832,0.0,0.0,0.0,0.0,0.0,1.0,1.0,0.0,0.0,0.0,0.39280169532593734,0.5529672716470242,1.0,1.0,2
0.0,1.0,0.0,0.0,0.0,0.6654656916330547,0.0,0.0,0.0,0.0,0.0,0.0,0.0,1.0,0.0,0.0,0.44366296227493207,0.3146541310638829,1.0,1.0,0
0.0,1.0,0.0,0.0,0.6,0.289039015682744,0.0,0.0,0.0,0.0,0.0,0.0,0.0,0.0,0.0,0.0,0.0905414795916192,0.4835116921370699,1.0,1.0,1
0.0,1.0,0.0,0.0,0.0,0.0382966528260922,1.0,1.0,0.0,0.0,0.0,0.0,1.0,0.0,0.0,0.0,0.24124755636559045,0.2528307233665346,1.0,0.0,2
0.0,1.0,0.0,0.0,0.0,0.6230799785874027,0.0,0.0,0.0,0.0,0.0,0.0,0.0,1.0,0.0,0.0,0.2920140703016769,0.440279299468216,1.0,0.0,0
0.0,1.0,0.0,0.0,0.6,0.06495988055221388,0.0,0.0,0.0,0.0,0.0,0.0,1.0,0.0,0.0,0.0,0.3646180360325742,0.26154894670160306,1.0,0.0,2
0.0,1.0,0.0,0.0,0.0,0.39475075104323665,0.0,0.0,0.0,0.0,0.0,0.0,0.0,0.0,0.0,0.0,0.08735808920870049,0.4268468369684276,1.0,1.0,1
0.0,1.0,0.0,0.0,0.0,0.05878394653505979,0.0,1.0,0.0,0.0,0.0,0.0,1.0,0.0,0.0,0.0,0.35562695822670887,0.19425699289162943,1.0,1.0,2
0.0,1.0,0.0,0.0,0.0,0.1400407529207036,0.0,0.0,0.0,0.0,0.0,0.0,0.0,0.0,0.0,0.0,0.29156315807775435,0.16594370310382126,1.0,0.0,1
0.0,1.0,0.0,0.0,0.3,0.42799174005496593,0.0,0.0,0.0,0.0,0.0,0.0,0.0,0.0,0.0,0.0,0.4701276901082071,0.4702216396544694,1.0,0.0,1
0.0,1.0,0.0,0.0,0.2,0.9767652647567788,0.0,0.0,0.0,0.0,0.0,0.0,0.0,1.0,0.0,0.0,0.36921126821064265,0.5148333648573327,1.0,1.0,0
0.0,1.0,0.0,0.0,0.3,0.0884093567917959,0.0,0.0,0.0,0.0,0.0,1.0,1.0,0.0,0.0,0.0,0.33617135860710456,0.4085224546859878,1.0,0.0,2
0.0,1.0,0.0,0.0,0.0,0.02737790670124024,0.0,0.0,0.0,0.0,0.0,1.0,1.0,0.0,0.0,1.0,0.11458673040655035,0.5913416464923471,1.0,0.0,2
0.0,1.0,0.0,0.0,0.0,0.28865981133729335,0.0,1.0,0.0,0.0,0.0,0.0,1.0,0.0,0.0,1.0,0.28926361059925926,0.3357524617122825,1.0,1.0,2
0.0,1.0,0.0,0.0,0.6,0.9161983268751432,0.0,0.0,0.0,0.0,0.0,0.0,0.0,1.0,0.0,0.0,0.3191931321502055,0.6001029536262934,1.0,1.0,0
0.0,1.0,0.0,0.0,0.3,0.028009738239639596,0.0,1.0,0.0,0.0,0.0,0.0,1.0,0.0,0.0,1.0,0.23806036337428488,0.515284519643594,1.0,1.0,2
0.0,1.0,0.0,0.0,0.3,0.16756507650495428,0.0,0.0,0.0,0.0,0.0,0.0,0.0,0.0,0.0,0.0,0.430028085681468,0.4993540627245273,1.0,0.0,1
0.0,1.0,0.0,0.0,0.3,0.8936957750259529,0.0,0.0,0.0,0.0,0.0,0.0,0.0,1.0,0.0,0.0,0.1409560176121544,0.43969274605503195,1.0,0.0,0
0.0,1.0,0.0,0.0,0.0,0.17210739836236305,0.0,0.0,0.0,0.0,0.0,0.0,0.0,0.0,0.0,0.0,0.3667600736142798,0.46743721112743625,1.0,1.0,1
0.0,1.0,0.0,0.0,0.3,0.6340799210890051,0.0,0.0,0.0,0.0,0.0,0.0,0.0,1.0,0.0,0.0,0.13613931467060642,0.3227518705984997,1.0,1.0,0
0.0,1.0,0.0,0.0,0.0,0.6932222862052645,0.0,0.0,0.0,0.0,0.0,0.0,0.0,1.0,0.0,0.0,0.21145871468643127,0.47477339061250545,1.0,0.0,0
1.0,1.0,0.0,0.0,0.3,0.7134931115487634,0.0,0.0,0.0,0.0,0.0,0.0,0.0,1.0,0.0,0.0,0.13957746978648497,0.7108506655323377,1.0,1.0,0
1.0,1.0,0.0,0.0,0.3,0.6423832737566361,0.0,0.0,0.0,0.0,0.0,0.0,0.0,1.0,0.0,0.0,0.19124422585787482,0.7137423203530769,1.0,0.0,0
0.0,1.0,0.0,0.0,0.3,0.027874329880803416,0.0,0.0,0.0,0.0,0.0,0.0,1.0,0.0,0.0,0.0,0.30460920238242245,0.2760523219680409,1.0,1.0,2
1.0,1.0,0.0,0.0,0.3,0.929870777069387,0.0,0.0,0.0,0.0,0.0,0.0,0.0,1.0,0.0,0.0,0.3721802060146416,0.6750804796641037,1.0,0.0,0
0.0,1.0,0.0,0.0,0.6,0.1739858842099404,0.0,0.0,0.0,0.0,0.0,0.0,0.0,0.0,0.0,0.0,0.49916264785565706,0.504191327239478,1.0,0.0,1
0.0,1.0,0.0,0.0,0.0,0.3010165486686695,0.0,0.0,0.0,0.0,0.0,1.0,1.0,0.0,0.0,1.0,0.23509534119460535,0.7788627642897923,1.0,0.0,2
0.0,1.0,0.0,0.0,0.3,0.00019742136933406795,0.0,1.0,0.0,0.0,0.0,0.0,1.0,0.0,0.0,1.0,0.611061147986013,0.4835263815080463,1.0,1.0,2
0.0,1.0,0.0,0.0,0.3,0.2803271401547563,0.0,0.0,0.0,0.0,0.0,0.0,0.0,0.0,0.0,0.0,0.37355896925914556,0.2472881471211092,1.0,1.0,1
0.0,1.0,0.0,0.0,0.3,0.4881824896484137,0.0,0.0,0.0,0.0,0.0,0.0,0.0,1.0,0.0,0.0,0.36820791856398327,0.6023934777522324,1.0,0.0,0
0.0,1.0,0.0,0.0,0.0,0.009286835692026933,0.0,0.0,0.0,0.0,0.0,0.0,1.0,0.0,0.0,0.0,0.2993587730131788,0.5930201508680125,1.0,1.0,2
0.0,1.0,0.0,0.0,0.3,0.22514986807184534,0.0,0.0,0.0,0.0,0.0,0.0,0.0,0.0,0.0,0.0,0.296433846290539,0.32769552308384803,1.0,1.0,1
1.0,1.0,0.0,0.0,0.3,0.9414042190700355,0.0,0.0,0.0,0.0,0.0,0.0,0.0,1.0,0.0,0.0,0.1450241346788893,0.704751945881528,1.0,1.0,0
0.0,1.0,0.0,0.0,0.3,0.051914940819754736,0.0,0.0,0.0,0.0,0.0,0.0,1.0,0.0,0.0,1.0,0.18131930534844407,0.515111989005979,1.0,1.0,2
1.0,1.0,0.0,0.0,0.0,0.8219743380737194,0.0,0.0,0.0,0.0,0.0,0.0,0.0,1.0,0.0,0.0,0.09812217974711115,0.518252143944388,1.0,1.0,0
0.0,1.0,0.0,0.0,0.0,0.18516500434373173,0.0,0.0,0.0,0.0,0.0,0.0,1.0,0.0,0.0,1.0,0.25888663184855215,0.4377291374582139,1.0,1.0,2
0.0,1.0,0.0,0.0,0.0,0.6821249512116954,0.0,0.0,0.0,0.0,0.0,0.0,0.0,1.0,0.0,0.0,0.6888358722158099,0.35606043993674685,1.0,1.0,0
0.0,1.0,0.0,0.0,0.0,0.14050620897338834,0.0,0.0,0.0,0.0,0.0,0.0,1.0,0.0,0.0,1.0,0.3519481149311703,0.4561025526315351,1.0,0.0,2
0.0,1.0,0.0,0.0,0.2,0.9227621161241866,0.0,0.0,0.0,0.0,0.0,0.0,0.0,1.0,0.0,0.0,0.06435440246930794,0.5651536838597933,1.0,1.0,0
1.0,1.0,0.0,0.0,0.1,0.8400155085912333,0.0,0.0,0.0,0.0,0.0,0.0,0.0,1.0,0.0,0.0,0.2358610359661866,0.42587720773851545,1.0,0.0,0
0.0,1.0,0.0,0.0,0.3,0.038211670266531356,0.0,0.0,0.0,0.0,0.0,1.0,1.0,0.0,0.0,0.0,0.12618620575916875,0.37578977905687,1.0,1.0,2
0.0,1.0,0.0,0.0,0.6,0.39975221753949036,0.0,0.0,0.0,0.0,0.0,0.0,0.0,0.0,0.0,0.0,0.314410378501278,0.5828197200952292,1.0,1.0,1
0.0,1.0,0.0,0.0,0.6,0.5571783155660691,0.0,0.0,0.0,0.0,0.0,0.0,0.0,0.0,0.0,0.0,0.11354816268039243,0.30073218024644965,1.0,1.0,1
1.0,1.0,0.0,0.0,0.3,0.6219181387325459,0.0,0.0,0.0,0.0,0.0,0.0,0.0,1.0,0.0,0.0,0.1725708761862688,0.1622694341051846,1.0,0.0,0
0.0,1.0,0.0,0.0,0.3,0.795926019854652,0.0,0.0,0.0,0.0,0.0,0.0,0.0,1.0,0.0,0.0,0.15268429567050054,0.5281189166826626,1.0,0.0,0
0.0,1.0,0.0,0.0,0.3,0.7859311392624163,0.0,0.0,0.0,0.0,0.0,0.0,0.0,1.0,0.0,0.0,0.016122979043964872,0.40758743532963426,1.0,0.0,0
0.0,1.0,0.0,0.0,0.3,0.6596462359715445,0.0,0.0,0.0,0.0,0.0,0.0,0.0,0.0,0.0,0.0,0.05277649809769276,0.6273740088230525,1.0,0.0,1
0.0,1.0,0.0,0.0,0.3,0.1015839646258391,0.0,0.0,0.0,0.0,0.0,0.0,0.0,0.0,0.0,0.0,0.19302168854026053,0.7731682591565892,1.0,1.0,1
0.0,1.0,0.0,0.0,0.3,0.2587662751230167,0.0,0.0,0.0,0.0,0.0,1.0,1.0,0.0,0.0,1.0,0.20504283450846608,0.4554016733820961,1.0,0.0,2
0.0,1.0,0.0,0.0,0.6,0.14401069033963945,1.0,0.0,0.0,0.0,0.0,1.0,1.0,0.0,0.0,1.0,0.4202679261111673,0.3641637200319677,1.0,0.0,2
1.0,1.0,0.0,0.0,0.1,0.46229963994698925,0.0,0.0,0.0,0.0,0.0,0.0,0.0,1.0,0.0,0.0,0.5957871213879242,0.4021027754877347,1.0,0.0,0
1.0,1.0,0.0,0.0,0.3,0.6439020142712438,0.0,0.0,0.0,0.0,0.0,0.0,0.0,1.0,0.0,0.0,0.5967477105651467,0.4750636187317676,1.0,0.0,0
0.0,1.0,0.0,0.0,0.0,0.12544619520039932,0.0,1.0,0.0,0.0,0.0,0.0,1.0,0.0,0.0,1.0,0.06412129861930035,0.30416719344428844,1.0,1.0,2
0.0,1.0,0.0,0.0,0.6,0.06335689684503498,0.0,0.0,0.0,0.0,0.0,0.0,0.0,0.0,0.0,0.0,0.33300750975256593,0.36317052484145346,1.0,1.0,1
0.0,1.0,0.0,0.0,0.3,0.0422673158773042,1.0,1.0,0.0,0.0,0.0,0.0,1.0,0.0,0.0,0.0,0.14321438810299827,0.2685451463643166,1.0,1.0,2
0.0,1.0,0.0,0.0,0.1,0.8327113064069236,0.0,0.0,0.0,0.0,0.0,0.0,0.0,1.0,0.0,0.0,0.4171626186213688,0.31028146117098193,1.0,0.0,0
0.0,1.0,0.0,0.0,0.3,0.20177642976423185,0.0,0.0,0.0,0.0,0.0,0.0,0.0,0.0,0.0,0.0,0.26465673122564265,0.23388153723450109,1.0,1.0,1
0.0,1.0,0.0,0.0,0.3,0.03273306622932484,0.0,0.0,0.0,0.0,0.0,1.0,1.0,0.0,0.0,1.0,0.2873757684182369,0.5188831565498143,1.0,0.0,2
0.0,1.0,0.0,0.0,0.6,0.4227235047773406,0.0,0.0,0.0,0.0,0.0,0.0,0.0,0.0,0.0,0.0,0.5335070936992481,0.3050296051186847,1.0,1.0,1
0.0,1.0,0.0,0.0,0.0,0.3221488187171799,0.0,0.0,0.0,0.0,0.0,0.0,0.0,0.0,0.0,0.0,0.24794284213165263,0.4698899512866147,1.0,1.0,1
0.0,1.0,0.0,0.0,0.3,0.7110905238871184,0.0,0.0,0.0,0.0,0.0,0.0,0.0,1.0,0.0,0.0,0.30638413005083137,0.40347223866437515,1.0,1.0,0
0.0,1.0,0.0,0.0,0.3,0.8792841059451846,0.0,0.0,0.0,0.0,0.0,0.0,0.0,1.0,0.0,0.0,0.2428822238441049,0.4175208517041672,1.0,1.0,0
0.0,1.0,0.0,0.0,0.2,0.3953793427688239,0.0,0.0,0.0,0.0,0.0,0.0,0.0,0.0,0.0,0.0,0.11449050222073767,0.19058496089589524,1.0,1.0,1
0.0,1.0,0.0,0.0,0.2,0.33362525157972395,0.0,0.0,0.0,0.0,0.0,0.0,0.0,1.0,0.0,0.0,0.15681825554300038,0.5839580192341616,1.0,1.0,0
1.0,1.0,0.0,0.0,0.6,0.5495013389467646,0.0,0.0,0.0,0.0,0.0,0.0,0.0,1.0,0.0,0.0,0.22004653507938782,0.34208764215432325,1.0,0.0,0
0.0,1.0,0.0,0.0,0.0,0.15567821625410763,0.0,0.0,0.0,0.0,0.0,0.0,0.0,0.0,0.0,0.0,0.2731387404727554,0.2269801222515985,1.0,0.0,1
0.0,1.0,0.0,0.0,0.0,0.16737809765766928,0.0,0.0,0.0,0.0,0.0,0.0,0.0,0.0,0.0,0.0,0.48808214874510997,0.659314893988623,1.0,0.0,1
0.0,1.0,0.0,0.0,0.0,0.9806456069309455,0.0,0.0,0.0,0.0,0.0,0.0,0.0,1.0,0.0,0.0,0.19841180145708565,0.5105853338081596,1.0,1.0,0
0.0,1.0,0.0,0.0,0.3,0.2593005040048255,0.0,0.0,0.0,0.0,0.0,0.0,0.0,0.0,0.0,0.0,0.31141373884739365,0.2534858347874555,1.0,1.0,1
1.0,1.0,0.0,0.0,0.3,0.5588648148100689,0.0,0.0,0.0,0.0,0.0,0.0,0.0,1.0,0.0,0.0,0.49362324785219946,0.18651694053309661,1.0,0.0,0
0.0,1.0,0.0,0.0,0.0,0.0021039513159323846,1.0,1.0,0.0,0.0,0.0,0.0,1.0,0.0,0.0,1.0,0.16645043578827112,0.48757645087055373,1.0,0.0,2
1.0,1.0,0.0,0.0,0.0,0.8693694663412593,0.0,0.0,0.0,0.0,0.0,0.0,0.0,1.0,0.0,0.0,0.10191848168115403,0.1808462067317346,1.0,0.0,0
1.0,1.0,0.0,0.0,0.6,0.8459403676883722,0.0,0.0,0.0,0.0,0.0,0.0,0.0,1.0,0.0,0.0,0.4044819363904565,0.4418564528708566,1.0,0.0,0
0.0,1.0,0.0,0.0,0.0,0.5932493340301732,0.0,0.0,0.0,0.0,0.0,0.0,0.0,1.0,0.0,0.0,0.5429112568587419,0.5808461547415898,1.0,0.0,0
0.0,1.0,0.0,0.0,0.3,0.2506028010685764,0.0,0.0,0.0,0.0,0.0,0.0,0.0,0.0,0.0,0.0,0.3046282317093475,0.17123919104728585,1.0,1.0,1
0.0,1.0,0.0,0.0,0.0,0.38770531396672353,0.0,0.0,0.0,0.0,0.0,0.0,0.0,0.0,0.0,0.0,0.36843279953483216,0.4135583941358221,1.0,0.0,1
0.0,1.0,0.0,0.0,0.3,0.012166666580341417,0.0,0.0,0.0,0.0,0.0,1.0,1.0,0.0,0.0,1.0,0.5298273488209979,0.433371168277797,1.0,1.0,2
0.0,1.0,0.0,0.0,0.2,0.24249476410510412,0.0,0.0,0.0,0.0,0.0,0.0,0.0,0.0,0.0,0.0,0.6351371242087461,0.15019855357109602,1.0,1.0,1
0.0,1.0,0.0,0.0,0.6,0.02337002364994746,0.0,0.0,0.0,0.0,0.0,1.0,1.0,0.0,0.0,0.0,0.19196405685858406,0.833781531345488,1.0,1.0,2
0.0,1.0,0.0,0.0,0.3,0.791155727239878,0.0,0.0,0.0,0.0,0.0,0.0,0.0,1.0,0.0,0.0,0.223252080841762,0.5597985381460884,1.0,0.0,0
0.0,1.0,0.0,0.0,0.0,0.7390462031241545,0.0,0.0,0.0,0.0,0.0,0.0,0.0,1.0,0.0,0.0,0.38826809316118005,0.3971780507663597,1.0,0.0,0
0.0,1.0,0.0,0.0,0.0,0.07043655063224606,0.0,0.0,0.0,0.0,0.0,0.0,0.0,0.0,0.0,0.0,0.12089086141324283,0.5753847198298765,1.0,1.0,1
1.0,1.0,0.0,0.0,0.3,0.30210484674330107,0.0,0.0,0.0,0.0,0.0,0.0,0.0,1.0,0.0,0.0,0.2144191071429516,0.7394165481076294,1.0,0.0,0
0.0,1.0,0.0,0.0,0.6,0.07591034824671723,1.0,0.0,0.0,0.0,0.0,0.0,1.0,0.0,0.0,1.0,0.554827622289548,0.830988269946063,1.0,0.0,2
0.0,1.0,0.0,0.0,0.0,0.24572865475524122,0.0,0.0,0.0,0.0,0.0,0.0,0.0,0.0,0.0,0.0,0.4868582045943537,0.6077331408189418,1.0,1.0,1
0.0,1.0,0.0,0.0,0.0,0.6576486836888747,0.0,0.0,0.0,0.0,0.0,0.0,0.0,1.0,0.0,0.0,0.46599802834994597,0.39262914357385637,1.0,1.0,0
0.0,1.0,0.0,0.0,0.6,0.092501854052124,0.0,0.0,0.0,0.0,0.0,0.0,0.0,0.0,0.0,0.0,0.4165043746973423,0.37007895858250855,1.0,0.0,1
0.0,1.0,0.0,0.0,0.0,0.10704279162330103,0.0,0.0,0.0,0.0,0.0,1.0,1.0,0.0,0.0,0.0,0.1436487411825158,0.4288826495248492,1.0,1.0,2
1.0,1.0,0.0,0.0,0.3,0.703560209653455,0.0,0.0,0.0,0.0,0.0,0.0,0.0,1.0,0.0,0.0,0.15530190495733903,0.635704878048687,1.0,1.0,0
0.0,1.0,0.0,0.0,0.3,0.3270167360684198,0.0,0.0,0.0,0.0,0.0,0.0,0.0,0.0,0.0,0.0,0.13882036683657872,0.4997562157839647,1.0,0.0,1
0.0,1.0,0.0,0.0,0.3,0.040380288845384624,0.0,0.0,0.0,0.0,0.0,0.0,1.0,0.0,0.0,1.0,0.2515607430400593,0.4283379759343405,1.0,0.0,2
0.0,1.0,0.0,0.0,0.3,0.1940048895586736,0.0,0.0,0.0,0.0,0.0,0.0,1.0,0.0,0.0,1.0,0.23535577127145332,0.20898615635155587,1.0,0.0,2
0.0,1.0,0.0,0.0,0.0,0.017959166310360087,0.0,0.0,0.0,0.0,0.0,0.0,1.0,0.0,0.0,1.0,0.5729615123476559,0.6434554012658515,1.0,1.0,2
0.0,1.0,0.0,0.0,0.0,0.14900348520019502,0.0,0.0,0.0,0.0,0.0,0.0,0.0,0.0,0.0,0.0,0.4157470388887948,0.3723676016570898,1.0,1.0,1
0.0,1.0,0.0,0.0,0.3,0.13438659739985476,1.0,0.0,0.0,0.0,0.0,0.0,1.0,0.0,0.0,1.0,0.1658793262437814,0.30844444929639453,1.0,1.0,2
1.0,1.0,0.0,0.0,0.0,0.7286397665967813,0.0,0.0,0.0,0.0,0.0,0.0,0.0,1.0,0.0,0.0,0.16890858619063032,0.6664912001255286,1.0,1.0,0
0.0,1.0,0.0,0.0,0.6,0.14924074213060384,0.0,0.0,0.0,0.0,0.0,0.0,0.0,0.0,0.0,0.0,0.26219767967684193,0.4922964156078287,1.0,1.0,1
0.0,1.0,0.0,0.0,0.3,0.016972240808623116,1.0,0.0,0.0,0.0,0.0,0.0,1.0,0.0,0.0,1.0,0.31690500426204554,0.4312250154510601,1.0,1.0,2
0.0,1.0,0.0,0.0,0.6,0.7855491867670024,0.0,0.0,0.0,0.0,0.0,0.0,0.0,1.0,0.0,0.0,0.12503180973862962,0.3734274251702889,1.0,1.0,0
1.0,1.0,0.0,0.0,0.2,0.5154965210074338,0.0,0.0,0.0,0.0,0.0,0.0,0.0,1.0,0.0,0.0,0.2924921188509546,0.42584749936875105,1.0,0.0,0
0.0,1.0,0.0,0.0,0.0,0.010993825761321437,0.0,0.0,0.0,0.0,0.0,1.0,1.0,0.0,0.0,0.0,0.5023592751254976,0.46767349356497245,1.0,0.0,2
0.0,1.0,0.0,0.0,0.1,0.8918540064095108,0.0,0.0,0.0,0.0,0.0,0.0,0.0,1.0,0.0,0.0,0.20736722734378965,0.6213312384566761,1.0,0.0,0
0.0,1.0,0.0,0.0,0.6,0.9403719133744453,0.0,0.0,0.0,0.0,0.0,0.0,0.0,1.0,0.0,0.0,0.047227676866033054,0.42721444160972327,1.0,0.0,0
0.0,1.0,0.0,0.0,0.0,0.6468856231949566,0.0,0.0,0.0,0.0,0.0,0.0,0.0,0.0,0.0,0.0,0.34976679143128875,0.24889612336684455,1.0,1.0,1
0.0,1.0,0.0,0.0,0.3,0.05749889174599395,0.0,0.0,0.0,0.0,0.0,0.0,1.0,0.0,0.0,1.0,0.19277687123690287,0.052873573506301924,1.0,0.0,2
0.0,1.0,0.0,0.0,0.0,0.3629589756950552,0.0,0.0,0.0,0.0,0.0,0.0,0.0,0.0,0.0,0.0,0.17033521441108543,0.5852554614917235,1.0,0.0,1
0.0,1.0,0.0,0.0,0.3,0.07465051471651232,0.0,0.0,0.0,0.0,0.0,0.0,1.0,0.0,0.0,1.0,0.24755758338233433,0.560858214348836,1.0,1.0,2
0.0,1.0,0.0,0.0,0.0,0.185100330910976,0.0,0.0,0.0,0.0,0.0,0.0,0.0,0.0,0.0,0.0,0.3059520011952056,0.4440832158216087,1.0,1.0,1
0.0,1.0,0.0,0.0,0.0,0.21937947921600415,0.0,0.0,0.0,0.0,0.0,0.0,1.0,0.0,0.0,1.0,0.27677218296644507,0.24405373259315077,1.0,1.0,2
1.0,1.0,0.0,0.0,0.3,0.49959311477892626,0.0,0.0,0.0,0.0,0.0,0.0,0.0,1.0,0.0,0.0,0.14734881003484285,0.6567593828134249,1.0,1.0,0
0.0,1.0,0.0,0.0,0.3,0.19012502250664762,0.0,0.0,0.0,0.0,0.0,0.0,0.0,0.0,0.0,0.0,0.1897575773011717,0.5804296861141174,1.0,0.0,1
1.0,1.0,0.0,0.0,0.6,0.37859030158778273,0.0,0.0,0.0,0.0,0.0,0.0,0.0,1.0,0.0,0.0,0.48166788721941856,0.7116533269932572,1.0,1.0,0
0.0,1.0,0.0,0.0,0.3,0.42707406225960065,0.0,0.0,0.0,0.0,0.0,0.0,0.0,0.0,0.0,0.0,0.1622505060367532,0.519095063850267,1.0,1.0,1
1.0,1.0,0.0,0.0,0.3,0.7668906137699574,0.0,0.0,0.0,0.0,0.0,0.0,0.0,1.0,0.0,0.0,0.5612213109476405,0.1043120808542902,1.0,1.0,0
0.0,1.0,0.0,0.0,0.3,0.01652735594592894,0.0,0.0,0.0,0.0,0.0,0.0,1.0,0.0,0.0,0.0,0.060164800980466844,0.6846707801101933,1.0,0.0,2
0.0,1.0,0.0,0.0,0.0,0.3388903578203954,0.0,0.0,0.0,0.0,0.0,0.0,0.0,0.0,0.0,0.0,0.5720918901113317,0.28077350422005,1.0,0.0,1
1.0,1.0,0.0,0.0,0.3,0.5649695926391983,0.0,0.0,0.0,0.0,0.0,0.0,0.0,1.0,0.0,0.0,0.44425459766829933,0.6805907559592719,1.0,0.0,0
0.0,1.0,0.0,0.0,0.3,0.9829355519405545,0.0,0.0,0.0,0.0,0.0,0.0,0.0,1.0,0.0,0.0,0.49604539689445726,0.44509995021604365,1.0,0.0,0
0.0,1.0,0.0,0.0,0.3,0.31089612511675657,0.0,0.0,0.0,0.0,0.0,0.0,0.0,0.0,0.0,0.0,0.3280312813021902,0.42472953648657263,1.0,0.0,1
0.0,1.0,0.0,0.0,0.0,0.6184467764529039,0.0,0.0,0.0,0.0,0.0,0.0,0.0,1.0,0.0,0.0,0.0429246170343162,0.39301422906093064,1.0,0.0,0
0.0,1.0,0.0,0.0,0.3,0.16059134677024106,0.0,0.0,0.0,0.0,0.0,0.0,0.0,0.0,0.0,0.0,0.15397024806231238,0.5239419871674095,1.0,0.0,1
0.0,1.0,0.0,0.0,0.2,0.13013617625328855,0.0,0.0,0.0,0.0,0.0,0.0,0.0,0.0,0.0,0.0,0.4286178284523039,0.3347007655913431,1.0,0.0,1
0.0,1.0,0.0,0.0,0.6,0.10007766217785502,0.0,0.0,0.0,0.0,0.0,0.0,1.0,0.0,0.0,0.0,0.1126599033807745,0.4671290199461158,1.0,1.0,2
0.0,1.0,0.0,0.0,0.0,0.08222508912779852,0.0,0.0,0.0,0.0,0.0,0.0,0.0,0.0,0.0,0.0,0.08221435791990281,0.3787370976691593,1.0,1.0,1
0.0,1.0,0.0,0.0,0.3,0.28259510568633106,0.0,0.0,0.0,0.0,0.0,0.0,0.0,0.0,0.0,0.0,0.18430441258906813,0.3808161540665316,1.0,0.0,1
1.0,1.0,0.0,0.0,0.3,0.5789720431136531,0.0,0.0,0.0,0.0,0.0,0.0,0.0,1.0,0.0,0.0,0.03674250351043192,0.10737835508176842,1.0,1.0,0
0.0,1.0,0.0,0.0,0.0,0.8077390148574686,0.0,0.0,0.0,0.0,0.0,0.0,0.0,1.0,0.0,0.0,0.10547864615575671,0.13752055565294002,1.0,1.0,0
0.0,1.0,0.0,0.0,0.3,0.6851821657707191,0.0,0.0,0.0,0.0,0.0,0.0,0.0,1.0,0.0,0.0,0.32884726916095913,0.32100857300481694,1.0,0.0,0
1.0,1.0,0.0,0.0,0.6,0.9340312461641581,0.0,0.0,0.0,0.0,0.0,0.0,0.0,1.0,0.0,0.0,0.21019457457368718,0.37943972164796813,1.0,0.0,0
0.0,1.0,0.0,0.0,0.0,0.19122110276442927,0.0,0.0,0.0,0.0,0.0,1.0,1.0,0.0,0.0,0.0,0.299155870331892,0.6011313428750771,1.0,1.0,2
0.0,1.0,0.0,0.0,0.0,0.31494711786102475,0.0,0.0,0.0,0.0,0.0,0.0,0.0,0.0,0.0,0.0,0.33176202216988887,0.3602395561524349,1.0,1.0,1
0.0,1.0,0.0,0.0,0.0,0.2777798588061836,0.0,0.0,0.0,0.0,0.0,0.0,0.0,0.0,0.0,0.0,0.05368318676990992,0.05442322095287481,1.0,1.0,1
0.0,1.0,0.0,0.0,0.6,0.3058911119291061,0.0,0.0,0.0,0.0,0.0,0.0,0.0,0.0,0.0,0.0,0.12381608551436489,0.8190142474877941,1.0,0.0,1
1.0,1.0,0.0,0.0,0.6,0.5518692473633082,0.0,0.0,0.0,0.0,0.0,0.0,0.0,1.0,0.0,0.0,0.3491775262797573,0.4118868021296704,1.0,1.0,0
0.0,1.0,0.0,0.0,0.6,0.5553374516440557,0.0,0.0,0.0,0.0,0.0,0.0,0.0,1.0,0.0,0.0,0.046503744525919134,0.34523594883349074,1.0,0.0,0
0.0,1.0,0.0,0.0,0.2,0.68797005027576,0.0,0.0,0.0,0.0,0.0,0.0,0.0,1.0,0.0,0.0,0.1513392870523631,0.16599466433549562,1.0,0.0,0
0.0,1.0,0.0,0.0,0.3,0.5150100198007665,0.0,0.0,0.0,0.0,0.0,0.0,0.0,1.0,0.0,0.0,0.2103170970189663,0.4420314777817645,1.0,0.0,0
0.0,1.0,0.0,0.0,0.0,0.16645056609533454,0.0,0.0,0.0,0.0,0.0,0.0,0.0,0.0,0.0,0.0,0.2548135026960249,0.5472474310403158,1.0,1.0,1
0.0,1.0,0.0,0.0,0.6,0.3649260708325138,0.0,0.0,0.0,0.0,0.0,0.0,0.0,0.0,0.0,0.0,0.33942293098721776,0.6900453924624396,1.0,0.0,1
0.0,1.0,0.0,0.0,0.2,0.8357809866864467,0.0,0.0,0.0,0.0,0.0,0.0,0.0,1.0,0.0,0.0,0.4096482819093892,0.3977092130025304,1.0,1.0,0
1.0,1.0,0.0,0.0,0.0,0.9384865795933317,0.0,0.0,0.0,0.0,0.0,0.0,0.0,1.0,0.0,0.0,0.35994155807652023,0.6134809745738106,1.0,1.0,0
0.0,1.0,0.0,0.0,0.0,0.012701377049015524,1.0,0.0,0.0,0.0,0.0,0.0,1.0,0.0,0.0,1.0,0.5632358763286471,0.4665339895182002,1.0,0.0,2
1.0,1.0,0.0,0.0,0.0,0.8025003159576296,0.0,0.0,0.0,0.0,0.0,0.0,0.0,1.0,0.0,0.0,0.21756457647897964,0.82740116992205,1.0,0.0,0
0.0,1.0,0.0,0.0,0.0,0.34775556140950015,0.0,0.0,0.0,0.0,0.0,0.0,0.0,0.0,0.0,0.0,0.14869151999831962,0.8109914169776877,1.0,0.0,1
0.0,1.0,0.0,0.0,0.3,0.24582184731750223,0.0,0.0,0.0,0.0,0.0,0.0,0.0,0.0,0.0,0.0,0.49515968731412147,0.6368380700864638,1.0,1.0,1
0.0,1.0,0.0,0.0,0.0,0.2354134483946403,0.0,0.0,0.0,0.0,0.0,0.0,0.0,0.0,0.0,0.0,0.23149458893517855,0.6401733293882043,1.0,0.0,1
0.0,1.0,0.0,0.0,0.6,0.06269960438775246,0.0,0.0,0.0,0.0,0.0,0.0,0.0,0.0,0.0,0.0,0.45784303791421793,0.28922780718296137,1.0,1.0,1
0.0,1.0,0.0,0.0,0.3,0.888869439969016,0.0,0.0,0.0,0.0,0.0,0.0,0.0,1.0,0.0,0.0,0.12437146234326174,0.2088444810654389,1.0,0.0,0
0.0,1.0,0.0,0.0,0.6,0.21745076897011154,1.0,1.0,0.0,0.0,0.0,0.0,1.0,0.0,0.0,1.0,0.4559325544551468,0.7322063322046138,1.0,0.0,2
0.0,1.0,0.0,0.0,0.0,0.16805778817631745,0.0,0.0,0.0,0.0,0.0,0.0,0.0,0.0,0.0,0.0,0.18083938583639975,0.3272724733008578,1.0,1.0,1
0.0,1.0,0.0,0.0,0.3,0.3095451800379579,0.0,0.0,0.0,0.0,0.0,0.0,0.0,0.0,0.0,0.0,0.15880262593581063,0.6220456101793888,1.0,0.0,1
0.0,1.0,0.0,0.0,0.0,0.054987212578440324,1.0,0.0,0.0,0.0,0.0,1.0,1.0,0.0,0.0,0.0,0.13435043106292313,0.3998907259698363,1.0,0.0,2
0.0,1.0,0.0,0.0,0.3,0.1266782192503023,1.0,0.0,0.0,0.0,0.0,0.0,1.0,0.0,0.0,1.0,0.3032162846132993,0.7265748568888133,1.0,0.0,2
0.0,1.0,0.0,0.0,0.0,0.009913424611814284,1.0,1.0,0.0,0.0,0.0,0.0,1.0,0.0,0.0,0.0,0.3780922100647264,0.33484111917273424,1.0,0.0,2
1.0,1.0,0.0,0.0,0.2,0.9014258807242379,0.0,0.0,0.0,0.0,0.0,0.0,0.0,1.0,0.0,0.0,0.671478773835569,0.4891466623390282,1.0,1.0,0
0.0,1.0,0.0,0.0,0.3,0.5245829185303175,0.0,0.0,0.0,0.0,0.0,0.0,0.0,0.0,0.0,0.0,0.2712346753567202,0.4172878622444726,1.0,1.0,1
0.0,1.0,0.0,0.0,0.6,0.025780221833046936,0.0,0.0,0.0,0.0,0.0,0.0,1.0,0.0,0.0,1.0,0.2545887152272495,0.45181182531465,1.0,0.0,2
0.0,1.0,0.0,0.0,0.0,0.7089711464964317,0.0,0.0,0.0,0.0,0.0,0.0,0.0,1.0,0.0,0.0,0.25003895279990684,0.43769624176907784,1.0,0.0,0
0.0,1.0,0.0,0.0,0.0,0.0084338091535416,1.0,0.0,0.0,0.0,0.0,0.0,1.0,0.0,0.0,0.0,0.17887551652933031,0.34470930774098807,1.0,1.0,2
1.0,1.0,0.0,0.0,0.2,0.8185867782419526,0.0,0.0,0.0,0.0,0.0,0.0,0.0,1.0,0.0,0.0,0.35257195795077917,0.6791390041145126,1.0,1.0,0
0.0,1.0,0.0,0.0,0.6,0.08615634768368444,0.0,0.0,0.0,0.0,0.0,0.0,0.0,0.0,0.0,0.0,0.23642733449167871,0.5425681471098306,1.0,1.0,1
0.0,1.0,0.0,0.0,0.0,0.31206107922066534,0.0,0.0,0.0,0.0,0.0,0.0,0.0,0.0,0.0,0.0,0.5079227831629164,0.4196362548549257,1.0,0.0,1
0.0,1.0,0.0,0.0,0.0,0.3241855866929871,0.0,0.0,0.0,0.0,0.0,0.0,0.0,0.0,0.0,0.0,0.012971481984030935,0.3107502406576543,1.0,0.0,1
0.0,1.0,0.0,0.0,0.3,0.7633397710550761,0.0,0.0,0.0,0.0,0.0,0.0,0.0,1.0,0.0,0.0,0.36682513182516047,0.5481144320708774,1.0,1.0,0
0.0,1.0,0.0,0.0,0.0,0.4138989957388866,0.0,0.0,0.0,0.0,0.0,0.0,0.0,0.0,0.0,0.0,0.04656053002336893,0.3803063079312708,1.0,1.0,1
0.0,1.0,0.0,0.0,0.0,0.42434270879362307,0.0,0.0,0.0,0.0,0.0,0.0,0.0,0.0,0.0,0.0,0.46241910980849854,0.7658882834640104,1.0,1.0,1
0.0,1.0,0.0,0.0,0.3,0.0796808753338016,0.0,1.0,0.0,0.0,0.0,0.0,1.0,0.0,0.0,1.0,0.12657932834575183,0.28419860261655344,1.0,0.0,2
0.0,1.0,0.0,0.0,0.3,0.0900265445203356,0.0,1.0,0.0,0.0,0.0,0.0,1.0,0.0,0.0,0.0,0.15603380703300138,0.6064566823310292,1.0,0.0,2
0.0,1.0,0.0,0.0,0.3,0.7672211226411989,0.0,0.0,0.0,0.0,0.0,0.0,0.0,1.0,0.0,0.0,0.24415361679804107,0.4083621809921922,1.0,1.0,0
0.0,1.0,0.0,0.0,0.0,0.3263903222616213,0.0,0.0,0.0,0.0,0.0,0.0,0.0,0.0,0.0,0.0,0.49124680226039164,0.18916793168437623,1.0,1.0,1
0.0,1.0,0.0,0.0,0.3,0.5773378838665112,0.0,0.0,0.0,0.0,0.0,0.0,0.0,0.0,0.0,0.0,0.41278918512402935,0.1660608918327312,1.0,1.0,1
0.0,1.0,0.0,0.0,0.0,0.811384673829424,0.0,0.0,0.0,0.0,0.0,0.0,0.0,1.0,0.0,0.0,0.45447973100449085,0.36053095112335387,1.0,1.0,0
0.0,1.0,0.0,0.0,0.3,0.5371950822565241,0.0,0.0,0.0,0.0,0.0,0.0,0.0,0.0,0.0,0.0,0.07458495031462108,0.7620486152591619,1.0,0.0,1
0.0,1.0,0.0,0.0,0.3,0.22288353022565618,0.0,0.0,0.0,0.0,0.0,0.0,0.0,0.0,0.0,0.0,0.6648434272142076,0.3682084159871478,1.0,1.0,1
0.0,1.0,0.0,0.0,0.0,0.1432359996671763,0.0,0.0,0.0,0.0,0.0,0.0,0.0,0.0,0.0,0.0,0.380384743511551,0.2968210929327253,1.0,0.0,1
0.0,1.0,0.0,0.0,0.3,0.1512989868995056,1.0,0.0,0.0,0.0,0.0,1.0,1.0,0.0,0.0,1.0,0.230863622566004,0.4517818463496102,1.0,1.0,2
1.0,1.0,0.0,0.0,0.6,0.8943668337089599,0.0,0.0,0.0,0.0,0.0,0.0,0.0,1.0,0.0,0.0,0.33747937300428316,0.1625264542963888,1.0,0.0,0
1.0,1.0,0.0,0.0,0.1,0.6341724196177759,0.0,0.0,0.0,0.0,0.0,0.0,0.0,1.0,0.0,0.0,0.2309232522687533,0.5668174451732623,1.0,1.0,0
0.0,1.0,0.0,0.0,0.6,0.7048933623439347,0.0,0.0,0.0,0.0,0.0,0.0,0.0,0.0,0.0,0.0,0.21901450195844366,0.46582018107599965,1.0,1.0,1
0.0,1.0,0.0,0.0,0.3,0.5050998722762892,0.0,0.0,0.0,0.0,0.0,0.0,0.0,1.0,0.0,0.0,0.4956577224809866,0.34554578213756754,1.0,0.0,0
0.0,1.0,0.0,0.0,0.3,0.3774378586993244,0.0,0.0,0.0,0.0,0.0,0.0,0.0,0.0,0.0,0.0,0.34257253430164286,0.27897377105460747,1.0,0.0,1
0.0,1.0,0.0,0.0,0.3,0.43236059016643336,0.0,0.0,0.0,0.0,0.0,0.0,0.0,0.0,0.0,0.0,0.16806928004576394,0.6278930927725088,1.0,1.0,1
0.0,1.0,0.0,0.0,0.3,0.04054032892736914,1.0,1.0,0.0,0.0,0.0,1.0,1.0,0.0,0.0,1.0,0.6688487618704649,0.5312185455770786,1.0,1.0,2
0.0,1.0,0.0,0.0,0.3,0.7400311181491802,0.0,0.0,0.0,0.0,0.0,0.0,0.0,1.0,0.0,0.0,0.012009003805532242,0.35633449586080657,1.0,0.0,0
0.0,1.0,0.0,0.0,0.6,0.6653363614719265,0.0,0.0,0.0,0.0,0.0,0.0,0.0,1.0,0.0,0.0,0.5202230872239092,0.5669712451685213,1.0,1.0,0
0.0,1.0,0.0,0.0,0.0,0.19588273328975286,0.0,0.0,0.0,0.0,0.0,0.0,0.0,0.0,0.0,0.0,0.091132472267061,0.19325025971555423,1.0,0.0,1
0.0,1.0,0.0,0.0,0.3,0.24166347243708838,1.0,0.0,0.0,0.0,0.0,1.0,1.0,0.0,0.0,1.0,0.2563797684104828,0.3889564105920206,1.0,0.0,2
0.0,1.0,0.0,0.0,0.3,0.7364900026212872,0.0,0.0,0.0,0.0,0.0,0.0,0.0,1.0,0.0,0.0,0.34002267745663334,0.7253238760070475,1.0,0.0,0
0.0,1.0,0.0,0.0,0.6,0.015834898437090236,1.0,0.0,0.0,0.0,0.0,0.0,1.0,0.0,0.0,0.0,0.4173969384936853,0.4735101626729937,1.0,1.0,2
0.0,1.0,0.0,0.0,0.6,0.1714235304854397,0.0,0.0,0.0,0.0,0.0,0.0,1.0,0.0,0.0,0.0,0.18942110534133955,0.5617626998446337,1.0,1.0,2
1.0,1.0,0.0,0.0,0.1,0.6352595578348784,0.0,0.0,0.0,0.0,0.0,0.0,0.0,1.0,0.0,0.0,0.39250757604264214,0.40062627649136906,1.0,1.0,0
0.0,1.0,0.0,0.0,0.0,0.4738209603583968,0.0,0.0,0.0,0.0,0.0,0.0,0.0,0.0,0.0,0.0,0.4340129296348023,0.5836525989778091,1.0,1.0,1
0.0,1.0,0.0,0.0,0.0,0.28780015913431656,0.0,0.0,0.0,0.0,0.0,0.0,0.0,0.0,0.0,0.0,0.13145543210447247,0.2477022977494733,1.0,1.0,1
0.0,1.0,0.0,0.0,0.0,0.08774019441773075,0.0,0.0,0.0,0.0,0.0,0.0,0.0,0.0,0.0,0.0,0.11162933108643444,0.3022779658975942,1.0,1.0,1
0.0,1.0,0.0,0.0,0.2,0.6744382753513858,0.0,0.0,0.0,0.0,0.0,0.0,0.0,1.0,0.0,0.0,0.09409561171352256,0.7576781845707918,1.0,0.0,0
0.0,1.0,0.0,0.0,0.0,0.1306359634934053,0.0,0.0,0.0,0.0,0.0,0.0,0.0,0.0,0.0,0.0,0.2351716960007428,0.5091307733149143,1.0,1.0,1
1.0,1.0,0.0,0.0,0.2,0.9320491499906146,0.0,0.0,0.0,0.0,0.0,0.0,0.0,1.0,0.0,0.0,0.14226927595553165,0.412242936115468,1.0,1.0,0
0.0,1.0,0.0,0.0,0.6,0.0527227772206426,0.0,0.0,0.0,0.0,0.0,0.0,0.0,0.0,0.0,0.0,0.68388493882784,0.3673898026683393,1.0,0.0,1
0.0,1.0,0.0,0.0,0.3,0.5520675142545713,0.0,0.0,0.0,0.0,0.0,0.0,0.0,1.0,0.0,0.0,0.354635775281037,0.7650339956660493,1.0,1.0,0
0.0,1.0,0.0,0.0,0.3,0.08978583053387916,0.0,1.0,0.0,0.0,0.0,0.0,1.0,0.0,0.0,1.0,0.18828516798929965,0.09468297098919037,1.0,1.0,2
0.0,1.0,0.0,0.0,0.0,0.046445346696189986,0.0,0.0,0.0,0.0,0.0,0.0,0.0,0.0,0.0,0.0,0.2757061178094089,0.3268441196271775,1.0,0.0,1
0.0,1.0,0.0,0.0,0.3,0.20544041216179776,1.0,1.0,0.0,0.0,0.0,1.0,1.0,0.0,0.0,1.0,0.7407584609487364,0.2886583944889818,1.0,1.0,2
0.0,1.0,0.0,0.0,0.3,0.20046820919517977,0.0,0.0,0.0,0.0,0.0,0.0,0.0,0.0,0.0,0.0,0.08096127738270313,0.5248027594025573,1.0,1.0,1
0.0,1.0,0.0,0.0,0.6,0.1822503050144582,0.0,0.0,0.0,0.0,0.0,0.0,0.0,0.0,0.0,0.0,0.24234819957689818,0.452495147135695,1.0,1.0,1
0.0,1.0,0.0,0.0,0.6,0.16162843318585124,0.0,1.0,0.0,0.0,0.0,1.0,1.0,0.0,0.0,1.0,0.4317563453306644,0.06647412998516834,1.0,0.0,2
0.0,1.0,0.0,0.0,0.0,0.21616538124588677,0.0,1.0,0.0,0.0,0.0,0.0,1.0,0.0,0.0,1.0,0.35517850228196446,0.5586266376851393,1.0,1.0,2
0.0,1.0,0.0,0.0,0.3,0.03152944336753326,0.0,0.0,0.0,0.0,0.0,1.0,1.0,0.0,0.0,1.0,0.3643799077917394,0.4479029764987244,1.0,1.0,2
1.0,1.0,0.0,0.0,0.0,0.7615838837816593,0.0,0.0,0.0,0.0,0.0,0.0,0.0,1.0,0.0,0.0,0.31758951797206253,0.10920761290939808,1.0,0.0,0
0.0,1.0,0.0,0.0,0.3,0.5767794887883395,0.0,0.0,0.0,0.0,0.0,0.0,0.0,0.0,0.0,0.0,0.3433925637446614,0.5290820813794075,1.0,1.0,1
0.0,1.0,0.0,0.0,0.3,0.6388668169359294,0.0,0.0,0.0,0.0,0.0,0.0,0.0,1.0,0.0,0.0,0.34040328969452943,0.8160429696706577,1.0,1.0,0
0.0,1.0,0.0,0.0,0.3,0.38771356076675445,0.0,0.0,0.0,0.0,0.0,0.0,0.0,0.0,0.0,0.0,0.3817743670109918,0.266542450373707,1.0,0.0,1
0.0,1.0,0.0,0.0,0.0,0.2661545749185348,0.0,0.0,0.0,0.0,0.0,0.0,0.0,0.0,0.0,0.0,0.2064115059059863,0.24355988869102038,1.0,1.0,1
0.0,1.0,0.0,0.0,0.0,0.34305837815274065,0.0,0.0,0.0,0.0,0.0,0.0,0.0,0.0,0.0,0.0,0.16929779718396562,0.2385220891751162,1.0,0.0,1
1.0,1.0,0.0,0.0,0.0,0.7436885473172773,0.0,0.0,0.0,0.0,0.0,0.0,0.0,1.0,0.0,0.0,0.47391984816036836,0.887937599984568,1.0,0.0,0
0.0,1.0,0.0,0.0,0.6,0.027807886799068565,1.0,1.0,0.0,0.0,0.0,0.0,1.0,0.0,0.0,1.0,0.23206676841402388,0.4096147420650731,1.0,1.0,2
0.0,1.0,0.0,0.0,0.3,0.4255017868004986,0.0,0.0,0.0,0.0,0.0,0.0,0.0,0.0,0.0,0.0,0.17958222323068368,0.6648531053242891,1.0,1.0,1
0.0,1.0,0.0,0.0,0.3,0.20612739111944964,0.0,0.0,0.0,0.0,0.0,0.0,0.0,0.0,0.0,0.0,0.17416627356950723,0.1925143369774483,1.0,0.0,1
0.0,1.0,0.0,0.0,0.6,0.01122902616511125,0.0,0.0,0.0,0.0,0.0,1.0,1.0,0.0,0.0,1.0,0.2926380868335596,0.39824987543079743,1.0,1.0,2
0.0,1.0,0.0,0.0,0.3,0.1962330443391059,0.0,0.0,0.0,0.0,0.0,0.0,0.0,0.0,0.0,0.0,0.27001365287783535,0.5246193572408063,1.0,1.0,1
0.0,1.0,0.0,0.0,0.3,0.030194933630019634,0.0,0.0,0.0,0.0,0.0,0.0,0.0,0.0,0.0,0.0,0.19864859575981972,0.3379106882638678,1.0,0.0,1
0.0,1.0,0.0,0.0,0.3,0.5009606686739649,0.0,0.0,0.0,0.0,0.0,0.0,0.0,0.0,0.0,0.0,0.1528167954088565,0.5057996297556895,1.0,0.0,1
0.0,1.0,0.0,0.0,0.6,0.06709212599759865,1.0,0.0,0.0,0.0,0.0,0.0,1.0,0.0,0.0,1.0,0.49629621671291224,0.1289918887260591,1.0,1.0,2
0.0,1.0,0.0,0.0,0.3,0.09335268780492055,0.0,0.0,0.0,0.0,0.0,0.0,0.0,0.0,0.0,0.0,0.6367475588283218,0.4463438989783304,1.0,0.0,1
0.0,1.0,0.0,0.0,0.0,0.04619932111588339,1.0,0.0,0.0,0.0,0.0,0.0,1.0,0.0,0.0,0.0,0.3514692276633206,0.4326002164705515,1.0,1.0,2
0.0,1.0,0.0,0.0,0.3,0.0004757094479231347,1.0,0.0,0.0,0.0,0.0,1.0,1.0,0.0,0.0,1.0,0.6214557399414651,0.3868912177736225,1.0,1.0,2
0.0,1.0,0.0,0.0,0.0,0.37923818010469196,0.0,0.0,0.0,0.0,0.0,0.0,0.0,0.0,0.0,0.0,0.23823432933590258,0.6531085785724694,1.0,0.0,1
0.0,1.0,0.0,0.0,0.6,0.40993059955250705,1.0,1.0,0.0,0.0,0.0,1.0,1.0,0.0,0.0,0.0,0.4071971673866816,0.5988010268957972,1.0,0.0,2
1.0,1.0,0.0,0.0,0.3,0.6525159018581038,0.0,0.0,0.0,0.0,0.0,0.0,0.0,1.0,0.0,0.0,0.25959117592499464,0.19856319047538487,1.0,0.0,0
0.0,1.0,0.0,0.0,0.2,0.4931880106551973,0.0,0.0,0.0,0.0,0.0,0.0,0.0,0.0,0.0,0.0,0.42547455014413393,0.6416771815786027,1.0,0.0,1
0.0,1.0,0.0,0.0,0.3,0.019593600361338618,0.0,1.0,0.0,0.0,0.0,0.0,1.0,0.0,0.0,0.0,0.28856883800311484,0.6775305849152837,1.0,0.0,2
1.0,1.0,0.0,0.0,0.3,0.9564629064135676,0.0,0.0,0.0,0.0,0.0,0.0,0.0,1.0,0.0,0.0,0.4097355258786325,0.39772287017163604,1.0,0.0,0
0.0,1.0,0.0,0.0,0.0,0.41493129920864724,0.0,0.0,0.0,0.0,0.0,0.0,0.0,0.0,0.0,0.0,0.32245751979440235,0.35622624245583207,1.0,0.0,1
0.0,1.0,0.0,0.0,0.3,0.1745052908937494,1.0,0.0,0.0,0.0,0.0,1.0,1.0,0.0,0.0,0.0,0.21987780692035988,0.4734077099409475,1.0,1.0,2
0.0,1.0,0.0,0.0,0.3,0.02345084796019422,0.0,0.0,0.0,0.0,0.0,1.0,1.0,0.0,0.0,1.0,0.20774248339324028,0.7704236152821818,1.0,0.0,2
0.0,1.0,0.0,0.0,0.3,0.015434344527455967,1.0,0.0,0.0,0.0,0.0,0.0,1.0,0.0,0.0,0.0,0.2420646188687347,0.24535517513660332,1.0,0.0,2
1.0,1.0,0.0,0.0,0.3,0.9636027828537095,0.0,0.0,0.0,0.0,0.0,0.0,0.0,1.0,0.0,0.0,0.19938878611646063,0.25795793420739677,1.0,1.0,0
0.0,1.0,0.0,0.0,0.6,0.7408275790592662,0.0,0.0,0.0,0.0,0.0,0.0,0.0,1.0,0.0,0.0,0.32231032854891745,0.6043775368747227,1.0,0.0,0
0.0,1.0,0.0,0.0,0.0,0.1109483654525125,0.0,0.0,0.0,0.0,0.0,0.0,1.0,0.0,0.0,0.0,0.1315152743007888,0.09822214408110265,1.0,1.0,2
0.0,1.0,0.0,0.0,0.3,0.001323805921025056,0.0,1.0,0.0,0.0,0.0,1.0,1.0,0.0,0.0,1.0,0.7823221991887855,0.3694631722526066,1.0,0.0,2
0.0,1.0,0.0,0.0,0.3,0.05212990439890097,0.0,1.0,0.0,0.0,0.0,1.0,1.0,0.0,0.0,0.0,0.5415704849000648,0.2800849718183522,1.0,0.0,2
1.0,1.0,0.0,0.0,0.3,0.9201259157116037,0.0,0.0,0.0,0.0,0.0,0.0,0.0,1.0,0.0,0.0,0.4733502520929943,0.4371630527985523,1.0,1.0,0
0.0,1.0,0.0,0.0,0.0,0.1660419837577751,0.0,0.0,0.0,0.0,0.0,0.0,1.0,0.0,0.0,0.0,0.19530171147705974,0.5392228892043462,1.0,0.0,2
0.0,1.0,0.0,0.0,0.0,0.6168528483776009,0.0,0.0,0.0,0.0,0.0,0.0,0.0,1.0,0.0,0.0,0.23188681202992187,0.5649304853500127,1.0,0.0,0
0.0,1.0,0.0,0.0,0.0,0.2724490660878941,0.0,0.0,0.0,0.0,0.0,0.0,0.0,0.0,0.0,0.0,0.4236686555898088,0.3067227886256973,1.0,1.0,1
1.0,1.0,0.0,0.0,0.6,0.9358176816737339,0.0,0.0,0.0,0.0,0.0,0.0,0.0,1.0,0.0,0.0,0.041064562138596696,0.4531727961368249,1.0,0.0,0
0.0,1.0,0.0,0.0,0.0,0.5824394788112834,0.0,0.0,0.0,0.0,0.0,0.0,0.0,0.0,0.0,0.0,0.2465725963605306,0.20182405229443193,1.0,0.0,1
0.0,1.0,0.0,0.0,0.3,0.06541150169567932,1.0,1.0,0.0,0.0,0.0,0.0,1.0,0.0,0.0,1.0,0.607569690160848,0.38893562011313554,1.0,0.0,2
0.0,1.0,0.0,0.0,0.3,0.05342515419349059,1.0,1.0,0.0,0.0,0.0,1.0,1.0,0.0,0.0,0.0,0.31507166229042405,0.3383997964940865,1.0,0.0,2
0.0,1.0,0.0,0.0,0.3,0.5235344712640535,0.0,1.0,0.0,0.0,0.0,0.0,1.0,0.0,0.0,0.0,0.5449272160308617,0.21187244575567954,1.0,1.0,2
0.0,1.0,0.0,0.0,0.0,0.6134864281927532,0.0,0.0,0.0,0.0,0.0,0.0,0.0,1.0,0.0,0.0,0.29067303550367984,0.4160614472626107,1.0,0.0,0
0.0,1.0,0.0,0.0,0.0,0.1621300302980999,0.0,0.0,0.0,0.0,0.0,0.0,0.0,0.0,0.0,0.0,0.19938039634919427,0.6040273822978706,1.0,0.0,1
0.0,1.0,0.0,0.0,0.2,0.6747393178416409,0.0,0.0,0.0,0.0,0.0,0.0,0.0,1.0,0.0,0.0,0.35930997764915207,0.36623058309582585,1.0,1.0,0
0.0,1.0,0.0,0.0,0.3,0.778953329497554,0.0,0.0,0.0,0.0,0.0,0.0,0.0,1.0,0.0,0.0,0.18513694847043996,0.88839564875747,1.0,0.0,0
0.0,1.0,0.0,0.0,0.0,0.7851222075588573,0.0,0.0,0.0,0.0,0.0,0.0,0.0,1.0,0.0,0.0,0.33966021520776,0.3377097626247352,1.0,1.0,0
0.0,1.0,0.0,0.0,0.0,0.9579804612852074,0.0,0.0,0.0,0.0,0.0,0.0,0.0,1.0,0.0,0.0,0.24308779721974572,0.47196818141427926,1.0,0.0,0
0.0,1.0,0.0,0.0,0.3,0.27685497899784584,0.0,0.0,0.0,0.0,0.0,0.0,0.0,0.0,0.0,0.0,0.5414771070227254,0.5844905706560103,1.0,1.0,1
0.0,1.0,0.0,0.0,0.3,0.3699213489441933,0.0,0.0,0.0,0.0,0.0,0.0,0.0,0.0,0.0,0.0,0.0088175592231183,0.6776223919343789,1.0,0.0,1
0.0,1.0,0.0,0.0,0.0,0.37364617760758123,0.0,0.0,0.0,0.0,0.0,0.0,0.0,0.0,0.0,0.0,0.29935383133093824,0.19905648911322002,1.0,1.0,1
0.0,1.0,0.0,0.0,0.3,0.38592405528033075,0.0,0.0,0.0,0.0,0.0,0.0,0.0,0.0,0.0,0.0,0.32984995942852496,0.5960864908949578,1.0,0.0,1
0.0,1.0,0.0,0.0,0.6,0.8103542777131693,0.0,0.0,0.0,0.0,0.0,0.0,0.0,1.0,0.0,0.0,0.27573351962061676,0.3343588076248052,1.0,0.0,0
0.0,1.0,0.0,0.0,0.0,0.17526289770154113,0.0,0.0,0.0,0.0,0.0,0.0,1.0,0.0,0.0,0.0,0.3980452225302057,0.05520088003985135,1.0,1.0,2
0.0,1.0,0.0,0.0,0.3,0.064825315120898,0.0,0.0,0.0,0.0,0.0,0.0,1.0,0.0,0.0,0.0,0.12226828811466092,0.29798801843213674,1.0,1.0,2
0.0,1.0,0.0,0.0,0.0,0.4893844218726662,0.0,0.0,0.0,0.0,0.0,0.0,0.0,0.0,0.0,0.0,0.36557591046784915,0.6631543505484132,1.0,0.0,1
0.0,1.0,0.0,0.0,0.3,0.12353631171710959,0.0,0.0,0.0,0.0,0.0,0.0,0.0,0.0,0.0,0.0,0.13197182300011462,0.4614497628118144,1.0,0.0,1
0.0,1.0,0.0,0.0,0.6,0.2766254244446801,0.0,0.0,0.0,0.0,0.0,0.0,0.0,0.0,0.0,0.0,0.3275194345272923,0.5765333294312175,1.0,0.0,1
0.0,1.0,0.0,0.0,0.3,0.16012561817528875,0.0,0.0,0.0,0.0,0.0,0.0,0.0,0.0,0.0,0.0,0.2560253027064385,0.5358949748152105,1.0,0.0,1
0.0,1.0,0.0,0.0,0.3,0.3051516701955722,0.0,0.0,0.0,0.0,0.0,0.0,1.0,0.0,0.0,0.0,0.6573095401778185,0.5948552166802368,1.0,0.0,2
1.0,1.0,0.0,0.0,0.6,0.6963344867139699,0.0,0.0,0.0,0.0,0.0,0.0,0.0,1.0,0.0,0.0,0.3968811695615583,0.663221347588139,1.0,1.0,0
0.0,1.0,0.0,0.0,0.0,0.3343431755709081,0.0,0.0,0.0,0.0,0.0,0.0,0.0,0.0,0.0,0.0,0.2991759956724859,0.6016367537649058,1.0,1.0,1
0.0,1.0,0.0,0.0,0.6,0.5345283662399091,0.0,0.0,0.0,0.0,0.0,0.0,0.0,0.0,0.0,0.0,0.29825199960855037,0.738215608809665,1.0,1.0,1
0.0,1.0,0.0,0.0,0.6,0.7698480147125824,0.0,0.0,0.0,0.0,0.0,0.0,0.0,1.0,0.0,0.0,0.38241490465810324,0.5853518318362093,1.0,1.0,0
0.0,1.0,0.0,0.0,0.0,0.2693780652089972,0.0,0.0,0.0,0.0,0.0,0.0,0.0,0.0,0.0,0.0,0.32060628192031415,0.5847112068129054,1.0,0.0,1
0.0,1.0,0.0,0.0,0.0,0.17716142712374786,0.0,0.0,0.0,0.0,0.0,0.0,1.0,0.0,0.0,1.0,0.22909611600096624,0.4622192706003853,1.0,0.0,2
0.0,1.0,0.0,0.0,0.2,0.2765803713200364,0.0,0.0,0.0,0.0,0.0,0.0,0.0,0.0,0.0,0.0,0.11771722048973489,0.5271031019727753,1.0,0.0,1
0.0,1.0,0.0,0.0,0.3,0.9114160322428524,0.0,0.0,0.0,0.0,0.0,0.0,0.0,1.0,0.0,0.0,0.42280905697619037,0.41484112115770283,1.0,1.0,0
1.0,1.0,0.0,0.0,0.0,0.5393334294199655,0.0,0.0,0.0,0.0,0.0,0.0,0.0,1.0,0.0,0.0,0.42105671646874776,0.6508403681669503,1.0,1.0,0
0.0,1.0,0.0,0.0,0.0,0.6727592600212811,0.0,0.0,0.0,0.0,0.0,0.0,0.0,1.0,0.0,0.0,0.40868829242479776,0.7564840962138792,1.0,0.0,0
1.0,1.0,0.0,0.0,0.6,0.6578205691922092,0.0,0.0,0.0,0.0,0.0,0.0,0.0,1.0,0.0,0.0,0.6404817332427095,0.4068235816787721,1.0,1.0,0
0.0,1.0,0.0,0.0,0.3,0.738483302273217,0.0,0.0,0.0,0.0,0.0,0.0,0.0,1.0,0.0,0.0,0.4877114273983524,0.3370570772860281,1.0,0.0,0
0.0,1.0,0.0,0.0,0.3,0.2737546159549932,0.0,0.0,0.0,0.0,0.0,0.0,1.0,0.0,0.0,1.0,0.12923085095998585,0.36091277171584457,1.0,1.0,2
0.0,1.0,0.0,0.0,0.0,0.17753874037586687,0.0,0.0,0.0,0.0,0.0,0.0,0.0,0.0,0.0,0.0,0.5080577223691788,0.7407236018002064,1.0,0.0,1
0.0,1.0,0.0,0.0,0.3,0.3743507445870955,0.0,0.0,0.0,0.0,0.0,0.0,1.0,0.0,0.0,0.0,0.07819270214804347,0.6102773430561547,1.0,1.0,2
0.0,1.0,0.0,0.0,0.0,0.49702082589170055,0.0,0.0,0.0,0.0,0.0,0.0,0.0,0.0,0.0,0.0,0.3744321680963832,0.4457183566640089,1.0,0.0,1
0.0,1.0,0.0,0.0,0.6,0.05457653657917013,0.0,0.0,0.0,0.0,0.0,0.0,0.0,0.0,0.0,0.0,0.15190464157188252,0.5103707641924424,1.0,0.0,1
0.0,1.0,0.0,0.0,0.0,0.075390652083844,0.0,0.0,0.0,0.0,0.0,0.0,0.0,0.0,0.0,0.0,0.4238842539443813,0.17222732320716003,1.0,0.0,1
0.0,1.0,0.0,0.0,0.6,0.04901184750018431,0.0,0.0,0.0,0.0,0.0,0.0,1.0,0.0,0.0,0.0,0.3073655900154584,0.532874605088962,1.0,0.0,2
0.0,1.0,0.0,0.0,0.3,0.03563440065410805,0.0,0.0,0.0,0.0,0.0,1.0,1.0,0.0,0.0,0.0,0.17196516915621354,0.16482791460326057,1.0,0.0,2
0.0,1.0,0.0,0.0,0.3,0.3370297431281291,0.0,0.0,0.0,0.0,0.0,0.0,0.0,0.0,0.0,0.0,0.18530099996165586,0.2769472555089109,1.0,0.0,1
0.0,1.0,0.0,0.0,0.3,0.12836147189820246,0.0,0.0,0.0,0.0,0.0,0.0,1.0,0.0,0.0,1.0,0.4351372027036608,0.40200628404427935,1.0,0.0,2
0.0,1.0,0.0,0.0,0.0,0.3449232153547434,0.0,0.0,0.0,0.0,0.0,0.0,0.0,0.0,0.0,0.0,0.5697316839678869,0.35392616278886607,1.0,1.0,1
0.0,1.0,0.0,0.0,0.0,0.24756447639503393,0.0,0.0,0.0,0.0,0.0,0.0,0.0,0.0,0.0,0.0,0.2183113317010269,0.4762968914959227,1.0,0.0,1
0.0,1.0,0.0,0.0,0.0,0.09532929090725484,1.0,0.0,0.0,0.0,0.0,0.0,1.0,0.0,0.0,1.0,0.40337339508839887,0.6060138235967033,1.0,1.0,2
0.0,1.0,0.0,0.0,0.6,0.21969605442102336,0.0,0.0,0.0,0.0,0.0,0.0,0.0,0.0,0.0,0.0,0.3807072435927622,0.6332221701117637,1.0,0.0,1
0.0,1.0,0.0,0.0,0.6,0.6351743383462038,0.0,0.0,0.0,0.0,0.0,0.0,0.0,0.0,0.0,0.0,0.11184206864665824,0.6527227423623154,1.0,0.0,1
0.0,1.0,0.0,0.0,0.0,0.6489215625679089,0.0,0.0,0.0,0.0,0.0,0.0,0.0,0.0,0.0,0.0,0.4622614036026818,0.2871865495314362,1.0,0.0,1
1.0,1.0,0.0,0.0,0.2,0.6083086372701549,0.0,0.0,0.0,0.0,0.0,0.0,0.0,1.0,0.0,0.0,0.054261153628647286,0.21628457925886493,1.0,1.0,0
0.0,1.0,0.0,0.0,0.3,0.040590647415923005,0.0,1.0,0.0,0.0,0.0,1.0,1.0,0.0,0.0,0.0,0.11806787392959049,0.34732622888876136,1.0,0.0,2
0.0,1.0,0.0,0.0,0.0,0.7425881671606958,0.0,0.0,0.0,0.0,0.0,0.0,0.0,1.0,0.0,0.0,0.4672694681818584,0.521277684836814,1.0,0.0,0
0.0,1.0,0.0,0.0,0.0,0.18667873757357265,0.0,0.0,0.0,0.0,0.0,0.0,1.0,0.0,0.0,0.0,0.1955551290739466,0.6002784939641033,1.0,0.0,2
0.0,1.0,0.0,0.0,0.0,0.06537955920594149,0.0,1.0,0.0,0.0,0.0,0.0,1.0,0.0,0.0,0.0,0.07111780033241544,0.4030526266513423,1.0,1.0,2
0.0,1.0,0.0,0.0,0.6,0.29323379536509175,0.0,0.0,0.0,0.0,0.0,0.0,0.0,0.0,0.0,0.0,0.23249594196156384,0.719829340566768,1.0,1.0,1
0.0,1.0,0.0,0.0,0.6,0.22400031530813075,0.0,0.0,0.0,0.0,0.0,0.0,0.0,0.0,0.0,0.0,0.2035742172279892,0.7725771347695536,1.0,0.0,1
0.0,1.0,0.0,0.0,0.2,0.5932609926350358,0.0,0.0,0.0,0.0,0.0,0.0,0.0,0.0,0.0,0.0,0.6881196042473153,0.0777649028590523,1.0,1.0,1
0.0,1.0,0.0,0.0,0.0,0.08881072730013923,0.0,0.0,0.0,0.0,0.0,0.0,1.0,0.0,0.0,0.0,0.1064612457488353,0.3567495645346024,1.0,1.0,2
1.0,1.0,0.0,0.0,0.2,0.6622000856509106,0.0,0.0,0.0,0.0,0.0,0.0,0.0,1.0,0.0,0.0,0.46892950694431995,0.4892934031378125,1.0,0.0,0
0.0,1.0,0.0,0.0,0.3,0.5377900847692023,0.0,0.0,0.0,0.0,0.0,0.0,0.0,1.0,0.0,0.0,0.1519824628872481,0.535406897828923,1.0,1.0,0
1.0,1.0,0.0,0.0,0.0,0.7919022943805375,0.0,0.0,0.0,0.0,0.0,0.0,0.0,1.0,0.0,0.0,0.12123885215405086,0.4230042813758284,1.0,0.0,0
1.0,1.0,0.0,0.0,0.2,0.5519913653954333,0.0,0.0,0.0,0.0,0.0,0.0,0.0,1.0,0.0,0.0,0.19094550967640986,0.4910785698808117,1.0,1.0,0
0.0,1.0,0.0,0.0,0.6,0.16931400632652632,1.0,1.0,0.0,0.0,0.0,0.0,1.0,0.0,0.0,0.0,0.4788360689717071,0.21076516052222713,1.0,1.0,2
0.0,1.0,0.0,0.0,0.6,0.15057833821042357,0.0,1.0,0.0,0.0,0.0,0.0,1.0,0.0,0.0,0.0,0.08968135681395473,0.32505755075331005,1.0,1.0,2
0.0,1.0,0.0,0.0,0.3,0.2514465518558017,0.0,0.0,0.0,0.0,0.0,0.0,0.0,0.0,0.0,0.0,0.05204765580836456,0.37839380881094237,1.0,1.0,1
1.0,1.0,0.0,0.0,0.3,0.6027728607636726,0.0,0.0,0.0,0.0,0.0,0.0,0.0,1.0,0.0,0.0,0.29031772611881346,0.31131858198258144,1.0,1.0,0
0.0,1.0,0.0,0.0,0.0,0.841461519282621,0.0,0.0,0.0,0.0,0.0,0.0,0.0,1.0,0.0,0.0,0.2494710300974737,0.3849879780530935,1.0,1.0,0
0.0,1.0,0.0,0.0,0.3,0.48037063200678437,0.0,0.0,0.0,0.0,0.0,0.0,0.0,1.0,0.0,0.0,0.1440113215722306,0.3763637488855923,1.0,0.0,0
0.0,1.0,0.0,0.0,0.3,0.5368604639652622,0.0,0.0,0.0,0.0,0.0,0.0,0.0,1.0,0.0,0.0,0.018593069311950882,0.34212953028026355,1.0,0.0,0
0.0,1.0,0.0,0.0,0.6,0.2813670766699553,0.0,0.0,0.0,0.0,0.0,0.0,1.0,0.0,0.0,1.0,0.16064349415288479,0.6094886151303188,1.0,1.0,2
0.0,1.0,0.0,0.0,0.3,0.2864618803640909,0.0,0.0,0.0,0.0,0.0,0.0,0.0,0.0,0.0,0.0,0.15217716044837448,0.4800721214348702,1.0,1.0,1
0.0,1.0,0.0,0.0,0.6,0.07162306289953169,0.0,1.0,0.0,0.0,0.0,1.0,1.0,0.0,0.0,0.0,0.4074748452528089,0.3991875812178382,1.0,0.0,2
0.0,1.0,0.0,0.0,0.3,0.6695637652034364,0.0,0.0,0.0,0.0,0.0,0.0,0.0,0.0,0.0,0.0,0.09794210859250556,0.43181166462903686,1.0,0.0,1
0.0,1.0,0.0,0.0,0.3,0.7086381767951492,0.0,0.0,0.0,0.0,0.0,0.0,0.0,1.0,0.0,0.0,0.3683925450828203,0.626561413692018,1.0,1.0,0
0.0,1.0,0.0,0.0,0.3,0.5563337393342516,0.0,0.0,0.0,0.0,0.0,0.0,0.0,0.0,0.0,0.0,0.4965298882038671,0.4413969966488172,1.0,0.0,1
0.0,1.0,0.0,0.0,0.3,0.15250546482799676,0.0,0.0,0.0,0.0,0.0,0.0,0.0,0.0,0.0,0.0,0.08410053138602352,0.48767525071164863,1.0,1.0,1
0.0,1.0,0.0,0.0,0.6,0.40256181755252146,0.0,0.0,0.0,0.0,0.0,0.0,0.0,1.0,0.0,0.0,0.10807331569037656,0.3748412846261139,1.0,1.0,0
1.0,1.0,0.0,0.0,0.6,0.7951171555757515,0.0,0.0,0.0,0.0,0.0,0.0,0.0,1.0,0.0,0.0,0.2770571272033047,0.2930712037331534,1.0,1.0,0
0.0,1.0,0.0,0.0,0.0,0.49201648217217303,0.0,0.0,0.0,0.0,0.0,0.0,0.0,0.0,0.0,0.0,0.23853183122949442,0.5184228478475938,1.0,1.0,1
0.0,1.0,0.0,0.0,0.3,0.0846342476647789,0.0,0.0,0.0,0.0,0.0,0.0,0.0,0.0,0.0,0.0,0.31257582708180176,0.6651788449280149,1.0,0.0,1
1.0,1.0,0.0,0.0,0.3,0.8294915418608395,0.0,0.0,0.0,0.0,0.0,0.0,0.0,1.0,0.0,0.0,0.5006330365380821,0.8704991195939712,1.0,1.0,0
1.0,1.0,0.0,0.0,0.0,0.52602727840982,0.0,0.0,0.0,0.0,0.0,0.0,0.0,1.0,0.0,0.0,0.08681797836957822,0.7297137956350885,1.0,1.0,0
0.0,1.0,0.0,0.0,0.3,0.16983624748891782,0.0,0.0,0.0,0.0,0.0,0.0,1.0,0.0,0.0,0.0,0.029028541018968474,0.24061427609771233,1.0,1.0,2
0.0,1.0,0.0,0.0,0.3,0.03203876637573912,0.0,0.0,0.0,0.0,0.0,1.0,1.0,0.0,0.0,1.0,0.35050144835245595,0.3502855602628726,1.0,1.0,2
0.0,1.0,0.0,0.0,0.6,0.23278410897795848,1.0,0.0,0.0,0.0,0.0,0.0,1.0,0.0,0.0,0.0,0.2755405682084358,0.16522926422864317,1.0,0.0,2
0.0,1.0,0.0,0.0,0.3,0.9450875413684943,0.0,0.0,0.0,0.0,0.0,0.0,0.0,1.0,0.0,0.0,0.17968923160815267,0.4054405210989507,1.0,1.0,0
0.0,1.0,0.0,0.0,0.3,0.9207396267317944,0.0,0.0,0.0,0.0,0.0,0.0,0.0,1.0,0.0,0.0,0.03069791356593421,0.11246965156596493,1.0,1.0,0
1.0,1.0,0.0,0.0,0.3,0.6585936748146413,0.0,0.0,0.0,0.0,0.0,0.0,0.0,1.0,0.0,0.0,0.3665472265515983,0.4643466150130899,1.0,0.0,0
0.0,1.0,0.0,0.0,0.0,0.3539967505817081,0.0,0.0,0.0,0.0,0.0,0.0,0.0,0.0,0.0,0.0,0.49470399201179815,0.21852836465920805,1.0,1.0,1
0.0,1.0,0.0,0.0,0.6,0.12254380990514835,0.0,0.0,0.0,0.0,0.0,0.0,0.0,0.0,0.0,0.0,0.22286175957987417,0.4874237179969286,1.0,0.0,1
0.0,1.0,0.0,0.0,0.3,0.41000196786532694,0.0,0.0,0.0,0.0,0.0,0.0,0.0,0.0,0.0,0.0,0.029421780611975826,0.6027863742662393,1.0,1.0,1
0.0,1.0,0.0,0.0,0.3,0.13676530166367887,0.0,0.0,0.0,0.0,0.0,0.0,0.0,0.0,0.0,0.0,0.20485205683487837,0.7380950405023797,1.0,0.0,1
0.0,1.0,0.0,0.0,0.3,0.2706257384516282,0.0,0.0,0.0,0.0,0.0,0.0,0.0,0.0,0.0,0.0,0.6180243433998152,0.08368345495109053,1.0,1.0,1
0.0,1.0,0.0,0.0,0.0,0.16801885692181415,0.0,0.0,0.0,0.0,0.0,0.0,1.0,0.0,0.0,0.0,0.16554961573212884,0.6015972414154578,1.0,1.0,2
0.0,1.0,0.0,0.0,0.3,0.2622790666867892,0.0,1.0,0.0,0.0,0.0,0.0,1.0,0.0,0.0,1.0,0.10117520002778553,0.14718208481147488,1.0,0.0,2
0.0,1.0,0.0,0.0,0.3,0.375520819464515,0.0,0.0,0.0,0.0,0.0,0.0,0.0,0.0,0.0,0.0,0.3449006895099754,0.6616042621108461,1.0,0.0,1
0.0,1.0,0.0,0.0,0.3,0.9118059286055026,0.0,0.0,0.0,0.0,0.0,0.0,0.0,1.0,0.0,0.0,0.38615090234600413,0.48756030068729544,1.0,0.0,0
0.0,1.0,0.0,0.0,0.0,0.2138200237600971,0.0,0.0,0.0,0.0,0.0,0.0,0.0,0.0,0.0,0.0,0.35193850054189824,0.3713970262098924,1.0,0.0,1
0.0,1.0,0.0,0.0,0.0,0.14593742100111248,0.0,0.0,0.0,0.0,0.0,0.0,0.0,0.0,0.0,0.0,0.36816254728309494,0.5555328448181132,1.0,1.0,1
0.0,1.0,0.0,0.0,0.3,0.9325562796721519,0.0,0.0,0.0,0.0,0.0,0.0,0.0,1.0,0.0,0.0,0.24957115740747818,0.25236208342338173,1.0,1.0,0
0.0,1.0,0.0,0.0,0.6,0.1380592582463599,1.0,0.0,0.0,0.0,0.0,0.0,1.0,0.0,0.0,0.0,0.3003501822100277,0.10576393720191608,1.0,0.0,2
0.0,1.0,0.0,0.0,0.3,0.5033726433183559,0.0,0.0,0.0,0.0,0.0,0.0,0.0,0.0,0.0,0.0,0.35096593173816526,0.3305581678885643,1.0,0.0,1
0.0,1.0,0.0,0.0,0.0,0.8544886823631083,0.0,0.0,0.0,0.0,0.0,0.0,0.0,1.0,0.0,0.0,0.21362120894951192,0.47850068035583515,1.0,1.0,0
0.0,1.0,0.0,0.0,0.3,0.6996119053256333,0.0,0.0,0.0,0.0,0.0,0.0,0.0,1.0,0.0,0.0,0.5223427767773894,0.2868117646983284,1.0,0.0,0
0.0,1.0,0.0,0.0,0.2,0.49795487461431964,0.0,0.0,0.0,0.0,0.0,0.0,0.0,0.0,0.0,0.0,0.4956623082277151,0.30359245952141867,1.0,1.0,1
0.0,1.0,0.0,0.0,0.3,0.009915423245939303,1.0,0.0,0.0,0.0,0.0,1.0,1.0,0.0,0.0,1.0,0.29940684843137577,0.4082746127081583,1.0,0.0,2
0.0,1.0,0.0,0.0,0.3,0.3036752592143765,0.0,0.0,0.0,0.0,0.0,0.0,0.0,0.0,0.0,0.0,0.19229502419345668,0.47942396607837856,1.0,1.0,1
1.0,1.0,0.0,0.0,0.3,0.5476676435952155,0.0,0.0,0.0,0.0,0.0,0.0,0.0,1.0,0.0,0.0,0.13940902454395718,0.6208723673377289,1.0,1.0,0
0.0,1.0,0.0,0.0,0.6,0.07373827109048146,0.0,0.0,0.0,0.0,0.0,0.0,1.0,0.0,0.0,0.0,0.4583352062494872,0.35869582109856624,1.0,1.0,2
0.0,1.0,0.0,0.0,0.0,0.16202732491708408,0.0,0.0,0.0,0.0,0.0,0.0,0.0,0.0,0.0,0.0,0.2124679337616312,0.3378024006072744,1.0,1.0,1
1.0,1.0,0.0,0.0,0.0,0.5213866057169736,0.0,0.0,0.0,0.0,0.0,0.0,0.0,1.0,0.0,0.0,0.07304322999842869,0.39814759022494833,1.0,0.0,0
1.0,1.0,0.0,0.0,0.3,0.9537157173072884,0.0,0.0,0.0,0.0,0.0,0.0,0.0,1.0,0.0,0.0,0.35804168447918794,0.6369579261967817,1.0,1.0,0
1.0,1.0,0.0,0.0,0.0,0.30262979008568347,0.0,0.0,0.0,0.0,0.0,0.0,0.0,1.0,0.0,0.0,0.2927841229879067,0.3683156404534695,1.0,0.0,0
0.0,1.0,0.0,0.0,0.6,0.42435936019474363,0.0,1.0,0.0,0.0,0.0,1.0,1.0,0.0,0.0,1.0,0.21903472600125592,0.5036085287518229,1.0,0.0,2
0.0,1.0,0.0,0.0,0.2,0.9060148874866567,0.0,0.0,0.0,0.0,0.0,0.0,0.0,1.0,0.0,0.0,0.3373503607558857,0.3649954268467505,1.0,1.0,0
0.0,1.0,0.0,0.0,0.3,0.1403590342229678,0.0,1.0,0.0,0.0,0.0,0.0,1.0,0.0,0.0,1.0,0.11160555536591309,0.3729935654411377,1.0,1.0,2
0.0,1.0,0.0,0.0,0.2,0.8134088273158948,0.0,0.0,0.0,0.0,0.0,0.0,0.0,1.0,0.0,0.0,0.09781669926356862,0.36139800537674194,1.0,0.0,0
0.0,1.0,0.0,0.0,0.3,0.1552679314298437,0.0,0.0,0.0,0.0,0.0,0.0,1.0,0.0,0.0,1.0,0.3785609689150985,0.5693603205102834,1.0,0.0,2
0.0,1.0,0.0,0.0,0.2,0.10138110061719965,0.0,0.0,0.0,0.0,0.0,0.0,0.0,0.0,0.0,0.0,0.06850649579472662,0.5514253250684756,1.0,0.0,1
0.0,1.0,0.0,0.0,0.3,0.07858883120838217,0.0,0.0,0.0,0.0,0.0,0.0,1.0,0.0,0.0,0.0,0.3184237030030492,0.4383062179402137,1.0,1.0,2
0.0,1.0,0.0,0.0,0.0,0.040377376365240414,0.0,0.0,0.0,0.0,0.0,0.0,1.0,0.0,0.0,1.0,0.14995527653926913,0.2735278540474938,1.0,1.0,2
0.0,1.0,0.0,0.0,0.3,0.5313855495140759,0.0,0.0,0.0,0.0,0.0,0.0,0.0,1.0,0.0,0.0,0.17578382763408426,0.36540393413060285,1.0,1.0,0
1.0,1.0,0.0,0.0,0.2,0.46838287242898013,0.0,0.0,0.0,0.0,0.0,0.0,0.0,1.0,0.0,0.0,0.22975652835380447,0.31024737558270693,1.0,0.0,0
0.0,1.0,0.0,0.0,0.3,0.32637062119879484,0.0,0.0,0.0,0.0,0.0,0.0,0.0,0.0,0.0,0.0,0.31263468465365557,0.15206988614739284,1.0,0.0,1
0.0,1.0,0.0,0.0,0.2,0.5901936889244318,0.0,0.0,0.0,0.0,0.0,0.0,0.0,1.0,0.0,0.0,0.4572283212998194,0.37229294610215113,1.0,1.0,0
0.0,1.0,0.0,0.0,0.0,0.10531536617602133,0.0,0.0,0.0,0.0,0.0,0.0,0.0,0.0,0.0,0.0,0.12383077073716642,0.5057797311382983,1.0,0.0,1
0.0,1.0,0.0,0.0,0.3,0.054334830726883575,0.0,0.0,0.0,0.0,0.0,0.0,0.0,0.0,0.0,0.0,0.1951276383816882,0.6511278069268146,1.0,1.0,1
0.0,1.0,0.0,0.0,0.0,0.626840666958234,0.0,0.0,0.0,0.0,0.0,0.0,0.0,1.0,0.0,0.0,0.35743898552313247,0.6982217247453875,1.0,0.0,0
0.0,1.0,0.0,0.0,0.0,0.8239682410583988,0.0,0.0,0.0,0.0,0.0,0.0,0.0,1.0,0.0,0.0,0.12843611524455076,0.8311458876666106,1.0,0.0,0
0.0,1.0,0.0,0.0,0.0,0.600967398041657,0.0,0.0,0.0,0.0,0.0,0.0,0.0,0.0,0.0,0.0,0.31453753755289693,0.7728228199110748,1.0,0.0,1
0.0,1.0,0.0,0.0,0.0,0.621382809392498,0.0,0.0,0.0,0.0,0.0,0.0,0.0,1.0,0.0,0.0,0.32572288868055177,0.4994179878236854,1.0,0.0,0
0.0,1.0,0.0,0.0,0.3,0.20155089137832738,0.0,0.0,0.0,0.0,0.0,0.0,0.0,0.0,0.0,0.0,0.2460244429497561,0.4020525440673079,1.0,0.0,1
0.0,1.0,0.0,0.0,0.3,0.3130196338905458,0.0,0.0,0.0,0.0,0.0,0.0,0.0,0.0,0.0,0.0,0.12290909836309961,0.3013322844807399,1.0,0.0,1
0.0,1.0,0.0,0.0,0.3,0.020532871934281764,1.0,0.0,0.0,0.0,0.0,1.0,1.0,0.0,0.0,1.0,0.4794889471732562,0.1360406390815859,1.0,0.0,2
0.0,1.0,0.0,0.0,0.0,0.19154796196937504,0.0,0.0,0.0,0.0,0.0,0.0,0.0,0.0,0.0,0.0,0.2935779964510117,0.5560078593767219,1.0,0.0,1
0.0,1.0,0.0,0.0,0.0,0.3341716907912713,1.0,1.0,0.0,0.0,0.0,0.0,1.0,0.0,0.0,1.0,0.6816206053176745,0.23306694532415015,1.0,0.0,2
0.0,1.0,0.0,0.0,0.0,0.6911783213139119,0.0,0.0,0.0,0.0,0.0,0.0,0.0,1.0,0.0,0.0,0.1524858559542323,0.6325770994660125,1.0,0.0,0
0.0,1.0,0.0,0.0,0.1,0.8822517475827129,0.0,0.0,0.0,0.0,0.0,0.0,0.0,1.0,0.0,0.0,0.42222869262641344,0.3098010453064615,1.0,0.0,0
0.0,1.0,0.0,0.0,0.0,0.029297010706242452,1.0,1.0,0.0,0.0,0.0,1.0,1.0,0.0,0.0,1.0,0.2318234054994996,0.4919527483599516,1.0,0.0,2
0.0,1.0,0.0,0.0,0.3,0.4020805513644421,0.0,0.0,0.0,0.0,0.0,0.0,0.0,0.0,0.0,0.0,0.16476523349827177,0.3965621439785736,1.0,1.0,1
0.0,1.0,0.0,0.0,0.0,0.18172467193739902,0.0,0.0,0.0,0.0,0.0,0.0,0.0,0.0,0.0,0.0,0.16767150817078075,0.43844702141164954,1.0,1.0,1
0.0,1.0,0.0,0.0,0.0,0.09905287679286721,1.0,1.0,0.0,0.0,0.0,1.0,1.0,0.0,0.0,1.0,0.5907361234835442,0.2467164017185829,1.0,0.0,2
0.0,1.0,0.0,0.0,0.0,0.45334510341580486,0.0,0.0,0.0,0.0,0.0,0.0,0.0,0.0,0.0,0.0,0.2786242851568124,0.42007514218524583,1.0,1.0,1
1.0,1.0,0.0,0.0,0.0,0.7465876394396375,0.0,0.0,0.0,0.0,0.0,0.0,0.0,1.0,0.0,0.0,0.2782987282292472,0.2655772778430768,1.0,0.0,0
0.0,1.0,0.0,0.0,0.3,0.41634560154087336,0.0,0.0,0.0,0.0,0.0,0.0,0.0,0.0,0.0,0.0,0.15066376963293043,0.37367757434974896,1.0,1.0,1
0.0,1.0,0.0,0.0,0.6,0.17832542143063393,0.0,0.0,0.0,0.0,0.0,0.0,1.0,0.0,0.0,0.0,0.18220548207453946,0.4250730449664737,1.0,0.0,2
0.0,1.0,0.0,0.0,0.3,0.09662632766480923,0.0,0.0,0.0,0.0,0.0,1.0,1.0,0.0,0.0,0.0,0.11715430186549482,0.5746288266916207,1.0,1.0,2
1.0,1.0,0.0,0.0,0.0,0.6327489253363904,0.0,0.0,0.0,0.0,0.0,0.0,0.0,1.0,0.0,0.0,0.0895944781183936,0.6642381692554894,1.0,1.0,0
1.0,1.0,0.0,0.0,0.3,0.7733380396999229,0.0,0.0,0.0,0.0,0.0,0.0,0.0,1.0,0.0,0.0,0.23749972034058134,0.24895238881315407,1.0,0.0,0
0.0,1.0,0.0,0.0,0.6,0.0266011731421635,0.0,1.0,0.0,0.0,0.0,0.0,1.0,0.0,0.0,1.0,0.41005654435714095,0.4600017528779366,1.0,1.0,2
0.0,1.0,0.0,0.0,0.0,0.20071892674446085,0.0,0.0,0.0,0.0,0.0,0.0,0.0,0.0,0.0,0.0,0.35563557817380037,0.31135219461087615,1.0,1.0,1
0.0,1.0,0.0,0.0,0.0,0.2615453396082804,0.0,0.0,0.0,0.0,0.0,0.0,0.0,0.0,0.0,0.0,0.2681967638573946,0.4963247277102955,1.0,1.0,1
0.0,1.0,0.0,0.0,0.3,0.19102126554553478,0.0,0.0,0.0,0.0,0.0,0.0,0.0,0.0,0.0,0.0,0.1999783997665645,0.7568369680793723,1.0,1.0,1
0.0,1.0,0.0,0.0,0.6,0.031225356125840525,0.0,0.0,0.0,0.0,0.0,1.0,1.0,0.0,0.0,1.0,0.31400026050303387,0.5891803502595105,1.0,0.0,2
1.0,1.0,0.0,0.0,0.6,0.37394519308960883,0.0,0.0,0.0,0.0,0.0,0.0,0.0,1.0,0.0,0.0,0.3922984241453792,0.7491179799894363,1.0,1.0,0
0.0,1.0,0.0,0.0,0.3,0.8944402045115647,0.0,0.0,0.0,0.0,0.0,0.0,0.0,1.0,0.0,0.0,0.4265857570649764,0.7570297185613623,1.0,1.0,0
0.0,1.0,0.0,0.0,0.6,0.011962938538067288,0.0,0.0,0.0,0.0,0.0,0.0,0.0,0.0,0.0,0.0,0.3840129779985498,0.5656757277190286,1.0,1.0,1
0.0,1.0,0.0,0.0,0.0,0.21080084222084294,0.0,0.0,0.0,0.0,0.0,0.0,1.0,0.0,0.0,0.0,0.0730938779629477,0.3092962708432526,1.0,0.0,2
1.0,1.0,0.0,0.0,0.0,0.7785126855226936,0.0,0.0,0.0,0.0,0.0,0.0,0.0,1.0,0.0,0.0,0.36209974412461715,0.8309457663510398,1.0,1.0,0
0.0,1.0,0.0,0.0,0.3,0.13648342868694052,1.0,0.0,0.0,0.0,0.0,0.0,1.0,0.0,0.0,1.0,0.12097311207346924,0.3833722614085347,1.0,1.0,2
0.0,1.0,0.0,0.0,0.3,0.12434710139927023,0.0,0.0,0.0,0.0,0.0,0.0,0.0,0.0,0.0,0.0,0.47419753253642377,0.508156574716583,1.0,0.0,1
0.0,1.0,0.0,0.0,0.3,0.3258894975823075,0.0,1.0,0.0,0.0,0.0,1.0,1.0,0.0,0.0,1.0,0.17112832021273228,0.3741530993253111,1.0,0.0,2
0.0,1.0,0.0,0.0,0.6,0.2956606189497671,0.0,0.0,0.0,0.0,0.0,0.0,0.0,0.0,0.0,0.0,0.04346086047475983,0.07389445430811653,1.0,0.0,1
0.0,1.0,0.0,0.0,0.3,0.3336326122776123,0.0,0.0,0.0,0.0,0.0,0.0,0.0,0.0,0.0,0.0,0.43448127854170887,0.16039553092780068,1.0,0.0,1
0.0,1.0,0.0,0.0,0.6,0.180498620797314,0.0,0.0,0.0,0.0,0.0,0.0,0.0,0.0,0.0,0.0,0.32749769063363665,0.4157491739925688,1.0,0.0,1
0.0,1.0,0.0,0.0,0.3,0.37411900844287765,0.0,0.0,0.0,0.0,0.0,0.0,0.0,0.0,0.0,0.0,0.32705501227626815,0.2865996105295627,1.0,1.0,1
0.0,1.0,0.0,0.0,0.6,0.07911760156015452,0.0,0.0,0.0,0.0,0.0,1.0,1.0,0.0,0.0,1.0,0.3452758897382923,0.5666192923301624,1.0,1.0,2
0.0,1.0,0.0,0.0,0.0,0.3428391525653403,0.0,0.0,0.0,0.0,0.0,0.0,0.0,0.0,0.0,0.0,0.4444507405770184,0.7130620004373225,1.0,0.0,1
0.0,1.0,0.0,0.0,0.3,0.1178996537633457,0.0,1.0,0.0,0.0,0.0,0.0,1.0,0.0,0.0,1.0,0.2977784012383236,0.4038183109715338,1.0,0.0,2
0.0,1.0,0.0,0.0,0.0,0.2518240378891332,0.0,0.0,0.0,0.0,0.0,0.0,0.0,0.0,0.0,0.0,0.34863817403073055,0.6978845287142074,1.0,1.0,1
0.0,1.0,0.0,0.0,0.0,0.17607050543155034,0.0,0.0,0.0,0.0,0.0,0.0,0.0,0.0,0.0,0.0,0.05683524025110355,0.23204140878152948,1.0,0.0,1
0.0,1.0,0.0,0.0,0.6,0.16072746229892923,0.0,0.0,0.0,0.0,0.0,0.0,1.0,0.0,0.0,0.0,0.1053977612672098,0.40319080448422656,1.0,0.0,2
0.0,1.0,0.0,0.0,0.6,0.6156259710699229,0.0,0.0,0.0,0.0,0.0,0.0,0.0,0.0,0.0,0.0,0.07941451503372651,0.2704485537673353,1.0,1.0,1
0.0,1.0,0.0,0.0,0.3,0.5670708567527635,0.0,0.0,0.0,0.0,0.0,0.0,0.0,1.0,0.0,0.0,0.3403201328711961,0.5649002850942112,1.0,0.0,0
0.0,1.0,0.0,0.0,0.0,0.7089641730310194,0.0,0.0,0.0,0.0,0.0,0.0,0.0,1.0,0.0,0.0,0.16746940535711494,0.3895867085268783,1.0,1.0,0
0.0,1.0,0.0,0.0,0.3,0.6718154528032646,0.0,0.0,0.0,0.0,0.0,0.0,0.0,0.0,0.0,0.0,0.5076460779377099,0.49632047396516016,1.0,0.0,1
0.0,1.0,0.0,0.0,0.0,0.2761574674321539,0.0,0.0,0.0,0.0,0.0,0.0,0.0,0.0,0.0,0.0,0.21288795630369814,0.27794759443400807,1.0,0.0,1
0.0,1.0,0.0,0.0,0.3,0.17725208806899834,0.0,0.0,0.0,0.0,0.0,0.0,0.0,0.0,0.0,0.0,0.4683081919805927,0.24336952120438146,1.0,0.0,1
0.0,1.0,0.0,0.0,0.0,0.09856279972553178,0.0,0.0,0.0,0.0,0.0,0.0,1.0,0.0,0.0,1.0,0.5451858092709805,0.14148971361405135,1.0,1.0,2
1.0,1.0,0.0,0.0,0.3,0.8536925863255302,0.0,0.0,0.0,0.0,0.0,0.0,0.0,1.0,0.0,0.0,0.09370570925322229,0.4944406037952225,1.0,0.0,0
1.0,1.0,0.0,0.0,0.2,0.7719177376054818,0.0,0.0,0.0,0.0,0.0,0.0,0.0,1.0,0.0,0.0,0.22603304829386867,0.7494496774252553,1.0,1.0,0
0.0,1.0,0.0,0.0,0.3,0.19775685689948655,1.0,1.0,0.0,0.0,0.0,0.0,1.0,0.0,0.0,0.0,0.36248624080364267,0.10847054930538114,1.0,0.0,2
0.0,1.0,0.0,0.0,0.3,0.7838491103222889,0.0,0.0,0.0,0.0,0.0,0.0,0.0,1.0,0.0,0.0,0.30321502605981143,0.7692920291184051,1.0,1.0,0
0.0,1.0,0.0,0.0,0.6,0.33976728863014244,0.0,0.0,0.0,0.0,0.0,0.0,0.0,0.0,0.0,0.0,0.16822829519053112,0.23480381607515055,1.0,1.0,1
0.0,1.0,0.0,0.0,0.2,0.7542373079263376,0.0,0.0,0.0,0.0,0.0,0.0,0.0,1.0,0.0,0.0,0.3441835817129323,0.46965761784966814,1.0,0.0,0
1.0,1.0,0.0,0.0,0.0,0.6276995090445667,0.0,0.0,0.0,0.0,0.0,0.0,0.0,1.0,0.0,0.0,0.5432009174130913,0.5708169892881927,1.0,1.0,0
1.0,1.0,0.0,0.0,0.3,0.6359135687637589,0.0,0.0,0.0,0.0,0.0,0.0,0.0,1.0,0.0,0.0,0.3125105614932266,0.5568375100025349,1.0,1.0,0
0.0,1.0,0.0,0.0,0.3,0.0016684697364753541,1.0,0.0,0.0,0.0,0.0,0.0,1.0,0.0,0.0,0.0,0.2626287678783535,0.4487895856093433,1.0,0.0,2
0.0,1.0,0.0,0.0,0.3,0.03777155030929101,0.0,0.0,0.0,0.0,0.0,0.0,1.0,0.0,0.0,1.0,0.38883627075929716,0.16814642670253566,1.0,1.0,2
1.0,1.0,0.0,0.0,0.0,0.8749344871669023,0.0,0.0,0.0,0.0,0.0,0.0,0.0,1.0,0.0,0.0,0.4135019656797357,0.5207786381839529,1.0,0.0,0
0.0,1.0,0.0,0.0,0.3,0.5352163492656163,0.0,0.0,0.0,0.0,0.0,0.0,0.0,1.0,0.0,0.0,0.19147992756257046,0.6472242493129412,1.0,1.0,0
0.0,1.0,0.0,0.0,0.3,0.10705457960379554,0.0,0.0,0.0,0.0,0.0,0.0,1.0,0.0,0.0,0.0,0.5681235336782366,0.4777858423516272,1.0,1.0,2
0.0,1.0,0.0,0.0,0.6,0.15911723821435492,0.0,0.0,0.0,0.0,0.0,0.0,0.0,0.0,0.0,0.0,0.029664701908721086,0.4941868789644328,1.0,0.0,1
0.0,1.0,0.0,0.0,0.0,0.21989715805451648,0.0,0.0,0.0,0.0,0.0,0.0,0.0,0.0,0.0,0.0,0.5026736047206003,0.4017884190292355,1.0,0.0,1
0.0,1.0,0.0,0.0,0.3,0.2659645782546742,0.0,0.0,0.0,0.0,0.0,0.0,0.0,0.0,0.0,0.0,0.19457736580458834,0.7057812445226449,1.0,0.0,1
0.0,1.0,0.0,0.0,0.0,0.7152137776528088,0.0,0.0,0.0,0.0,0.0,0.0,0.0,1.0,0.0,0.0,0.014528859428052184,0.5601269735587947,1.0,0.0,0
1.0,1.0,0.0,0.0,0.0,0.8622838923935876,0.0,0.0,0.0,0.0,0.0,0.0,0.0,1.0,0.0,0.0,0.09673432375509297,0.5238506190988748,1.0,1.0,0
0.0,1.0,0.0,0.0,0.0,0.6881881052532788,0.0,0.0,0.0,0.0,0.0,0.0,0.0,1.0,0.0,0.0,0.329005136717432,0.3669360120985616,1.0,0.0,0
0.0,1.0,0.0,0.0,0.0,0.2741686567274098,0.0,0.0,0.0,0.0,0.0,0.0,0.0,0.0,0.0,0.0,0.23286838778074498,0.3496540059874644,1.0,0.0,1
1.0,1.0,0.0,0.0,0.3,0.6179950866580578,0.0,0.0,0.0,0.0,0.0,0.0,0.0,1.0,0.0,0.0,0.09457785457509796,0.5166996116767992,1.0,1.0,0
0.0,1.0,0.0,0.0,0.0,0.022101041868987314,1.0,0.0,0.0,0.0,0.0,1.0,1.0,0.0,0.0,0.0,0.25573009280246717,0.4545514439662864,1.0,0.0,2
0.0,1.0,0.0,0.0,0.0,0.7722727983479813,0.0,0.0,0.0,0.0,0.0,0.0,0.0,1.0,0.0,0.0,0.307556362253113,0.24788669177301745,1.0,1.0,0
1.0,1.0,0.0,0.0,0.3,0.8744278805260592,0.0,0.0,0.0,0.0,0.0,0.0,0.0,1.0,0.0,0.0,0.17889763801966047,0.1539790784202524,1.0,0.0,0
0.0,1.0,0.0,0.0,0.0,0.09520202857584109,0.0,0.0,0.0,0.0,0.0,0.0,0.0,0.0,0.0,0.0,0.19396298136200704,0.2933259844493042,1.0,1.0,1
0.0,1.0,0.0,0.0,0.3,0.0165419014195701,0.0,0.0,0.0,0.0,0.0,1.0,1.0,0.0,0.0,0.0,0.3556255716997489,0.2657279904825381,1.0,0.0,2
0.0,1.0,0.0,0.0,0.3,0.31614046297933096,0.0,0.0,0.0,0.0,0.0,0.0,0.0,0.0,0.0,0.0,0.260469586257909,0.46316391215154296,1.0,0.0,1
0.0,1.0,0.0,0.0,0.3,0.12882093788436574,0.0,1.0,0.0,0.0,0.0,0.0,1.0,0.0,0.0,0.0,0.3576910413676159,0.5291136959740823,1.0,1.0,2
0.0,1.0,0.0,0.0,0.6,0.09020258314127584,0.0,0.0,0.0,0.0,0.0,0.0,0.0,0.0,0.0,0.0,0.28081031062919004,0.22011881541515213,1.0,1.0,1
1.0,1.0,0.0,0.0,0.0,0.7710717915589799,0.0,0.0,0.0,0.0,0.0,0.0,0.0,1.0,0.0,0.0,0.3274410413058437,0.43894750107095915,1.0,1.0,0
0.0,1.0,0.0,0.0,0.0,0.45657377705524493,0.0,0.0,0.0,0.0,0.0,0.0,0.0,0.0,0.0,0.0,0.12875400593563416,0.14105563396458307,1.0,0.0,1
0.0,1.0,0.0,0.0,0.0,0.2072555845965078,0.0,0.0,0.0,0.0,0.0,0.0,1.0,0.0,0.0,0.0,0.4534430816575284,0.3894341030360677,1.0,1.0,2
0.0,1.0,0.0,0.0,0.0,0.3617165389129001,0.0,0.0,0.0,0.0,0.0,0.0,0.0,0.0,0.0,0.0,0.2366947476546876,0.3383997288075612,1.0,0.0,1
0.0,1.0,0.0,0.0,0.3,0.13599529775489655,0.0,0.0,0.0,0.0,0.0,0.0,0.0,0.0,0.0,0.0,0.06791054571432835,0.37446181219484437,1.0,0.0,1
0.0,1.0,0.0,0.0,0.3,0.31927722090226707,0.0,0.0,0.0,0.0,0.0,0.0,0.0,0.0,0.0,0.0,0.13860860894176666,0.35041001507833625,1.0,1.0,1
0.0,1.0,0.0,0.0,0.0,0.40204582940641237,0.0,0.0,0.0,0.0,0.0,0.0,0.0,0.0,0.0,0.0,0.05028454001693777,0.475028407373011,1.0,0.0,1
0.0,1.0,0.0,0.0,0.0,0.49661464962551366,0.0,0.0,0.0,0.0,0.0,0.0,0.0,0.0,0.0,0.0,0.10588682782078808,0.16906558196275,1.0,1.0,1
0.0,1.0,0.0,0.0,0.3,0.34382447491023627,0.0,0.0,0.0,0.0,0.0,0.0,1.0,0.0,0.0,0.0,0.13382842716156212,0.24727944388028394,1.0,0.0,2
0.0,1.0,0.0,0.0,0.2,0.48342733533575405,0.0,0.0,0.0,0.0,0.0,0.0,0.0,1.0,0.0,0.0,0.1902031169167376,0.1976573184131448,1.0,0.0,0
0.0,1.0,0.0,0.0,0.3,0.08662414506553648,1.0,1.0,0.0,0.0,0.0,0.0,1.0,0.0,0.0,1.0,0.19052933728284124,0.3213076836914649,1.0,0.0,2
0.0,1.0,0.0,0.0,0.0,0.41722183590250794,0.0,0.0,0.0,0.0,0.0,0.0,0.0,0.0,0.0,0.0,0.2397172489477287,0.43129217501927936,1.0,1.0,1
0.0,1.0,0.0,0.0,0.1,0.8392519717798897,0.0,0.0,0.0,0.0,0.0,0.0,0.0,1.0,0.0,0.0,0.3849096649148591,0.361700353267006,1.0,1.0,0
1.0,1.0,0.0,0.0,0.0,0.6307776676823401,0.0,0.0,0.0,0.0,0.0,0.0,0.0,1.0,0.0,0.0,0.3938365639412452,0.22334879230597116,1.0,1.0,0
0.0,1.0,0.0,0.0,0.3,0.21411764057171448,0.0,0.0,0.0,0.0,0.0,1.0,1.0,0.0,0.0,1.0,0.3803039789014405,0.1440991779412123,1.0,0.0,2
0.0,1.0,0.0,0.0,0.3,0.19839135637832542,0.0,0.0,0.0,0.0,0.0,0.0,0.0,0.0,0.0,0.0,0.4941565000510482,0.14910680610183463,1.0,0.0,1
1.0,1.0,0.0,0.0,0.3,0.5382558474911998,0.0,0.0,0.0,0.0,0.0,0.0,0.0,1.0,0.0,0.0,0.2503190606542296,0.43641491261107723,1.0,1.0,0
0.0,1.0,0.0,0.0,0.3,0.5184271129511833,0.0,0.0,0.0,0.0,0.0,0.0,0.0,0.0,0.0,0.0,0.3847432222755016,0.36393398701153573,1.0,1.0,1
0.0,1.0,0.0,0.0,0.3,0.30903119785410876,0.0,0.0,0.0,0.0,0.0,0.0,1.0,0.0,0.0,1.0,0.1361023323749677,0.5554168211278635,1.0,1.0,2
0.0,1.0,0.0,0.0,0.3,0.12775914632698024,0.0,1.0,0.0,0.0,0.0,0.0,1.0,0.0,0.0,0.0,0.1797693979807434,0.6898700760219723,1.0,0.0,2
0.0,1.0,0.0,0.0,0.6,0.16249213008604552,0.0,0.0,0.0,0.0,0.0,0.0,0.0,0.0,0.0,0.0,0.4456076691398786,0.4057875020775183,1.0,1.0,1
0.0,1.0,0.0,0.0,0.3,0.8394253858084422,0.0,0.0,0.0,0.0,0.0,0.0,0.0,1.0,0.0,0.0,0.26108129804682806,0.6934783983740495,1.0,1.0,0
1.0,1.0,0.0,0.0,0.0,0.9226674821631098,0.0,0.0,0.0,0.0,0.0,0.0,0.0,1.0,0.0,0.0,0.3570664858442463,0.2602525128434431,1.0,0.0,0
1.0,1.0,0.0,0.0,0.3,0.9367041262174124,0.0,0.0,0.0,0.0,0.0,0.0,0.0,1.0,0.0,0.0,0.1891631302943165,0.4070048735985061,1.0,1.0,0
0.0,1.0,0.0,0.0,0.0,0.09068034573646414,0.0,0.0,0.0,0.0,0.0,0.0,1.0,0.0,0.0,1.0,0.2516214523151962,0.20988965613152338,1.0,1.0,2
0.0,1.0,0.0,0.0,0.3,0.04944789693935448,0.0,0.0,0.0,0.0,0.0,1.0,1.0,0.0,0.0,1.0,0.2723942349732158,0.6488063204545907,1.0,1.0,2
0.0,1.0,0.0,0.0,0.0,0.0240504439590215,0.0,0.0,0.0,0.0,0.0,0.0,1.0,0.0,0.0,1.0,0.3472470217007763,0.5153514342484256,1.0,0.0,2
0.0,1.0,0.0,0.0,0.2,0.8017486463364834,0.0,0.0,0.0,0.0,0.0,0.0,0.0,1.0,0.0,0.0,0.13573185113568784,0.44093311040219835,1.0,1.0,0
0.0,1.0,0.0,0.0,0.6,0.08397597061401316,0.0,1.0,0.0,0.0,0.0,1.0,1.0,0.0,0.0,0.0,0.22168745963773254,0.12542530403268382,1.0,1.0,2
0.0,1.0,0.0,0.0,0.3,0.4072051916173697,0.0,0.0,0.0,0.0,0.0,0.0,0.0,0.0,0.0,0.0,0.4946605770075571,0.5112771090573346,1.0,1.0,1
1.0,1.0,0.0,0.0,0.3,0.7680478392603428,0.0,0.0,0.0,0.0,0.0,0.0,0.0,1.0,0.0,0.0,0.2716731146051752,0.23617086135558585,1.0,1.0,0
1.0,1.0,0.0,0.0,0.2,0.6606516634816428,0.0,0.0,0.0,0.0,0.0,0.0,0.0,1.0,0.0,0.0,0.8084947346342866,0.5090863568014558,1.0,1.0,0
0.0,1.0,0.0,0.0,0.6,0.07747508692490791,1.0,0.0,0.0,0.0,0.0,0.0,1.0,0.0,0.0,1.0,0.09840294224422967,0.5194378662499357,1.0,1.0,2
0.0,1.0,0.0,0.0,0.3,0.3528946037798736,0.0,0.0,0.0,0.0,0.0,0.0,0.0,0.0,0.0,0.0,0.04924067361770707,0.1473657925751553,1.0,0.0,1
0.0,1.0,0.0,0.0,0.0,0.11879192103894777,0.0,0.0,0.0,0.0,0.0,1.0,1.0,0.0,0.0,1.0,0.43105740933150427,0.2860747824388679,1.0,1.0,2
1.0,1.0,0.0,0.0,0.1,0.7618138948057324,0.0,0.0,0.0,0.0,0.0,0.0,0.0,1.0,0.0,0.0,0.43262347164650256,0.4506794051899495,1.0,0.0,0
0.0,1.0,0.0,0.0,0.6,0.8364201504773715,0.0,0.0,0.0,0.0,0.0,0.0,0.0,1.0,0.0,0.0,0.20082890411449403,0.4765005907167602,1.0,0.0,0
0.0,1.0,0.0,0.0,0.3,0.11350300843791285,1.0,0.0,0.0,0.0,0.0,0.0,1.0,0.0,0.0,1.0,0.03367372978188826,0.33722786066882243,1.0,1.0,2
1.0,1.0,0.0,0.0,0.3,0.9158056478694258,0.0,0.0,0.0,0.0,0.0,0.0,0.0,1.0,0.0,0.0,0.38997166273130635,0.47902935498629107,1.0,1.0,0
0.0,1.0,0.0,0.0,0.3,0.20130531970976367,0.0,0.0,0.0,0.0,0.0,0.0,0.0,0.0,0.0,0.0,0.090981202838961,0.7810034858144672,1.0,1.0,1
0.0,1.0,0.0,0.0,0.0,0.41544911307877197,0.0,0.0,0.0,0.0,0.0,0.0,0.0,0.0,0.0,0.0,0.5826604613522582,0.4028348483720524,1.0,1.0,1
0.0,1.0,0.0,0.0,0.3,0.2502462041906144,0.0,0.0,0.0,0.0,0.0,0.0,0.0,0.0,0.0,0.0,0.13964729330041276,0.664508101599177,1.0,1.0,1
0.0,1.0,0.0,0.0,0.1,0.7424589063337488,0.0,0.0,0.0,0.0,0.0,0.0,0.0,1.0,0.0,0.0,0.3199043110989302,0.45599717755325875,1.0,0.0,0
0.0,1.0,0.0,0.0,0.6,0.5828017337191373,0.0,0.0,0.0,0.0,0.0,0.0,0.0,0.0,0.0,0.0,0.25182367810065903,0.39958461441600374,1.0,0.0,1
1.0,1.0,0.0,0.0,0.0,0.7072365002481519,0.0,0.0,0.0,0.0,0.0,0.0,0.0,1.0,0.0,0.0,0.26744460452010493,0.2811346175112037,1.0,1.0,0
1.0,1.0,0.0,0.0,0.2,0.7709001074545525,0.0,0.0,0.0,0.0,0.0,0.0,0.0,1.0,0.0,0.0,0.39892367234778614,0.42537620711495866,1.0,0.0,0
0.0,1.0,0.0,0.0,0.0,0.06753419812012083,1.0,1.0,0.0,0.0,0.0,1.0,1.0,0.0,0.0,1.0,0.3533320182798859,0.6334382812477602,1.0,1.0,2
0.0,1.0,0.0,0.0,0.0,0.044587005720381996,0.0,0.0,0.0,0.0,0.0,0.0,1.0,0.0,0.0,0.0,0.7292587434450022,0.69087964967589,1.0,1.0,2
1.0,1.0,0.0,0.0,0.0,0.49235647126191384,0.0,0.0,0.0,0.0,0.0,0.0,0.0,1.0,0.0,0.0,0.1805581095255628,0.37412410359288567,1.0,1.0,0
0.0,1.0,0.0,0.0,0.0,0.2852701357843544,0.0,0.0,0.0,0.0,0.0,1.0,1.0,0.0,0.0,0.0,0.2858297943790494,0.5503857539100123,1.0,1.0,2
0.0,1.0,0.0,0.0,0.0,0.3977248165062231,0.0,0.0,0.0,0.0,0.0,0.0,0.0,0.0,0.0,0.0,0.39854638278592647,0.7281388844357014,1.0,0.0,1
0.0,1.0,0.0,0.0,0.6,0.08248510617348516,1.0,0.0,0.0,0.0,0.0,1.0,1.0,0.0,0.0,1.0,0.21964346654674224,0.2499484270856067,1.0,1.0,2
0.0,1.0,0.0,0.0,0.3,0.31872528526942695,0.0,0.0,0.0,0.0,0.0,0.0,0.0,0.0,0.0,0.0,0.4964482633898881,0.32912454019843174,1.0,0.0,1
0.0,1.0,0.0,0.0,0.3,0.23296691934792274,0.0,0.0,0.0,0.0,0.0,0.0,0.0,0.0,0.0,0.0,0.1685487507440034,0.3293328242075208,1.0,1.0,1
0.0,1.0,0.0,0.0,0.0,0.12013812517985611,0.0,0.0,0.0,0.0,0.0,0.0,0.0,0.0,0.0,0.0,0.21234682236460709,0.5693862220744452,1.0,0.0,1
0.0,1.0,0.0,0.0,0.0,0.5350521101200572,0.0,0.0,0.0,0.0,0.0,0.0,0.0,1.0,0.0,0.0,0.5132358586005716,0.21844964132864944,1.0,1.0,0
0.0,1.0,0.0,0.0,0.0,0.6562036574378487,0.0,0.0,0.0,0.0,0.0,0.0,0.0,1.0,0.0,0.0,0.2875328572326089,0.5470133136635701,1.0,0.0,0
1.0,1.0,0.0,0.0,0.2,0.9528725352237128,0.0,0.0,0.0,0.0,0.0,0.0,0.0,1.0,0.0,0.0,0.5614847609290197,0.35118757710698073,1.0,1.0,0
0.0,1.0,0.0,0.0,0.6,0.0632315034421903,0.0,0.0,0.0,0.0,0.0,1.0,1.0,0.0,0.0,0.0,0.3913298206726408,0.26055019958587206,1.0,1.0,2
0.0,1.0,0.0,0.0,0.3,0.4545195607087937,0.0,0.0,0.0,0.0,0.0,0.0,0.0,0.0,0.0,0.0,0.25746563601298394,0.6067645814677463,1.0,1.0,1
1.0,1.0,0.0,0.0,0.3,0.8573525788355643,0.0,0.0,0.0,0.0,0.0,0.0,0.0,1.0,0.0,0.0,0.1914543451302441,0.22310217276235045,1.0,0.0,0
0.0,1.0,0.0,0.0,0.0,0.19403938805821994,0.0,0.0,0.0,0.0,0.0,0.0,0.0,0.0,0.0,0.0,0.3158895340216694,0.2580820982539691,1.0,0.0,1
0.0,1.0,0.0,0.0,0.0,0.7893219622504085,0.0,0.0,0.0,0.0,0.0,0.0,0.0,1.0,0.0,0.0,0.3899876316304454,0.5040173395438241,1.0,1.0,0
1.0,1.0,0.0,0.0,0.0,0.4794850375847151,0.0,0.0,0.0,0.0,0.0,0.0,0.0,1.0,0.0,0.0,0.24096061331901522,0.3905729448713295,1.0,1.0,0
0.0,1.0,0.0,0.0,0.3,0.14887814439273334,0.0,1.0,0.0,0.0,0.0,0.0,1.0,0.0,0.0,0.0,0.12486986083136144,0.08823039621419583,1.0,1.0,2
0.0,1.0,0.0,0.0,0.3,0.19921171257484455,1.0,0.0,0.0,0.0,0.0,0.0,1.0,0.0,0.0,1.0,0.1170539175607229,0.2644429868640271,1.0,1.0,2
0.0,1.0,0.0,0.0,0.0,0.26260281631310883,0.0,0.0,0.0,0.0,0.0,1.0,1.0,0.0,0.0,0.0,0.326301533924113,0.3123416325225476,1.0,0.0,2
0.0,1.0,0.0,0.0,0.3,0.05128434807628173,0.0,0.0,0.0,0.0,0.0,1.0,1.0,0.0,0.0,1.0,0.23898439714074457,0.46741816677484715,1.0,1.0,2
0.0,1.0,0.0,0.0,0.6,0.3432503154774548,0.0,0.0,0.0,0.0,0.0,0.0,0.0,0.0,0.0,0.0,0.41697964012630684,0.48606185299777294,1.0,0.0,1
0.0,1.0,0.0,0.0,0.3,0.09289472969532897,0.0,0.0,0.0,0.0,0.0,0.0,0.0,0.0,0.0,0.0,0.13999374135566484,0.5763767297314422,1.0,0.0,1
0.0,1.0,0.0,0.0,0.3,0.45008177361237445,0.0,0.0,0.0,0.0,0.0,0.0,0.0,0.0,0.0,0.0,0.22889501509365476,0.04061279326238936,1.0,0.0,1
0.0,1.0,0.0,0.0,0.3,0.0069882541528399145,0.0,0.0,0.0,0.0,0.0,1.0,1.0,0.0,0.0,1.0,0.5404665961597751,0.48395471161600656,1.0,0.0,2
0.0,1.0,0.0,0.0,0.6,0.21422214533099823,0.0,0.0,0.0,0.0,0.0,1.0,1.0,0.0,0.0,1.0,0.23277097971653776,0.4794037972552803,1.0,1.0,2
0.0,1.0,0.0,0.0,0.3,0.3761462704396922,0.0,0.0,0.0,0.0,0.0,0.0,0.0,1.0,0.0,0.0,0.36949074109107116,0.4198707923220472,1.0,0.0,0
0.0,1.0,0.0,0.0,0.0,0.28994603220306847,0.0,0.0,0.0,0.0,0.0,0.0,0.0,0.0,0.0,0.0,0.2215646224669161,0.42067836025812905,1.0,1.0,1
1.0,1.0,0.0,0.0,0.2,0.6246027828548003,0.0,0.0,0.0,0.0,0.0,0.0,0.0,1.0,0.0,0.0,0.61833129201398,0.7281133349864019,1.0,0.0,0
0.0,1.0,0.0,0.0,0.0,0.13454018962117675,1.0,0.0,0.0,0.0,0.0,0.0,1.0,0.0,0.0,0.0,0.34618987181843514,0.569149786416933,1.0,1.0,2
0.0,1.0,0.0,0.0,0.6,0.29857395083078825,0.0,0.0,0.0,0.0,0.0,0.0,0.0,0.0,0.0,0.0,0.14418747827329811,0.09809396638161047,1.0,0.0,1
0.0,1.0,0.0,0.0,0.3,0.1958648746293165,0.0,0.0,0.0,0.0,0.0,1.0,1.0,0.0,0.0,1.0,0.2800303376344053,0.41037024243204584,1.0,0.0,2
0.0,1.0,0.0,0.0,0.3,0.282261877989358,0.0,0.0,0.0,0.0,0.0,0.0,0.0,0.0,0.0,0.0,0.21523035059655937,0.29564770953568636,1.0,0.0,1
0.0,1.0,0.0,0.0,0.3,0.07324448478780123,0.0,1.0,0.0,0.0,0.0,1.0,1.0,0.0,0.0,0.0,0.20239999017320198,0.506131239982265,1.0,0.0,2
0.0,1.0,0.0,0.0,0.0,0.485718985249695,0.0,0.0,0.0,0.0,0.0,0.0,0.0,0.0,0.0,0.0,0.1272233846470675,0.3553901206922575,1.0,0.0,1
0.0,1.0,0.0,0.0,0.3,0.3864912999000424,0.0,0.0,0.0,0.0,0.0,0.0,0.0,0.0,0.0,0.0,0.38112351976397507,0.030964607225245456,1.0,1.0,1
0.0,1.0,0.0,0.0,0.0,0.5383941872831275,0.0,0.0,0.0,0.0,0.0,0.0,0.0,0.0,0.0,0.0,0.18028318850605773,0.5718734363947889,1.0,1.0,1
0.0,1.0,0.0,0.0,0.3,0.6461175612836095,0.0,0.0,0.0,0.0,0.0,0.0,0.0,0.0,0.0,0.0,0.38153659987962146,0.6117723415008478,1.0,0.0,1
0.0,1.0,0.0,0.0,0.2,0.11769822158142668,0.0,0.0,0.0,0.0,0.0,0.0,0.0,0.0,0.0,0.0,0.34581650666921454,0.5714454796289021,1.0,1.0,1
0.0,1.0,0.0,0.0,0.0,0.1525675013240366,0.0,0.0,0.0,0.0,0.0,0.0,0.0,0.0,0.0,0.0,0.2802635506261587,0.6695791019734016,1.0,0.0,1
0.0,1.0,0.0,0.0,0.3,0.10819679572128002,0.0,1.0,0.0,0.0,0.0,0.0,1.0,0.0,0.0,0.0,0.31005787661854883,0.5335659196860222,1.0,0.0,2
0.0,1.0,0.0,0.0,0.0,0.2829121989271066,0.0,0.0,0.0,0.0,0.0,0.0,0.0,0.0,0.0,0.0,0.3955168141736948,0.2586721471657632,1.0,0.0,1
0.0,1.0,0.0,0.0,0.6,0.13098690821697487,0.0,0.0,0.0,0.0,0.0,0.0,0.0,0.0,0.0,0.0,0.3102751405225153,0.5977387406804419,1.0,1.0,1
0.0,1.0,0.0,0.0,0.6,0.9416503483304093,0.0,0.0,0.0,0.0,0.0,0.0,0.0,1.0,0.0,0.0,0.24957769306169128,0.5221856327336145,1.0,0.0,0
0.0,1.0,0.0,0.0,0.0,0.5926655196534815,0.0,0.0,0.0,0.0,0.0,0.0,0.0,0.0,0.0,0.0,0.05790381125328531,0.43602392473677914,1.0,0.0,1
0.0,1.0,0.0,0.0,0.3,0.010975104948291405,0.0,0.0,0.0,0.0,0.0,1.0,1.0,0.0,0.0,1.0,0.30464312258749987,0.4062951759634317,1.0,1.0,2
0.0,1.0,0.0,0.0,0.3,0.3777725407104304,0.0,0.0,0.0,0.0,0.0,0.0,0.0,0.0,0.0,0.0,0.08589661301559127,0.22306421294687995,1.0,0.0,1
0.0,1.0,0.0,0.0,0.3,0.37414709014408515,1.0,1.0,0.0,0.0,0.0,0.0,1.0,0.0,0.0,1.0,0.14237986664846203,0.28168997496377884,1.0,1.0,2
0.0,1.0,0.0,0.0,0.6,0.2569167953398782,0.0,0.0,0.0,0.0,0.0,0.0,1.0,0.0,0.0,1.0,0.28070910241103836,0.32822392097345493,1.0,1.0,2
0.0,1.0,0.0,0.0,0.3,0.03879655352285215,0.0,0.0,0.0,0.0,0.0,0.0,1.0,0.0,0.0,1.0,0.4667545311100374,0.8029689786903769,1.0,0.0,2
0.0,1.0,0.0,0.0,0.3,0.31209727443754026,0.0,0.0,0.0,0.0,0.0,0.0,0.0,0.0,0.0,0.0,0.14167437845220676,0.4397592024910963,1.0,0.0,1
0.0,1.0,0.0,0.0,0.0,0.41445778269973865,0.0,0.0,0.0,0.0,0.0,0.0,0.0,0.0,0.0,0.0,0.11700571218572009,0.7570871459611344,1.0,0.0,1
0.0,1.0,0.0,0.0,0.1,0.7236219335778996,0.0,0.0,0.0,0.0,0.0,0.0,0.0,1.0,0.0,0.0,0.23875310356117913,0.3515284108234264,1.0,1.0,0
0.0,1.0,0.0,0.0,0.1,0.9312861125621923,0.0,0.0,0.0,0.0,0.0,0.0,0.0,1.0,0.0,0.0,0.3142519192164497,0.5742587753749114,1.0,0.0,0
0.0,1.0,0.0,0.0,0.3,0.0657707329630383,0.0,0.0,0.0,0.0,0.0,0.0,1.0,0.0,0.0,0.0,0.15372963363334347,0.2708475569453964,1.0,0.0,2
0.0,1.0,0.0,0.0,0.6,0.12885500504282793,0.0,0.0,0.0,0.0,0.0,0.0,0.0,0.0,0.0,0.0,0.32235420442003115,0.3721037758247397,1.0,1.0,1
0.0,1.0,0.0,0.0,0.0,0.18604550766100666,0.0,0.0,0.0,0.0,0.0,0.0,0.0,0.0,0.0,0.0,0.08179729051493609,0.4616983118313658,1.0,0.0,1
0.0,1.0,0.0,0.0,0.6,0.06155931849399614,1.0,1.0,0.0,0.0,0.0,1.0,1.0,0.0,0.0,0.0,0.3491595620786816,0.42501829825073656,1.0,1.0,2
0.0,1.0,0.0,0.0,0.0,0.6350450026203367,0.0,0.0,0.0,0.0,0.0,0.0,0.0,0.0,0.0,0.0,0.6425215702947481,0.1111281321536326,1.0,1.0,1
0.0,1.0,0.0,0.0,0.0,0.3360609532676865,0.0,0.0,0.0,0.0,0.0,0.0,0.0,0.0,0.0,0.0,0.16585436493923322,0.7822022086259289,1.0,0.0,1
0.0,1.0,0.0,0.0,0.3,0.5258241422284353,0.0,0.0,0.0,0.0,0.0,0.0,0.0,0.0,0.0,0.0,0.3453012638090657,0.2597485353872431,1.0,0.0,1
0.0,1.0,0.0,0.0,0.6,0.14058160004941014,0.0,1.0,0.0,0.0,0.0,0.0,1.0,0.0,0.0,0.0,0.07836871523493788,0.4806485082035893,1.0,1.0,2
0.0,1.0,0.0,0.0,0.2,0.5223233910338456,0.0,0.0,0.0,0.0,0.0,0.0,0.0,0.0,0.0,0.0,0.0870503844607497,0.33997538455744586,1.0,1.0,1
0.0,1.0,0.0,0.0,0.3,0.22495794513206102,0.0,1.0,0.0,0.0,0.0,0.0,1.0,0.0,0.0,0.0,0.4716595998079416,0.3243143393904842,1.0,1.0,2
0.0,1.0,0.0,0.0,0.6,0.01714545909427816,0.0,0.0,0.0,0.0,0.0,1.0,1.0,0.0,0.0,0.0,0.5067755261521889,0.21953211014934254,1.0,1.0,2
0.0,1.0,0.0,0.0,0.3,0.12925465023348354,0.0,0.0,0.0,0.0,0.0,0.0,1.0,0.0,0.0,0.0,0.14814309369088757,0.22850910714884493,1.0,0.0,2
0.0,1.0,0.0,0.0,0.0,0.19279023114470656,0.0,0.0,0.0,0.0,0.0,0.0,0.0,0.0,0.0,0.0,0.23391102738783043,0.574071489739823,1.0,0.0,1
0.0,1.0,0.0,0.0,0.0,0.246045480794264,0.0,0.0,0.0,0.0,0.0,0.0,0.0,0.0,0.0,0.0,0.42416002700398514,0.42371409570291546,1.0,0.0,1
0.0,1.0,0.0,0.0,0.3,0.8970718872362506,0.0,0.0,0.0,0.0,0.0,0.0,0.0,1.0,0.0,0.0,0.3641326680236391,0.466017244720601,1.0,0.0,0
0.0,1.0,0.0,0.0,0.3,0.14269513282916158,0.0,1.0,0.0,0.0,0.0,0.0,1.0,0.0,0.0,0.0,0.37635318953778873,0.37934075478053714,1.0,1.0,2
0.0,1.0,0.0,0.0,0.3,0.9584607054246739,0.0,0.0,0.0,0.0,0.0,0.0,0.0,1.0,0.0,0.0,0.3685099929749468,0.40735806500962163,1.0,1.0,0
0.0,1.0,0.0,0.0,0.0,0.10606461575321287,0.0,0.0,0.0,0.0,0.0,0.0,0.0,0.0,0.0,0.0,0.3799877631870138,0.33327965569097256,1.0,1.0,1
0.0,1.0,0.0,0.0,0.3,0.16064658454419348,0.0,0.0,0.0,0.0,0.0,0.0,0.0,0.0,0.0,0.0,0.22678892169322562,0.24568050151973286,1.0,1.0,1
0.0,1.0,0.0,0.0,0.3,0.11430425366607604,0.0,0.0,0.0,0.0,0.0,0.0,0.0,0.0,0.0,0.0,0.08340609793930726,0.16146510922774276,1.0,1.0,1
0.0,1.0,0.0,0.0,0.3,0.03909985823968226,1.0,0.0,0.0,0.0,0.0,0.0,1.0,0.0,0.0,0.0,0.48730914785226304,0.12586967704276356,1.0,0.0,2
0.0,1.0,0.0,0.0,0.6,0.1079043836056882,0.0,0.0,0.0,0.0,0.0,0.0,0.0,0.0,0.0,0.0,0.12673978715762982,0.5122736358608235,1.0,0.0,1
1.0,1.0,0.0,0.0,0.3,0.4824251743390394,0.0,0.0,0.0,0.0,0.0,0.0,0.0,1.0,0.0,0.0,0.6592654047116716,0.25569768382441405,1.0,0.0,0
0.0,1.0,0.0,0.0,0.0,0.1775425903943405,0.0,0.0,0.0,0.0,0.0,0.0,0.0,0.0,0.0,0.0,0.007716896916311227,0.14754106159954186,1.0,1.0,1
0.0,1.0,0.0,0.0,0.6,0.09835052684536527,0.0,0.0,0.0,0.0,0.0,0.0,0.0,0.0,0.0,0.0,0.28842402521273436,0.4382935669810644,1.0,1.0,1
0.0,1.0,0.0,0.0,0.0,0.3555396363408249,0.0,0.0,0.0,0.0,0.0,0.0,0.0,0.0,0.0,0.0,0.33062056155212177,0.15360757090619914,1.0,0.0,1
0.0,1.0,0.0,0.0,0.0,0.1006588408689236,0.0,0.0,0.0,0.0,0.0,0.0,1.0,0.0,0.0,1.0,0.08730144953010054,0.7392572553219957,1.0,1.0,2
0.0,1.0,0.0,0.0,0.3,0.8395214334725779,0.0,0.0,0.0,0.0,0.0,0.0,0.0,1.0,0.0,0.0,0.16951780676007983,0.49937120833087356,1.0,1.0,0
0.0,1.0,0.0,0.0,0.2,0.24986846810554023,0.0,0.0,0.0,0.0,0.0,0.0,0.0,0.0,0.0,0.0,0.32009189401695787,0.5307873540593099,1.0,1.0,1
1.0,1.0,0.0,0.0,0.6,0.5376223281287283,0.0,0.0,0.0,0.0,0.0,0.0,0.0,1.0,0.0,0.0,0.16719692194308344,0.3211021435314108,1.0,1.0,0
0.0,1.0,0.0,0.0,0.0,0.32999417652641716,0.0,0.0,0.0,0.0,0.0,1.0,1.0,0.0,0.0,1.0,0.40185823971857876,0.7170343079726775,1.0,1.0,2
0.0,1.0,0.0,0.0,0.3,0.3362480059889767,0.0,0.0,0.0,0.0,0.0,0.0,0.0,0.0,0.0,0.0,0.41604953273351536,0.08325782191209376,1.0,1.0,1
0.0,1.0,0.0,0.0,0.0,0.25909926911040765,0.0,0.0,0.0,0.0,0.0,0.0,0.0,0.0,0.0,0.0,0.30772942850943774,0.27573935533506777,1.0,0.0,1
0.0,1.0,0.0,0.0,0.3,0.20483608811473586,0.0,0.0,0.0,0.0,0.0,0.0,0.0,0.0,0.0,0.0,0.09436698446656423,0.24418605013460828,1.0,1.0,1
0.0,1.0,0.0,0.0,0.0,0.24616821898089947,0.0,0.0,0.0,0.0,0.0,0.0,0.0,0.0,0.0,0.0,0.1353368916904362,0.4981885507024037,1.0,0.0,1
0.0,1.0,0.0,0.0,0.3,0.4421609712459379,0.0,0.0,0.0,0.0,0.0,0.0,0.0,0.0,0.0,0.0,0.3601406023834763,0.7133711316327702,1.0,1.0,1
0.0,1.0,0.0,0.0,0.6,0.44403935373645226,0.0,0.0,0.0,0.0,0.0,0.0,0.0,1.0,0.0,0.0,0.39143287422680695,0.40142998756767495,1.0,0.0,0
0.0,1.0,0.0,0.0,0.3,0.18306355854405573,0.0,0.0,0.0,0.0,0.0,0.0,0.0,0.0,0.0,0.0,0.21966901865915972,0.7670846841231439,1.0,1.0,1
0.0,1.0,0.0,0.0,0.3,0.3721293006690107,0.0,0.0,0.0,0.0,0.0,0.0,0.0,0.0,0.0,0.0,0.05940094484974155,0.6654757244261611,1.0,0.0,1
0.0,1.0,0.0,0.0,0.6,0.3404705733357164,0.0,0.0,0.0,0.0,0.0,0.0,0.0,0.0,0.0,0.0,0.4961536538672208,0.06726576059381795,1.0,0.0,1
0.0,1.0,0.0,0.0,0.6,0.3859643711285972,0.0,0.0,0.0,0.0,0.0,0.0,0.0,0.0,0.0,0.0,0.28134089276328683,0.49656762584639025,1.0,1.0,1
0.0,1.0,0.0,0.0,0.2,0.452875563832066,0.0,0.0,0.0,0.0,0.0,0.0,0.0,1.0,0.0,0.0,0.22124579096324462,0.33926481603848224,1.0,1.0,0
0.0,1.0,0.0,0.0,0.3,0.6612515351015813,0.0,0.0,0.0,0.0,0.0,0.0,0.0,1.0,0.0,0.0,0.6402720036931532,0.549263984960682,1.0,1.0,0
0.0,1.0,0.0,0.0,0.3,0.28291813737930505,0.0,0.0,0.0,0.0,0.0,0.0,0.0,0.0,0.0,0.0,0.18230362444489237,0.17479289348578722,1.0,0.0,1
0.0,1.0,0.0,0.0,0.3,0.06619162653002006,1.0,1.0,0.0,0.0,0.0,0.0,1.0,0.0,0.0,1.0,0.3085075213119008,0.605443406045334,1.0,0.0,2
0.0,1.0,0.0,0.0,0.2,0.6150998877258798,0.0,0.0,0.0,0.0,0.0,0.0,0.0,0.0,0.0,0.0,0.04331150079778438,0.25234274747553537,1.0,1.0,1
0.0,1.0,0.0,0.0,0.3,0.06781535438251045,0.0,1.0,0.0,0.0,0.0,0.0,1.0,0.0,0.0,0.0,0.392808388863031,0.5122917103833727,1.0,0.0,2
0.0,1.0,0.0,0.0,0.0,0.427719544499063,0.0,0.0,0.0,0.0,0.0,0.0,0.0,0.0,0.0,0.0,0.5449356894421729,0.5562342862732812,1.0,1.0,1
0.0,1.0,0.0,0.0,0.6,0.4658684069227268,0.0,0.0,0.0,0.0,0.0,0.0,0.0,1.0,0.0,0.0,0.15422540233515528,0.22032244374468202,1.0,0.0,0
0.0,1.0,0.0,0.0,0.3,0.07163584965464957,0.0,0.0,0.0,0.0,0.0,0.0,1.0,0.0,0.0,0.0,0.14957350622157775,0.511170868178793,1.0,1.0,2
0.0,1.0,0.0,0.0,0.3,0.0785179947967717,0.0,0.0,0.0,0.0,0.0,0.0,1.0,0.0,0.0,0.0,0.4042075547483787,0.20409260399239382,1.0,1.0,2
0.0,1.0,0.0,0.0,0.0,0.646198051429602,0.0,0.0,0.0,0.0,0.0,0.0,0.0,0.0,0.0,0.0,0.4947280888006551,0.5793498633736706,1.0,0.0,1
1.0,1.0,0.0,0.0,0.3,0.8401465066363053,0.0,0.0,0.0,0.0,0.0,0.0,0.0,1.0,0.0,0.0,0.1798295230666209,0.5224495076991219,1.0,0.0,0
1.0,1.0,0.0,0.0,0.0,0.821858583593263,0.0,0.0,0.0,0.0,0.0,0.0,0.0,1.0,0.0,0.0,0.39131736506282755,0.6424056966527097,1.0,0.0,0
1.0,1.0,0.0,0.0,0.0,0.728159954866593,0.0,0.0,0.0,0.0,0.0,0.0,0.0,1.0,0.0,0.0,0.1875166689157469,0.1540968854035914,1.0,1.0,0
1.0,1.0,0.0,0.0,0.3,0.5084657668065669,0.0,0.0,0.0,0.0,0.0,0.0,0.0,1.0,0.0,0.0,0.42313304115601846,0.028881185520013473,1.0,0.0,0
0.0,1.0,0.0,0.0,0.6,0.6284875393880317,0.0,0.0,0.0,0.0,0.0,0.0,0.0,1.0,0.0,0.0,0.3172942615012608,0.093914987882105,1.0,0.0,0
0.0,1.0,0.0,0.0,0.3,0.1255417625015145,0.0,1.0,0.0,0.0,0.0,0.0,1.0,0.0,0.0,0.0,0.5503558797385393,0.5538075961878405,1.0,0.0,2
0.0,1.0,0.0,0.0,0.3,0.10739606345463451,0.0,0.0,0.0,0.0,0.0,0.0,0.0,0.0,0.0,0.0,0.13510012363781196,0.48346037022490174,1.0,1.0,1
0.0,1.0,0.0,0.0,0.3,0.0298807218344892,0.0,0.0,0.0,0.0,0.0,1.0,1.0,0.0,0.0,0.0,0.12215444111077656,0.21293171820922283,1.0,1.0,2
0.0,1.0,0.0,0.0,0.6,0.39436432874202276,0.0,0.0,0.0,0.0,0.0,0.0,0.0,0.0,0.0,0.0,0.4551820934733807,0.5161090508713883,1.0,1.0,1
0.0,1.0,0.0,0.0,0.0,0.14856227113024686,0.0,0.0,0.0,0.0,0.0,0.0,0.0,0.0,0.0,0.0,0.3984885458161098,0.3438697791099666,1.0,1.0,1
0.0,1.0,0.0,0.0,0.0,0.49231514107380614,0.0,0.0,0.0,0.0,0.0,0.0,0.0,1.0,0.0,0.0,0.3686685953489965,0.6001113480094958,1.0,1.0,0
0.0,1.0,0.0,0.0,0.0,0.27503347555105906,0.0,0.0,0.0,0.0,0.0,0.0,0.0,0.0,0.0,0.0,0.2880887645925007,0.4497321340430525,1.0,1.0,1
0.0,1.0,0.0,0.0,0.2,0.8315682162930216,0.0,0.0,0.0,0.0,0.0,0.0,0.0,1.0,0.0,0.0,0.6418034901353433,0.44370299463409935,1.0,1.0,0
1.0,1.0,0.0,0.0,0.6,0.7885773271966471,0.0,0.0,0.0,0.0,0.0,0.0,0.0,1.0,0.0,0.0,0.16436302107444165,0.3660903026233129,1.0,1.0,0
1.0,1.0,0.0,0.0,0.2,0.8927862956365323,0.0,0.0,0.0,0.0,0.0,0.0,0.0,1.0,0.0,0.0,0.19695419938766134,0.37268605243011166,1.0,0.0,0
0.0,1.0,0.0,0.0,0.2,0.6334380193270439,0.0,0.0,0.0,0.0,0.0,0.0,0.0,1.0,0.0,0.0,0.18520150651377645,0.5818931302291149,1.0,0.0,0
0.0,1.0,0.0,0.0,0.6,0.8663811814676278,0.0,0.0,0.0,0.0,0.0,0.0,0.0,1.0,0.0,0.0,0.20932269312292293,0.2725448203415065,1.0,1.0,0
1.0,1.0,0.0,0.0,0.0,0.7120837665798091,0.0,0.0,0.0,0.0,0.0,0.0,0.0,1.0,0.0,0.0,0.31497271089135886,0.4439582501393917,1.0,0.0,0
0.0,1.0,0.0,0.0,0.6,0.09927579879346259,0.0,0.0,0.0,0.0,0.0,0.0,0.0,0.0,0.0,0.0,0.08130323352877604,0.37734553933282305,1.0,0.0,1
0.0,1.0,0.0,0.0,0.0,0.21972865543715672,0.0,0.0,0.0,0.0,0.0,0.0,0.0,0.0,0.0,0.0,0.25828014713792175,0.7141388041367817,1.0,0.0,1
1.0,1.0,0.0,0.0,0.3,0.7083070847975135,0.0,0.0,0.0,0.0,0.0,0.0,0.0,1.0,0.0,0.0,0.10430938184925222,0.5548577422757812,1.0,0.0,0
1.0,1.0,0.0,0.0,0.0,0.7651137996626346,0.0,0.0,0.0,0.0,0.0,0.0,0.0,1.0,0.0,0.0,0.2743508733298994,0.2663541260149489,1.0,1.0,0
0.0,1.0,0.0,0.0,0.2,0.37118900936078636,0.0,0.0,0.0,0.0,0.0,0.0,0.0,0.0,0.0,0.0,0.2758806099239592,0.22765898992694322,1.0,1.0,1
0.0,1.0,0.0,0.0,0.6,0.1607843640655922,0.0,0.0,0.0,0.0,0.0,0.0,0.0,0.0,0.0,0.0,0.13580367114925201,0.3395377922140224,1.0,1.0,1
0.0,1.0,0.0,0.0,0.6,0.8931370606218494,0.0,0.0,0.0,0.0,0.0,0.0,0.0,1.0,0.0,0.0,0.3371778386158873,0.2123507531933746,1.0,0.0,0
1.0,1.0,0.0,0.0,0.3,0.5399096500508404,0.0,0.0,0.0,0.0,0.0,0.0,0.0,1.0,0.0,0.0,0.2850509052162969,0.28901435042102835,1.0,0.0,0
0.0,1.0,0.0,0.0,0.6,0.24964874837874043,0.0,0.0,0.0,0.0,0.0,0.0,0.0,0.0,0.0,0.0,0.18072460697915352,0.47441733212125625,1.0,1.0,1
1.0,1.0,0.0,0.0,0.0,0.6530563361726412,0.0,0.0,0.0,0.0,0.0,0.0,0.0,1.0,0.0,0.0,0.20896214338726762,0.3639038163257474,1.0,1.0,0
0.0,1.0,0.0,0.0,0.3,0.5601959723562883,0.0,0.0,0.0,0.0,0.0,0.0,0.0,0.0,0.0,0.0,0.028062608419873757,0.4462528729807349,1.0,1.0,1
0.0,1.0,0.0,0.0,0.6,0.08826534117550724,0.0,0.0,0.0,0.0,0.0,0.0,0.0,0.0,0.0,0.0,0.09294803724723788,0.13985392564600646,1.0,1.0,1
0.0,1.0,0.0,0.0,0.6,0.33504105771249415,0.0,0.0,0.0,0.0,0.0,0.0,0.0,0.0,0.0,0.0,0.18822324650369415,0.1868309305864061,1.0,1.0,1
0.0,1.0,0.0,0.0,0.3,0.8518864320599194,0.0,0.0,0.0,0.0,0.0,0.0,0.0,1.0,0.0,0.0,0.3451824803259842,0.24182765385986155,1.0,0.0,0
0.0,1.0,0.0,0.0,0.3,0.6357693043140338,0.0,0.0,0.0,0.0,0.0,0.0,0.0,0.0,0.0,0.0,0.5415754137837745,0.7813450314356771,1.0,1.0,1
0.0,1.0,0.0,0.0,0.3,0.21610779790878187,0.0,0.0,0.0,0.0,0.0,0.0,0.0,0.0,0.0,0.0,0.4198200084310313,0.42922630231728853,1.0,0.0,1
0.0,1.0,0.0,0.0,0.6,0.8232592147918272,0.0,0.0,0.0,0.0,0.0,0.0,0.0,1.0,0.0,0.0,0.03611480673587698,0.34336722618444115,1.0,0.0,0
0.0,1.0,0.0,0.0,0.3,0.426653873806534,0.0,0.0,0.0,0.0,0.0,0.0,0.0,0.0,0.0,0.0,0.5440035226262431,0.5094947639937949,1.0,0.0,1
0.0,1.0,0.0,0.0,0.0,0.15203573101542323,0.0,0.0,0.0,0.0,0.0,0.0,0.0,0.0,0.0,0.0,0.19434088653056802,0.33177410206053454,1.0,1.0,1
0.0,1.0,0.0,0.0,0.3,0.7414676462558193,0.0,0.0,0.0,0.0,0.0,0.0,0.0,1.0,0.0,0.0,0.3720832583696212,0.6001233841159779,1.0,1.0,0
0.0,1.0,0.0,0.0,0.2,0.8691023405187276,0.0,0.0,0.0,0.0,0.0,0.0,0.0,1.0,0.0,0.0,0.26404762646027474,0.5829975025305011,1.0,0.0,0
0.0,1.0,0.0,0.0,0.3,0.017883623319946435,0.0,0.0,0.0,0.0,0.0,0.0,1.0,0.0,0.0,0.0,0.1328336209942711,0.27902822322235726,1.0,0.0,2
1.0,1.0,0.0,0.0,0.2,0.9172759759568984,0.0,0.0,0.0,0.0,0.0,0.0,0.0,1.0,0.0,0.0,0.24682796559395767,0.5851325290370166,1.0,0.0,0
0.0,1.0,0.0,0.0,0.0,0.23619770282799468,0.0,0.0,0.0,0.0,0.0,0.0,0.0,0.0,0.0,0.0,0.1484159107037304,0.2135177136652018,1.0,1.0,1
0.0,1.0,0.0,0.0,0.3,0.14902087561397323,0.0,0.0,0.0,0.0,0.0,0.0,0.0,0.0,0.0,0.0,0.5560983729145972,0.4521305290322447,1.0,1.0,1
0.0,1.0,0.0,0.0,0.0,0.03454058160006638,0.0,1.0,0.0,0.0,0.0,0.0,1.0,0.0,0.0,1.0,0.20718718472010483,0.23842587178306243,1.0,0.0,2
0.0,1.0,0.0,0.0,0.3,0.7884219988740678,0.0,0.0,0.0,0.0,0.0,0.0,0.0,1.0,0.0,0.0,0.4023632197946783,0.48476520341017526,1.0,1.0,0
1.0,1.0,0.0,0.0,0.6,0.9176623298532044,0.0,0.0,0.0,0.0,0.0,0.0,0.0,1.0,0.0,0.0,0.20760153360545044,0.5641114945463439,1.0,0.0,0
0.0,1.0,0.0,0.0,0.3,0.9394178463058669,0.0,0.0,0.0,0.0,0.0,0.0,0.0,1.0,0.0,0.0,0.27192288778955137,0.3985688441898071,1.0,1.0,0
0.0,1.0,0.0,0.0,0.3,0.06151782035312923,0.0,0.0,0.0,0.0,0.0,0.0,0.0,0.0,0.0,0.0,0.29159278889511,0.3448444772698549,1.0,0.0,1
0.0,1.0,0.0,0.0,0.6,0.007635233592306001,1.0,1.0,0.0,0.0,0.0,0.0,1.0,0.0,0.0,0.0,0.12963837875381595,0.7049743330214681,1.0,1.0,2
0.0,1.0,0.0,0.0,0.0,0.7519090473210124,0.0,0.0,0.0,0.0,0.0,0.0,0.0,1.0,0.0,0.0,0.5495120944909461,0.24419850934161325,1.0,0.0,0
0.0,1.0,0.0,0.0,0.0,0.013537240099848967,0.0,1.0,0.0,0.0,0.0,0.0,1.0,0.0,0.0,1.0,0.2880190116526997,0.4994730989943783,1.0,0.0,2
0.0,1.0,0.0,0.0,0.6,0.07832125823367372,1.0,0.0,0.0,0.0,0.0,0.0,1.0,0.0,0.0,0.0,0.2857884766314939,0.2944976018785486,1.0,0.0,2
0.0,1.0,0.0,0.0,0.0,0.7534946490710029,0.0,0.0,0.0,0.0,0.0,0.0,0.0,1.0,0.0,0.0,0.06041584752376096,0.24620202636483182,1.0,1.0,0
0.0,1.0,0.0,0.0,0.0,0.9065984200759625,0.0,0.0,0.0,0.0,0.0,0.0,0.0,1.0,0.0,0.0,0.32169249922195353,0.6889397926585088,1.0,0.0,0
0.0,1.0,0.0,0.0,0.6,0.6076351170359556,0.0,0.0,0.0,0.0,0.0,0.0,0.0,1.0,0.0,0.0,0.41510656307773075,0.4667504533884853,1.0,0.0,0
0.0,1.0,0.0,0.0,0.3,0.754972973808295,0.0,0.0,0.0,0.0,0.0,0.0,0.0,1.0,0.0,0.0,0.1904710561094352,0.5842612762090851,1.0,0.0,0
0.0,1.0,0.0,0.0,0.3,0.0959845468384353,1.0,0.0,0.0,0.0,0.0,1.0,1.0,0.0,0.0,0.0,0.2084135121783372,0.5773139166688182,1.0,1.0,2
0.0,1.0,0.0,0.0,0.3,0.03456155123199021,0.0,0.0,0.0,0.0,0.0,0.0,1.0,0.0,0.0,1.0,0.4017646323492606,0.6007285098860378,1.0,1.0,2
0.0,1.0,0.0,0.0,0.3,0.13160378232773526,0.0,0.0,0.0,0.0,0.0,0.0,1.0,0.0,0.0,1.0,0.4386307407563029,0.3071985234719146,1.0,1.0,2
1.0,1.0,0.0,0.0,0.6,0.7892534928604756,0.0,0.0,0.0,0.0,0.0,0.0,0.0,1.0,0.0,0.0,0.1510975572297626,0.45127221416088165,1.0,0.0,0
1.0,1.0,0.0,0.0,0.3,0.7746292162263376,0.0,0.0,0.0,0.0,0.0,0.0,0.0,1.0,0.0,0.0,0.7369234068791324,0.2700402536014308,1.0,0.0,0
0.0,1.0,0.0,0.0,0.2,0.7980234755374243,0.0,0.0,0.0,0.0,0.0,0.0,0.0,1.0,0.0,0.0,0.3893474159011831,0.6190923694490698,1.0,1.0,0
1.0,1.0,0.0,0.0,0.0,0.9830248781102103,0.0,0.0,0.0,0.0,0.0,0.0,0.0,1.0,0.0,0.0,0.1885117799194563,0.6431735550076637,1.0,1.0,0
0.0,1.0,0.0,0.0,0.3,0.10924946606873553,0.0,0.0,0.0,0.0,0.0,0.0,1.0,0.0,0.0,1.0,0.18240566530596813,0.5359848532824517,1.0,1.0,2
0.0,1.0,0.0,0.0,0.0,0.4199615474496954,0.0,0.0,0.0,0.0,0.0,0.0,0.0,0.0,0.0,0.0,0.3467662331392085,0.4597808162328505,1.0,1.0,1
1.0,1.0,0.0,0.0,0.0,0.9376947051522455,0.0,0.0,0.0,0.0,0.0,0.0,0.0,1.0,0.0,0.0,0.27680591982423053,0.7199529831523476,1.0,0.0,0
0.0,1.0,0.0,0.0,0.3,0.09850200664047543,0.0,0.0,0.0,0.0,0.0,1.0,1.0,0.0,0.0,0.0,0.3070317421352146,0.6923613569108736,1.0,0.0,2
0.0,1.0,0.0,0.0,0.0,0.4364931561368962,0.0,0.0,0.0,0.0,0.0,0.0,0.0,0.0,0.0,0.0,0.3711260861426864,0.6063077961294688,1.0,1.0,1
0.0,1.0,0.0,0.0,0.0,0.10764722829302514,0.0,1.0,0.0,0.0,0.0,0.0,1.0,0.0,0.0,1.0,0.2071919961404935,0.7254956114493935,1.0,0.0,2
1.0,1.0,0.0,0.0,0.3,0.7384037165528542,0.0,0.0,0.0,0.0,0.0,0.0,0.0,1.0,0.0,0.0,0.27397236253379276,0.514859287339945,1.0,1.0,0
0.0,1.0,0.0,0.0,0.0,0.7147369088241512,0.0,0.0,0.0,0.0,0.0,0.0,0.0,1.0,0.0,0.0,0.22526714098540188,0.22027668465465328,1.0,1.0,0
0.0,1.0,0.0,0.0,0.6,0.37979294950975473,0.0,0.0,0.0,0.0,0.0,0.0,0.0,0.0,0.0,0.0,0.21978749381551815,0.4524120173893031,1.0,0.0,1
0.0,1.0,0.0,0.0,0.0,0.2704683325884647,0.0,0.0,0.0,0.0,0.0,0.0,0.0,0.0,0.0,0.0,0.25443820832728004,0.27378330183786803,1.0,1.0,1
1.0,1.0,0.0,0.0,0.3,0.8452317531246991,0.0,0.0,0.0,0.0,0.0,0.0,0.0,1.0,0.0,0.0,0.462834630948938,0.1233663507312606,1.0,0.0,0
0.0,1.0,0.0,0.0,0.0,0.21174546672442027,0.0,1.0,0.0,0.0,0.0,1.0,1.0,0.0,0.0,0.0,0.47782004478642287,0.2277050134950751,1.0,1.0,2
0.0,1.0,0.0,0.0,0.3,0.3956053839034525,0.0,0.0,0.0,0.0,0.0,1.0,1.0,0.0,0.0,1.0,0.12366724544426404,0.30852549482233554,1.0,0.0,2
0.0,1.0,0.0,0.0,0.0,0.4005451769224512,0.0,0.0,0.0,0.0,0.0,0.0,0.0,0.0,0.0,0.0,0.17190962438551632,0.4487986631344358,1.0,0.0,1
0.0,1.0,0.0,0.0,0.3,0.0687038616903552,0.0,0.0,0.0,0.0,0.0,0.0,1.0,0.0,0.0,1.0,0.3748475892480418,0.1623366196094743,1.0,0.0,2
0.0,1.0,0.0,0.0,0.3,0.6923028863052229,0.0,0.0,0.0,0.0,0.0,0.0,0.0,1.0,0.0,0.0,0.19961711180296288,0.1829478366235556,1.0,1.0,0
1.0,1.0,0.0,0.0,0.2,0.8663105496487644,0.0,0.0,0.0,0.0,0.0,0.0,0.0,1.0,0.0,0.0,0.39675631816846496,0.29528632236440433,1.0,0.0,0
0.0,1.0,0.0,0.0,0.3,0.2722461396389208,0.0,0.0,0.0,0.0,0.0,1.0,1.0,0.0,0.0,1.0,0.42824097996674265,0.40097520097510747,1.0,1.0,2
0.0,1.0,0.0,0.0,0.0,0.22860849500699545,0.0,0.0,0.0,0.0,0.0,0.0,1.0,0.0,0.0,1.0,0.264761955231708,0.3242361888574267,1.0,1.0,2
1.0,1.0,0.0,0.0,0.0,0.47272854417477617,0.0,0.0,0.0,0.0,0.0,0.0,0.0,1.0,0.0,0.0,0.12820988999932253,0.32106732843055147,1.0,1.0,0
0.0,1.0,0.0,0.0,0.0,0.8170411334361573,0.0,0.0,0.0,0.0,0.0,0.0,0.0,1.0,0.0,0.0,0.4121969378018033,0.4473145292812879,1.0,0.0,0
0.0,1.0,0.0,0.0,0.3,0.1777191800037151,0.0,0.0,0.0,0.0,0.0,0.0,0.0,0.0,0.0,0.0,0.3774300129934132,0.41259447578276737,1.0,1.0,1
1.0,1.0,0.0,0.0,0.3,0.6560225837002464,0.0,0.0,0.0,0.0,0.0,0.0,0.0,1.0,0.0,0.0,0.10899251237598005,0.16707475064526706,1.0,0.0,0
0.0,1.0,0.0,0.0,0.3,0.04140602827312649,0.0,0.0,0.0,0.0,0.0,1.0,1.0,0.0,0.0,0.0,0.3924442535909241,0.604326496578692,1.0,0.0,2
0.0,1.0,0.0,0.0,0.6,0.4623385617529275,0.0,0.0,0.0,0.0,0.0,0.0,0.0,0.0,0.0,0.0,0.3989110081978853,0.11110810402225363,1.0,0.0,1
0.0,1.0,0.0,0.0,0.6,0.12095417779515136,0.0,0.0,0.0,0.0,0.0,0.0,0.0,0.0,0.0,0.0,0.11946258124790557,0.4665890760737031,1.0,0.0,1
0.0,1.0,0.0,0.0,0.3,0.26793300130195374,0.0,0.0,0.0,0.0,0.0,0.0,0.0,1.0,0.0,0.0,0.41002773630520883,0.2203705949281513,1.0,0.0,0
1.0,1.0,0.0,0.0,0.0,0.7763792739538367,0.0,0.0,0.0,0.0,0.0,0.0,0.0,1.0,0.0,0.0,0.03596862349893251,0.6221363328863592,1.0,1.0,0
1.0,1.0,0.0,0.0,0.3,0.7192997196872492,0.0,0.0,0.0,0.0,0.0,0.0,0.0,1.0,0.0,0.0,0.2017031498274318,0.03407477464856111,1.0,1.0,0
0.0,1.0,0.0,0.0,0.3,0.566681793758167,0.0,0.0,0.0,0.0,0.0,0.0,0.0,1.0,0.0,0.0,0.20266268457648084,0.5558097448250917,1.0,0.0,0
0.0,1.0,0.0,0.0,0.3,0.7073943366601434,0.0,0.0,0.0,0.0,0.0,0.0,0.0,1.0,0.0,0.0,0.1945791842089463,0.8801683884682404,1.0,1.0,0
1.0,1.0,0.0,0.0,0.3,0.5541478725885957,0.0,0.0,0.0,0.0,0.0,0.0,0.0,1.0,0.0,0.0,0.4977262346730163,0.606398298305279,1.0,1.0,0
0.0,1.0,0.0,0.0,0.6,0.15140526913556873,0.0,0.0,0.0,0.0,0.0,0.0,0.0,0.0,0.0,0.0,0.4243435664332329,0.5782460377404831,1.0,0.0,1
0.0,1.0,0.0,0.0,0.6,0.7297020743972911,0.0,0.0,0.0,0.0,0.0,0.0,0.0,0.0,0.0,0.0,0.2058038084906989,0.2227605305488187,1.0,0.0,1
0.0,1.0,0.0,0.0,0.0,0.0855637557246879,0.0,0.0,0.0,0.0,0.0,0.0,0.0,0.0,0.0,0.0,0.25938884595379863,0.17724309063559596,1.0,0.0,1
0.0,1.0,0.0,0.0,0.3,0.07233394382501768,0.0,0.0,0.0,0.0,0.0,0.0,1.0,0.0,0.0,0.0,0.7769078505724849,0.13264492628136199,1.0,1.0,2
0.0,1.0,0.0,0.0,0.0,0.7032363922008195,0.0,0.0,0.0,0.0,0.0,0.0,0.0,1.0,0.0,0.0,0.07199005260440969,0.296917677910401,1.0,1.0,0
1.0,1.0,0.0,0.0,0.3,0.8930086673333186,0.0,0.0,0.0,0.0,0.0,0.0,0.0,1.0,0.0,0.0,0.29490528574100605,0.2520047901914705,1.0,0.0,0
0.0,1.0,0.0,0.0,0.3,0.5903097669675401,0.0,0.0,0.0,0.0,0.0,0.0,0.0,1.0,0.0,0.0,0.20025056177263514,0.3076150285475011,1.0,1.0,0
0.0,1.0,0.0,0.0,0.3,0.39234167737675135,0.0,0.0,0.0,0.0,0.0,0.0,0.0,0.0,0.0,0.0,0.17746178219209163,0.3077820197825985,1.0,0.0,1
0.0,1.0,0.0,0.0,0.0,0.25909237735596036,1.0,1.0,0.0,0.0,0.0,0.0,1.0,0.0,0.0,0.0,0.34399814987180816,0.5717391392201396,1.0,0.0,2
0.0,1.0,0.0,0.0,0.0,0.16146779875417572,0.0,0.0,0.0,0.0,0.0,0.0,0.0,0.0,0.0,0.0,0.15479531465868437,0.46767065308876005,1.0,1.0,1
0.0,1.0,0.0,0.0,0.0,0.24587179423692798,0.0,1.0,0.0,0.0,0.0,1.0,1.0,0.0,0.0,0.0,0.1163618008783522,0.3736132705575415,1.0,1.0,2
0.0,1.0,0.0,0.0,0.3,0.2971652289749868,1.0,0.0,0.0,0.0,0.0,0.0,1.0,0.0,0.0,0.0,0.42872412690754397,0.14582094399153034,1.0,1.0,2
0.0,1.0,0.0,0.0,0.3,0.11540852550760074,1.0,0.0,0.0,0.0,0.0,1.0,1.0,0.0,0.0,1.0,0.4044910639208784,0.2693838414406477,1.0,1.0,2
0.0,1.0,0.0,0.0,0.3,0.025748586078382863,0.0,1.0,0.0,0.0,0.0,1.0,1.0,0.0,0.0,0.0,0.1440176166658376,0.21618182625911248,1.0,0.0,2
0.0,1.0,0.0,0.0,0.0,0.16968381026307108,0.0,0.0,0.0,0.0,0.0,0.0,0.0,0.0,0.0,0.0,0.4506667111040922,0.6895382625494132,1.0,1.0,1
0.0,1.0,0.0,0.0,0.0,0.3783586126234769,0.0,0.0,0.0,0.0,0.0,0.0,0.0,1.0,0.0,0.0,0.2739430817796705,0.36811995734997344,1.0,1.0,0
0.0,1.0,0.0,0.0,0.3,0.31665353425845616,0.0,0.0,0.0,0.0,0.0,0.0,0.0,0.0,0.0,0.0,0.18750425325203143,0.49959851570636854,1.0,0.0,1
0.0,1.0,0.0,0.0,0.3,0.19521590524563615,1.0,0.0,0.0,0.0,0.0,1.0,1.0,0.0,0.0,0.0,0.10787929115258672,0.5441120357100481,1.0,0.0,2
1.0,1.0,0.0,0.0,0.0,0.495760082548443,0.0,0.0,0.0,0.0,0.0,0.0,0.0,1.0,0.0,0.0,0.5055697304962854,0.2924417034263653,1.0,1.0,0
0.0,1.0,0.0,0.0,0.6,0.27359601608544276,0.0,0.0,0.0,0.0,0.0,0.0,0.0,0.0,0.0,0.0,0.35024834753870704,0.338854622001205,1.0,1.0,1
0.0,1.0,0.0,0.0,0.0,0.10191979496912124,1.0,0.0,0.0,0.0,0.0,0.0,1.0,0.0,0.0,1.0,0.28394301062655547,0.5474465184043908,1.0,1.0,2
0.0,1.0,0.0,0.0,0.0,0.26892714318295974,0.0,0.0,0.0,0.0,0.0,0.0,0.0,0.0,0.0,0.0,0.3838195810737638,0.506526379701489,1.0,1.0,1
0.0,1.0,0.0,0.0,0.3,0.2962543712585417,0.0,0.0,0.0,0.0,0.0,0.0,0.0,1.0,0.0,0.0,0.361844627885216,0.2365329351503888,1.0,1.0,0
1.0,1.0,0.0,0.0,0.2,0.5554642739001033,0.0,0.0,0.0,0.0,0.0,0.0,0.0,1.0,0.0,0.0,0.3496079345201442,0.5357224195613804,1.0,0.0,0
0.0,1.0,0.0,0.0,0.3,0.7696677144311207,0.0,0.0,0.0,0.0,0.0,0.0,0.0,1.0,0.0,0.0,0.43731843843433005,0.5545176575176026,1.0,0.0,0
0.0,1.0,0.0,0.0,0.0,0.27015815288821693,0.0,0.0,0.0,0.0,0.0,0.0,0.0,0.0,0.0,0.0,0.41183192714715816,0.43290838895873146,1.0,1.0,1
0.0,1.0,0.0,0.0,0.3,0.13865633417327036,0.0,0.0,0.0,0.0,0.0,0.0,0.0,0.0,0.0,0.0,0.22772577470244507,0.3488091262858792,1.0,0.0,1
0.0,1.0,0.0,0.0,0.2,0.7972803032618209,0.0,0.0,0.0,0.0,0.0,0.0,0.0,1.0,0.0,0.0,0.35494284088332595,0.5857013916558247,1.0,0.0,0
0.0,1.0,0.0,0.0,0.0,0.056693623473727785,0.0,0.0,0.0,0.0,0.0,0.0,1.0,0.0,0.0,0.0,0.22465587029772538,0.5166481461691095,1.0,0.0,2
1.0,1.0,0.0,0.0,0.3,0.9229539759990488,0.0,0.0,0.0,0.0,0.0,0.0,0.0,1.0,0.0,0.0,0.015523664853641993,0.425647100034664,1.0,0.0,0
0.0,1.0,0.0,0.0,0.3,0.23159111879141664,0.0,0.0,0.0,0.0,0.0,0.0,0.0,0.0,0.0,0.0,0.22511745091222898,0.6728767951721044,1.0,0.0,1
0.0,1.0,0.0,0.0,0.0,0.6680061223646386,0.0,0.0,0.0,0.0,0.0,0.0,0.0,1.0,0.0,0.0,0.2701452727699879,0.4916509219986379,1.0,0.0,0
0.0,1.0,0.0,0.0,0.3,0.018137096852711046,0.0,1.0,0.0,0.0,0.0,0.0,1.0,0.0,0.0,0.0,0.06991729075897979,0.23824825477585593,1.0,1.0,2
0.0,1.0,0.0,0.0,0.3,0.001610333461378471,1.0,0.0,0.0,0.0,0.0,1.0,1.0,0.0,0.0,0.0,0.3174924429664412,0.29866159138037346,1.0,1.0,2
1.0,1.0,0.0,0.0,0.3,0.8445859342584726,0.0,0.0,0.0,0.0,0.0,0.0,0.0,1.0,0.0,0.0,0.4297976466944947,0.476401489924027,1.0,1.0,0
0.0,1.0,0.0,0.0,0.6,0.6059626996311519,0.0,0.0,0.0,0.0,0.0,0.0,0.0,0.0,0.0,0.0,0.42385979150065806,0.6078106381203238,1.0,1.0,1
1.0,1.0,0.0,0.0,0.0,0.5440022632353692,0.0,0.0,0.0,0.0,0.0,0.0,0.0,1.0,0.0,0.0,0.04141871764315936,0.5441048410659818,1.0,0.0,0
0.0,1.0,0.0,0.0,0.0,0.017283883645639517,0.0,0.0,0.0,0.0,0.0,0.0,1.0,0.0,0.0,1.0,0.03502796492858937,0.44747785560780984,1.0,1.0,2
0.0,1.0,0.0,0.0,0.0,0.2096849837159807,0.0,0.0,0.0,0.0,0.0,0.0,0.0,0.0,0.0,0.0,0.15846197723890929,0.7657813584353871,1.0,0.0,1
0.0,1.0,0.0,0.0,0.6,0.45302929793942986,0.0,0.0,0.0,0.0,0.0,0.0,0.0,0.0,0.0,0.0,0.27475779661386973,0.38292181192846725,1.0,0.0,1
0.0,1.0,0.0,0.0,0.3,0.13422935883000986,0.0,0.0,0.0,0.0,0.0,1.0,1.0,0.0,0.0,0.0,0.17318738683562987,0.26094572284613776,1.0,0.0,2
0.0,1.0,0.0,0.0,0.0,0.794710535845783,0.0,0.0,0.0,0.0,0.0,0.0,0.0,1.0,0.0,0.0,0.4539949452223798,0.6289959751363338,1.0,1.0,0
0.0,1.0,0.0,0.0,0.1,0.8689885149222842,0.0,0.0,0.0,0.0,0.0,0.0,0.0,1.0,0.0,0.0,0.026138408915530355,0.33253547626383545,1.0,0.0,0
0.0,1.0,0.0,0.0,0.2,0.3927873730602824,0.0,0.0,0.0,0.0,0.0,0.0,0.0,0.0,0.0,0.0,0.3890681068953359,0.6705940639842082,1.0,0.0,1
0.0,1.0,0.0,0.0,0.3,0.8044374834338095,0.0,0.0,0.0,0.0,0.0,0.0,0.0,1.0,0.0,0.0,0.07014196794868902,0.5267182545584445,1.0,1.0,0
0.0,1.0,0.0,0.0,0.3,0.07210508505014385,0.0,0.0,0.0,0.0,0.0,0.0,0.0,0.0,0.0,0.0,0.5621481626283885,0.6340070773610177,1.0,1.0,1
0.0,1.0,0.0,0.0,0.3,0.2285145235572679,0.0,0.0,0.0,0.0,0.0,0.0,0.0,0.0,0.0,0.0,0.15140474014566727,0.1562909750523318,1.0,0.0,1
0.0,1.0,0.0,0.0,0.0,0.7806663649594059,0.0,0.0,0.0,0.0,0.0,0.0,0.0,1.0,0.0,0.0,0.16563286031908525,0.2685355007748052,1.0,1.0,0
0.0,1.0,0.0,0.0,0.0,0.09103925665611952,1.0,0.0,0.0,0.0,0.0,0.0,1.0,0.0,0.0,0.0,0.3318694356770894,0.7008835437781943,1.0,0.0,2
0.0,1.0,0.0,0.0,0.0,0.5659038302459697,0.0,0.0,0.0,0.0,0.0,0.0,0.0,0.0,0.0,0.0,0.13074641269566287,0.4655956708253331,1.0,1.0,1
1.0,1.0,0.0,0.0,0.3,0.8294299128462725,0.0,0.0,0.0,0.0,0.0,0.0,0.0,1.0,0.0,0.0,0.38563796734875383,0.5148979948030864,1.0,1.0,0
0.0,1.0,0.0,0.0,0.3,0.2865268684259116,0.0,0.0,0.0,0.0,0.0,0.0,0.0,0.0,0.0,0.0,0.3569627754986595,0.34022641991677965,1.0,1.0,1
0.0,1.0,0.0,0.0,0.3,0.9047938139573432,0.0,0.0,0.0,0.0,0.0,0.0,0.0,1.0,0.0,0.0,0.3025305039482727,0.6619174793456811,1.0,0.0,0
0.0,1.0,0.0,0.0,0.0,0.7939783780671877,0.0,0.0,0.0,0.0,0.0,0.0,0.0,1.0,0.0,0.0,0.38211692674795933,0.40754466579117427,1.0,0.0,0
0.0,1.0,0.0,0.0,0.3,0.04198510368640611,1.0,0.0,0.0,0.0,0.0,0.0,1.0,0.0,0.0,1.0,0.4390208079540156,0.20512570733493882,1.0,1.0,2
1.0,1.0,0.0,0.0,0.0,0.48546337812188783,0.0,0.0,0.0,0.0,0.0,0.0,0.0,1.0,0.0,0.0,0.44791423124699153,0.8640726794408458,1.0,0.0,0
0.0,1.0,0.0,0.0,0.0,0.025642978654207765,0.0,0.0,0.0,0.0,0.0,0.0,1.0,0.0,0.0,0.0,0.3885053794582803,0.40256181820831927,1.0,0.0,2
0.0,1.0,0.0,0.0,0.3,0.32331150996488095,0.0,0.0,0.0,0.0,0.0,0.0,0.0,0.0,0.0,0.0,0.3278203459941838,0.40025801006064915,1.0,0.0,1
0.0,1.0,0.0,0.0,0.3,0.21469431260220756,0.0,0.0,0.0,0.0,0.0,0.0,0.0,0.0,0.0,0.0,0.22542249444477683,0.3392594480387983,1.0,0.0,1
0.0,1.0,0.0,0.0,0.0,0.03621326643585944,0.0,0.0,0.0,0.0,0.0,1.0,1.0,0.0,0.0,1.0,0.2726018519360247,0.12083234382015748,1.0,0.0,2
0.0,1.0,0.0,0.0,0.0,0.07861544802888593,0.0,0.0,0.0,0.0,0.0,0.0,1.0,0.0,0.0,0.0,0.5954108691910625,0.6346520287042425,1.0,1.0,2
0.0,1.0,0.0,0.0,0.6,0.3262144243325521,0.0,1.0,0.0,0.0,0.0,1.0,1.0,0.0,0.0,1.0,0.15880147009048615,0.35359938940004887,1.0,1.0,2
0.0,1.0,0.0,0.0,0.3,0.9421923634578748,0.0,0.0,0.0,0.0,0.0,0.0,0.0,1.0,0.0,0.0,0.2316331285567101,0.45998647199508014,1.0,1.0,0
1.0,1.0,0.0,0.0,0.0,0.8910856734305451,0.0,0.0,0.0,0.0,0.0,0.0,0.0,1.0,0.0,0.0,0.22240513298583228,0.5502742045780421,1.0,0.0,0
0.0,1.0,0.0,0.0,0.6,0.6607045491033149,0.0,0.0,0.0,0.0,0.0,0.0,0.0,1.0,0.0,0.0,0.5056690735115121,0.45016933536626275,1.0,0.0,0
1.0,1.0,0.0,0.0,0.0,0.3190761801081692,0.0,0.0,0.0,0.0,0.0,0.0,0.0,1.0,0.0,0.0,0.1482064316034605,0.19509551092419608,1.0,1.0,0
0.0,1.0,0.0,0.0,0.6,0.08262602762686715,0.0,0.0,0.0,0.0,0.0,1.0,1.0,0.0,0.0,0.0,0.21899593216955882,0.4886848113051978,1.0,1.0,2
0.0,1.0,0.0,0.0,0.3,0.17864907470257912,0.0,0.0,0.0,0.0,0.0,0.0,0.0,0.0,0.0,0.0,0.2704669843875949,0.4791974485715789,1.0,1.0,1
0.0,1.0,0.0,0.0,0.0,0.25163988139910787,0.0,0.0,0.0,0.0,0.0,0.0,0.0,0.0,0.0,0.0,0.049319607822959306,0.6599345325754066,1.0,0.0,1
0.0,1.0,0.0,0.0,0.0,0.3955637812385056,0.0,0.0,0.0,0.0,0.0,0.0,0.0,0.0,0.0,0.0,0.2866179807462859,0.2877876823414749,1.0,0.0,1
0.0,1.0,0.0,0.0,0.6,0.7749728263497401,0.0,0.0,0.0,0.0,0.0,0.0,0.0,1.0,0.0,0.0,0.7337608474337729,0.5375143653562608,1.0,1.0,0
1.0,1.0,0.0,0.0,0.6,0.35498395262490917,0.0,0.0,0.0,0.0,0.0,0.0,0.0,1.0,0.0,0.0,0.6126580838115717,0.3297475112915202,1.0,0.0,0
0.0,1.0,0.0,0.0,0.3,0.15319779872148134,1.0,0.0,0.0,0.0,0.0,1.0,1.0,0.0,0.0,0.0,0.2255125000266542,0.49371417795258843,1.0,1.0,2
1.0,1.0,0.0,0.0,0.6,0.6183300679738971,0.0,0.0,0.0,0.0,0.0,0.0,0.0,1.0,0.0,0.0,0.09412380532818188,0.7797688773931146,1.0,0.0,0
1.0,1.0,0.0,0.0,0.0,0.49463301336874577,0.0,0.0,0.0,0.0,0.0,0.0,0.0,1.0,0.0,0.0,0.35965678741224893,0.24691137251793596,1.0,1.0,0
0.0,1.0,0.0,0.0,0.6,0.008722258924889115,1.0,0.0,0.0,0.0,0.0,1.0,1.0,0.0,0.0,0.0,0.13273353333066507,0.30722877026553086,1.0,1.0,2
0.0,1.0,0.0,0.0,0.6,0.1271546279871622,0.0,0.0,0.0,0.0,0.0,0.0,0.0,0.0,0.0,0.0,0.2752278237799563,0.29858649517704133,1.0,0.0,1
0.0,1.0,0.0,0.0,0.6,0.4566975081387401,0.0,0.0,0.0,0.0,0.0,0.0,0.0,0.0,0.0,0.0,0.20098155499490356,0.5308798518452555,1.0,0.0,1
0.0,1.0,0.0,0.0,0.3,0.09328234035339575,0.0,0.0,0.0,0.0,0.0,0.0,0.0,0.0,0.0,0.0,0.15839886347603796,0.3392036595929323,1.0,0.0,1
0.0,1.0,0.0,0.0,0.0,0.5403965658746256,0.0,0.0,0.0,0.0,0.0,0.0,0.0,0.0,0.0,0.0,0.14800532551306245,0.818951715506906,1.0,0.0,1
0.0,1.0,0.0,0.0,0.6,0.5040680184898702,0.0,0.0,0.0,0.0,0.0,0.0,0.0,0.0,0.0,0.0,0.38985628101240877,0.4419033864190916,1.0,0.0,1
1.0,1.0,0.0,0.0,0.2,0.6542028895632815,0.0,0.0,0.0,0.0,0.0,0.0,0.0,1.0,0.0,0.0,0.2676633851996616,0.37829943797594245,1.0,0.0,0
0.0,1.0,0.0,0.0,0.0,0.009136884777453497,0.0,0.0,0.0,0.0,0.0,0.0,1.0,0.0,0.0,0.0,0.3331848311180086,0.3759877953168059,1.0,1.0,2
0.0,1.0,0.0,0.0,0.6,0.1453476394097922,0.0,0.0,0.0,0.0,0.0,0.0,0.0,0.0,0.0,0.0,0.1599655657652635,0.4984078828174166,1.0,1.0,1
0.0,1.0,0.0,0.0,0.6,0.2784521751903371,0.0,0.0,0.0,0.0,0.0,1.0,1.0,0.0,0.0,1.0,0.007239579911610844,0.1298571977007172,1.0,1.0,2
0.0,1.0,0.0,0.0,0.6,0.10681497290757601,0.0,0.0,0.0,0.0,0.0,0.0,1.0,0.0,0.0,0.0,0.5016033504937739,0.7422659307476589,1.0,1.0,2
0.0,1.0,0.0,0.0,0.3,0.05221640929472938,0.0,0.0,0.0,0.0,0.0,0.0,0.0,0.0,0.0,0.0,0.06783265205006414,0.7860433651415538,1.0,1.0,1
0.0,1.0,0.0,0.0,0.3,0.006380222374720681,0.0,0.0,0.0,0.0,0.0,1.0,1.0,0.0,0.0,1.0,0.2696212581815949,0.5992751499468142,1.0,1.0,2
0.0,1.0,0.0,0.0,0.3,0.25029803849103444,0.0,0.0,0.0,0.0,0.0,0.0,0.0,0.0,0.0,0.0,0.33222549153289616,0.3182046729425428,1.0,0.0,1
0.0,1.0,0.0,0.0,0.0,0.7783668097166381,0.0,0.0,0.0,0.0,0.0,0.0,0.0,1.0,0.0,0.0,0.39710539183890076,0.6248864423133974,1.0,0.0,0
0.0,1.0,0.0,0.0,0.0,0.25506252570942195,0.0,0.0,0.0,0.0,0.0,0.0,0.0,0.0,0.0,0.0,0.21619458439335004,0.4581569975936251,1.0,1.0,1
0.0,1.0,0.0,0.0,0.3,0.26927453277064867,1.0,1.0,0.0,0.0,0.0,0.0,1.0,0.0,0.0,0.0,0.3047830698005669,0.18709814897048946,1.0,0.0,2
0.0,1.0,0.0,0.0,0.3,0.197232663709241,0.0,0.0,0.0,0.0,0.0,0.0,1.0,0.0,0.0,0.0,0.47780883210623987,0.4138041678854589,1.0,1.0,2
1.0,1.0,0.0,0.0,0.6,0.5536662876137166,0.0,0.0,0.0,0.0,0.0,0.0,0.0,1.0,0.0,0.0,0.1953476684234889,0.26150947438592376,1.0,0.0,0
0.0,1.0,0.0,0.0,0.3,0.610474474109525,0.0,0.0,0.0,0.0,0.0,0.0,0.0,0.0,0.0,0.0,0.307229795522278,0.69905701039717,1.0,0.0,1
1.0,1.0,0.0,0.0,0.0,0.7934902433841219,0.0,0.0,0.0,0.0,0.0,0.0,0.0,1.0,0.0,0.0,0.4206067897377838,0.6754826059834846,1.0,1.0,0
0.0,1.0,0.0,0.0,0.0,0.1954340016860677,0.0,0.0,0.0,0.0,0.0,0.0,0.0,0.0,0.0,0.0,0.17399542225671882,0.16683652603680368,1.0,1.0,1
0.0,1.0,0.0,0.0,0.6,0.4678114549729683,0.0,0.0,0.0,0.0,0.0,0.0,0.0,1.0,0.0,0.0,0.3830342579612234,0.4314511618189255,1.0,0.0,0
0.0,1.0,0.0,0.0,0.6,0.7530587274364776,0.0,0.0,0.0,0.0,0.0,0.0,0.0,1.0,0.0,0.0,0.41837271835123935,0.19149899519291275,1.0,0.0,0
0.0,1.0,0.0,0.0,0.0,0.19010180320056005,0.0,0.0,0.0,0.0,0.0,0.0,1.0,0.0,0.0,0.0,0.0732236528817254,0.4009909035864889,1.0,1.0,2
0.0,1.0,0.0,0.0,0.0,0.07379198561790086,0.0,0.0,0.0,0.0,0.0,0.0,0.0,0.0,0.0,0.0,0.2461991420396683,0.4832492795213789,1.0,0.0,1
0.0,1.0,0.0,0.0,0.3,0.2117524810540913,0.0,0.0,0.0,0.0,0.0,0.0,0.0,0.0,0.0,0.0,0.10541660901103207,0.322845126206837,1.0,0.0,1
0.0,1.0,0.0,0.0,0.3,0.2713622388869541,0.0,0.0,0.0,0.0,0.0,1.0,1.0,0.0,0.0,1.0,0.15955056869849096,0.5339244180359958,1.0,1.0,2
1.0,1.0,0.0,0.0,0.0,0.9161159559907599,0.0,0.0,0.0,0.0,0.0,0.0,0.0,1.0,0.0,0.0,0.30716359905430807,0.41578622628882456,1.0,0.0,0
0.0,1.0,0.0,0.0,0.0,0.7364867091075986,0.0,0.0,0.0,0.0,0.0,0.0,0.0,0.0,0.0,0.0,0.3429662084361849,0.5218714141717027,1.0,0.0,1
1.0,1.0,0.0,0.0,0.1,0.5223163236500143,0.0,0.0,0.0,0.0,0.0,0.0,0.0,1.0,0.0,0.0,0.1932867520642426,0.4337461068932403,1.0,1.0,0
0.0,1.0,0.0,0.0,0.6,0.021592572212842373,1.0,0.0,0.0,0.0,0.0,1.0,1.0,0.0,0.0,1.0,0.3789302989695284,0.6715902005568866,1.0,0.0,2
0.0,1.0,0.0,0.0,0.0,0.6413849034642843,0.0,0.0,0.0,0.0,0.0,0.0,0.0,0.0,0.0,0.0,0.16127399559045888,0.5680950577539466,1.0,0.0,1
0.0,1.0,0.0,0.0,0.0,0.607009360131881,0.0,0.0,0.0,0.0,0.0,0.0,0.0,1.0,0.0,0.0,0.17001424040477117,0.6972154922352468,1.0,0.0,0
0.0,1.0,0.0,0.0,0.6,0.01492209278144235,0.0,0.0,0.0,0.0,0.0,0.0,1.0,0.0,0.0,0.0,0.20915370298170863,0.39515116724959504,1.0,0.0,2
0.0,1.0,0.0,0.0,0.3,0.1453159686646441,0.0,0.0,0.0,0.0,0.0,0.0,0.0,0.0,0.0,0.0,0.40115549056593114,0.36933288634157363,1.0,1.0,1
0.0,1.0,0.0,0.0,0.3,0.2598579279828371,0.0,1.0,0.0,0.0,0.0,0.0,1.0,0.0,0.0,1.0,0.29179770292380003,0.8127679268375185,1.0,0.0,2
0.0,1.0,0.0,0.0,0.0,0.14146592417085369,0.0,0.0,0.0,0.0,0.0,1.0,1.0,0.0,0.0,1.0,0.08717685856606704,0.3319787869390967,1.0,0.0,2
0.0,1.0,0.0,0.0,0.3,0.10797934305189001,0.0,0.0,0.0,0.0,0.0,0.0,0.0,0.0,0.0,0.0,0.2939596982679337,0.21235568262068608,1.0,1.0,1
0.0,1.0,0.0,0.0,0.0,0.06621402394999477,0.0,0.0,0.0,0.0,0.0,1.0,1.0,0.0,0.0,1.0,0.08881934928040806,0.3989774983876422,1.0,0.0,2
0.0,1.0,0.0,0.0,0.3,0.5103342214665866,0.0,0.0,0.0,0.0,0.0,0.0,0.0,0.0,0.0,0.0,0.1243650144188961,0.24988477510598595,1.0,0.0,1
1.0,1.0,0.0,0.0,0.6,0.9008980354102469,0.0,0.0,0.0,0.0,0.0,0.0,0.0,1.0,0.0,0.0,0.08327688889812798,0.30265277798966234,1.0,0.0,0
0.0,1.0,0.0,0.0,0.3,0.6471343390633736,0.0,0.0,0.0,0.0,0.0,0.0,0.0,0.0,0.0,0.0,0.2662072164926377,0.386555968998295,1.0,0.0,1
0.0,1.0,0.0,0.0,0.0,0.007998430738209692,0.0,1.0,0.0,0.0,0.0,1.0,1.0,0.0,0.0,0.0,0.7268042291900695,0.28357087922830165,1.0,0.0,2
1.0,1.0,0.0,0.0,0.0,0.6419886539773694,0.0,0.0,0.0,0.0,0.0,0.0,0.0,1.0,0.0,0.0,0.2548187887191991,0.578351338259668,1.0,0.0,0
0.0,1.0,0.0,0.0,0.6,0.18902044117314976,1.0,0.0,0.0,0.0,0.0,1.0,1.0,0.0,0.0,1.0,0.0772552232205818,0.32855343097635575,1.0,1.0,2
0.0,1.0,0.0,0.0,0.2,0.16014476912587172,0.0,0.0,0.0,0.0,0.0,0.0,0.0,0.0,0.0,0.0,0.11095666877219311,0.7291361753541151,1.0,1.0,1
0.0,1.0,0.0,0.0,0.0,0.2996651669152469,0.0,0.0,0.0,0.0,0.0,0.0,0.0,0.0,0.0,0.0,0.35981243726152695,0.2457348264649759,1.0,0.0,1
1.0,1.0,0.0,0.0,0.6,0.7450390656543475,0.0,0.0,0.0,0.0,0.0,0.0,0.0,1.0,0.0,0.0,0.43376920131190083,0.49102352992767995,1.0,1.0,0
0.0,1.0,0.0,0.0,0.3,0.18269121235990626,0.0,0.0,0.0,0.0,0.0,0.0,1.0,0.0,0.0,1.0,0.36404038897470353,0.6852750623929883,1.0,1.0,2
0.0,1.0,0.0,0.0,0.3,0.0065088255632704765,1.0,0.0,0.0,0.0,0.0,0.0,1.0,0.0,0.0,1.0,0.2645810099851509,0.4348748182171999,1.0,0.0,2
0.0,1.0,0.0,0.0,0.3,0.02428837039187975,1.0,0.0,0.0,0.0,0.0,0.0,1.0,0.0,0.0,1.0,0.020790732967613718,0.4107481988603171,1.0,0.0,2
0.0,1.0,0.0,0.0,0.0,0.2628458766938733,1.0,0.0,0.0,0.0,0.0,0.0,1.0,0.0,0.0,0.0,0.08127775063043653,0.5114262603620111,1.0,1.0,2
0.0,1.0,0.0,0.0,0.3,0.03397852799568695,0.0,0.0,0.0,0.0,0.0,1.0,1.0,0.0,0.0,0.0,0.20421904978800798,0.6434512362347492,1.0,1.0,2
1.0,1.0,0.0,0.0,0.1,0.6237548320429795,0.0,0.0,0.0,0.0,0.0,0.0,0.0,1.0,0.0,0.0,0.23198321870855562,0.21740153810893956,1.0,0.0,0
0.0,1.0,0.0,0.0,0.2,0.046314735846464096,0.0,0.0,0.0,0.0,0.0,0.0,0.0,0.0,0.0,0.0,0.12647834073784875,0.21359713120469587,1.0,0.0,1
0.0,1.0,0.0,0.0,0.3,0.46720947352476005,0.0,0.0,0.0,0.0,0.0,0.0,0.0,0.0,0.0,0.0,0.23704050967264775,0.5431994450138731,1.0,1.0,1
0.0,1.0,0.0,0.0,0.6,0.14116417116166824,1.0,0.0,0.0,0.0,0.0,1.0,1.0,0.0,0.0,1.0,0.09477023527101494,0.31140951874412715,1.0,1.0,2
0.0,1.0,0.0,0.0,0.3,0.13958491887843394,0.0,0.0,0.0,0.0,0.0,0.0,0.0,0.0,0.0,0.0,0.2937396158998294,0.2739392060221256,1.0,0.0,1
0.0,1.0,0.0,0.0,0.3,0.15604956363462436,0.0,0.0,0.0,0.0,0.0,0.0,0.0,0.0,0.0,0.0,0.4237640404436915,0.07127252673880254,1.0,0.0,1
0.0,1.0,0.0,0.0,0.0,0.5445123461670792,0.0,0.0,0.0,0.0,0.0,0.0,0.0,0.0,0.0,0.0,0.17995378675328544,0.1125703321930162,1.0,1.0,1
0.0,1.0,0.0,0.0,0.0,0.43288943369320465,0.0,0.0,0.0,0.0,0.0,0.0,0.0,0.0,0.0,0.0,0.3009957083017031,0.635300139914774,1.0,1.0,1
0.0,1.0,0.0,0.0,0.3,0.0352658556839311,1.0,1.0,0.0,0.0,0.0,0.0,1.0,0.0,0.0,1.0,0.16126694250227394,0.4546670545341235,1.0,1.0,2
0.0,1.0,0.0,0.0,0.0,0.5734285671532056,0.0,0.0,0.0,0.0,0.0,0.0,0.0,0.0,0.0,0.0,0.44978207347577676,0.09474985098361374,1.0,0.0,1
1.0,1.0,0.0,0.0,0.0,0.8997587498928626,0.0,0.0,0.0,0.0,0.0,0.0,0.0,1.0,0.0,0.0,0.07062337137856271,0.763626574582984,1.0,1.0,0
0.0,1.0,0.0,0.0,0.0,0.01486979350862481,0.0,0.0,0.0,0.0,0.0,0.0,1.0,0.0,0.0,1.0,0.3341622690769063,0.40559368041582744,1.0,0.0,2
1.0,1.0,0.0,0.0,0.6,0.741384610128145,0.0,0.0,0.0,0.0,0.0,0.0,0.0,1.0,0.0,0.0,0.6664792727753752,0.13067728012583268,1.0,0.0,0
0.0,1.0,0.0,0.0,0.6,0.05913106895001241,0.0,0.0,0.0,0.0,0.0,0.0,1.0,0.0,0.0,1.0,0.07788320393804106,0.33196235767233523,1.0,0.0,2
1.0,1.0,0.0,0.0,0.0,0.7783570860314354,0.0,0.0,0.0,0.0,0.0,0.0,0.0,1.0,0.0,0.0,0.2585645296592523,0.4275463411919478,1.0,0.0,0
0.0,1.0,0.0,0.0,0.3,0.25885004719271193,0.0,0.0,0.0,0.0,0.0,0.0,0.0,0.0,0.0,0.0,0.06304018885520597,0.39586275780493574,1.0,1.0,1
0.0,1.0,0.0,0.0,0.3,0.058079123803378735,1.0,0.0,0.0,0.0,0.0,1.0,1.0,0.0,0.0,1.0,0.4664799211996785,0.4441167703139001,1.0,0.0,2
1.0,1.0,0.0,0.0,0.0,0.6703242636221014,0.0,0.0,0.0,0.0,0.0,0.0,0.0,1.0,0.0,0.0,0.1506633393165868,0.25850669510677166,1.0,1.0,0
0.0,1.0,0.0,0.0,0.3,0.9695780685269417,0.0,0.0,0.0,0.0,0.0,0.0,0.0,1.0,0.0,0.0,0.3969856433418081,0.3890690763950065,1.0,1.0,0
0.0,1.0,0.0,0.0,0.0,0.4520917879803794,0.0,0.0,0.0,0.0,0.0,0.0,0.0,0.0,0.0,0.0,0.08969740731705511,0.3522187129320287,1.0,1.0,1
0.0,1.0,0.0,0.0,0.0,0.1579940992095035,0.0,1.0,0.0,0.0,0.0,1.0,1.0,0.0,0.0,0.0,0.39762852650957103,0.402821801505366,1.0,1.0,2
0.0,1.0,0.0,0.0,0.6,0.3534348094017772,0.0,0.0,0.0,0.0,0.0,0.0,0.0,0.0,0.0,0.0,0.33635108974875655,0.4344773530195254,1.0,1.0,1
0.0,1.0,0.0,0.0,0.0,0.03482396858024172,0.0,1.0,0.0,0.0,0.0,1.0,1.0,0.0,0.0,1.0,0.24945632788184116,0.6651428071003855,1.0,1.0,2
0.0,1.0,0.0,0.0,0.2,0.24039755807309326,0.0,0.0,0.0,0.0,0.0,0.0,0.0,0.0,0.0,0.0,0.05380142132668492,0.468837636602703,1.0,1.0,1
0.0,1.0,0.0,0.0,0.0,0.7856764538347913,0.0,0.0,0.0,0.0,0.0,0.0,0.0,1.0,0.0,0.0,0.30396922349097677,0.7907470350626612,1.0,0.0,0
1.0,1.0,0.0,0.0,0.0,0.8028993562146504,0.0,0.0,0.0,0.0,0.0,0.0,0.0,1.0,0.0,0.0,0.5427518763703034,0.12812466938959408,1.0,0.0,0
0.0,1.0,0.0,0.0,0.6,0.07218622056179788,0.0,0.0,0.0,0.0,0.0,0.0,0.0,0.0,0.0,0.0,0.16097354923820403,0.35137089706980207,1.0,0.0,1
0.0,1.0,0.0,0.0,0.0,0.24468384777469995,0.0,0.0,0.0,0.0,0.0,0.0,0.0,0.0,0.0,0.0,0.5089666055035644,0.30477017534164885,1.0,1.0,1
0.0,1.0,0.0,0.0,0.0,0.11849395080478785,0.0,0.0,0.0,0.0,0.0,0.0,0.0,0.0,0.0,0.0,0.30797681093457946,0.3426613352904282,1.0,0.0,1
0.0,1.0,0.0,0.0,0.6,0.8128788200688044,0.0,0.0,0.0,0.0,0.0,0.0,0.0,1.0,0.0,0.0,0.14456378872252296,0.698882920172775,1.0,0.0,0
0.0,1.0,0.0,0.0,0.3,0.4287756795269509,0.0,0.0,0.0,0.0,0.0,0.0,0.0,0.0,0.0,0.0,0.38479885232422956,0.16216052830349367,1.0,1.0,1
0.0,1.0,0.0,0.0,0.6,0.05585671384991744,0.0,0.0,0.0,0.0,0.0,0.0,1.0,0.0,0.0,1.0,0.1803319081001361,0.4133019440280699,1.0,1.0,2
0.0,1.0,0.0,0.0,0.0,0.09588232011472739,0.0,0.0,0.0,0.0,0.0,0.0,0.0,0.0,0.0,0.0,0.14957397650082,0.6883484639814534,1.0,1.0,1
0.0,1.0,0.0,0.0,0.0,0.40915765383853464,0.0,0.0,0.0,0.0,0.0,0.0,0.0,0.0,0.0,0.0,0.05343888928123226,0.4915683805153106,1.0,1.0,1
0.0,1.0,0.0,0.0,0.3,0.17220940778479057,0.0,0.0,0.0,0.0,0.0,0.0,0.0,0.0,0.0,0.0,0.08994703947821356,0.5998056297041197,1.0,0.0,1
0.0,1.0,0.0,0.0,0.0,0.1499027218595386,0.0,0.0,0.0,0.0,0.0,0.0,0.0,0.0,0.0,0.0,0.2134377090976192,0.21041097733668793,1.0,0.0,1
0.0,1.0,0.0,0.0,0.3,0.8493965701679262,0.0,0.0,0.0,0.0,0.0,0.0,0.0,1.0,0.0,0.0,0.29303350991872973,0.5871787623237106,1.0,0.0,0
0.0,1.0,0.0,0.0,0.3,0.7585152651600084,0.0,0.0,0.0,0.0,0.0,0.0,0.0,1.0,0.0,0.0,0.37209155449809617,0.26228352203958577,1.0,0.0,0
0.0,1.0,0.0,0.0,0.3,0.0818913174010387,0.0,0.0,0.0,0.0,0.0,0.0,1.0,0.0,0.0,1.0,0.21155029195192768,0.557084128696895,1.0,1.0,2
0.0,1.0,0.0,0.0,0.0,0.24854500629922555,0.0,0.0,0.0,0.0,0.0,0.0,0.0,0.0,0.0,0.0,0.4048872528584118,0.4507029561346544,1.0,0.0,1
0.0,1.0,0.0,0.0,0.3,0.38964012949352034,0.0,0.0,0.0,0.0,0.0,0.0,0.0,0.0,0.0,0.0,0.07454480958432963,0.2826786491227218,1.0,0.0,1
0.0,1.0,0.0,0.0,0.3,0.21535516287185508,0.0,0.0,0.0,0.0,0.0,0.0,0.0,0.0,0.0,0.0,0.3797891194400164,0.7840404482718533,1.0,0.0,1
0.0,1.0,0.0,0.0,0.0,0.03870931102452033,0.0,0.0,0.0,0.0,0.0,1.0,1.0,0.0,0.0,1.0,0.28778725170744984,0.6147580689622102,1.0,1.0,2
0.0,1.0,0.0,0.0,0.2,0.8955311158682204,0.0,0.0,0.0,0.0,0.0,0.0,0.0,1.0,0.0,0.0,0.2262595251581713,0.13136510204400043,1.0,1.0,0
0.0,1.0,0.0,0.0,0.6,0.27004426842967205,0.0,0.0,0.0,0.0,0.0,0.0,1.0,0.0,0.0,0.0,0.06783106068004074,0.3548324831242254,1.0,1.0,2
1.0,1.0,0.0,0.0,0.3,0.9077634728391316,0.0,0.0,0.0,0.0,0.0,0.0,0.0,1.0,0.0,0.0,0.24645967391885157,0.3010304775508345,1.0,0.0,0
0.0,1.0,0.0,0.0,0.3,0.005984057780568699,0.0,0.0,0.0,0.0,0.0,0.0,1.0,0.0,0.0,0.0,0.13086321530610537,0.5636256209523831,1.0,0.0,2
0.0,1.0,0.0,0.0,0.3,0.8633278791613047,0.0,0.0,0.0,0.0,0.0,0.0,0.0,1.0,0.0,0.0,0.1819633178530744,0.3701805313517127,1.0,1.0,0
0.0,1.0,0.0,0.0,0.0,0.8240219913630903,0.0,0.0,0.0,0.0,0.0,0.0,0.0,1.0,0.0,0.0,0.32663263238504586,0.3149785498177684,1.0,0.0,0
0.0,1.0,0.0,0.0,0.0,0.1476634942293101,0.0,0.0,0.0,0.0,0.0,0.0,0.0,0.0,0.0,0.0,0.4602793589800448,0.21171916050904221,1.0,0.0,1
0.0,1.0,0.0,0.0,0.0,0.2548294440082495,0.0,0.0,0.0,0.0,0.0,1.0,1.0,0.0,0.0,0.0,0.24021199759230877,0.4483601783813311,1.0,1.0,2
0.0,1.0,0.0,0.0,0.0,0.4654988627392045,0.0,0.0,0.0,0.0,0.0,0.0,0.0,0.0,0.0,0.0,0.18814786993783766,0.43048719706311095,1.0,0.0,1
1.0,1.0,0.0,0.0,0.6,0.878720235086952,0.0,0.0,0.0,0.0,0.0,0.0,0.0,1.0,0.0,0.0,0.13148592012205942,0.16329234898074615,1.0,0.0,0
0.0,1.0,0.0,0.0,0.6,0.6312964962114521,0.0,0.0,0.0,0.0,0.0,0.0,0.0,1.0,0.0,0.0,0.09476071130468118,0.27193829965087546,1.0,1.0,0
0.0,1.0,0.0,0.0,0.0,0.8685101337616953,0.0,0.0,0.0,0.0,0.0,0.0,0.0,1.0,0.0,0.0,0.1615389073632566,0.13844548389107744,1.0,1.0,0
1.0,1.0,0.0,0.0,0.1,0.7888127754520147,0.0,0.0,0.0,0.0,0.0,0.0,0.0,1.0,0.0,0.0,0.10502912487449624,0.21043214529537801,1.0,1.0,0
0.0,1.0,0.0,0.0,0.3,0.02202918674088616,1.0,0.0,0.0,0.0,0.0,0.0,1.0,0.0,0.0,0.0,0.25385906711175604,0.45670333569879135,1.0,1.0,2
0.0,1.0,0.0,0.0,0.3,0.8199174825416933,0.0,0.0,0.0,0.0,0.0,0.0,0.0,1.0,0.0,0.0,0.21245720521390185,0.6264681929762583,1.0,1.0,0
0.0,1.0,0.0,0.0,0.6,0.6018826982991525,0.0,0.0,0.0,0.0,0.0,0.0,0.0,1.0,0.0,0.0,0.22300288842534657,0.31279101776310814,1.0,0.0,0
0.0,1.0,0.0,0.0,0.6,0.6379833289082082,0.0,0.0,0.0,0.0,0.0,0.0,0.0,1.0,0.0,0.0,0.5868818919145745,0.36977269662234374,1.0,1.0,0
0.0,1.0,0.0,0.0,0.2,0.37244297497727336,0.0,0.0,0.0,0.0,0.0,0.0,0.0,0.0,0.0,0.0,0.26297568815328753,0.5884231099191901,1.0,0.0,1
0.0,1.0,0.0,0.0,0.6,0.632172745613005,0.0,0.0,0.0,0.0,0.0,0.0,0.0,1.0,0.0,0.0,0.5836108183071663,0.3017951014333884,1.0,1.0,0
0.0,1.0,0.0,0.0,0.6,0.37746094537838126,0.0,0.0,0.0,0.0,0.0,0.0,0.0,0.0,0.0,0.0,0.6359488961287414,0.152897787832928,1.0,1.0,1
0.0,1.0,0.0,0.0,0.6,0.10077242064336667,0.0,0.0,0.0,0.0,0.0,0.0,1.0,0.0,0.0,0.0,0.10098933169429311,0.3194920150190162,1.0,1.0,2
0.0,1.0,0.0,0.0,0.3,0.584330499930061,0.0,0.0,0.0,0.0,0.0,0.0,0.0,0.0,0.0,0.0,0.18239274435416666,0.7119478911484429,1.0,0.0,1
0.0,1.0,0.0,0.0,0.3,0.010775975021259786,1.0,0.0,0.0,0.0,0.0,0.0,1.0,0.0,0.0,0.0,0.2865321795224069,0.67168848566135,1.0,1.0,2
0.0,1.0,0.0,0.0,0.6,0.089135998108492,0.0,0.0,0.0,0.0,0.0,0.0,1.0,0.0,0.0,1.0,0.6685094578952167,0.5552182846885035,1.0,0.0,2
0.0,1.0,0.0,0.0,0.3,0.2845328361331093,0.0,0.0,0.0,0.0,0.0,0.0,0.0,0.0,0.0,0.0,0.2493533841416196,0.8172835003647468,1.0,0.0,1
0.0,1.0,0.0,0.0,0.6,0.00631065068831232,0.0,1.0,0.0,0.0,0.0,1.0,1.0,0.0,0.0,1.0,0.17697478055568244,0.6666191207386838,1.0,0.0,2
0.0,1.0,0.0,0.0,0.3,0.47118566231646364,0.0,0.0,0.0,0.0,0.0,0.0,0.0,0.0,0.0,0.0,0.2741296114392543,0.5978480505353141,1.0,1.0,1
1.0,1.0,0.0,0.0,0.3,0.8427272522332153,0.0,0.0,0.0,0.0,0.0,0.0,0.0,1.0,0.0,0.0,0.23413345945737268,0.46859274006402246,1.0,0.0,0
0.0,1.0,0.0,0.0,0.6,0.8004275408707613,0.0,0.0,0.0,0.0,0.0,0.0,0.0,1.0,0.0,0.0,0.044266583485128914,0.39012444445146793,1.0,0.0,0
0.0,1.0,0.0,0.0,0.6,0.7301476724378749,0.0,0.0,0.0,0.0,0.0,0.0,0.0,1.0,0.0,0.0,0.44971828155986177,0.37470226467123924,1.0,1.0,0
0.0,1.0,0.0,0.0,0.6,0.7797082443527428,0.0,0.0,0.0,0.0,0.0,0.0,0.0,1.0,0.0,0.0,0.4081608892943469,0.3650373086498678,1.0,1.0,0
0.0,1.0,0.0,0.0,0.0,0.005412005044341971,1.0,0.0,0.0,0.0,0.0,1.0,1.0,0.0,0.0,0.0,0.06372481823872508,0.33626175664894126,1.0,0.0,2
0.0,1.0,0.0,0.0,0.3,0.36233013855197704,0.0,0.0,0.0,0.0,0.0,0.0,0.0,0.0,0.0,0.0,0.042309595658736,0.48902779663446627,1.0,1.0,1
0.0,1.0,0.0,0.0,0.3,0.1203926201258129,0.0,0.0,0.0,0.0,0.0,1.0,1.0,0.0,0.0,1.0,0.4234473656988695,0.34495776614226203,1.0,1.0,2
0.0,1.0,0.0,0.0,0.0,0.41312707236840707,0.0,0.0,0.0,0.0,0.0,0.0,0.0,0.0,0.0,0.0,0.2744298137389804,0.640446267642182,1.0,1.0,1
0.0,1.0,0.0,0.0,0.3,0.2321448278661663,0.0,0.0,0.0,0.0,0.0,0.0,0.0,0.0,0.0,0.0,0.4121953586211867,0.7944133765711976,1.0,1.0,1
0.0,1.0,0.0,0.0,0.0,0.3874155162919805,0.0,0.0,0.0,0.0,0.0,0.0,0.0,0.0,0.0,0.0,0.18190607714601775,0.6989561977522816,1.0,1.0,1
0.0,1.0,0.0,0.0,0.3,0.1600043853292234,0.0,0.0,0.0,0.0,0.0,0.0,1.0,0.0,0.0,1.0,0.4530760679386832,0.5346997567694359,1.0,0.0,2
0.0,1.0,0.0,0.0,0.0,0.9222159632696625,0.0,0.0,0.0,0.0,0.0,0.0,0.0,1.0,0.0,0.0,0.3074523400359972,0.7133286778190531,1.0,1.0,0
0.0,1.0,0.0,0.0,0.0,0.2659245053574096,0.0,0.0,0.0,0.0,0.0,0.0,0.0,0.0,0.0,0.0,0.10607405272885452,0.29421842687247113,1.0,0.0,1
0.0,1.0,0.0,0.0,0.6,0.09270555066960033,0.0,0.0,0.0,0.0,0.0,1.0,1.0,0.0,0.0,1.0,0.3789981913112099,0.30583246875562076,1.0,0.0,2
0.0,1.0,0.0,0.0,0.3,0.8476511881463307,0.0,0.0,0.0,0.0,0.0,0.0,0.0,1.0,0.0,0.0,0.19579266032755152,0.5949388361379147,1.0,1.0,0
0.0,1.0,0.0,0.0,0.2,0.13503423573896753,0.0,0.0,0.0,0.0,0.0,0.0,0.0,0.0,0.0,0.0,0.2649414985204219,0.2951985569393868,1.0,0.0,1
0.0,1.0,0.0,0.0,0.3,0.21358663577782333,1.0,0.0,0.0,0.0,0.0,0.0,1.0,0.0,0.0,1.0,0.6169847495281188,0.2877594494775899,1.0,1.0,2
0.0,1.0,0.0,0.0,0.0,0.0954568921567846,1.0,0.0,0.0,0.0,0.0,0.0,1.0,0.0,0.0,0.0,0.40074207423608316,0.6524438343918727,1.0,1.0,2
0.0,1.0,0.0,0.0,0.3,0.8947305536718031,0.0,0.0,0.0,0.0,0.0,0.0,0.0,1.0,0.0,0.0,0.16494353270815526,0.4620294838248744,1.0,0.0,0
0.0,1.0,0.0,0.0,0.3,0.5012337831984959,0.0,0.0,0.0,0.0,0.0,0.0,0.0,1.0,0.0,0.0,0.4159004341915812,0.16561982726859834,1.0,0.0,0
0.0,1.0,0.0,0.0,0.3,0.1236027144283095,0.0,0.0,0.0,0.0,0.0,0.0,0.0,0.0,0.0,0.0,0.28285209750623064,0.2940452528000996,1.0,1.0,1
0.0,1.0,0.0,0.0,0.0,0.48377460470300104,0.0,0.0,0.0,0.0,0.0,0.0,0.0,1.0,0.0,0.0,0.28644361241265004,0.6175025242497487,1.0,1.0,0
0.0,1.0,0.0,0.0,0.0,0.29848169052148754,0.0,0.0,0.0,0.0,0.0,0.0,0.0,0.0,0.0,0.0,0.17075596722736944,0.4606846646748317,1.0,1.0,1
0.0,1.0,0.0,0.0,0.3,0.7296339706247,0.0,0.0,0.0,0.0,0.0,0.0,0.0,1.0,0.0,0.0,0.44832064377819014,0.23614139496095682,1.0,1.0,0
0.0,1.0,0.0,0.0,0.6,0.31637306310769175,0.0,0.0,0.0,0.0,0.0,0.0,0.0,1.0,0.0,0.0,0.1297104138974611,0.6407010072254168,1.0,0.0,0
0.0,1.0,0.0,0.0,0.3,0.12080432119385127,0.0,0.0,0.0,0.0,0.0,0.0,0.0,0.0,0.0,0.0,0.7159583958258963,0.3413340624458148,1.0,1.0,1
0.0,1.0,0.0,0.0,0.3,0.0303420268956607,0.0,0.0,0.0,0.0,0.0,0.0,1.0,0.0,0.0,1.0,0.15049162762132273,0.5702643753544928,1.0,1.0,2
0.0,1.0,0.0,0.0,0.3,0.09663284431090241,0.0,0.0,0.0,0.0,0.0,0.0,1.0,0.0,0.0,0.0,0.22848255327745137,0.6240541749370874,1.0,0.0,2
0.0,1.0,0.0,0.0,0.3,0.19298002508108564,1.0,0.0,0.0,0.0,0.0,1.0,1.0,0.0,0.0,0.0,0.11642211599106661,0.49665846706024824,1.0,0.0,2
0.0,1.0,0.0,0.0,0.0,0.3581400963742194,1.0,1.0,0.0,0.0,0.0,0.0,1.0,0.0,0.0,0.0,0.4239166379345568,0.12124032177649165,1.0,0.0,2
0.0,1.0,0.0,0.0,0.6,0.6750667590175408,0.0,0.0,0.0,0.0,0.0,0.0,0.0,0.0,0.0,0.0,0.3712871743017103,0.5863748850355642,1.0,1.0,1
0.0,1.0,0.0,0.0,0.0,0.6153778831818186,0.0,0.0,0.0,0.0,0.0,0.0,0.0,1.0,0.0,0.0,0.2222130113879065,0.44223524211083554,1.0,1.0,0
0.0,1.0,0.0,0.0,0.3,0.22030676618590175,0.0,0.0,0.0,0.0,0.0,0.0,0.0,0.0,0.0,0.0,0.6602951686848453,0.5792502729293453,1.0,1.0,1
0.0,1.0,0.0,0.0,0.3,0.15206190693442379,0.0,0.0,0.0,0.0,0.0,0.0,0.0,0.0,0.0,0.0,0.06463956470883339,0.6495478311998993,1.0,0.0,1
1.0,1.0,0.0,0.0,0.6,0.8789870406906247,0.0,0.0,0.0,0.0,0.0,0.0,0.0,1.0,0.0,0.0,0.6840574136369756,0.4162035213538601,1.0,1.0,0
0.0,1.0,0.0,0.0,0.3,0.9698123857869728,0.0,0.0,0.0,0.0,0.0,0.0,0.0,1.0,0.0,0.0,0.2619512039869663,0.30715287417349457,1.0,0.0,0
0.0,1.0,0.0,0.0,0.3,0.29032595796698857,0.0,1.0,0.0,0.0,0.0,0.0,1.0,0.0,0.0,1.0,0.04298963621476933,0.4764286735701736,1.0,1.0,2
1.0,1.0,0.0,0.0,0.0,0.6967338150170131,0.0,0.0,0.0,0.0,0.0,0.0,0.0,1.0,0.0,0.0,0.33610133887370336,0.14385380895211058,1.0,1.0,0
0.0,1.0,0.0,0.0,0.0,0.005074630631672881,0.0,0.0,0.0,0.0,0.0,1.0,1.0,0.0,0.0,1.0,0.09994367211424568,0.6576508208117047,1.0,0.0,2
0.0,1.0,0.0,0.0,0.3,0.6493339389888132,0.0,0.0,0.0,0.0,0.0,0.0,0.0,1.0,0.0,0.0,0.32454003473014253,0.23033462378218333,1.0,0.0,0
1.0,1.0,0.0,0.0,0.3,0.6399141733039642,0.0,0.0,0.0,0.0,0.0,0.0,0.0,1.0,0.0,0.0,0.35053865845588045,0.2049470500341152,1.0,0.0,0
0.0,1.0,0.0,0.0,0.6,0.8590936283141902,0.0,0.0,0.0,0.0,0.0,0.0,0.0,1.0,0.0,0.0,0.211004403462919,0.5215006964446786,1.0,0.0,0
0.0,1.0,0.0,0.0,0.0,0.058359837542243415,1.0,1.0,0.0,0.0,0.0,0.0,1.0,0.0,0.0,1.0,0.2594860380164228,0.5772847416553509,1.0,0.0,2
0.0,1.0,0.0,0.0,0.3,0.8136349719323278,0.0,0.0,0.0,0.0,0.0,0.0,0.0,1.0,0.0,0.0,0.41356697540410725,0.17645531961197294,1.0,1.0,0
0.0,1.0,0.0,0.0,0.0,0.052031695454179176,0.0,1.0,0.0,0.0,0.0,0.0,1.0,0.0,0.0,1.0,0.37436682673473043,0.3561479635368076,1.0,0.0,2
0.0,1.0,0.0,0.0,0.0,0.21841372255636227,0.0,1.0,0.0,0.0,0.0,0.0,1.0,0.0,0.0,0.0,0.5756825437564796,0.8101527008727577,1.0,1.0,2
0.0,1.0,0.0,0.0,0.0,0.5075184737650686,0.0,0.0,0.0,0.0,0.0,0.0,0.0,0.0,0.0,0.0,0.0956776139206808,0.5378648025685706,1.0,1.0,1
0.0,1.0,0.0,0.0,0.0,0.7028465715520157,0.0,0.0,0.0,0.0,0.0,0.0,0.0,1.0,0.0,0.0,0.44315954511053984,0.3694765528277135,1.0,1.0,0
0.0,1.0,0.0,0.0,0.6,0.27553469921285484,0.0,0.0,0.0,0.0,0.0,0.0,0.0,0.0,0.0,0.0,0.21119981431572574,0.5524343176189452,1.0,0.0,1
0.0,1.0,0.0,0.0,0.6,0.4339173507767306,0.0,0.0,0.0,0.0,0.0,0.0,0.0,0.0,0.0,0.0,0.2361554411441331,0.6270451785479265,1.0,1.0,1
0.0,1.0,0.0,0.0,0.2,0.6923067871544161,0.0,0.0,0.0,0.0,0.0,0.0,0.0,1.0,0.0,0.0,0.5983486398943242,0.4862404269628582,1.0,0.0,0
0.0,1.0,0.0,0.0,0.3,0.5956655597196154,0.0,0.0,0.0,0.0,0.0,0.0,0.0,0.0,0.0,0.0,0.15345931278761565,0.7346965889115132,1.0,1.0,1
0.0,1.0,0.0,0.0,0.0,0.2015392428563667,0.0,0.0,0.0,0.0,0.0,0.0,0.0,0.0,0.0,0.0,0.2805331741273208,0.33821437247606106,1.0,0.0,1
0.0,1.0,0.0,0.0,0.3,0.0346841724250212,0.0,0.0,0.0,0.0,0.0,0.0,1.0,0.0,0.0,0.0,0.4545047405894532,0.23226112890456882,1.0,0.0,2
0.0,1.0,0.0,0.0,0.0,0.839791145181771,0.0,0.0,0.0,0.0,0.0,0.0,0.0,1.0,0.0,0.0,0.1470709419488903,0.2183329792164537,1.0,1.0,0
0.0,1.0,0.0,0.0,0.0,0.23543479979928283,0.0,0.0,0.0,0.0,0.0,1.0,1.0,0.0,0.0,0.0,0.08709073385495383,0.47559519755963503,1.0,0.0,2
1.0,1.0,0.0,0.0,0.6,0.5045643107219085,0.0,0.0,0.0,0.0,0.0,0.0,0.0,1.0,0.0,0.0,0.2049740402288009,0.30819963914910053,1.0,0.0,0
0.0,1.0,0.0,0.0,0.0,0.18462488183092574,1.0,0.0,0.0,0.0,0.0,0.0,1.0,0.0,0.0,0.0,0.15636697273028513,0.6450750564127109,1.0,1.0,2
0.0,1.0,0.0,0.0,0.0,0.5225280967195406,0.0,0.0,0.0,0.0,0.0,0.0,0.0,1.0,0.0,0.0,0.30232439439082137,0.3976897418395298,1.0,1.0,0
0.0,1.0,0.0,0.0,0.0,0.13554437017826845,0.0,0.0,0.0,0.0,0.0,0.0,0.0,0.0,0.0,0.0,0.5627446591787767,0.3718900224367407,1.0,1.0,1
0.0,1.0,0.0,0.0,0.3,0.7741101624612121,0.0,0.0,0.0,0.0,0.0,0.0,0.0,1.0,0.0,0.0,0.12327671388602082,0.5604869412043519,1.0,0.0,0
0.0,1.0,0.0,0.0,0.3,0.16948003354932,0.0,0.0,0.0,0.0,0.0,0.0,1.0,0.0,0.0,1.0,0.30426406933851446,0.42350337217800044,1.0,1.0,2
0.0,1.0,0.0,0.0,0.0,0.9263094952673838,0.0,0.0,0.0,0.0,0.0,0.0,0.0,1.0,0.0,0.0,0.37380214363515024,0.28310241785971696,1.0,0.0,0
0.0,1.0,0.0,0.0,0.0,0.12343665198448889,0.0,0.0,0.0,0.0,0.0,0.0,0.0,0.0,0.0,0.0,0.27968654674659665,0.519040154230213,1.0,0.0,1
0.0,1.0,0.0,0.0,0.0,0.9367995751809237,0.0,0.0,0.0,0.0,0.0,0.0,0.0,1.0,0.0,0.0,0.7469615530821917,0.6479127697921696,1.0,0.0,0
0.0,1.0,0.0,0.0,0.3,0.2390270467388444,0.0,0.0,0.0,0.0,0.0,0.0,0.0,0.0,0.0,0.0,0.22083195848096254,0.21905191704034638,1.0,0.0,1
0.0,1.0,0.0,0.0,0.3,0.25453239464552385,0.0,0.0,0.0,0.0,0.0,0.0,0.0,0.0,0.0,0.0,0.2645779506104186,0.4231384337521437,1.0,0.0,1
0.0,1.0,0.0,0.0,0.3,0.08651471117559698,0.0,0.0,0.0,0.0,0.0,0.0,0.0,0.0,0.0,0.0,0.3095201068952506,0.2550166804656121,1.0,1.0,1
0.0,1.0,0.0,0.0,0.6,0.20192285145904554,1.0,0.0,0.0,0.0,0.0,0.0,1.0,0.0,0.0,0.0,0.030988035191074688,0.4544384284364845,1.0,0.0,2
0.0,1.0,0.0,0.0,0.0,0.41574991426500774,0.0,0.0,0.0,0.0,0.0,0.0,0.0,0.0,0.0,0.0,0.22559382933697744,0.683740002969404,1.0,1.0,1
0.0,1.0,0.0,0.0,0.0,0.1161826575851654,0.0,1.0,0.0,0.0,0.0,0.0,1.0,0.0,0.0,1.0,0.12854155741728246,0.28275736368639015,1.0,1.0,2
0.0,1.0,0.0,0.0,0.6,0.4515008135324149,0.0,0.0,0.0,0.0,0.0,0.0,0.0,0.0,0.0,0.0,0.600390124709936,0.822516010584996,1.0,1.0,1
0.0,1.0,0.0,0.0,0.0,0.307202357288857,0.0,0.0,0.0,0.0,0.0,0.0,0.0,0.0,0.0,0.0,0.20735218194447938,0.6575192586630904,1.0,0.0,1
0.0,1.0,0.0,0.0,0.1,0.6851244094621886,0.0,0.0,0.0,0.0,0.0,0.0,0.0,1.0,0.0,0.0,0.4936253216150212,0.20116695922222075,1.0,1.0,0
0.0,1.0,0.0,0.0,0.0,0.974667084670942,0.0,0.0,0.0,0.0,0.0,0.0,0.0,1.0,0.0,0.0,0.23834637243451037,0.6306524579869995,1.0,0.0,0
1.0,1.0,0.0,0.0,0.3,0.609039730725001,0.0,0.0,0.0,0.0,0.0,0.0,0.0,1.0,0.0,0.0,0.18727970624496912,0.3357179476869167,1.0,1.0,0
0.0,1.0,0.0,0.0,0.3,0.33383901436621116,0.0,0.0,0.0,0.0,0.0,0.0,0.0,0.0,0.0,0.0,0.4675850316262483,0.48280922031988416,1.0,0.0,1
0.0,1.0,0.0,0.0,0.0,0.6511852629035508,0.0,0.0,0.0,0.0,0.0,0.0,0.0,1.0,0.0,0.0,0.2321853463411857,0.47120643409267654,1.0,1.0,0
0.0,1.0,0.0,0.0,0.3,0.11332760027042217,0.0,0.0,0.0,0.0,0.0,0.0,1.0,0.0,0.0,0.0,0.1305376403250018,0.26700070378865204,1.0,1.0,2
1.0,1.0,0.0,0.0,0.3,0.65091771450607,0.0,0.0,0.0,0.0,0.0,0.0,0.0,1.0,0.0,0.0,0.11312986679078052,0.4194706152253754,1.0,0.0,0
1.0,1.0,0.0,0.0,0.6,0.6283536757061141,0.0,0.0,0.0,0.0,0.0,0.0,0.0,1.0,0.0,0.0,0.4443130280610312,0.6702673904955242,1.0,1.0,0
0.0,1.0,0.0,0.0,0.3,0.9018306463918477,0.0,0.0,0.0,0.0,0.0,0.0,0.0,1.0,0.0,0.0,0.4194185740420828,0.44660856275874417,1.0,0.0,0
0.0,1.0,0.0,0.0,0.0,0.7832573831633322,0.0,0.0,0.0,0.0,0.0,0.0,0.0,1.0,0.0,0.0,0.33057982574206907,0.3690849383430306,1.0,1.0,0
0.0,1.0,0.0,0.0,0.3,0.13478482511129136,0.0,0.0,0.0,0.0,0.0,0.0,0.0,0.0,0.0,0.0,0.15401947936207463,0.26109085844431784,1.0,0.0,1
0.0,1.0,0.0,0.0,0.3,0.40188089887780365,0.0,0.0,0.0,0.0,0.0,0.0,0.0,0.0,0.0,0.0,0.07576824415670633,0.2998885162104248,1.0,0.0,1
0.0,1.0,0.0,0.0,0.3,0.23003302572125,0.0,0.0,0.0,0.0,0.0,0.0,0.0,0.0,0.0,0.0,0.16945961973636645,0.7737480845435117,1.0,0.0,1
0.0,1.0,0.0,0.0,0.2,0.21375226103814257,0.0,0.0,0.0,0.0,0.0,0.0,0.0,0.0,0.0,0.0,0.17253679647167916,0.4798909048423233,1.0,0.0,1
0.0,1.0,0.0,0.0,0.0,0.02446779334327225,0.0,0.0,0.0,0.0,0.0,0.0,1.0,0.0,0.0,0.0,0.41902761666361926,0.2585102590934548,1.0,1.0,2
0.0,1.0,0.0,0.0,0.0,0.8699378454489995,0.0,0.0,0.0,0.0,0.0,0.0,0.0,1.0,0.0,0.0,0.27765348794881256,0.41564006140751253,1.0,1.0,0
0.0,1.0,0.0,0.0,0.6,0.14068854927699942,1.0,0.0,0.0,0.0,0.0,0.0,1.0,0.0,0.0,0.0,0.5183111869120179,0.08951656193056305,1.0,1.0,2
0.0,1.0,0.0,0.0,0.3,0.16433538607485998,0.0,0.0,0.0,0.0,0.0,0.0,0.0,0.0,0.0,0.0,0.12759398664410107,0.5721298835143867,1.0,0.0,1
0.0,1.0,0.0,0.0,0.6,0.060825615138251035,0.0,0.0,0.0,0.0,0.0,0.0,0.0,0.0,0.0,0.0,0.2953481576428577,0.6526848455934456,1.0,1.0,1
0.0,1.0,0.0,0.0,0.0,0.2376285730734982,1.0,1.0,0.0,0.0,0.0,1.0,1.0,0.0,0.0,0.0,0.09447658707024709,0.4823321227855174,1.0,0.0,2
0.0,1.0,0.0,0.0,0.0,0.7609526637875204,0.0,0.0,0.0,0.0,0.0,0.0,0.0,1.0,0.0,0.0,0.3821457704349337,0.8042902312826208,1.0,0.0,0
1.0,1.0,0.0,0.0,0.3,0.5509531376103708,0.0,0.0,0.0,0.0,0.0,0.0,0.0,1.0,0.0,0.0,0.2500305933040207,0.387380195587039,1.0,0.0,0
0.0,1.0,0.0,0.0,0.1,0.8863395803738409,0.0,0.0,0.0,0.0,0.0,0.0,0.0,1.0,0.0,0.0,0.27319885516161924,0.4133695105174981,1.0,0.0,0
0.0,1.0,0.0,0.0,0.0,0.33899246532106486,0.0,0.0,0.0,0.0,0.0,0.0,0.0,0.0,0.0,0.0,0.4417596946631739,0.5761942870632043,1.0,1.0,1
0.0,1.0,0.0,0.0,0.3,0.03199331579737303,0.0,1.0,0.0,0.0,0.0,0.0,1.0,0.0,0.0,0.0,0.05597530639591044,0.05409898194686494,1.0,0.0,2
0.0,1.0,0.0,0.0,0.3,0.18057868512786945,0.0,0.0,0.0,0.0,0.0,0.0,0.0,0.0,0.0,0.0,0.3803839118180072,0.29782035530208295,1.0,1.0,1
0.0,1.0,0.0,0.0,0.3,0.449651698163077,0.0,0.0,0.0,0.0,0.0,0.0,0.0,1.0,0.0,0.0,0.08270340579279577,0.7671246862384836,1.0,1.0,0
0.0,1.0,0.0,0.0,0.0,0.07585733920856558,1.0,1.0,0.0,0.0,0.0,1.0,1.0,0.0,0.0,0.0,0.25433761160242324,0.1963244177891779,1.0,0.0,2
0.0,1.0,0.0,0.0,0.0,0.12494976751945848,0.0,0.0,0.0,0.0,0.0,0.0,0.0,0.0,0.0,0.0,0.30632494637991753,0.6723616504496345,1.0,0.0,1
0.0,1.0,0.0,0.0,0.3,0.6069810909432999,0.0,0.0,0.0,0.0,0.0,0.0,0.0,0.0,0.0,0.0,0.19994707351385393,0.3926055639884425,1.0,1.0,1
0.0,1.0,0.0,0.0,0.3,0.9400975216477911,0.0,0.0,0.0,0.0,0.0,0.0,0.0,1.0,0.0,0.0,0.10974939411366384,0.43898659280462304,1.0,0.0,0
1.0,1.0,0.0,0.0,0.3,0.8986538635005505,0.0,0.0,0.0,0.0,0.0,0.0,0.0,1.0,0.0,0.0,0.09723536818867323,0.28738059449003456,1.0,0.0,0
0.0,1.0,0.0,0.0,0.3,0.17270121928533916,0.0,0.0,0.0,0.0,0.0,0.0,0.0,0.0,0.0,0.0,0.23273416438264546,0.1411311238981364,1.0,0.0,1
0.0,1.0,0.0,0.0,0.0,0.5331047374177053,0.0,0.0,0.0,0.0,0.0,0.0,0.0,1.0,0.0,0.0,0.3859417887291103,0.2107432004124996,1.0,1.0,0
0.0,1.0,0.0,0.0,0.6,0.4291984297338046,0.0,0.0,0.0,0.0,0.0,1.0,1.0,0.0,0.0,0.0,0.326557342555113,0.5223966145451919,1.0,0.0,2
0.0,1.0,0.0,0.0,0.3,0.21346641916781314,0.0,0.0,0.0,0.0,0.0,0.0,0.0,0.0,0.0,0.0,0.4020094264001511,0.5116070743521693,1.0,0.0,1
0.0,1.0,0.0,0.0,0.3,0.09623561921141283,0.0,1.0,0.0,0.0,0.0,1.0,1.0,0.0,0.0,1.0,0.3757487681170512,0.46600775246064374,1.0,1.0,2
0.0,1.0,0.0,0.0,0.0,0.0818467674682323,0.0,0.0,0.0,0.0,0.0,0.0,1.0,0.0,0.0,1.0,0.3114274837274969,0.2924213573029988,1.0,0.0,2
0.0,1.0,0.0,0.0,0.0,0.18346573585188183,0.0,0.0,0.0,0.0,0.0,1.0,1.0,0.0,0.0,1.0,0.146777992223066,0.4729410337336072,1.0,0.0,2
0.0,1.0,0.0,0.0,0.6,0.08594428191098437,0.0,0.0,0.0,0.0,0.0,0.0,1.0,0.0,0.0,1.0,0.38453241873701827,0.6145912660313079,1.0,0.0,2
0.0,1.0,0.0,0.0,0.0,0.1289617433804041,0.0,0.0,0.0,0.0,0.0,0.0,1.0,0.0,0.0,1.0,0.2294617142526237,0.186070315977553,1.0,1.0,2
0.0,1.0,0.0,0.0,0.0,0.17109511933011604,1.0,1.0,0.0,0.0,0.0,0.0,1.0,0.0,0.0,0.0,0.32583825280234957,0.29087024686789203,1.0,0.0,2
0.0,1.0,0.0,0.0,0.6,0.3073158791820686,1.0,1.0,0.0,0.0,0.0,1.0,1.0,0.0,0.0,0.0,0.05794649846313746,0.3299106922644409,1.0,1.0,2
0.0,1.0,0.0,0.0,0.6,0.10627652922687271,0.0,0.0,0.0,0.0,0.0,1.0,1.0,0.0,0.0,0.0,0.1050857734550678,0.6802513201538849,1.0,0.0,2
0.0,1.0,0.0,0.0,0.3,0.4736939525841398,0.0,0.0,0.0,0.0,0.0,0.0,0.0,0.0,0.0,0.0,0.15705682420965325,0.37939421908633575,1.0,0.0,1
0.0,1.0,0.0,0.0,0.0,0.43838419888651925,0.0,0.0,0.0,0.0,0.0,0.0,0.0,0.0,0.0,0.0,0.21833218444949617,0.16000952688718995,1.0,1.0,1
0.0,1.0,0.0,0.0,0.3,0.0422237464001318,0.0,0.0,0.0,0.0,0.0,0.0,0.0,0.0,0.0,0.0,0.2173602603772128,0.17884682373369398,1.0,0.0,1
0.0,1.0,0.0,0.0,0.3,0.19710707431895624,0.0,0.0,0.0,0.0,0.0,1.0,1.0,0.0,0.0,1.0,0.24521805843355352,0.0546708313746846,1.0,1.0,2
0.0,1.0,0.0,0.0,0.0,0.30045599897116604,0.0,0.0,0.0,0.0,0.0,0.0,0.0,0.0,0.0,0.0,0.3294983698335458,0.042810036670404596,1.0,0.0,1
0.0,1.0,0.0,0.0,0.2,0.3881823965712161,0.0,0.0,0.0,0.0,0.0,0.0,0.0,0.0,0.0,0.0,0.21185882032992176,0.5794382300623895,1.0,1.0,1
1.0,1.0,0.0,0.0,0.0,0.7139859180789611,0.0,0.0,0.0,0.0,0.0,0.0,0.0,1.0,0.0,0.0,0.07091313393719527,0.2377748783385404,1.0,1.0,0
0.0,1.0,0.0,0.0,0.0,0.01137719374931419,0.0,0.0,0.0,0.0,0.0,0.0,1.0,0.0,0.0,0.0,0.3724851195924624,0.46175983948326144,1.0,0.0,2
0.0,1.0,0.0,0.0,0.3,0.19997828967589604,0.0,0.0,0.0,0.0,0.0,0.0,1.0,0.0,0.0,1.0,0.5306962227198232,0.5513168013845053,1.0,1.0,2
0.0,1.0,0.0,0.0,0.3,0.2976702507223855,0.0,0.0,0.0,0.0,0.0,0.0,0.0,0.0,0.0,0.0,0.23152273653290972,0.64038388435373,1.0,1.0,1
1.0,1.0,0.0,0.0,0.3,0.6827240550869055,0.0,0.0,0.0,0.0,0.0,0.0,0.0,1.0,0.0,0.0,0.28938962971370674,0.4742932283672398,1.0,1.0,0
0.0,1.0,0.0,0.0,0.0,0.003032100142377581,0.0,0.0,0.0,0.0,0.0,1.0,1.0,0.0,0.0,1.0,0.6091592077610143,0.39870731590501474,1.0,1.0,2
0.0,1.0,0.0,0.0,0.3,0.11719212930747168,0.0,1.0,0.0,0.0,0.0,0.0,1.0,0.0,0.0,1.0,0.12056494366822137,0.39418192511198463,1.0,0.0,2
0.0,1.0,0.0,0.0,0.3,0.035202892748845103,0.0,0.0,0.0,0.0,0.0,0.0,1.0,0.0,0.0,0.0,0.6027231638365378,0.34385770217889794,1.0,0.0,2
0.0,1.0,0.0,0.0,0.0,0.24523511385553592,0.0,0.0,0.0,0.0,0.0,0.0,0.0,0.0,0.0,0.0,0.13814910712288433,0.5283265312213499,1.0,1.0,1
1.0,1.0,0.0,0.0,0.0,0.8194857991477233,0.0,0.0,0.0,0.0,0.0,0.0,0.0,1.0,0.0,0.0,0.4658545970047726,0.6328356674117623,1.0,1.0,0
0.0,1.0,0.0,0.0,0.6,0.7124757525809062,0.0,0.0,0.0,0.0,0.0,0.0,0.0,1.0,0.0,0.0,0.46105343605969973,0.5426964335140878,1.0,0.0,0
0.0,1.0,0.0,0.0,0.6,0.48723642240225046,0.0,0.0,0.0,0.0,0.0,0.0,0.0,0.0,0.0,0.0,0.37577139708519613,0.23970881752887663,1.0,1.0,1
0.0,1.0,0.0,0.0,0.3,0.11844201781726425,0.0,0.0,0.0,0.0,0.0,0.0,0.0,0.0,0.0,0.0,0.41880175320108454,0.1793460457906556,1.0,1.0,1
0.0,1.0,0.0,0.0,0.3,0.14000990977360803,0.0,0.0,0.0,0.0,0.0,0.0,0.0,0.0,0.0,0.0,0.31391706606514147,0.5831689875249813,1.0,0.0,1
0.0,1.0,0.0,0.0,0.2,0.11846174481674807,0.0,0.0,0.0,0.0,0.0,0.0,0.0,0.0,0.0,0.0,0.21275084972573968,0.5639251136023063,1.0,1.0,1
0.0,1.0,0.0,0.0,0.3,0.003499974326831219,0.0,0.0,0.0,0.0,0.0,0.0,1.0,0.0,0.0,1.0,0.5455156630130198,0.4966950559211794,1.0,1.0,2
0.0,1.0,0.0,0.0,0.3,0.11792213454832598,0.0,0.0,0.0,0.0,0.0,0.0,0.0,0.0,0.0,0.0,0.47722274043137447,0.20958145951631066,1.0,0.0,1
0.0,1.0,0.0,0.0,0.6,0.0019348992544521845,0.0,1.0,0.0,0.0,0.0,0.0,1.0,0.0,0.0,1.0,0.22796140713749435,0.4051334977180479,1.0,1.0,2
0.0,1.0,0.0,0.0,0.3,0.6677914890858093,0.0,0.0,0.0,0.0,0.0,0.0,0.0,1.0,0.0,0.0,0.08701507529592646,0.26729823825086435,1.0,1.0,0
0.0,1.0,0.0,0.0,0.0,0.5170637942301666,0.0,0.0,0.0,0.0,0.0,0.0,0.0,1.0,0.0,0.0,0.20846459836629772,0.5616862359196668,1.0,1.0,0
0.0,1.0,0.0,0.0,0.3,0.3204690376865935,0.0,0.0,0.0,0.0,0.0,0.0,0.0,0.0,0.0,0.0,0.2672760532391782,0.4863998980451493,1.0,1.0,1
0.0,1.0,0.0,0.0,0.3,0.9629655321292,0.0,0.0,0.0,0.0,0.0,0.0,0.0,1.0,0.0,0.0,0.5550968970789497,0.7345601162799235,1.0,0.0,0
1.0,1.0,0.0,0.0,0.3,0.6083588540064525,0.0,0.0,0.0,0.0,0.0,0.0,0.0,1.0,0.0,0.0,0.3284185979175201,0.4999327884556614,1.0,0.0,0
0.0,1.0,0.0,0.0,0.0,0.7785375664205004,0.0,0.0,0.0,0.0,0.0,0.0,0.0,1.0,0.0,0.0,0.2122930132420194,0.5100149792587807,1.0,0.0,0
0.0,1.0,0.0,0.0,0.3,0.5162822993012086,0.0,0.0,0.0,0.0,0.0,0.0,0.0,1.0,0.0,0.0,0.1543967758521032,0.31476977543566526,1.0,1.0,0
1.0,1.0,0.0,0.0,0.2,0.9074294424120309,0.0,0.0,0.0,0.0,0.0,0.0,0.0,1.0,0.0,0.0,0.10681192400832773,0.2703510742380535,1.0,1.0,0
0.0,1.0,0.0,0.0,0.6,0.03413400955005265,1.0,0.0,0.0,0.0,0.0,0.0,1.0,0.0,0.0,1.0,0.417962750266857,0.6495081147911882,1.0,1.0,2
0.0,1.0,0.0,0.0,0.3,0.6729996419743086,0.0,0.0,0.0,0.0,0.0,0.0,0.0,1.0,0.0,0.0,0.5886774076059641,0.5037538887597691,1.0,0.0,0
0.0,1.0,0.0,0.0,0.3,0.15866024297378764,0.0,0.0,0.0,0.0,0.0,0.0,0.0,0.0,0.0,0.0,0.402277516755221,0.5750246236096384,1.0,0.0,1
0.0,1.0,0.0,0.0,0.6,0.7650520672481896,0.0,0.0,0.0,0.0,0.0,0.0,0.0,1.0,0.0,0.0,0.3433557025860381,0.5842458077129205,1.0,1.0,0
0.0,1.0,0.0,0.0,0.3,0.42336781562400677,0.0,0.0,0.0,0.0,0.0,0.0,0.0,0.0,0.0,0.0,0.27436867327671605,0.2668157487218853,1.0,0.0,1
0.0,1.0,0.0,0.0,0.0,0.7345318094062596,0.0,0.0,0.0,0.0,0.0,0.0,0.0,1.0,0.0,0.0,0.15736599396892076,0.4936661806358408,1.0,1.0,0
0.0,1.0,0.0,0.0,0.6,0.09114483366454469,0.0,0.0,0.0,0.0,0.0,1.0,1.0,0.0,0.0,0.0,0.3511428450494872,0.6238141156911224,1.0,0.0,2
0.0,1.0,0.0,0.0,0.6,0.07633172071546172,0.0,0.0,0.0,0.0,0.0,0.0,1.0,0.0,0.0,0.0,0.22317184918688665,0.42110436429186654,1.0,1.0,2
0.0,1.0,0.0,0.0,0.6,0.2283073644054317,0.0,0.0,0.0,0.0,0.0,0.0,0.0,0.0,0.0,0.0,0.26590477578611105,0.5044395329462854,1.0,1.0,1
0.0,1.0,0.0,0.0,0.3,0.7193043855608892,0.0,0.0,0.0,0.0,0.0,0.0,0.0,1.0,0.0,0.0,0.22497756055937737,0.06356393564688133,1.0,0.0,0
0.0,1.0,0.0,0.0,0.3,0.07476876868446522,0.0,1.0,0.0,0.0,0.0,0.0,1.0,0.0,0.0,0.0,0.059290931261146984,0.5371457572760984,1.0,1.0,2
0.0,1.0,0.0,0.0,0.0,0.10411930292336902,1.0,0.0,0.0,0.0,0.0,1.0,1.0,0.0,0.0,0.0,0.10937162479849513,0.2420830015522019,1.0,1.0,2
0.0,1.0,0.0,0.0,0.0,0.18330833241632674,0.0,0.0,0.0,0.0,0.0,0.0,0.0,0.0,0.0,0.0,0.49860381892755146,0.5909567620584625,1.0,0.0,1
0.0,1.0,0.0,0.0,0.0,0.7694651860940344,0.0,0.0,0.0,0.0,0.0,0.0,0.0,0.0,0.0,0.0,0.27678877975856064,0.5019572252049413,1.0,1.0,1
0.0,1.0,0.0,0.0,0.3,0.8444095063376562,0.0,0.0,0.0,0.0,0.0,0.0,0.0,1.0,0.0,0.0,0.10959656076494562,0.4424341757316642,1.0,0.0,0
0.0,1.0,0.0,0.0,0.3,0.3517544591333886,0.0,0.0,0.0,0.0,0.0,0.0,0.0,0.0,0.0,0.0,0.20170297315843494,0.6071664082905124,1.0,1.0,1
0.0,1.0,0.0,0.0,0.0,0.27305445061162786,0.0,0.0,0.0,0.0,0.0,0.0,0.0,0.0,0.0,0.0,0.1438199782452557,0.3669412653692046,1.0,0.0,1
0.0,1.0,0.0,0.0,0.0,0.012569037460868354,0.0,0.0,0.0,0.0,0.0,0.0,1.0,0.0,0.0,1.0,0.1962716166549291,0.46143063119346783,1.0,1.0,2
0.0,1.0,0.0,0.0,0.1,0.6032214933837896,0.0,0.0,0.0,0.0,0.0,0.0,0.0,1.0,0.0,0.0,0.3319544740337916,0.175533437721725,1.0,1.0,0
0.0,1.0,0.0,0.0,0.3,0.4971127692440688,0.0,0.0,0.0,0.0,0.0,0.0,0.0,1.0,0.0,0.0,0.14192537714873227,0.34559460514393464,1.0,0.0,0
1.0,1.0,0.0,0.0,0.3,0.6252902277057707,0.0,0.0,0.0,0.0,0.0,0.0,0.0,1.0,0.0,0.0,0.1690263866680073,0.5438657509948145,1.0,1.0,0
0.0,1.0,0.0,0.0,0.3,0.14837508580057687,0.0,0.0,0.0,0.0,0.0,0.0,0.0,0.0,0.0,0.0,0.5779913047074402,0.4023618688465672,1.0,0.0,1
0.0,1.0,0.0,0.0,0.6,0.3916480953727875,0.0,1.0,0.0,0.0,0.0,0.0,1.0,0.0,0.0,0.0,0.09378195528638048,0.11105349498688433,1.0,1.0,2
1.0,1.0,0.0,0.0,0.3,0.5355220001360406,0.0,0.0,0.0,0.0,0.0,0.0,0.0,1.0,0.0,0.0,0.2785574693131364,0.3971417273868002,1.0,0.0,0
0.0,1.0,0.0,0.0,0.0,0.268195493644701,1.0,0.0,0.0,0.0,0.0,0.0,1.0,0.0,0.0,0.0,0.2772284780839836,0.4337520271209512,1.0,0.0,2
0.0,1.0,0.0,0.0,0.3,0.6199356757258766,0.0,0.0,0.0,0.0,0.0,0.0,0.0,0.0,0.0,0.0,0.295256272798117,0.22163338443672587,1.0,0.0,1
1.0,1.0,0.0,0.0,0.3,0.788935724300409,0.0,0.0,0.0,0.0,0.0,0.0,0.0,1.0,0.0,0.0,0.13205082197976645,0.5867977095046655,1.0,0.0,0
0.0,1.0,0.0,0.0,0.0,0.038421490753127945,0.0,0.0,0.0,0.0,0.0,1.0,1.0,0.0,0.0,0.0,0.45667091312882024,0.2215198715111855,1.0,1.0,2
1.0,1.0,0.0,0.0,0.3,0.9353525674565528,0.0,0.0,0.0,0.0,0.0,0.0,0.0,1.0,0.0,0.0,0.1938931670113179,0.4895068469632625,1.0,0.0,0
0.0,1.0,0.0,0.0,0.3,0.534488091178786,0.0,0.0,0.0,0.0,0.0,0.0,0.0,1.0,0.0,0.0,0.19925295731531417,0.6150718258278552,1.0,1.0,0
0.0,1.0,0.0,0.0,0.0,0.6379356953664508,0.0,0.0,0.0,0.0,0.0,0.0,0.0,1.0,0.0,0.0,0.18540520798430768,0.5836754045567206,1.0,0.0,0
1.0,1.0,0.0,0.0,0.0,0.7042773907678735,0.0,0.0,0.0,0.0,0.0,0.0,0.0,1.0,0.0,0.0,0.41647720143564376,0.3955746911522238,1.0,1.0,0
0.0,1.0,0.0,0.0,0.3,0.032757943996371275,0.0,0.0,0.0,0.0,0.0,1.0,1.0,0.0,0.0,0.0,0.2756455600628604,0.2582190859635073,1.0,0.0,2
0.0,1.0,0.0,0.0,0.3,0.25286798590783116,0.0,0.0,0.0,0.0,0.0,0.0,0.0,0.0,0.0,0.0,0.21217468832841627,0.34433631206918514,1.0,0.0,1
0.0,1.0,0.0,0.0,0.3,0.4518612302299594,0.0,0.0,0.0,0.0,0.0,0.0,0.0,1.0,0.0,0.0,0.12883579431681014,0.2793080748317388,1.0,1.0,0
0.0,1.0,0.0,0.0,0.0,0.15096350134187503,0.0,1.0,0.0,0.0,0.0,0.0,1.0,0.0,0.0,1.0,0.14973323160792884,0.5325255336787607,1.0,0.0,2
0.0,1.0,0.0,0.0,0.0,0.04694076857144349,0.0,0.0,0.0,0.0,0.0,0.0,1.0,0.0,0.0,1.0,0.6733940367645687,0.4182078677430719,1.0,1.0,2
0.0,1.0,0.0,0.0,0.6,0.023812501433157017,0.0,1.0,0.0,0.0,0.0,1.0,1.0,0.0,0.0,1.0,0.19153747395486645,0.3073208871028099,1.0,1.0,2
0.0,1.0,0.0,0.0,0.0,0.008366626224983457,0.0,0.0,0.0,0.0,0.0,0.0,1.0,0.0,0.0,1.0,0.11007263997951035,0.6035242153606402,1.0,1.0,2
0.0,1.0,0.0,0.0,0.3,0.5571856446280213,0.0,0.0,0.0,0.0,0.0,0.0,0.0,1.0,0.0,0.0,0.17920853756785537,0.18111688001776832,1.0,0.0,0
0.0,1.0,0.0,0.0,0.3,0.8659509676709203,0.0,0.0,0.0,0.0,0.0,0.0,0.0,1.0,0.0,0.0,0.1662397139362412,0.1609472243703045,1.0,1.0,0
0.0,1.0,0.0,0.0,0.2,0.04883933069541911,0.0,0.0,0.0,0.0,0.0,0.0,0.0,0.0,0.0,0.0,0.4036231653646734,0.5919343116410157,1.0,1.0,1
1.0,1.0,0.0,0.0,0.3,0.4494882444772668,0.0,0.0,0.0,0.0,0.0,0.0,0.0,1.0,0.0,0.0,0.13826513777832833,0.3348854709753986,1.0,0.0,0
0.0,1.0,0.0,0.0,0.6,0.47659458763552615,0.0,0.0,0.0,0.0,0.0,0.0,0.0,0.0,0.0,0.0,0.07557379769717508,0.42790223665671845,1.0,1.0,1
0.0,1.0,0.0,0.0,0.3,0.29714786841912655,0.0,0.0,0.0,0.0,0.0,0.0,0.0,0.0,0.0,0.0,0.20675813926526482,0.445017732267745,1.0,0.0,1
1.0,1.0,0.0,0.0,0.2,0.3306160218774852,0.0,0.0,0.0,0.0,0.0,0.0,0.0,1.0,0.0,0.0,0.0721981877236849,0.3516456448115756,1.0,1.0,0
0.0,1.0,0.0,0.0,0.2,0.6185114019511382,0.0,0.0,0.0,0.0,0.0,0.0,0.0,0.0,0.0,0.0,0.264901211329273,0.5463123148290695,1.0,0.0,1
0.0,1.0,0.0,0.0,0.3,0.861149556108749,0.0,0.0,0.0,0.0,0.0,0.0,0.0,1.0,0.0,0.0,0.36490943200296216,0.33402447797672447,1.0,0.0,0
0.0,1.0,0.0,0.0,0.1,0.5201765312930374,0.0,0.0,0.0,0.0,0.0,0.0,0.0,1.0,0.0,0.0,0.19970053932659473,0.09672928890942462,1.0,1.0,0
0.0,1.0,0.0,0.0,0.0,0.5228576062982304,0.0,0.0,0.0,0.0,0.0,0.0,0.0,0.0,0.0,0.0,0.429041620471368,0.263831413003497,1.0,0.0,1
0.0,1.0,0.0,0.0,0.0,0.08942752916922679,0.0,0.0,0.0,0.0,0.0,1.0,1.0,0.0,0.0,0.0,0.10066970377736652,0.3970074804689933,1.0,0.0,2
0.0,1.0,0.0,0.0,0.3,0.8124106733212265,0.0,0.0,0.0,0.0,0.0,0.0,0.0,1.0,0.0,0.0,0.2747373637295174,0.4086052683349941,1.0,0.0,0
0.0,1.0,0.0,0.0,0.3,0.4942971954489533,0.0,0.0,0.0,0.0,0.0,0.0,0.0,0.0,0.0,0.0,0.3970926957815735,0.4107999125152485,1.0,0.0,1
0.0,1.0,0.0,0.0,0.3,0.11998177011862042,0.0,0.0,0.0,0.0,0.0,0.0,0.0,0.0,0.0,0.0,0.6972962126764481,0.2615621041900624,1.0,0.0,1
0.0,1.0,0.0,0.0,0.0,0.2448405289834829,0.0,0.0,0.0,0.0,0.0,0.0,0.0,0.0,0.0,0.0,0.5692336381445633,0.5951085180192831,1.0,0.0,1
0.0,1.0,0.0,0.0,0.0,0.6886526672026871,0.0,0.0,0.0,0.0,0.0,0.0,0.0,1.0,0.0,0.0,0.12614065887371584,0.5761930406893848,1.0,1.0,0
0.0,1.0,0.0,0.0,0.0,0.34763449969764854,0.0,0.0,0.0,0.0,0.0,0.0,0.0,0.0,0.0,0.0,0.5566855293552037,0.7985007787345192,1.0,0.0,1
0.0,1.0,0.0,0.0,0.6,0.5389450152922622,0.0,0.0,0.0,0.0,0.0,0.0,0.0,1.0,0.0,0.0,0.46029737955530925,0.29981828972814906,1.0,1.0,0
0.0,1.0,0.0,0.0,0.3,0.028027871412265818,0.0,0.0,0.0,0.0,0.0,0.0,0.0,0.0,0.0,0.0,0.07562899147156928,0.645562633188803,1.0,0.0,1
0.0,1.0,0.0,0.0,0.3,0.8250875253840932,0.0,0.0,0.0,0.0,0.0,0.0,0.0,1.0,0.0,0.0,0.33077071443191913,0.36783903920143207,1.0,1.0,0
0.0,1.0,0.0,0.0,0.3,0.22067785113005356,0.0,0.0,0.0,0.0,0.0,0.0,0.0,0.0,0.0,0.0,0.3283188798155028,0.3928798597161071,1.0,1.0,1
1.0,1.0,0.0,0.0,0.0,0.8826581295216415,0.0,0.0,0.0,0.0,0.0,0.0,0.0,1.0,0.0,0.0,0.5743543598630435,0.1358261463711761,1.0,1.0,0
0.0,1.0,0.0,0.0,0.3,0.8080221789712474,0.0,0.0,0.0,0.0,0.0,0.0,0.0,1.0,0.0,0.0,0.25271774667880653,0.5488190154135526,1.0,0.0,0
0.0,1.0,0.0,0.0,0.3,0.04043657671128556,0.0,0.0,0.0,0.0,0.0,0.0,0.0,0.0,0.0,0.0,0.44603679814149955,0.4747188559561996,1.0,1.0,1
0.0,1.0,0.0,0.0,0.0,0.10285560756863306,0.0,0.0,0.0,0.0,0.0,0.0,0.0,0.0,0.0,0.0,0.4545822838048406,0.5590797907322943,1.0,0.0,1
0.0,1.0,0.0,0.0,0.0,0.6670451599609144,0.0,0.0,0.0,0.0,0.0,0.0,0.0,0.0,0.0,0.0,0.39045540668758666,0.16804976695439072,1.0,1.0,1
1.0,1.0,0.0,0.0,0.0,0.7652209961184573,0.0,0.0,0.0,0.0,0.0,0.0,0.0,1.0,0.0,0.0,0.1858998452043909,0.2556495121482872,1.0,0.0,0
0.0,1.0,0.0,0.0,0.0,0.430812250471809,0.0,0.0,0.0,0.0,0.0,0.0,0.0,0.0,0.0,0.0,0.488064972640955,0.15138711454243117,1.0,1.0,1
0.0,1.0,0.0,0.0,0.0,0.34837552792165566,0.0,0.0,0.0,0.0,0.0,0.0,0.0,0.0,0.0,0.0,0.270191693333775,0.36311940608283266,1.0,0.0,1
0.0,1.0,0.0,0.0,0.6,0.4485159750318795,0.0,0.0,0.0,0.0,0.0,0.0,0.0,0.0,0.0,0.0,0.45342799551587515,0.37730682417896494,1.0,0.0,1
0.0,1.0,0.0,0.0,0.6,0.15292717323634492,1.0,0.0,0.0,0.0,0.0,0.0,1.0,0.0,0.0,0.0,0.3558530747857947,0.23472858917864878,1.0,1.0,2
1.0,1.0,0.0,0.0,0.3,0.7827497030239552,0.0,0.0,0.0,0.0,0.0,0.0,0.0,1.0,0.0,0.0,0.304077155736963,0.34546527878171157,1.0,1.0,0
0.0,1.0,0.0,0.0,0.3,0.13632342616972884,1.0,1.0,0.0,0.0,0.0,1.0,1.0,0.0,0.0,0.0,0.588810875799586,0.23407799592211478,1.0,1.0,2
0.0,1.0,0.0,0.0,0.0,0.2882200289257343,0.0,0.0,0.0,0.0,0.0,0.0,0.0,0.0,0.0,0.0,0.5321776771978997,0.8745246399882765,1.0,0.0,1
0.0,1.0,0.0,0.0,0.3,0.46872749322215457,0.0,0.0,0.0,0.0,0.0,0.0,0.0,0.0,0.0,0.0,0.3575823071520467,0.3581040562371912,1.0,0.0,1
0.0,1.0,0.0,0.0,0.3,0.1869554358074286,0.0,0.0,0.0,0.0,0.0,0.0,0.0,0.0,0.0,0.0,0.35935278157908607,0.38807747472629417,1.0,0.0,1
0.0,1.0,0.0,0.0,0.3,0.12737962995024257,0.0,1.0,0.0,0.0,0.0,1.0,1.0,0.0,0.0,0.0,0.2997495014865182,0.20750360344174235,1.0,0.0,2
0.0,1.0,0.0,0.0,0.3,0.24644966049889297,1.0,1.0,0.0,0.0,0.0,0.0,1.0,0.0,0.0,0.0,0.19958842793953321,0.2031143386490142,1.0,1.0,2
1.0,1.0,0.0,0.0,0.3,0.6479550308383729,0.0,0.0,0.0,0.0,0.0,0.0,0.0,1.0,0.0,0.0,0.2468248738742866,0.17091450386617624,1.0,1.0,0
0.0,1.0,0.0,0.0,0.6,0.3061177018576177,0.0,0.0,0.0,0.0,0.0,0.0,0.0,0.0,0.0,0.0,0.09347695886840686,0.49334520638378254,1.0,0.0,1
0.0,1.0,0.0,0.0,0.3,0.6764378202021759,0.0,0.0,0.0,0.0,0.0,0.0,0.0,1.0,0.0,0.0,0.36813572613640744,0.29096780051178484,1.0,0.0,0
0.0,1.0,0.0,0.0,0.0,0.44179985176591624,0.0,0.0,0.0,0.0,0.0,0.0,0.0,0.0,0.0,0.0,0.10621313777148074,0.09023573767196551,1.0,1.0,1
0.0,1.0,0.0,0.0,0.3,0.10319013318424189,0.0,0.0,0.0,0.0,0.0,0.0,0.0,0.0,0.0,0.0,0.09848494039275053,0.3256454156875756,1.0,0.0,1
0.0,1.0,0.0,0.0,0.0,0.3073708743864075,0.0,0.0,0.0,0.0,0.0,0.0,0.0,0.0,0.0,0.0,0.1349330873897208,0.4264941837998438,1.0,1.0,1
0.0,1.0,0.0,0.0,0.3,0.15775463817024107,0.0,0.0,0.0,0.0,0.0,0.0,1.0,0.0,0.0,0.0,0.10692190167357685,0.18854190048458164,1.0,0.0,2
0.0,1.0,0.0,0.0,0.0,0.7251013271937237,0.0,0.0,0.0,0.0,0.0,0.0,0.0,1.0,0.0,0.0,0.17402600326072148,0.29692031591395324,1.0,1.0,0
0.0,1.0,0.0,0.0,0.0,0.3488688647934766,0.0,0.0,0.0,0.0,0.0,0.0,0.0,0.0,0.0,0.0,0.25166660635385346,0.7498043840794651,1.0,0.0,1
1.0,1.0,0.0,0.0,0.0,0.6820241168787673,0.0,0.0,0.0,0.0,0.0,0.0,0.0,1.0,0.0,0.0,0.07495091726820312,0.33813798458698735,1.0,0.0,0
0.0,1.0,0.0,0.0,0.0,0.011343794848694676,0.0,0.0,0.0,0.0,0.0,0.0,0.0,0.0,0.0,0.0,0.24116673546054349,0.15851424827795574,1.0,1.0,1
0.0,1.0,0.0,0.0,0.6,0.5726494057717559,0.0,0.0,0.0,0.0,0.0,0.0,0.0,1.0,0.0,0.0,0.2528046891394918,0.6266639191974245,1.0,1.0,0
0.0,1.0,0.0,0.0,0.2,0.1621941271809418,0.0,0.0,0.0,0.0,0.0,0.0,0.0,0.0,0.0,0.0,0.15373556518934775,0.1579855107298213,1.0,0.0,1
0.0,1.0,0.0,0.0,0.3,0.8387113293405699,0.0,0.0,0.0,0.0,0.0,0.0,0.0,1.0,0.0,0.0,0.21803831736766083,0.6578447088012032,1.0,1.0,0
0.0,1.0,0.0,0.0,0.2,0.35146070932086027,0.0,0.0,0.0,0.0,0.0,0.0,0.0,1.0,0.0,0.0,0.2638693548963305,0.29050054001442477,1.0,0.0,0
0.0,1.0,0.0,0.0,0.3,0.15188513763807623,0.0,0.0,0.0,0.0,0.0,0.0,0.0,0.0,0.0,0.0,0.3447566912002566,0.3285299717396994,1.0,1.0,1
0.0,1.0,0.0,0.0,0.0,0.24017142708979192,0.0,0.0,0.0,0.0,0.0,0.0,1.0,0.0,0.0,0.0,0.23576532460211244,0.15200030972650086,1.0,0.0,2
0.0,1.0,0.0,0.0,0.3,0.2985661427215121,0.0,0.0,0.0,0.0,0.0,0.0,0.0,1.0,0.0,0.0,0.168586961555607,0.5045838641799327,1.0,0.0,0
0.0,1.0,0.0,0.0,0.6,0.5665350729164345,0.0,0.0,0.0,0.0,0.0,0.0,0.0,1.0,0.0,0.0,0.36068258862707914,0.623799904242992,1.0,0.0,0
0.0,1.0,0.0,0.0,0.3,0.06464220703881925,0.0,0.0,0.0,0.0,0.0,0.0,1.0,0.0,0.0,0.0,0.3897190899283083,0.7366721151237843,1.0,0.0,2
0.0,1.0,0.0,0.0,0.6,0.9353162219218786,0.0,0.0,0.0,0.0,0.0,0.0,0.0,1.0,0.0,0.0,0.3131783399772941,0.5851163482509077,1.0,0.0,0
0.0,1.0,0.0,0.0,0.0,0.11463629099506219,0.0,1.0,0.0,0.0,0.0,0.0,1.0,0.0,0.0,0.0,0.3195281162555442,0.6222712701402817,1.0,0.0,2
0.0,1.0,0.0,0.0,0.6,0.0750410090683077,0.0,1.0,0.0,0.0,0.0,0.0,1.0,0.0,0.0,1.0,0.1505960505317925,0.25004513244502546,1.0,1.0,2
0.0,1.0,0.0,0.0,0.3,0.3844988166630811,0.0,0.0,0.0,0.0,0.0,0.0,0.0,0.0,0.0,0.0,0.26310288705618246,0.49757496917781574,1.0,0.0,1
0.0,1.0,0.0,0.0,0.3,0.32458387779060616,0.0,0.0,0.0,0.0,0.0,0.0,0.0,0.0,0.0,0.0,0.1423220823373262,0.3484155858418095,1.0,0.0,1
0.0,1.0,0.0,0.0,0.6,0.728061818918747,0.0,0.0,0.0,0.0,0.0,0.0,0.0,1.0,0.0,0.0,0.6282195895648222,0.6622046585683712,1.0,1.0,0
0.0,1.0,0.0,0.0,0.6,0.031524276480774716,1.0,0.0,0.0,0.0,0.0,0.0,1.0,0.0,0.0,1.0,0.3936336113306235,0.35523289024417376,1.0,1.0,2
0.0,1.0,0.0,0.0,0.0,0.47641532118459395,0.0,0.0,0.0,0.0,0.0,0.0,0.0,0.0,0.0,0.0,0.43109009345614147,0.4882607903018836,1.0,1.0,1
0.0,1.0,0.0,0.0,0.0,0.5752882582527432,0.0,0.0,0.0,0.0,0.0,0.0,0.0,0.0,0.0,0.0,0.29784437880339637,0.28644629308601305,1.0,0.0,1
0.0,1.0,0.0,0.0,0.0,0.03322791927822061,0.0,0.0,0.0,0.0,0.0,1.0,1.0,0.0,0.0,1.0,0.1849399544986937,0.3898991377291678,1.0,1.0,2
0.0,1.0,0.0,0.0,0.0,0.6938759016831333,0.0,0.0,0.0,0.0,0.0,0.0,0.0,1.0,0.0,0.0,0.46976633627904085,0.3424981660314295,1.0,0.0,0
0.0,1.0,0.0,0.0,0.0,0.6918145454235455,0.0,0.0,0.0,0.0,0.0,0.0,0.0,1.0,0.0,0.0,0.2415410235645431,0.19478129909468897,1.0,1.0,0
0.0,1.0,0.0,0.0,0.6,0.6722032390519814,0.0,0.0,0.0,0.0,0.0,0.0,0.0,0.0,0.0,0.0,0.19761970571626877,0.328547719595168,1.0,1.0,1
0.0,1.0,0.0,0.0,0.0,0.2230312245373632,0.0,0.0,0.0,0.0,0.0,0.0,0.0,0.0,0.0,0.0,0.26893891903147565,0.29606713564074455,1.0,1.0,1
0.0,1.0,0.0,0.0,0.3,0.6834595354209881,0.0,0.0,0.0,0.0,0.0,0.0,0.0,1.0,0.0,0.0,0.4959476029325112,0.3050882627034115,1.0,1.0,0
0.0,1.0,0.0,0.0,0.6,0.594902812202796,0.0,0.0,0.0,0.0,0.0,0.0,0.0,1.0,0.0,0.0,0.06409147519176195,0.37769562485637737,1.0,0.0,0
0.0,1.0,0.0,0.0,0.0,0.6369773612631032,0.0,0.0,0.0,0.0,0.0,0.0,0.0,1.0,0.0,0.0,0.03958217970676196,0.32356779898834503,1.0,1.0,0
0.0,1.0,0.0,0.0,0.3,0.027828336230494067,0.0,0.0,0.0,0.0,0.0,0.0,1.0,0.0,0.0,1.0,0.15956497445009393,0.133258071450972,1.0,0.0,2
0.0,1.0,0.0,0.0,0.0,0.22776657455214339,0.0,0.0,0.0,0.0,0.0,0.0,0.0,0.0,0.0,0.0,0.41122664630470684,0.5592162161381617,1.0,1.0,1
0.0,1.0,0.0,0.0,0.0,0.07230866695805249,0.0,0.0,0.0,0.0,0.0,0.0,1.0,0.0,0.0,1.0,0.323279972497555,0.2812359960930791,1.0,0.0,2
0.0,1.0,0.0,0.0,0.6,0.4120934473449177,0.0,0.0,0.0,0.0,0.0,0.0,0.0,0.0,0.0,0.0,0.24979938185600398,0.1618858420571174,1.0,0.0,1
0.0,1.0,0.0,0.0,0.3,0.014918170087480916,0.0,0.0,0.0,0.0,0.0,1.0,1.0,0.0,0.0,1.0,0.30505033071501714,0.6936386296344484,1.0,0.0,2
0.0,1.0,0.0,0.0,0.3,0.11166654310196068,0.0,0.0,0.0,0.0,0.0,1.0,1.0,0.0,0.0,1.0,0.22486393103095118,0.6189926840167304,1.0,0.0,2
0.0,1.0,0.0,0.0,0.3,0.37538031609756944,1.0,0.0,0.0,0.0,0.0,1.0,1.0,0.0,0.0,1.0,0.2399727096939518,0.3257623548420398,1.0,0.0,2
0.0,1.0,0.0,0.0,0.3,0.133478962249892,1.0,0.0,0.0,0.0,0.0,0.0,1.0,0.0,0.0,0.0,0.4105766884108108,0.11552696327784613,1.0,0.0,2
0.0,1.0,0.0,0.0,0.6,0.15688358877921435,0.0,0.0,0.0,0.0,0.0,0.0,1.0,0.0,0.0,1.0,0.19819722663146863,0.271083708451734,1.0,1.0,2
0.0,1.0,0.0,0.0,0.3,0.338931466721926,0.0,0.0,0.0,0.0,0.0,0.0,0.0,0.0,0.0,0.0,0.3302452990040618,0.39765247188016534,1.0,1.0,1
0.0,1.0,0.0,0.0,0.2,0.8547584521069056,0.0,0.0,0.0,0.0,0.0,0.0,0.0,1.0,0.0,0.0,0.08158537190173927,0.4316986071203265,1.0,0.0,0
0.0,1.0,0.0,0.0,0.1,0.774499091267789,0.0,0.0,0.0,0.0,0.0,0.0,0.0,1.0,0.0,0.0,0.38909503189220257,0.43205372872220804,1.0,0.0,0
0.0,1.0,0.0,0.0,0.0,0.1253780016654058,0.0,0.0,0.0,0.0,0.0,0.0,1.0,0.0,0.0,1.0,0.1428844212450105,0.4673470468196879,1.0,0.0,2
1.0,1.0,0.0,0.0,0.3,0.5805391082624001,0.0,0.0,0.0,0.0,0.0,0.0,0.0,1.0,0.0,0.0,0.18061840113427183,0.07298264521590944,1.0,0.0,0
0.0,1.0,0.0,0.0,0.0,0.5019158744046949,0.0,0.0,0.0,0.0,0.0,0.0,0.0,0.0,0.0,0.0,0.255097379860438,0.33097342384202855,1.0,0.0,1
0.0,1.0,0.0,0.0,0.6,0.21182442650527294,0.0,0.0,0.0,0.0,0.0,0.0,0.0,0.0,0.0,0.0,0.21436741534796194,0.5319516321445469,1.0,1.0,1
0.0,1.0,0.0,0.0,0.6,0.03805828261139892,1.0,0.0,0.0,0.0,0.0,1.0,1.0,0.0,0.0,0.0,0.35948058751384687,0.3554678959073753,1.0,0.0,2
0.0,1.0,0.0,0.0,0.2,0.19865718611256936,0.0,0.0,0.0,0.0,0.0,0.0,0.0,0.0,0.0,0.0,0.17691903926552788,0.4904511336310801,1.0,1.0,1
0.0,1.0,0.0,0.0,0.3,0.6574705335156538,0.0,0.0,0.0,0.0,0.0,0.0,0.0,1.0,0.0,0.0,0.2431283229239017,0.2758228174828989,1.0,1.0,0
1.0,1.0,0.0,0.0,0.0,0.5712629841635345,0.0,0.0,0.0,0.0,0.0,0.0,0.0,1.0,0.0,0.0,0.4459972106172422,0.5605454587878642,1.0,0.0,0
1.0,1.0,0.0,0.0,0.3,0.9667372152480879,0.0,0.0,0.0,0.0,0.0,0.0,0.0,1.0,0.0,0.0,0.297582039252302,0.25452325366923,1.0,1.0,0
0.0,1.0,0.0,0.0,0.6,0.10420722396530567,0.0,0.0,0.0,0.0,0.0,0.0,1.0,0.0,0.0,1.0,0.21910008201624986,0.39874567084465234,1.0,1.0,2
1.0,1.0,0.0,0.0,0.3,0.6791682590431486,0.0,0.0,0.0,0.0,0.0,0.0,0.0,1.0,0.0,0.0,0.12541513242751356,0.7963783325324744,1.0,0.0,0
0.0,1.0,0.0,0.0,0.0,0.048770145740527196,0.0,0.0,0.0,0.0,0.0,0.0,0.0,0.0,0.0,0.0,0.144226941391883,0.4710291611628682,1.0,1.0,1
0.0,1.0,0.0,0.0,0.0,0.1845155949857339,0.0,0.0,0.0,0.0,0.0,0.0,0.0,0.0,0.0,0.0,0.08944992740144744,0.6028624439562231,1.0,0.0,1
0.0,1.0,0.0,0.0,0.3,0.072224360736306,0.0,0.0,0.0,0.0,0.0,0.0,1.0,0.0,0.0,1.0,0.11744614740912085,0.560401843393534,1.0,0.0,2
0.0,1.0,0.0,0.0,0.3,0.34806449617722157,0.0,0.0,0.0,0.0,0.0,0.0,0.0,0.0,0.0,0.0,0.4132720996534094,0.2955621302689075,1.0,0.0,1
0.0,1.0,0.0,0.0,0.0,0.05994709229923871,0.0,0.0,0.0,0.0,0.0,0.0,1.0,0.0,0.0,1.0,0.30337172691112885,0.42001710791972696,1.0,1.0,2
0.0,1.0,0.0,0.0,0.6,0.3676970745127958,0.0,0.0,0.0,0.0,0.0,0.0,0.0,0.0,0.0,0.0,0.1632378208154183,0.432969049121684,1.0,1.0,1
0.0,1.0,0.0,0.0,0.3,0.3690226424035558,0.0,0.0,0.0,0.0,0.0,0.0,0.0,0.0,0.0,0.0,0.21089086194705295,0.2638846597343476,1.0,0.0,1
0.0,1.0,0.0,0.0,0.3,0.02722802909048974,0.0,0.0,0.0,0.0,0.0,0.0,1.0,0.0,0.0,1.0,0.2860995554346051,0.4286652901921793,1.0,1.0,2
0.0,1.0,0.0,0.0,0.3,0.23020202563365463,0.0,0.0,0.0,0.0,0.0,0.0,0.0,0.0,0.0,0.0,0.18170887522983462,0.6337582805327605,1.0,0.0,1
0.0,1.0,0.0,0.0,0.3,0.7621797921662081,0.0,0.0,0.0,0.0,0.0,0.0,0.0,1.0,0.0,0.0,0.14080267732504093,0.14363621117211003,1.0,0.0,0
0.0,1.0,0.0,0.0,0.3,0.1463189946311099,0.0,1.0,0.0,0.0,0.0,0.0,1.0,0.0,0.0,0.0,0.060606858060020086,0.44485256138434187,1.0,1.0,2
0.0,1.0,0.0,0.0,0.0,0.10383287655722735,0.0,0.0,0.0,0.0,0.0,0.0,0.0,0.0,0.0,0.0,0.4025936198395567,0.13585553862668923,1.0,0.0,1
1.0,1.0,0.0,0.0,0.0,0.8020757131128642,0.0,0.0,0.0,0.0,0.0,0.0,0.0,1.0,0.0,0.0,0.07190795498973675,0.3575322718814866,1.0,0.0,0
0.0,1.0,0.0,0.0,0.0,0.2700283506794986,0.0,0.0,0.0,0.0,0.0,0.0,0.0,0.0,0.0,0.0,0.38193779284451307,0.6097441588715723,1.0,1.0,1
0.0,1.0,0.0,0.0,0.3,0.20937549964071073,0.0,0.0,0.0,0.0,0.0,0.0,0.0,0.0,0.0,0.0,0.303543660251728,0.11450509031087124,1.0,0.0,1
0.0,1.0,0.0,0.0,0.3,0.14905897943713625,0.0,0.0,0.0,0.0,0.0,1.0,1.0,0.0,0.0,1.0,0.15289303675126958,0.43419737449065005,1.0,1.0,2
0.0,1.0,0.0,0.0,0.0,0.4609382018227536,0.0,0.0,0.0,0.0,0.0,0.0,0.0,1.0,0.0,0.0,0.23863673709593586,0.28611598814016914,1.0,0.0,0
0.0,1.0,0.0,0.0,0.3,0.8848576417569226,0.0,0.0,0.0,0.0,0.0,0.0,0.0,1.0,0.0,0.0,0.23887184760689054,0.043200158159243635,1.0,0.0,0
0.0,1.0,0.0,0.0,0.3,0.4244402115614895,0.0,0.0,0.0,0.0,0.0,0.0,0.0,0.0,0.0,0.0,0.641052393863793,0.3546254183124561,1.0,0.0,1
1.0,1.0,0.0,0.0,0.0,0.5438261335252504,0.0,0.0,0.0,0.0,0.0,0.0,0.0,1.0,0.0,0.0,0.40608341326105574,0.22776311067351496,1.0,0.0,0
0.0,1.0,0.0,0.0,0.3,0.7523222397496842,0.0,0.0,0.0,0.0,0.0,0.0,0.0,1.0,0.0,0.0,0.585899568819506,0.5014863330808698,1.0,1.0,0
1.0,1.0,0.0,0.0,0.0,0.45403716703719377,0.0,0.0,0.0,0.0,0.0,0.0,0.0,1.0,0.0,0.0,0.09077503301265197,0.2296852832716289,1.0,0.0,0
1.0,1.0,0.0,0.0,0.0,0.648817775950262,0.0,0.0,0.0,0.0,0.0,0.0,0.0,1.0,0.0,0.0,0.16373999431695438,0.5997173678495326,1.0,1.0,0
0.0,1.0,0.0,0.0,0.0,0.2004482969880157,0.0,0.0,0.0,0.0,0.0,0.0,0.0,0.0,0.0,0.0,0.6451046165380611,0.2732421997034365,1.0,1.0,1
0.0,1.0,0.0,0.0,0.3,0.16433293420496642,0.0,0.0,0.0,0.0,0.0,1.0,1.0,0.0,0.0,1.0,0.5961160896011842,0.14300930822386126,1.0,1.0,2
0.0,1.0,0.0,0.0,0.0,0.3521174629587751,0.0,0.0,0.0,0.0,0.0,0.0,0.0,0.0,0.0,0.0,0.6847234018841913,0.3445891096834818,1.0,0.0,1
1.0,1.0,0.0,0.0,0.3,0.6216301789610432,0.0,0.0,0.0,0.0,0.0,0.0,0.0,1.0,0.0,0.0,0.11750192262053757,0.36347254475738455,1.0,1.0,0
0.0,1.0,0.0,0.0,0.0,0.2481733717127329,0.0,0.0,0.0,0.0,0.0,0.0,1.0,0.0,0.0,0.0,0.4184207738587795,0.2903116081993504,1.0,1.0,2
0.0,1.0,0.0,0.0,0.0,0.6519928605039537,0.0,0.0,0.0,0.0,0.0,0.0,0.0,1.0,0.0,0.0,0.44331908279660326,0.5165596079895506,1.0,1.0,0
0.0,1.0,0.0,0.0,0.3,0.5818275256755323,0.0,0.0,0.0,0.0,0.0,0.0,0.0,1.0,0.0,0.0,0.09891407590331903,0.3692323318164259,1.0,1.0,0
0.0,1.0,0.0,0.0,0.6,0.6534647194846036,0.0,0.0,0.0,0.0,0.0,0.0,0.0,1.0,0.0,0.0,0.26841138425086997,0.3931269317625703,1.0,0.0,0
0.0,1.0,0.0,0.0,0.0,0.22558475476301243,0.0,0.0,0.0,0.0,0.0,0.0,0.0,0.0,0.0,0.0,0.07155746940701722,0.23515005750879356,1.0,1.0,1
0.0,1.0,0.0,0.0,0.6,0.08200208242051217,0.0,0.0,0.0,0.0,0.0,0.0,1.0,0.0,0.0,1.0,0.376056050894918,0.8137204927194701,1.0,1.0,2
1.0,1.0,0.0,0.0,0.0,0.6937796164495967,0.0,0.0,0.0,0.0,0.0,0.0,0.0,1.0,0.0,0.0,0.367914123551981,0.5096191784888243,1.0,1.0,0
1.0,1.0,0.0,0.0,0.3,0.9413179963371409,0.0,0.0,0.0,0.0,0.0,0.0,0.0,1.0,0.0,0.0,0.5725223897376808,0.26910816742529176,1.0,1.0,0
0.0,1.0,0.0,0.0,0.0,0.27547268693671373,0.0,1.0,0.0,0.0,0.0,0.0,1.0,0.0,0.0,0.0,0.05603803584374717,0.5603578060275101,1.0,1.0,2
1.0,1.0,0.0,0.0,0.6,0.5524296566174626,0.0,0.0,0.0,0.0,0.0,0.0,0.0,1.0,0.0,0.0,0.29339251896704566,0.2934470224997146,1.0,0.0,0
0.0,1.0,0.0,0.0,0.3,0.3770116969895688,0.0,0.0,0.0,0.0,0.0,0.0,0.0,0.0,0.0,0.0,0.2187929629103392,0.44008015392805966,1.0,1.0,1
1.0,1.0,0.0,0.0,0.3,0.7880028220362908,0.0,0.0,0.0,0.0,0.0,0.0,0.0,1.0,0.0,0.0,0.4251980949690472,0.4242334080179619,1.0,1.0,0
0.0,1.0,0.0,0.0,0.3,0.3965036792392428,0.0,0.0,0.0,0.0,0.0,0.0,0.0,0.0,0.0,0.0,0.13326039581623378,0.28686318094217034,1.0,1.0,1
0.0,1.0,0.0,0.0,0.3,0.3794789657739427,0.0,0.0,0.0,0.0,0.0,0.0,0.0,0.0,0.0,0.0,0.1157564857778443,0.25404266171690093,1.0,0.0,1
0.0,1.0,0.0,0.0,0.3,0.48064418790279345,0.0,0.0,0.0,0.0,0.0,0.0,0.0,0.0,0.0,0.0,0.4480589513614774,0.3738542438749684,1.0,0.0,1
1.0,1.0,0.0,0.0,0.6,0.9018437562466745,0.0,0.0,0.0,0.0,0.0,0.0,0.0,1.0,0.0,0.0,0.13588577908923138,0.5423172293499251,1.0,1.0,0
0.0,1.0,0.0,0.0,0.0,0.5201007228886465,0.0,0.0,0.0,0.0,0.0,0.0,0.0,1.0,0.0,0.0,0.44044440453362604,0.6099828432645078,1.0,1.0,0
0.0,1.0,0.0,0.0,0.0,0.8882948091515518,0.0,0.0,0.0,0.0,0.0,0.0,0.0,1.0,0.0,0.0,0.18253689483548147,0.4214156086351298,1.0,1.0,0
0.0,1.0,0.0,0.0,0.0,0.35617884983178894,0.0,0.0,0.0,0.0,0.0,0.0,0.0,0.0,0.0,0.0,0.19315722463077203,0.2649645659849092,1.0,0.0,1
0.0,1.0,0.0,0.0,0.6,0.06283413109389326,0.0,0.0,0.0,0.0,0.0,0.0,1.0,0.0,0.0,1.0,0.2051048749768304,0.31058794115666666,1.0,0.0,2
0.0,1.0,0.0,0.0,0.6,0.01315402725260516,0.0,0.0,0.0,0.0,0.0,0.0,0.0,0.0,0.0,0.0,0.33230771112913426,0.42860505802129334,1.0,0.0,1
0.0,1.0,0.0,0.0,0.3,0.04328753085259595,0.0,1.0,0.0,0.0,0.0,0.0,1.0,0.0,0.0,0.0,0.15941256115954922,0.40495714329779964,1.0,1.0,2
0.0,1.0,0.0,0.0,0.0,0.9720400615855959,0.0,0.0,0.0,0.0,0.0,0.0,0.0,1.0,0.0,0.0,0.3091628513477279,0.21849367060859276,1.0,0.0,0
0.0,1.0,0.0,0.0,0.3,0.11103949864053296,1.0,0.0,0.0,0.0,0.0,1.0,1.0,0.0,0.0,1.0,0.019373333292479387,0.7130718049592186,1.0,1.0,2
0.0,1.0,0.0,0.0,0.0,0.10978784763881316,0.0,0.0,0.0,0.0,0.0,0.0,1.0,0.0,0.0,1.0,0.2499653356005197,0.4235705830179413,1.0,1.0,2
0.0,1.0,0.0,0.0,0.0,0.024096016060519768,0.0,0.0,0.0,0.0,0.0,0.0,1.0,0.0,0.0,0.0,0.35768665786327614,0.26166642758238784,1.0,0.0,2
0.0,1.0,0.0,0.0,0.3,0.10226060192311896,0.0,0.0,0.0,0.0,0.0,0.0,0.0,0.0,0.0,0.0,0.08394814815462273,0.41769678469820354,1.0,0.0,1
0.0,1.0,0.0,0.0,0.0,0.3914770123681396,0.0,0.0,0.0,0.0,0.0,1.0,1.0,0.0,0.0,1.0,0.10203719936635762,0.7717565130815994,1.0,1.0,2
0.0,1.0,0.0,0.0,0.6,0.5851155644814019,0.0,0.0,0.0,0.0,0.0,0.0,0.0,1.0,0.0,0.0,0.1668683267461708,0.49357833313566857,1.0,1.0,0
0.0,1.0,0.0,0.0,0.3,0.22331927402125978,0.0,0.0,0.0,0.0,0.0,0.0,0.0,0.0,0.0,0.0,0.23202104412333774,0.6249495710344731,1.0,1.0,1
0.0,1.0,0.0,0.0,0.6,0.15657985113460918,1.0,0.0,0.0,0.0,0.0,0.0,1.0,0.0,0.0,1.0,0.2538611712027309,0.1126930802628604,1.0,0.0,2
1.0,1.0,0.0,0.0,0.0,0.923735801852389,0.0,0.0,0.0,0.0,0.0,0.0,0.0,1.0,0.0,0.0,0.44582973869449355,0.5901451278082069,1.0,0.0,0
0.0,1.0,0.0,0.0,0.0,0.28314668597594783,0.0,0.0,0.0,0.0,0.0,0.0,0.0,0.0,0.0,0.0,0.18370568897777845,0.510321286492217,1.0,0.0,1
0.0,1.0,0.0,0.0,0.3,0.4702481493676757,0.0,0.0,0.0,0.0,0.0,0.0,0.0,1.0,0.0,0.0,0.21402134632611566,0.23818580773575915,1.0,0.0,0
1.0,1.0,0.0,0.0,0.3,0.7140549312035116,0.0,0.0,0.0,0.0,0.0,0.0,0.0,1.0,0.0,0.0,0.18839023832775953,0.4096388426494863,1.0,1.0,0
0.0,1.0,0.0,0.0,0.0,0.4147300273023379,0.0,0.0,0.0,0.0,0.0,0.0,0.0,0.0,0.0,0.0,0.4307133171453773,0.40965347851796763,1.0,0.0,1
0.0,1.0,0.0,0.0,0.3,0.26383044008112616,0.0,0.0,0.0,0.0,0.0,0.0,0.0,0.0,0.0,0.0,0.10558983964720814,0.47473542001023034,1.0,1.0,1
0.0,1.0,0.0,0.0,0.0,0.8734649664059119,0.0,0.0,0.0,0.0,0.0,0.0,0.0,1.0,0.0,0.0,0.1053116893532757,0.3657395053465053,1.0,1.0,0
0.0,1.0,0.0,0.0,0.0,0.43031956680010636,0.0,0.0,0.0,0.0,0.0,0.0,0.0,0.0,0.0,0.0,0.11161746914742977,0.059497229058623875,1.0,1.0,1
0.0,1.0,0.0,0.0,0.0,0.28014019817960073,0.0,0.0,0.0,0.0,0.0,0.0,0.0,0.0,0.0,0.0,0.33961833241763295,0.6967034523332563,1.0,1.0,1
1.0,1.0,0.0,0.0,0.2,0.6330614600545119,0.0,0.0,0.0,0.0,0.0,0.0,0.0,1.0,0.0,0.0,0.30762933644257556,0.09659273475799907,1.0,0.0,0
0.0,1.0,0.0,0.0,0.3,0.020953737081982983,0.0,0.0,0.0,0.0,0.0,0.0,0.0,0.0,0.0,0.0,0.22909418631864498,0.41542702729031433,1.0,0.0,1
0.0,1.0,0.0,0.0,0.3,0.17902816761842558,0.0,0.0,0.0,0.0,0.0,0.0,0.0,0.0,0.0,0.0,0.4111823949853452,0.4948155684267088,1.0,1.0,1
0.0,1.0,0.0,0.0,0.6,0.11229672972757836,0.0,0.0,0.0,0.0,0.0,0.0,1.0,0.0,0.0,0.0,0.33049732523461633,0.4965765350766745,1.0,0.0,2
0.0,1.0,0.0,0.0,0.0,0.48487013917410077,0.0,0.0,0.0,0.0,0.0,0.0,0.0,0.0,0.0,0.0,0.05391679175396205,0.43239679732283165,1.0,1.0,1
1.0,1.0,0.0,0.0,0.0,0.4756967561980713,0.0,0.0,0.0,0.0,0.0,0.0,0.0,1.0,0.0,0.0,0.5022582599048849,0.4499562692677669,1.0,0.0,0
0.0,1.0,0.0,0.0,0.3,0.7258590307613457,0.0,0.0,0.0,0.0,0.0,0.0,0.0,1.0,0.0,0.0,0.3582932597905128,0.3407355924233717,1.0,1.0,0
0.0,1.0,0.0,0.0,0.3,0.042832822421300536,0.0,0.0,0.0,0.0,0.0,1.0,1.0,0.0,0.0,0.0,0.762597044791042,0.1732422006915759,1.0,0.0,2
0.0,1.0,0.0,0.0,0.6,0.014875277171246279,1.0,0.0,0.0,0.0,0.0,0.0,1.0,0.0,0.0,1.0,0.13457445822902167,0.7628978302040085,1.0,0.0,2
0.0,1.0,0.0,0.0,0.3,0.04856607064659928,1.0,1.0,0.0,0.0,0.0,0.0,1.0,0.0,0.0,0.0,0.005587385012512882,0.37808166078438143,1.0,0.0,2
0.0,1.0,0.0,0.0,0.6,0.21137716163302525,0.0,0.0,0.0,0.0,0.0,0.0,0.0,0.0,0.0,0.0,0.2944825554858662,0.08790262362143021,1.0,1.0,1
0.0,1.0,0.0,0.0,0.0,0.12629828571468846,0.0,0.0,0.0,0.0,0.0,0.0,0.0,0.0,0.0,0.0,0.3086810554889422,0.8027233442769242,1.0,1.0,1
0.0,1.0,0.0,0.0,0.3,0.19474449671532795,0.0,0.0,0.0,0.0,0.0,0.0,0.0,0.0,0.0,0.0,0.6942842874539534,0.6325843751264034,1.0,0.0,1
0.0,1.0,0.0,0.0,0.3,0.44842457439667477,0.0,0.0,0.0,0.0,0.0,0.0,0.0,0.0,0.0,0.0,0.6201989173103761,0.6515991231781395,1.0,1.0,1
0.0,1.0,0.0,0.0,0.0,0.16001133094898876,0.0,0.0,0.0,0.0,0.0,0.0,0.0,0.0,0.0,0.0,0.11927504328087163,0.4821848521857182,1.0,1.0,1
0.0,1.0,0.0,0.0,0.3,0.26387351488349303,0.0,0.0,0.0,0.0,0.0,0.0,0.0,0.0,0.0,0.0,0.6500003734342855,0.3489481704036078,1.0,0.0,1
1.0,1.0,0.0,0.0,0.1,0.7684487934313702,0.0,0.0,0.0,0.0,0.0,0.0,0.0,1.0,0.0,0.0,0.21941453897194124,0.4728474990976679,1.0,1.0,0
0.0,1.0,0.0,0.0,0.6,0.29163588911421323,0.0,0.0,0.0,0.0,0.0,0.0,0.0,0.0,0.0,0.0,0.20654552299237472,0.6998151341958674,1.0,0.0,1
0.0,1.0,0.0,0.0,0.3,0.4691332183964565,0.0,0.0,0.0,0.0,0.0,0.0,0.0,0.0,0.0,0.0,0.210733197378869,0.4236997666861739,1.0,0.0,1
0.0,1.0,0.0,0.0,0.0,0.01897746436565364,0.0,0.0,0.0,0.0,0.0,0.0,1.0,0.0,0.0,1.0,0.32817490887498924,0.24566703266601658,1.0,1.0,2
1.0,1.0,0.0,0.0,0.0,0.7649736113420619,0.0,0.0,0.0,0.0,0.0,0.0,0.0,1.0,0.0,0.0,0.053110742202763676,0.24216472182659396,1.0,0.0,0
0.0,1.0,0.0,0.0,0.0,0.24454474208167515,0.0,0.0,0.0,0.0,0.0,0.0,0.0,0.0,0.0,0.0,0.15644588119725403,0.5056767090409768,1.0,1.0,1
1.0,1.0,0.0,0.0,0.6,0.30140090848123985,0.0,0.0,0.0,0.0,0.0,0.0,0.0,1.0,0.0,0.0,0.33909597477472964,0.7172218703401245,1.0,0.0,0
0.0,1.0,0.0,0.0,0.3,0.06989789971689955,0.0,0.0,0.0,0.0,0.0,0.0,1.0,0.0,0.0,1.0,0.02699922830825247,0.18855770673144256,1.0,1.0,2
0.0,1.0,0.0,0.0,0.3,0.025647834598736468,0.0,0.0,0.0,0.0,0.0,1.0,1.0,0.0,0.0,0.0,0.34445660436360365,0.26934121049795895,1.0,0.0,2
0.0,1.0,0.0,0.0,0.3,0.033822687737817436,0.0,1.0,0.0,0.0,0.0,1.0,1.0,0.0,0.0,1.0,0.2681749484606769,0.2264759820494219,1.0,0.0,2
0.0,1.0,0.0,0.0,0.0,0.9252106236526303,0.0,0.0,0.0,0.0,0.0,0.0,0.0,1.0,0.0,0.0,0.11497770079007115,0.2863298166182997,1.0,0.0,0
0.0,1.0,0.0,0.0,0.6,0.20862248056913246,0.0,0.0,0.0,0.0,0.0,0.0,0.0,0.0,0.0,0.0,0.11882544596924013,0.43262343218020827,1.0,0.0,1
0.0,1.0,0.0,0.0,0.0,0.23852185951028443,0.0,0.0,0.0,0.0,0.0,0.0,0.0,0.0,0.0,0.0,0.5164790305754995,0.5894073346292059,1.0,0.0,1
0.0,1.0,0.0,0.0,0.6,0.5057589231571631,0.0,0.0,0.0,0.0,0.0,0.0,0.0,1.0,0.0,0.0,0.44784550379550153,0.5988211745907092,1.0,1.0,0
0.0,1.0,0.0,0.0,0.3,0.3712067001151046,0.0,0.0,0.0,0.0,0.0,0.0,0.0,1.0,0.0,0.0,0.27871152583394815,0.1132646676476192,1.0,0.0,0
0.0,1.0,0.0,0.0,0.3,0.4820236056070854,0.0,0.0,0.0,0.0,0.0,0.0,0.0,0.0,0.0,0.0,0.3825378479794957,0.40669020271907796,1.0,0.0,1
1.0,1.0,0.0,0.0,0.3,0.6963711337400815,0.0,0.0,0.0,0.0,0.0,0.0,0.0,1.0,0.0,0.0,0.17490166034944754,0.5317233782505212,1.0,1.0,0
0.0,1.0,0.0,0.0,0.0,0.11396128017792209,0.0,0.0,0.0,0.0,0.0,0.0,0.0,0.0,0.0,0.0,0.16082666175940413,0.38191497808311103,1.0,0.0,1
0.0,1.0,0.0,0.0,0.6,0.7839791768380387,0.0,0.0,0.0,0.0,0.0,0.0,0.0,1.0,0.0,0.0,0.1488403940679995,0.44516648849804535,1.0,1.0,0
0.0,1.0,0.0,0.0,0.0,0.4674383483852991,0.0,0.0,0.0,0.0,0.0,0.0,0.0,1.0,0.0,0.0,0.1906707998863573,0.24778582432215152,1.0,1.0,0
0.0,1.0,0.0,0.0,0.0,0.12826531961467688,0.0,0.0,0.0,0.0,0.0,0.0,1.0,0.0,0.0,1.0,0.3043117063245455,0.08401029043578978,1.0,0.0,2
0.0,1.0,0.0,0.0,0.6,0.11028154147639178,0.0,0.0,0.0,0.0,0.0,0.0,1.0,0.0,0.0,1.0,0.2302179134055012,0.3804287949449834,1.0,0.0,2
0.0,1.0,0.0,0.0,0.3,0.27505235300952807,0.0,0.0,0.0,0.0,0.0,0.0,0.0,0.0,0.0,0.0,0.11911390667201838,0.6608430403281459,1.0,1.0,1
0.0,1.0,0.0,0.0,0.3,0.0345962047657105,0.0,1.0,0.0,0.0,0.0,0.0,1.0,0.0,0.0,1.0,0.4028909544034694,0.2880416686266735,1.0,1.0,2
0.0,1.0,0.0,0.0,0.0,0.11078189416424816,0.0,0.0,0.0,0.0,0.0,0.0,1.0,0.0,0.0,0.0,0.275021158235408,0.3345187559831322,1.0,1.0,2
0.0,1.0,0.0,0.0,0.6,0.11651080315600387,1.0,1.0,0.0,0.0,0.0,0.0,1.0,0.0,0.0,1.0,0.4757069948094595,0.5594677384822407,1.0,1.0,2
0.0,1.0,0.0,0.0,0.3,0.3107186873310295,0.0,0.0,0.0,0.0,0.0,0.0,0.0,1.0,0.0,0.0,0.2977683966160158,0.6516169879950067,1.0,0.0,0
1.0,1.0,0.0,0.0,0.3,0.7745333664815858,0.0,0.0,0.0,0.0,0.0,0.0,0.0,1.0,0.0,0.0,0.20424011101950973,0.47504861765237955,1.0,0.0,0
0.0,1.0,0.0,0.0,0.6,0.12634484780637267,0.0,0.0,0.0,0.0,0.0,0.0,0.0,0.0,0.0,0.0,0.08732270302810252,0.46261647748621215,1.0,0.0,1
0.0,1.0,0.0,0.0,0.0,0.16699714651482114,0.0,0.0,0.0,0.0,0.0,0.0,0.0,0.0,0.0,0.0,0.273812690836249,0.6334182901864842,1.0,0.0,1
0.0,1.0,0.0,0.0,0.6,0.2833201017187243,0.0,0.0,0.0,0.0,0.0,0.0,0.0,0.0,0.0,0.0,0.21490393416553205,0.37209318817118653,1.0,1.0,1
0.0,1.0,0.0,0.0,0.0,0.031447979754044335,1.0,1.0,0.0,0.0,0.0,1.0,1.0,0.0,0.0,1.0,0.25154928818837585,0.4406448054424484,1.0,0.0,2
0.0,1.0,0.0,0.0,0.3,0.2684387143953467,0.0,0.0,0.0,0.0,0.0,0.0,0.0,0.0,0.0,0.0,0.099347721851218,0.5332078605602955,1.0,0.0,1
1.0,1.0,0.0,0.0,0.6,0.861806459790965,0.0,0.0,0.0,0.0,0.0,0.0,0.0,1.0,0.0,0.0,0.2160803751782436,0.40137346899876614,1.0,1.0,0
0.0,1.0,0.0,0.0,0.3,0.284193973888286,0.0,0.0,0.0,0.0,0.0,0.0,0.0,0.0,0.0,0.0,0.1782407690276601,0.34234488286784354,1.0,0.0,1
1.0,1.0,0.0,0.0,0.0,0.9335234630701605,0.0,0.0,0.0,0.0,0.0,0.0,0.0,1.0,0.0,0.0,0.705468067165455,0.1817294579025224,1.0,1.0,0
0.0,1.0,0.0,0.0,0.6,0.6741369578120197,0.0,0.0,0.0,0.0,0.0,0.0,0.0,1.0,0.0,0.0,0.12335701840870465,0.46031488942167675,1.0,1.0,0
0.0,1.0,0.0,0.0,0.6,0.14600808068894558,0.0,0.0,0.0,0.0,0.0,0.0,0.0,0.0,0.0,0.0,0.13648506043935493,0.461584176762007,1.0,1.0,1
0.0,1.0,0.0,0.0,0.6,0.10450776727743653,0.0,0.0,0.0,0.0,0.0,0.0,1.0,0.0,0.0,0.0,0.3544055029902522,0.5633144503976295,1.0,0.0,2
1.0,1.0,0.0,0.0,0.0,0.6194675930093075,0.0,0.0,0.0,0.0,0.0,0.0,0.0,1.0,0.0,0.0,0.3373881633165297,0.24190064172118483,1.0,1.0,0
0.0,1.0,0.0,0.0,0.2,0.5004963543032527,0.0,0.0,0.0,0.0,0.0,0.0,0.0,1.0,0.0,0.0,0.30055286859671826,0.5299623563854808,1.0,0.0,0
0.0,1.0,0.0,0.0,0.6,0.07317826835468952,0.0,0.0,0.0,0.0,0.0,0.0,1.0,0.0,0.0,1.0,0.4031018350169546,0.5379292052427764,1.0,1.0,2
0.0,1.0,0.0,0.0,0.0,0.19876113486448346,0.0,0.0,0.0,0.0,0.0,0.0,1.0,0.0,0.0,1.0,0.3523650231607725,0.23540297543821126,1.0,1.0,2
0.0,1.0,0.0,0.0,0.6,0.0008720986572074155,0.0,0.0,0.0,0.0,0.0,1.0,1.0,0.0,0.0,0.0,0.18460101616916827,0.34837657253563203,1.0,0.0,2
0.0,1.0,0.0,0.0,0.0,0.5393378080513602,0.0,0.0,0.0,0.0,0.0,0.0,0.0,1.0,0.0,0.0,0.44664009044009856,0.5210576849264108,1.0,0.0,0
0.0,1.0,0.0,0.0,0.3,0.19973159072077137,0.0,0.0,0.0,0.0,0.0,0.0,0.0,0.0,0.0,0.0,0.19319631944310545,0.49280558765711263,1.0,1.0,1
0.0,1.0,0.0,0.0,0.0,0.27169052148345396,0.0,0.0,0.0,0.0,0.0,0.0,0.0,0.0,0.0,0.0,0.14323031441389283,0.564738602004692,1.0,1.0,1
0.0,1.0,0.0,0.0,0.3,0.10551990705534281,0.0,1.0,0.0,0.0,0.0,0.0,1.0,0.0,0.0,0.0,0.21649187248713456,0.5169387844570241,1.0,0.0,2
0.0,1.0,0.0,0.0,0.3,0.11414483069937173,0.0,0.0,0.0,0.0,0.0,0.0,0.0,0.0,0.0,0.0,0.16451247626104903,0.6319525680039761,1.0,0.0,1
0.0,1.0,0.0,0.0,0.0,0.12517341010136368,0.0,0.0,0.0,0.0,0.0,0.0,1.0,0.0,0.0,1.0,0.5653799130378602,0.4146550483933474,1.0,0.0,2
0.0,1.0,0.0,0.0,0.3,0.17632918064622166,0.0,0.0,0.0,0.0,0.0,0.0,1.0,0.0,0.0,0.0,0.4089545070368343,0.46455711490831214,1.0,1.0,2
1.0,1.0,0.0,0.0,0.3,0.8608770261284612,0.0,0.0,0.0,0.0,0.0,0.0,0.0,1.0,0.0,0.0,0.3245069401880854,0.41735049912307315,1.0,0.0,0
0.0,1.0,0.0,0.0,0.0,0.8192797265984356,0.0,0.0,0.0,0.0,0.0,0.0,0.0,1.0,0.0,0.0,0.3191727835015786,0.37213186014004324,1.0,0.0,0
0.0,1.0,0.0,0.0,0.6,0.08754632401677868,0.0,0.0,0.0,0.0,0.0,0.0,0.0,0.0,0.0,0.0,0.33543976314646756,0.4165411994959675,1.0,1.0,1
0.0,1.0,0.0,0.0,0.2,0.5106865510978725,0.0,0.0,0.0,0.0,0.0,0.0,0.0,1.0,0.0,0.0,0.25536598899196744,0.6567501471116652,1.0,0.0,0
0.0,1.0,0.0,0.0,0.6,0.16297234572274857,0.0,1.0,0.0,0.0,0.0,0.0,1.0,0.0,0.0,1.0,0.3017495000485948,0.2763001261363414,1.0,0.0,2
0.0,1.0,0.0,0.0,0.0,0.05225131569265808,0.0,0.0,0.0,0.0,0.0,0.0,0.0,0.0,0.0,0.0,0.4208979212214125,0.48661381603459447,1.0,1.0,1
0.0,1.0,0.0,0.0,0.6,0.7777278607544578,0.0,0.0,0.0,0.0,0.0,0.0,0.0,1.0,0.0,0.0,0.2606370366208147,0.5560613704223658,1.0,0.0,0
0.0,1.0,0.0,0.0,0.0,0.14694072158325136,0.0,0.0,0.0,0.0,0.0,1.0,1.0,0.0,0.0,0.0,0.49132593819699083,0.4432787652008759,1.0,1.0,2
0.0,1.0,0.0,0.0,0.3,0.39984574412234575,0.0,0.0,0.0,0.0,0.0,0.0,0.0,0.0,0.0,0.0,0.2487921953213205,0.38007736603280007,1.0,1.0,1
0.0,1.0,0.0,0.0,0.3,0.17331621179153756,0.0,0.0,0.0,0.0,0.0,1.0,1.0,0.0,0.0,1.0,0.39719967380729837,0.3344548074857386,1.0,1.0,2
0.0,1.0,0.0,0.0,0.0,0.5970327994403213,0.0,0.0,0.0,0.0,0.0,0.0,0.0,0.0,0.0,0.0,0.31847146675932425,0.1497991823070225,1.0,0.0,1
0.0,1.0,0.0,0.0,0.3,0.1334795996103107,0.0,0.0,0.0,0.0,0.0,0.0,1.0,0.0,0.0,1.0,0.48469208371161293,0.514644093744723,1.0,0.0,2
1.0,1.0,0.0,0.0,0.1,0.6922613368191548,0.0,0.0,0.0,0.0,0.0,0.0,0.0,1.0,0.0,0.0,0.5567080496168705,0.3985307283542298,1.0,1.0,0
0.0,1.0,0.0,0.0,0.0,0.04675828045441793,0.0,0.0,0.0,0.0,0.0,1.0,1.0,0.0,0.0,0.0,0.044833801127267536,0.35264212313804744,1.0,1.0,2
0.0,1.0,0.0,0.0,0.6,0.3599175588962523,0.0,0.0,0.0,0.0,0.0,0.0,0.0,1.0,0.0,0.0,0.19163144897695944,0.2128623768640918,1.0,0.0,0
0.0,1.0,0.0,0.0,0.3,0.03011455961780559,0.0,1.0,0.0,0.0,0.0,1.0,1.0,0.0,0.0,0.0,0.4863532134258893,0.40683656913803123,1.0,0.0,2
0.0,1.0,0.0,0.0,0.3,0.08990493557478017,0.0,0.0,0.0,0.0,0.0,0.0,0.0,0.0,0.0,0.0,0.45450294159043336,0.8046754914528309,1.0,0.0,1
0.0,1.0,0.0,0.0,0.3,0.18317868809181068,0.0,0.0,0.0,0.0,0.0,0.0,0.0,0.0,0.0,0.0,0.10450395206599829,0.08110875273712564,1.0,0.0,1
0.0,1.0,0.0,0.0,0.0,0.06622558701248543,0.0,0.0,0.0,0.0,0.0,0.0,1.0,0.0,0.0,0.0,0.22386312336760103,0.34897410550264285,1.0,0.0,2
0.0,1.0,0.0,0.0,0.3,0.45597064020881084,0.0,0.0,0.0,0.0,0.0,0.0,0.0,0.0,0.0,0.0,0.3329136812799778,0.2516009611717426,1.0,1.0,1
0.0,1.0,0.0,0.0,0.0,0.17870305755686933,0.0,0.0,0.0,0.0,0.0,0.0,0.0,0.0,0.0,0.0,0.230855458931775,0.32439005969801943,1.0,0.0,1
1.0,1.0,0.0,0.0,0.0,0.781454635924181,0.0,0.0,0.0,0.0,0.0,0.0,0.0,1.0,0.0,0.0,0.3469748679392355,0.5135012155409242,1.0,0.0,0
0.0,1.0,0.0,0.0,0.3,0.7258406653456808,0.0,0.0,0.0,0.0,0.0,0.0,0.0,0.0,0.0,0.0,0.23064346531345536,0.7423794361930718,1.0,1.0,1
0.0,1.0,0.0,0.0,0.3,0.4810846120310053,0.0,0.0,0.0,0.0,0.0,0.0,0.0,0.0,0.0,0.0,0.27678495348874527,0.7473173337496524,1.0,0.0,1
0.0,1.0,0.0,0.0,0.0,0.05859400530957486,0.0,1.0,0.0,0.0,0.0,1.0,1.0,0.0,0.0,0.0,0.42238396512206805,0.405771871675513,1.0,1.0,2
1.0,1.0,0.0,0.0,0.2,0.936711854704915,0.0,0.0,0.0,0.0,0.0,0.0,0.0,1.0,0.0,0.0,0.2104442037120276,0.6107312588626095,1.0,0.0,0
0.0,1.0,0.0,0.0,0.6,0.0922125683569046,0.0,0.0,0.0,0.0,0.0,0.0,0.0,0.0,0.0,0.0,0.25893514952108754,0.45574347916317326,1.0,1.0,1
0.0,1.0,0.0,0.0,0.3,0.655329396515394,0.0,0.0,0.0,0.0,0.0,0.0,0.0,0.0,0.0,0.0,0.36789373515283613,0.4580746625312593,1.0,1.0,1
0.0,1.0,0.0,0.0,0.3,0.22559338564816256,0.0,0.0,0.0,0.0,0.0,0.0,0.0,0.0,0.0,0.0,0.4048880127530529,0.25027464606975786,1.0,0.0,1
0.0,1.0,0.0,0.0,0.3,0.5568641914021564,0.0,0.0,0.0,0.0,0.0,0.0,0.0,0.0,0.0,0.0,0.11676648042721557,0.0966334134239509,1.0,1.0,1
0.0,1.0,0.0,0.0,0.6,0.3375985828922014,0.0,0.0,0.0,0.0,0.0,0.0,0.0,0.0,0.0,0.0,0.14245416626688817,0.6877142288468913,1.0,1.0,1
0.0,1.0,0.0,0.0,0.2,0.24602348894138254,0.0,0.0,0.0,0.0,0.0,0.0,0.0,0.0,0.0,0.0,0.397664613724052,0.7330003921499648,1.0,1.0,1
1.0,1.0,0.0,0.0,0.0,0.6505355325445512,0.0,0.0,0.0,0.0,0.0,0.0,0.0,1.0,0.0,0.0,0.32389225943352384,0.7338714643155411,1.0,1.0,0
0.0,1.0,0.0,0.0,0.6,0.5816935009040222,0.0,0.0,0.0,0.0,0.0,0.0,0.0,0.0,0.0,0.0,0.3143289369642284,0.49179201406229156,1.0,0.0,1
0.0,1.0,0.0,0.0,0.3,0.23580098813858066,0.0,0.0,0.0,0.0,0.0,0.0,0.0,0.0,0.0,0.0,0.3161794593782056,0.420653812965213,1.0,1.0,1
0.0,1.0,0.0,0.0,0.3,0.3103740345455226,0.0,0.0,0.0,0.0,0.0,0.0,0.0,0.0,0.0,0.0,0.22031663561551232,0.18224775466854223,1.0,0.0,1
0.0,1.0,0.0,0.0,0.0,0.00786108487327218,1.0,1.0,0.0,0.0,0.0,1.0,1.0,0.0,0.0,1.0,0.27382271399203817,0.5979123649185656,1.0,0.0,2
1.0,1.0,0.0,0.0,0.0,0.5310007347713297,0.0,0.0,0.0,0.0,0.0,0.0,0.0,1.0,0.0,0.0,0.7132201632430244,0.3094836528748536,1.0,1.0,0
1.0,1.0,0.0,0.0,0.3,0.8648339507951373,0.0,0.0,0.0,0.0,0.0,0.0,0.0,1.0,0.0,0.0,0.6836686750974629,0.4801552153801901,1.0,0.0,0
0.0,1.0,0.0,0.0,0.3,0.3268203583328286,0.0,0.0,0.0,0.0,0.0,0.0,0.0,0.0,0.0,0.0,0.4098732544876779,0.24087667367850843,1.0,1.0,1
0.0,1.0,0.0,0.0,0.0,0.0643202781097494,1.0,0.0,0.0,0.0,0.0,0.0,1.0,0.0,0.0,1.0,0.04339220253376323,0.6724465331054075,1.0,1.0,2
0.0,1.0,0.0,0.0,0.6,0.09755457945882763,0.0,0.0,0.0,0.0,0.0,0.0,1.0,0.0,0.0,0.0,0.18211562742328127,0.4719408754388533,1.0,0.0,2
0.0,1.0,0.0,0.0,0.3,0.4409649948315299,0.0,0.0,0.0,0.0,0.0,0.0,0.0,0.0,0.0,0.0,0.17693362983396455,0.3102472608197611,1.0,0.0,1
1.0,1.0,0.0,0.0,0.0,0.4839905772405112,0.0,0.0,0.0,0.0,0.0,0.0,0.0,1.0,0.0,0.0,0.16692391188484668,0.2594838000784941,1.0,1.0,0
0.0,1.0,0.0,0.0,0.3,0.8451328861712274,0.0,0.0,0.0,0.0,0.0,0.0,0.0,1.0,0.0,0.0,0.25576101716145866,0.5123681906951104,1.0,1.0,0
1.0,1.0,0.0,0.0,0.2,0.3900508938461471,0.0,0.0,0.0,0.0,0.0,0.0,0.0,1.0,0.0,0.0,0.24223333391589078,0.5968328726671688,1.0,1.0,0
1.0,1.0,0.0,0.0,0.2,0.466071018864533,0.0,0.0,0.0,0.0,0.0,0.0,0.0,1.0,0.0,0.0,0.28551417004585594,0.36815801008678056,1.0,1.0,0
0.0,1.0,0.0,0.0,0.3,0.42052305696388836,1.0,1.0,0.0,0.0,0.0,0.0,1.0,0.0,0.0,1.0,0.3305348220131173,0.6569817027988387,1.0,1.0,2
1.0,1.0,0.0,0.0,0.0,0.5965866297101141,0.0,0.0,0.0,0.0,0.0,0.0,0.0,1.0,0.0,0.0,0.1554463192698189,0.5947847025140478,1.0,1.0,0
0.0,1.0,0.0,0.0,0.0,0.2617384674296059,0.0,0.0,0.0,0.0,0.0,0.0,0.0,0.0,0.0,0.0,0.33157126037495455,0.69076536227562,1.0,1.0,1
0.0,1.0,0.0,0.0,0.3,0.3385940898834771,0.0,0.0,0.0,0.0,0.0,0.0,0.0,0.0,0.0,0.0,0.35230290762752076,0.3323235919086389,1.0,0.0,1
0.0,1.0,0.0,0.0,0.0,0.2013204507832041,0.0,0.0,0.0,0.0,0.0,0.0,0.0,0.0,0.0,0.0,0.10830629078549228,0.5360820484403068,1.0,0.0,1
0.0,1.0,0.0,0.0,0.6,0.13712266503856874,0.0,0.0,0.0,0.0,0.0,0.0,0.0,0.0,0.0,0.0,0.18222355561341713,0.5300219245452799,1.0,0.0,1
0.0,1.0,0.0,0.0,0.0,0.09726530563719224,0.0,0.0,0.0,0.0,0.0,0.0,0.0,0.0,0.0,0.0,0.4546540523836441,0.15181651520569714,1.0,0.0,1
0.0,1.0,0.0,0.0,0.0,0.9306650816140862,0.0,0.0,0.0,0.0,0.0,0.0,0.0,1.0,0.0,0.0,0.1409167926852764,0.3700639191328811,1.0,1.0,0
0.0,1.0,0.0,0.0,0.3,0.5339294945436808,0.0,0.0,0.0,0.0,0.0,0.0,0.0,0.0,0.0,0.0,0.1520136414898172,0.33161697962250164,1.0,1.0,1
0.0,1.0,0.0,0.0,0.6,0.7380571308492477,0.0,0.0,0.0,0.0,0.0,0.0,0.0,1.0,0.0,0.0,0.11664840472406736,0.5197362614439722,1.0,0.0,0
0.0,1.0,0.0,0.0,0.3,0.5182550220324633,0.0,0.0,0.0,0.0,0.0,0.0,0.0,1.0,0.0,0.0,0.3885824845147073,0.17110913703080294,1.0,0.0,0
0.0,1.0,0.0,0.0,0.6,0.17266285512913027,0.0,0.0,0.0,0.0,0.0,0.0,1.0,0.0,0.0,0.0,0.3090296231414816,0.2500112473843444,1.0,0.0,2
0.0,1.0,0.0,0.0,0.0,0.06178845552332961,0.0,0.0,0.0,0.0,0.0,0.0,0.0,0.0,0.0,0.0,0.14318022197325012,0.3265095452438011,1.0,0.0,1
0.0,1.0,0.0,0.0,0.3,0.7891041899694153,0.0,0.0,0.0,0.0,0.0,0.0,0.0,1.0,0.0,0.0,0.45281580128477866,0.21554046167950489,1.0,1.0,0
0.0,1.0,0.0,0.0,0.3,0.316223103793342,0.0,0.0,0.0,0.0,0.0,0.0,1.0,0.0,0.0,1.0,0.28332639780682506,0.4977664694467224,1.0,1.0,2
0.0,1.0,0.0,0.0,0.2,0.09745271371913646,0.0,0.0,0.0,0.0,0.0,0.0,0.0,0.0,0.0,0.0,0.4534451598372411,0.40672650512663344,1.0,1.0,1
1.0,1.0,0.0,0.0,0.6,0.7099933102660485,0.0,0.0,0.0,0.0,0.0,0.0,0.0,1.0,0.0,0.0,0.11005724951576877,0.21373144625055548,1.0,1.0,0
1.0,1.0,0.0,0.0,0.3,0.5227240216600106,0.0,0.0,0.0,0.0,0.0,0.0,0.0,1.0,0.0,0.0,0.34369534608898933,0.3665553643961011,1.0,0.0,0
0.0,1.0,0.0,0.0,0.6,0.3977769263748828,0.0,0.0,0.0,0.0,0.0,0.0,0.0,0.0,0.0,0.0,0.41996404128094433,0.19540416451559825,1.0,0.0,1
0.0,1.0,0.0,0.0,0.3,0.4570258964674266,0.0,0.0,0.0,0.0,0.0,0.0,0.0,0.0,0.0,0.0,0.5410728958590082,0.6796445305651638,1.0,0.0,1
0.0,1.0,0.0,0.0,0.3,0.20753005573811875,0.0,0.0,0.0,0.0,0.0,0.0,0.0,0.0,0.0,0.0,0.4114711397336054,0.1238078113858602,1.0,1.0,1
0.0,1.0,0.0,0.0,0.3,0.27631238945864256,0.0,0.0,0.0,0.0,0.0,0.0,0.0,0.0,0.0,0.0,0.137744905217274,0.17720725715976812,1.0,1.0,1
0.0,1.0,0.0,0.0,0.0,0.5958058787025514,0.0,0.0,0.0,0.0,0.0,0.0,0.0,0.0,0.0,0.0,0.10691791411420305,0.3532459859410932,1.0,0.0,1
0.0,1.0,0.0,0.0,0.3,0.23384557220237234,0.0,0.0,0.0,0.0,0.0,0.0,0.0,0.0,0.0,0.0,0.4295867057606793,0.3200666214030426,1.0,1.0,1
0.0,1.0,0.0,0.0,0.0,0.014720017743360502,0.0,0.0,0.0,0.0,0.0,0.0,1.0,0.0,0.0,0.0,0.3166734208993211,0.16623848408911335,1.0,0.0,2
0.0,1.0,0.0,0.0,0.0,0.4401543096031592,0.0,0.0,0.0,0.0,0.0,0.0,0.0,0.0,0.0,0.0,0.21894187487977806,0.44509592436491824,1.0,0.0,1
0.0,1.0,0.0,0.0,0.0,0.7633380409885072,0.0,0.0,0.0,0.0,0.0,0.0,0.0,1.0,0.0,0.0,0.273835053755152,0.4195496654684116,1.0,0.0,0
1.0,1.0,0.0,0.0,0.3,0.5727707942512528,0.0,0.0,0.0,0.0,0.0,0.0,0.0,1.0,0.0,0.0,0.24981236535155069,0.2001327214488948,1.0,0.0,0
0.0,1.0,0.0,0.0,0.3,0.6808875396671388,0.0,0.0,0.0,0.0,0.0,0.0,0.0,1.0,0.0,0.0,0.10251993893402452,0.27437609993608963,1.0,1.0,0
0.0,1.0,0.0,0.0,0.3,0.13937231548913626,0.0,0.0,0.0,0.0,0.0,0.0,0.0,0.0,0.0,0.0,0.24853039130483923,0.775383495545861,1.0,0.0,1
0.0,1.0,0.0,0.0,0.3,0.4083494084230539,0.0,0.0,0.0,0.0,0.0,1.0,1.0,0.0,0.0,0.0,0.4564945444187288,0.5803043571492987,1.0,0.0,2
0.0,1.0,0.0,0.0,0.0,0.4456778439506968,0.0,0.0,0.0,0.0,0.0,0.0,0.0,0.0,0.0,0.0,0.22298486053691022,0.5715708932355543,1.0,1.0,1
0.0,1.0,0.0,0.0,0.3,0.05743070074723943,0.0,0.0,0.0,0.0,0.0,1.0,1.0,0.0,0.0,0.0,0.09133079204158527,0.5220772891956297,1.0,0.0,2
0.0,1.0,0.0,0.0,0.6,0.8968232432528338,0.0,0.0,0.0,0.0,0.0,0.0,0.0,1.0,0.0,0.0,0.24814861586606562,0.32217733369411067,1.0,1.0,0
0.0,1.0,0.0,0.0,0.3,0.2261389029333821,0.0,0.0,0.0,0.0,0.0,0.0,0.0,0.0,0.0,0.0,0.38033435375466174,0.399082932456642,1.0,0.0,1
0.0,1.0,0.0,0.0,0.3,0.10095527120277759,0.0,0.0,0.0,0.0,0.0,0.0,1.0,0.0,0.0,0.0,0.38145435954765594,0.14647450533317133,1.0,0.0,2
0.0,1.0,0.0,0.0,0.6,0.6311705020202846,0.0,0.0,0.0,0.0,0.0,0.0,0.0,1.0,0.0,0.0,0.15716250631216933,0.38203230384825154,1.0,1.0,0
0.0,1.0,0.0,0.0,0.0,0.6868835293520168,0.0,0.0,0.0,0.0,0.0,0.0,0.0,1.0,0.0,0.0,0.058265308108161086,0.4395649007834055,1.0,0.0,0
0.0,1.0,0.0,0.0,0.6,0.6548469138585905,0.0,0.0,0.0,0.0,0.0,0.0,0.0,0.0,0.0,0.0,0.40784934394585276,0.20339599741696948,1.0,1.0,1
0.0,1.0,0.0,0.0,0.3,0.011501298687660583,0.0,0.0,0.0,0.0,0.0,0.0,1.0,0.0,0.0,0.0,0.32841211315320296,0.5353429290065738,1.0,1.0,2
0.0,1.0,0.0,0.0,0.3,0.2681868464499775,0.0,0.0,0.0,0.0,0.0,0.0,0.0,0.0,0.0,0.0,0.27296261489273116,0.31064524310029457,1.0,0.0,1
0.0,1.0,0.0,0.0,0.6,0.04829028134088845,0.0,0.0,0.0,0.0,0.0,0.0,1.0,0.0,0.0,1.0,0.18897322054762736,0.327491664812147,1.0,1.0,2
0.0,1.0,0.0,0.0,0.3,0.6294542939181059,0.0,0.0,0.0,0.0,0.0,0.0,0.0,1.0,0.0,0.0,0.1599834649242885,0.7079340250817386,1.0,0.0,0
0.0,1.0,0.0,0.0,0.0,0.07960209247475918,1.0,1.0,0.0,0.0,0.0,1.0,1.0,0.0,0.0,0.0,0.4302524289300897,0.15479590622083592,1.0,1.0,2
0.0,1.0,0.0,0.0,0.0,0.4957076763511685,0.0,0.0,0.0,0.0,0.0,0.0,0.0,1.0,0.0,0.0,0.2943984900932103,0.28900330033638705,1.0,0.0,0
1.0,1.0,0.0,0.0,0.3,0.7160433694865425,0.0,0.0,0.0,0.0,0.0,0.0,0.0,1.0,0.0,0.0,0.4604985897594124,0.5313398142388295,1.0,1.0,0
0.0,1.0,0.0,0.0,0.3,0.14858243355374742,0.0,0.0,0.0,0.0,0.0,0.0,1.0,0.0,0.0,1.0,0.42840993790701787,0.5503662380667178,1.0,0.0,2
0.0,1.0,0.0,0.0,0.6,0.01819146401258996,0.0,0.0,0.0,0.0,0.0,0.0,1.0,0.0,0.0,0.0,0.1779345445991563,0.3811782333301863,1.0,0.0,2
0.0,1.0,0.0,0.0,0.6,0.8641804622203423,0.0,0.0,0.0,0.0,0.0,0.0,0.0,1.0,0.0,0.0,0.09560434599688152,0.36919301738980453,1.0,0.0,0
0.0,1.0,0.0,0.0,0.3,0.25966111424570093,0.0,0.0,0.0,0.0,0.0,0.0,0.0,0.0,0.0,0.0,0.20359521983196208,0.6608335118201225,1.0,0.0,1
0.0,1.0,0.0,0.0,0.3,0.15477389742747824,0.0,0.0,0.0,0.0,0.0,0.0,0.0,0.0,0.0,0.0,0.27859056688279155,0.44630205891095537,1.0,1.0,1
0.0,1.0,0.0,0.0,0.3,0.31866498837126234,0.0,0.0,0.0,0.0,0.0,0.0,0.0,0.0,0.0,0.0,0.1338141803890039,0.378837814837949,1.0,1.0,1
1.0,1.0,0.0,0.0,0.0,0.9873658853125543,0.0,0.0,0.0,0.0,0.0,0.0,0.0,1.0,0.0,0.0,0.40629327987534336,0.6125551732044241,1.0,1.0,0
1.0,1.0,0.0,0.0,0.2,0.8510267843802005,0.0,0.0,0.0,0.0,0.0,0.0,0.0,1.0,0.0,0.0,0.21677790015020906,0.412477238841284,1.0,1.0,0
0.0,1.0,0.0,0.0,0.2,0.7655204649629919,0.0,0.0,0.0,0.0,0.0,0.0,0.0,1.0,0.0,0.0,0.19377978766015258,0.3933313539235671,1.0,1.0,0
0.0,1.0,0.0,0.0,0.0,0.49634169949547896,0.0,0.0,0.0,0.0,0.0,0.0,0.0,0.0,0.0,0.0,0.25368914627970734,0.07823824484152166,1.0,1.0,1
0.0,1.0,0.0,0.0,0.0,0.37976816363536303,0.0,0.0,0.0,0.0,0.0,0.0,0.0,0.0,0.0,0.0,0.3797471625361927,0.32532553655767615,1.0,0.0,1
1.0,1.0,0.0,0.0,0.0,0.9081342098225936,0.0,0.0,0.0,0.0,0.0,0.0,0.0,1.0,0.0,0.0,0.49954563446204486,0.19515652868980357,1.0,0.0,0
0.0,1.0,0.0,0.0,0.3,0.12085812475621262,0.0,0.0,0.0,0.0,0.0,0.0,0.0,0.0,0.0,0.0,0.2860494349361699,0.41535038575979605,1.0,1.0,1
0.0,1.0,0.0,0.0,0.0,0.01995765231150345,0.0,0.0,0.0,0.0,0.0,1.0,1.0,0.0,0.0,1.0,0.33656091124064913,0.47397488108582164,1.0,1.0,2
0.0,1.0,0.0,0.0,0.3,0.0016855054019213828,0.0,1.0,0.0,0.0,0.0,1.0,1.0,0.0,0.0,0.0,0.329329613024411,0.7477050311760167,1.0,1.0,2
0.0,1.0,0.0,0.0,0.0,0.1614278736739823,0.0,0.0,0.0,0.0,0.0,0.0,1.0,0.0,0.0,0.0,0.17999679901670404,0.5144277900421634,1.0,1.0,2
1.0,1.0,0.0,0.0,0.0,0.5583709247059657,0.0,0.0,0.0,0.0,0.0,0.0,0.0,1.0,0.0,0.0,0.19070846531940247,0.4239711471641663,1.0,1.0,0
0.0,1.0,0.0,0.0,0.6,0.4096202138736448,0.0,0.0,0.0,0.0,0.0,0.0,0.0,0.0,0.0,0.0,0.3451681794955967,0.6281789189536686,1.0,0.0,1
0.0,1.0,0.0,0.0,0.0,0.8610862909034919,0.0,0.0,0.0,0.0,0.0,0.0,0.0,1.0,0.0,0.0,0.34312622567026696,0.3018652752451313,1.0,0.0,0
0.0,1.0,0.0,0.0,0.0,0.34865288482962725,0.0,0.0,0.0,0.0,0.0,0.0,0.0,0.0,0.0,0.0,0.20844987958404756,0.2957629497114275,1.0,0.0,1
0.0,1.0,0.0,0.0,0.6,0.6555892442563652,0.0,0.0,0.0,0.0,0.0,0.0,0.0,1.0,0.0,0.0,0.16963976158443578,0.5587497851542301,1.0,1.0,0
0.0,1.0,0.0,0.0,0.3,0.11956783860593899,0.0,0.0,0.0,0.0,0.0,0.0,1.0,0.0,0.0,0.0,0.46718907421831746,0.46285798228348907,1.0,1.0,2
0.0,1.0,0.0,0.0,0.0,0.1832043314568182,0.0,0.0,0.0,0.0,0.0,0.0,0.0,0.0,0.0,0.0,0.19197922953767232,0.5133971773010002,1.0,0.0,1
0.0,1.0,0.0,0.0,0.0,0.010211289704276915,0.0,0.0,0.0,0.0,0.0,0.0,1.0,0.0,0.0,0.0,0.720972485086621,0.7090615126374978,1.0,0.0,2
0.0,1.0,0.0,0.0,0.0,0.5531754961332005,0.0,0.0,0.0,0.0,0.0,0.0,0.0,1.0,0.0,0.0,0.5733834593862928,0.4738380890186894,1.0,0.0,0
0.0,1.0,0.0,0.0,0.3,0.2697712106875198,0.0,0.0,0.0,0.0,0.0,0.0,0.0,0.0,0.0,0.0,0.5301199211602043,0.8311865493634413,1.0,0.0,1
0.0,1.0,0.0,0.0,0.6,0.9466759989266997,0.0,0.0,0.0,0.0,0.0,0.0,0.0,1.0,0.0,0.0,0.1807804838573356,0.22828437216600594,1.0,0.0,0
0.0,1.0,0.0,0.0,0.3,0.08725652717082331,0.0,0.0,0.0,0.0,0.0,0.0,1.0,0.0,0.0,1.0,0.11625136275200401,0.43662621256263634,1.0,1.0,2
0.0,1.0,0.0,0.0,0.6,0.05309904353976696,0.0,0.0,0.0,0.0,0.0,0.0,1.0,0.0,0.0,1.0,0.5014479894402107,0.3543406573590226,1.0,0.0,2
0.0,1.0,0.0,0.0,0.0,0.2016534895602134,0.0,0.0,0.0,0.0,0.0,0.0,0.0,0.0,0.0,0.0,0.23651721247290977,0.24458173366170083,1.0,0.0,1
1.0,1.0,0.0,0.0,0.0,0.7528960283321399,0.0,0.0,0.0,0.0,0.0,0.0,0.0,1.0,0.0,0.0,0.05063771833666715,0.4264731106674509,1.0,0.0,0
0.0,1.0,0.0,0.0,0.0,0.38113121973638364,0.0,0.0,0.0,0.0,0.0,0.0,0.0,0.0,0.0,0.0,0.17890863301963952,0.29622224835457417,1.0,0.0,1
1.0,1.0,0.0,0.0,0.0,0.7131742029366015,0.0,0.0,0.0,0.0,0.0,0.0,0.0,1.0,0.0,0.0,0.3954032089341952,0.10020536438332828,1.0,0.0,0
0.0,1.0,0.0,0.0,0.3,0.11661348922011194,1.0,0.0,0.0,0.0,0.0,0.0,1.0,0.0,0.0,1.0,0.17448998206720054,0.16044076372450625,1.0,0.0,2
0.0,1.0,0.0,0.0,0.0,0.34435874115607035,0.0,0.0,0.0,0.0,0.0,0.0,0.0,0.0,0.0,0.0,0.38792471119124744,0.2683008172449653,1.0,0.0,1
0.0,1.0,0.0,0.0,0.3,0.2358255455611714,0.0,0.0,0.0,0.0,0.0,0.0,0.0,0.0,0.0,0.0,0.26455636136849076,0.6444254809899982,1.0,0.0,1
0.0,1.0,0.0,0.0,0.3,0.7571759026288575,0.0,0.0,0.0,0.0,0.0,0.0,0.0,1.0,0.0,0.0,0.21359253672323178,0.3993495534952448,1.0,1.0,0
0.0,1.0,0.0,0.0,0.0,0.20253961637832343,0.0,0.0,0.0,0.0,0.0,0.0,0.0,0.0,0.0,0.0,0.08674240734728095,0.6700694342545178,1.0,0.0,1
0.0,1.0,0.0,0.0,0.0,0.7951482754068762,0.0,0.0,0.0,0.0,0.0,0.0,0.0,1.0,0.0,0.0,0.49089007275751884,0.17879862396478394,1.0,1.0,0
0.0,1.0,0.0,0.0,0.6,0.003586124632610525,0.0,0.0,0.0,0.0,0.0,1.0,1.0,0.0,0.0,0.0,0.4379968004991512,0.3919996096092662,1.0,1.0,2
0.0,1.0,0.0,0.0,0.0,0.25856858245463127,1.0,0.0,0.0,0.0,0.0,1.0,1.0,0.0,0.0,1.0,0.053621725488851704,0.13838180652736914,1.0,0.0,2
0.0,1.0,0.0,0.0,0.3,0.28760930417426805,0.0,0.0,0.0,0.0,0.0,0.0,0.0,0.0,0.0,0.0,0.2109051490103258,0.5726425288421653,1.0,0.0,1
0.0,1.0,0.0,0.0,0.0,0.1574159606665256,0.0,0.0,0.0,0.0,0.0,0.0,0.0,0.0,0.0,0.0,0.26408787835528574,0.47712121489387577,1.0,0.0,1
0.0,1.0,0.0,0.0,0.0,0.06893098652946077,0.0,1.0,0.0,0.0,0.0,0.0,1.0,0.0,0.0,1.0,0.26306307214695335,0.5836208297156641,1.0,1.0,2
0.0,1.0,0.0,0.0,0.0,0.13942305701492366,0.0,0.0,0.0,0.0,0.0,0.0,0.0,0.0,0.0,0.0,0.4966131650089571,0.2284707768417532,1.0,0.0,1
0.0,1.0,0.0,0.0,0.3,0.42044143422863656,0.0,0.0,0.0,0.0,0.0,0.0,0.0,0.0,0.0,0.0,0.031157012682937236,0.3325611970936403,1.0,0.0,1
0.0,1.0,0.0,0.0,0.3,0.7759606016392763,0.0,0.0,0.0,0.0,0.0,0.0,0.0,1.0,0.0,0.0,0.24586971783299616,0.5072178134530063,1.0,0.0,0
0.0,1.0,0.0,0.0,0.3,0.25248446695715915,0.0,0.0,0.0,0.0,0.0,0.0,0.0,0.0,0.0,0.0,0.470236716574926,0.7358244561892568,1.0,1.0,1
1.0,1.0,0.0,0.0,0.3,0.6015141732390833,0.0,0.0,0.0,0.0,0.0,0.0,0.0,1.0,0.0,0.0,0.27738073816864145,0.459375404333675,1.0,0.0,0
0.0,1.0,0.0,0.0,0.0,0.7804790118877862,0.0,0.0,0.0,0.0,0.0,0.0,0.0,1.0,0.0,0.0,0.17291059381243865,0.23800041729210963,1.0,0.0,0
0.0,1.0,0.0,0.0,0.6,0.2351792955645743,0.0,0.0,0.0,0.0,0.0,0.0,0.0,0.0,0.0,0.0,0.10122237229797956,0.5474549835885959,1.0,0.0,1
1.0,1.0,0.0,0.0,0.2,0.567569807775056,0.0,0.0,0.0,0.0,0.0,0.0,0.0,1.0,0.0,0.0,0.30259229624377526,0.4981233734153844,1.0,1.0,0
0.0,1.0,0.0,0.0,0.0,0.09485571838344063,0.0,0.0,0.0,0.0,0.0,0.0,0.0,0.0,0.0,0.0,0.3222693022340278,0.5660624456515299,1.0,0.0,1
0.0,1.0,0.0,0.0,0.3,0.6290704474626254,0.0,0.0,0.0,0.0,0.0,0.0,0.0,1.0,0.0,0.0,0.14986544567304538,0.6056658869958315,1.0,0.0,0
0.0,1.0,0.0,0.0,0.0,0.30124718111998766,0.0,0.0,0.0,0.0,0.0,0.0,0.0,0.0,0.0,0.0,0.37035647387253934,0.43113767248033635,1.0,1.0,1
0.0,1.0,0.0,0.0,0.2,0.11017908930508488,0.0,0.0,0.0,0.0,0.0,0.0,0.0,0.0,0.0,0.0,0.1300632610191839,0.5143256929720015,1.0,0.0,1
0.0,1.0,0.0,0.0,0.6,0.36847340209005525,0.0,0.0,0.0,0.0,0.0,1.0,1.0,0.0,0.0,1.0,0.4026838617744908,0.6413399344840311,1.0,1.0,2
0.0,1.0,0.0,0.0,0.3,0.18219830842422646,0.0,0.0,0.0,0.0,0.0,0.0,0.0,0.0,0.0,0.0,0.029346744074825768,0.3499451679944346,1.0,0.0,1
0.0,1.0,0.0,0.0,0.3,0.011365878044586535,0.0,0.0,0.0,0.0,0.0,1.0,1.0,0.0,0.0,1.0,0.19182582944713403,0.3903494916717867,1.0,1.0,2
0.0,1.0,0.0,0.0,0.3,0.2032648053236692,0.0,0.0,0.0,0.0,0.0,0.0,0.0,0.0,0.0,0.0,0.46404697535843886,0.4277026056844337,1.0,1.0,1
0.0,1.0,0.0,0.0,0.0,0.3885582459678544,0.0,0.0,0.0,0.0,0.0,0.0,0.0,0.0,0.0,0.0,0.04556534109387866,0.5509280952724964,1.0,0.0,1
0.0,1.0,0.0,0.0,0.3,0.04177217239212877,1.0,0.0,0.0,0.0,0.0,0.0,1.0,0.0,0.0,1.0,0.13331811198293422,0.20798312248918283,1.0,0.0,2
1.0,1.0,0.0,0.0,0.6,0.6204184529411179,0.0,0.0,0.0,0.0,0.0,0.0,0.0,1.0,0.0,0.0,0.20166292276245298,0.4729511627456902,1.0,1.0,0
0.0,1.0,0.0,0.0,0.3,0.7381112974461027,0.0,0.0,0.0,0.0,0.0,0.0,0.0,1.0,0.0,0.0,0.132474306698926,0.5769599763040529,1.0,0.0,0
0.0,1.0,0.0,0.0,0.0,0.04071281994584795,1.0,0.0,0.0,0.0,0.0,0.0,1.0,0.0,0.0,0.0,0.023269867045006623,0.6267214347579518,1.0,1.0,2
0.0,1.0,0.0,0.0,0.6,0.17987199743262947,0.0,0.0,0.0,0.0,0.0,1.0,1.0,0.0,0.0,1.0,0.2707574285044743,0.3150526423411088,1.0,0.0,2
0.0,1.0,0.0,0.0,0.3,0.4840006991544495,0.0,0.0,0.0,0.0,0.0,0.0,0.0,0.0,0.0,0.0,0.4524094967697517,0.6686363901682256,1.0,1.0,1
0.0,1.0,0.0,0.0,0.3,0.09476828489898288,0.0,0.0,0.0,0.0,0.0,1.0,1.0,0.0,0.0,1.0,0.1664076313237852,0.11978714309253263,1.0,0.0,2
0.0,1.0,0.0,0.0,0.0,0.08413113558743693,0.0,1.0,0.0,0.0,0.0,0.0,1.0,0.0,0.0,0.0,0.32865605807268256,0.6480989592128923,1.0,1.0,2
0.0,1.0,0.0,0.0,0.3,0.3908088883932684,0.0,0.0,0.0,0.0,0.0,0.0,0.0,0.0,0.0,0.0,0.34013818235651977,0.3163183273425892,1.0,1.0,1
0.0,1.0,0.0,0.0,0.3,0.8389506683339096,0.0,0.0,0.0,0.0,0.0,0.0,0.0,1.0,0.0,0.0,0.11557649882635097,0.16163016980018008,1.0,0.0,0
0.0,1.0,0.0,0.0,0.3,0.3987551119131375,0.0,0.0,0.0,0.0,0.0,0.0,0.0,0.0,0.0,0.0,0.08147937958733951,0.28798249484602945,1.0,1.0,1
0.0,1.0,0.0,0.0,0.6,0.10108374759549342,0.0,1.0,0.0,0.0,0.0,0.0,1.0,0.0,0.0,0.0,0.3843223163542518,0.1864347345105617,1.0,1.0,2
0.0,1.0,0.0,0.0,0.0,0.23611489606865768,0.0,0.0,0.0,0.0,0.0,0.0,1.0,0.0,0.0,0.0,0.5418810952365981,0.5849088864931914,1.0,1.0,2
0.0,1.0,0.0,0.0,0.6,0.6510744715415367,0.0,0.0,0.0,0.0,0.0,0.0,0.0,1.0,0.0,0.0,0.1853442266577994,0.2982953849146178,1.0,1.0,0
1.0,1.0,0.0,0.0,0.2,0.7307216700659603,0.0,0.0,0.0,0.0,0.0,0.0,0.0,1.0,0.0,0.0,0.3592157091824413,0.4902135540930231,1.0,1.0,0
0.0,1.0,0.0,0.0,0.0,0.07779185600919217,0.0,0.0,0.0,0.0,0.0,0.0,1.0,0.0,0.0,1.0,0.21461406030026894,0.07779748844833605,1.0,0.0,2
0.0,1.0,0.0,0.0,0.3,0.9847934908881718,0.0,0.0,0.0,0.0,0.0,0.0,0.0,1.0,0.0,0.0,0.08636552802446341,0.4572872978257929,1.0,0.0,0
1.0,1.0,0.0,0.0,0.3,0.5922139257420476,0.0,0.0,0.0,0.0,0.0,0.0,0.0,1.0,0.0,0.0,0.3895303871128237,0.6247963323515922,1.0,0.0,0
0.0,1.0,0.0,0.0,0.6,0.4716885525980455,0.0,0.0,0.0,0.0,0.0,0.0,0.0,0.0,0.0,0.0,0.17103577569974063,0.199905681112823,1.0,0.0,1
0.0,1.0,0.0,0.0,0.3,0.08517421980757654,0.0,0.0,0.0,0.0,0.0,0.0,0.0,0.0,0.0,0.0,0.23234768316533733,0.20778325597988145,1.0,0.0,1
0.0,1.0,0.0,0.0,0.0,0.04053862978776149,0.0,0.0,0.0,0.0,0.0,0.0,1.0,0.0,0.0,0.0,0.12741312606179084,0.6722670887755249,1.0,1.0,2
0.0,1.0,0.0,0.0,0.6,0.0029229340634378356,0.0,0.0,0.0,0.0,0.0,1.0,1.0,0.0,0.0,1.0,0.15207243309782179,0.5571697835968951,1.0,0.0,2
0.0,1.0,0.0,0.0,0.0,0.08172842572179229,1.0,0.0,0.0,0.0,0.0,1.0,1.0,0.0,0.0,0.0,0.05473206855258975,0.38645060112613927,1.0,1.0,2
0.0,1.0,0.0,0.0,0.6,0.9696947167510582,0.0,0.0,0.0,0.0,0.0,0.0,0.0,1.0,0.0,0.0,0.19976630629010264,0.4399334291044934,1.0,1.0,0
0.0,1.0,0.0,0.0,0.0,0.6233994086706148,0.0,0.0,0.0,0.0,0.0,0.0,0.0,1.0,0.0,0.0,0.2905193811365402,0.5474508485934415,1.0,0.0,0
1.0,1.0,0.0,0.0,0.0,0.7244487009989979,0.0,0.0,0.0,0.0,0.0,0.0,0.0,1.0,0.0,0.0,0.33151248186214954,0.09161354799760947,1.0,1.0,0
0.0,1.0,0.0,0.0,0.6,0.8342836503203076,0.0,0.0,0.0,0.0,0.0,0.0,0.0,1.0,0.0,0.0,0.19779436507724796,0.6910286116393072,1.0,1.0,0
0.0,1.0,0.0,0.0,0.3,0.40203184848417645,0.0,0.0,0.0,0.0,0.0,0.0,0.0,0.0,0.0,0.0,0.06916287728569753,0.4829537860040752,1.0,0.0,1
1.0,1.0,0.0,0.0,0.6,0.9632930124536567,0.0,0.0,0.0,0.0,0.0,0.0,0.0,1.0,0.0,0.0,0.28249912405352723,0.390214971947858,1.0,0.0,0
0.0,1.0,0.0,0.0,0.0,0.34592212026472463,0.0,0.0,0.0,0.0,0.0,0.0,0.0,0.0,0.0,0.0,0.17219034033639813,0.3573191481785988,1.0,0.0,1
0.0,1.0,0.0,0.0,0.3,0.21382808230664493,0.0,0.0,0.0,0.0,0.0,0.0,0.0,0.0,0.0,0.0,0.1609395206880461,0.3503058545699789,1.0,1.0,1
0.0,1.0,0.0,0.0,0.0,0.00535864456161767,0.0,0.0,0.0,0.0,0.0,1.0,1.0,0.0,0.0,1.0,0.07954869998260923,0.6682750196362117,1.0,1.0,2
0.0,1.0,0.0,0.0,0.0,0.3166472949547699,0.0,0.0,0.0,0.0,0.0,0.0,0.0,0.0,0.0,0.0,0.17692669664143212,0.2987950139206079,1.0,1.0,1
0.0,1.0,0.0,0.0,0.0,0.40925395589943986,0.0,0.0,0.0,0.0,0.0,0.0,0.0,0.0,0.0,0.0,0.19244677781264474,0.6753691680287123,1.0,1.0,1
0.0,1.0,0.0,0.0,0.6,0.40519085868298776,0.0,0.0,0.0,0.0,0.0,0.0,0.0,0.0,0.0,0.0,0.2795712080000707,0.505301670357398,1.0,1.0,1
0.0,1.0,0.0,0.0,0.0,0.26229108446049315,0.0,0.0,0.0,0.0,0.0,1.0,1.0,0.0,0.0,0.0,0.2375281386259398,0.5028717060078002,1.0,1.0,2
0.0,1.0,0.0,0.0,0.3,0.2032242046935695,1.0,1.0,0.0,0.0,0.0,1.0,1.0,0.0,0.0,1.0,0.11408088913376416,0.3139093610282305,1.0,1.0,2
0.0,1.0,0.0,0.0,0.3,0.8510862111650912,0.0,0.0,0.0,0.0,0.0,0.0,0.0,1.0,0.0,0.0,0.2554208058379483,0.17787631488021075,1.0,1.0,0
0.0,1.0,0.0,0.0,0.0,0.04914596860553803,0.0,0.0,0.0,0.0,0.0,0.0,0.0,0.0,0.0,0.0,0.0726751421265037,0.38595845681330004,1.0,0.0,1
0.0,1.0,0.0,0.0,0.0,0.13067887976124282,0.0,0.0,0.0,0.0,0.0,0.0,0.0,0.0,0.0,0.0,0.208936514712677,0.5183793828736002,1.0,1.0,1
0.0,1.0,0.0,0.0,0.6,0.11778031148449412,0.0,0.0,0.0,0.0,0.0,0.0,1.0,0.0,0.0,1.0,0.5298189908703121,0.3400259848380816,1.0,1.0,2
0.0,1.0,0.0,0.0,0.0,0.09476286839895567,1.0,1.0,0.0,0.0,0.0,0.0,1.0,0.0,0.0,1.0,0.21354506828596392,0.1966223376395492,1.0,1.0,2
0.0,1.0,0.0,0.0,0.0,0.1368273360830427,0.0,0.0,0.0,0.0,0.0,1.0,1.0,0.0,0.0,0.0,0.5260108626301595,0.3104370611935388,1.0,1.0,2
0.0,1.0,0.0,0.0,0.3,0.36392922196651867,0.0,0.0,0.0,0.0,0.0,0.0,0.0,0.0,0.0,0.0,0.6285910520010975,0.3452094252083814,1.0,0.0,1
0.0,1.0,0.0,0.0,0.6,0.10705875113017298,0.0,0.0,0.0,0.0,0.0,0.0,1.0,0.0,0.0,1.0,0.3005110186523452,0.08287574330304581,1.0,1.0,2
1.0,1.0,0.0,0.0,0.0,0.8886192096627159,0.0,0.0,0.0,0.0,0.0,0.0,0.0,1.0,0.0,0.0,0.3634031424860785,0.704265363120753,1.0,0.0,0
0.0,1.0,0.0,0.0,0.0,0.17279275016921974,0.0,0.0,0.0,0.0,0.0,0.0,0.0,0.0,0.0,0.0,0.4985374825044297,0.3035238489069419,1.0,1.0,1
0.0,1.0,0.0,0.0,0.3,0.0668192604458812,0.0,0.0,0.0,0.0,0.0,0.0,1.0,0.0,0.0,0.0,0.504603798722173,0.11080167999549188,1.0,0.0,2
1.0,1.0,0.0,0.0,0.1,0.7464787448996889,0.0,0.0,0.0,0.0,0.0,0.0,0.0,1.0,0.0,0.0,0.7580880639416698,0.7538502651263549,1.0,1.0,0
0.0,1.0,0.0,0.0,0.3,0.34509979328388624,0.0,0.0,0.0,0.0,0.0,0.0,1.0,0.0,0.0,1.0,0.09483366400868595,0.21303554246568374,1.0,0.0,2
0.0,1.0,0.0,0.0,0.3,0.37673649711148144,0.0,0.0,0.0,0.0,0.0,0.0,0.0,0.0,0.0,0.0,0.2912198583177243,0.5369023224026239,1.0,0.0,1
1.0,1.0,0.0,0.0,0.0,0.7832754846002327,0.0,0.0,0.0,0.0,0.0,0.0,0.0,1.0,0.0,0.0,0.1993288695385611,0.37810700755204973,1.0,1.0,0
0.0,1.0,0.0,0.0,0.6,0.08333843164884339,0.0,0.0,0.0,0.0,0.0,0.0,1.0,0.0,0.0,0.0,0.4336776353529305,0.5038470827353878,1.0,0.0,2
1.0,1.0,0.0,0.0,0.3,0.80724243644537,0.0,0.0,0.0,0.0,0.0,0.0,0.0,1.0,0.0,0.0,0.32245520987619636,0.09308027231338557,1.0,1.0,0
0.0,1.0,0.0,0.0,0.3,0.5856078768661884,0.0,0.0,0.0,0.0,0.0,0.0,0.0,1.0,0.0,0.0,0.5193959195995194,0.23982934129909264,1.0,0.0,0
0.0,1.0,0.0,0.0,0.3,0.16301441860889312,0.0,0.0,0.0,0.0,0.0,0.0,0.0,0.0,0.0,0.0,0.39021897227600094,0.6167108635943706,1.0,1.0,1
0.0,1.0,0.0,0.0,0.0,0.21954838778049865,0.0,0.0,0.0,0.0,0.0,0.0,1.0,0.0,0.0,0.0,0.44408100459560396,0.4780599236864737,1.0,1.0,2
0.0,1.0,0.0,0.0,0.3,0.5955235576883987,0.0,0.0,0.0,0.0,0.0,0.0,0.0,0.0,0.0,0.0,0.18719524151744954,0.48851731881514837,1.0,1.0,1
0.0,1.0,0.0,0.0,0.0,0.0022931989015861653,0.0,0.0,0.0,0.0,0.0,0.0,1.0,0.0,0.0,0.0,0.22676191537873114,0.7934888176642902,1.0,0.0,2
0.0,1.0,0.0,0.0,0.0,0.286560128145068,0.0,0.0,0.0,0.0,0.0,0.0,0.0,0.0,0.0,0.0,0.15092815269484947,0.541636290166443,1.0,0.0,1
0.0,1.0,0.0,0.0,0.0,0.17183993082512558,0.0,0.0,0.0,0.0,0.0,0.0,0.0,0.0,0.0,0.0,0.2944509539200336,0.3283477884080982,1.0,1.0,1
0.0,1.0,0.0,0.0,0.0,0.09990452551269381,0.0,1.0,0.0,0.0,0.0,1.0,1.0,0.0,0.0,1.0,0.13652706616396576,0.6039068760473523,1.0,1.0,2
0.0,1.0,0.0,0.0,0.0,0.1550663844109114,0.0,0.0,0.0,0.0,0.0,0.0,0.0,0.0,0.0,0.0,0.10630282837209272,0.18260322190153053,1.0,1.0,1
0.0,1.0,0.0,0.0,0.3,0.14444175328593414,0.0,0.0,0.0,0.0,0.0,0.0,0.0,0.0,0.0,0.0,0.20971005799335862,0.5392306144757448,1.0,0.0,1
0.0,1.0,0.0,0.0,0.3,0.49513921696525265,0.0,0.0,0.0,0.0,0.0,0.0,0.0,1.0,0.0,0.0,0.4794086607102495,0.33646514613033884,1.0,0.0,0
0.0,1.0,0.0,0.0,0.3,0.7026015413436174,0.0,0.0,0.0,0.0,0.0,0.0,0.0,1.0,0.0,0.0,0.2813056894390748,0.6987383958447257,1.0,1.0,0
0.0,1.0,0.0,0.0,0.0,0.007921407060414755,1.0,0.0,0.0,0.0,0.0,0.0,1.0,0.0,0.0,1.0,0.1097821505806491,0.46744355426267536,1.0,1.0,2
0.0,1.0,0.0,0.0,0.6,0.6096829757093285,0.0,0.0,0.0,0.0,0.0,0.0,0.0,0.0,0.0,0.0,0.10859990015485706,0.6112557047398782,1.0,1.0,1
0.0,1.0,0.0,0.0,0.3,0.3109379990054134,0.0,0.0,0.0,0.0,0.0,0.0,0.0,0.0,0.0,0.0,0.4501829293421918,0.5124070074628673,1.0,1.0,1
0.0,1.0,0.0,0.0,0.3,0.25275198993062226,0.0,0.0,0.0,0.0,0.0,0.0,1.0,0.0,0.0,1.0,0.36663857629780233,0.2901777497043003,1.0,0.0,2
0.0,1.0,0.0,0.0,0.0,0.24726987594639957,1.0,0.0,0.0,0.0,0.0,1.0,1.0,0.0,0.0,0.0,0.1821923999329253,0.2865965774783182,1.0,1.0,2
0.0,1.0,0.0,0.0,0.3,0.5066811480396437,0.0,0.0,0.0,0.0,0.0,0.0,0.0,0.0,0.0,0.0,0.05921696899474356,0.49437292727443,1.0,0.0,1
0.0,1.0,0.0,0.0,0.3,0.5423805268304098,0.0,0.0,0.0,0.0,0.0,0.0,0.0,1.0,0.0,0.0,0.07405634360499311,0.5507071513143031,1.0,0.0,0
0.0,1.0,0.0,0.0,0.3,0.340805854797592,0.0,0.0,0.0,0.0,0.0,0.0,0.0,0.0,0.0,0.0,0.4462428254684479,0.34961538432099387,1.0,1.0,1
0.0,1.0,0.0,0.0,0.3,0.49489151370568846,0.0,0.0,0.0,0.0,0.0,0.0,0.0,0.0,0.0,0.0,0.30259811710995094,0.599192556502921,1.0,1.0,1
0.0,1.0,0.0,0.0,0.0,0.7104433220309693,0.0,0.0,0.0,0.0,0.0,0.0,0.0,0.0,0.0,0.0,0.1549218804698278,0.5729182904912653,1.0,1.0,1
0.0,1.0,0.0,0.0,0.3,0.24345332513442244,0.0,0.0,0.0,0.0,0.0,0.0,0.0,0.0,0.0,0.0,0.25641371569695,0.3852077123537134,1.0,1.0,1
1.0,1.0,0.0,0.0,0.0,0.7230731605431726,0.0,0.0,0.0,0.0,0.0,0.0,0.0,1.0,0.0,0.0,0.4569983167066729,0.18663334940732887,1.0,0.0,0
1.0,1.0,0.0,0.0,0.0,0.8830519156126416,0.0,0.0,0.0,0.0,0.0,0.0,0.0,1.0,0.0,0.0,0.6792733927365933,0.11312792831622374,1.0,1.0,0
0.0,1.0,0.0,0.0,0.0,0.03784370268020046,0.0,0.0,0.0,0.0,0.0,0.0,1.0,0.0,0.0,1.0,0.20695391555052878,0.13251972015708546,1.0,1.0,2
1.0,1.0,0.0,0.0,0.0,0.7983459492077186,0.0,0.0,0.0,0.0,0.0,0.0,0.0,1.0,0.0,0.0,0.4306790891387835,0.3017526589334003,1.0,0.0,0
0.0,1.0,0.0,0.0,0.3,0.7234381119098882,0.0,0.0,0.0,0.0,0.0,0.0,0.0,1.0,0.0,0.0,0.08951086060182553,0.10622864202432267,1.0,0.0,0
0.0,1.0,0.0,0.0,0.3,0.0307064131488756,0.0,0.0,0.0,0.0,0.0,0.0,1.0,0.0,0.0,0.0,0.14765165227904903,0.662747238645391,1.0,0.0,2
0.0,1.0,0.0,0.0,0.0,0.16962867676397575,0.0,0.0,0.0,0.0,0.0,0.0,1.0,0.0,0.0,1.0,0.16798598656537256,0.31140235127586396,1.0,1.0,2
0.0,1.0,0.0,0.0,0.3,0.5226688645088607,0.0,0.0,0.0,0.0,0.0,0.0,0.0,0.0,0.0,0.0,0.4636562200546975,0.3764101171140308,1.0,0.0,1
0.0,1.0,0.0,0.0,0.0,0.07317071380254896,1.0,1.0,0.0,0.0,0.0,0.0,1.0,0.0,0.0,0.0,0.14846987185722504,0.16270116506652463,1.0,0.0,2
0.0,1.0,0.0,0.0,0.6,0.8147086124222697,0.0,0.0,0.0,0.0,0.0,0.0,0.0,1.0,0.0,0.0,0.1999825301857187,0.261271736409938,1.0,0.0,0
0.0,1.0,0.0,0.0,0.3,0.6375322326746415,0.0,0.0,0.0,0.0,0.0,0.0,0.0,1.0,0.0,0.0,0.13917575627114023,0.0794610472490312,1.0,0.0,0
0.0,1.0,0.0,0.0,0.3,0.8709439291099131,0.0,0.0,0.0,0.0,0.0,0.0,0.0,1.0,0.0,0.0,0.32778719605893764,0.463096012795261,1.0,1.0,0
0.0,1.0,0.0,0.0,0.0,0.6319233615328949,0.0,0.0,0.0,0.0,0.0,0.0,0.0,0.0,0.0,0.0,0.16302702210173173,0.25927266115153813,1.0,1.0,1
0.0,1.0,0.0,0.0,0.6,0.8663232984819238,0.0,0.0,0.0,0.0,0.0,0.0,0.0,1.0,0.0,0.0,0.4323259210796701,0.5365339578096249,1.0,1.0,0
0.0,1.0,0.0,0.0,0.3,0.13034120026113868,0.0,0.0,0.0,0.0,0.0,0.0,0.0,0.0,0.0,0.0,0.37635653342456765,0.5817095227554533,1.0,0.0,1
0.0,1.0,0.0,0.0,0.2,0.48688693639241365,0.0,0.0,0.0,0.0,0.0,0.0,0.0,1.0,0.0,0.0,0.26191434792934054,0.2175463695817133,1.0,0.0,0
0.0,1.0,0.0,0.0,0.0,0.19487612755424472,0.0,0.0,0.0,0.0,0.0,0.0,1.0,0.0,0.0,1.0,0.11913495945283765,0.5571702209125011,1.0,0.0,2
0.0,1.0,0.0,0.0,0.3,0.3657259718191037,0.0,0.0,0.0,0.0,0.0,0.0,1.0,0.0,0.0,1.0,0.2969068072632687,0.4131831898592945,1.0,1.0,2
0.0,1.0,0.0,0.0,0.0,0.1394795074464042,0.0,0.0,0.0,0.0,0.0,0.0,0.0,0.0,0.0,0.0,0.656996652975174,0.11353707661117851,1.0,0.0,1
0.0,1.0,0.0,0.0,0.0,0.06922283511203611,0.0,0.0,0.0,0.0,0.0,0.0,0.0,0.0,0.0,0.0,0.40121459772798124,0.67423893367792,1.0,1.0,1
0.0,1.0,0.0,0.0,0.6,0.3770432813582406,0.0,0.0,0.0,0.0,0.0,0.0,0.0,0.0,0.0,0.0,0.3196631340568684,0.2662704971975739,1.0,0.0,1
0.0,1.0,0.0,0.0,0.0,0.24710237149894415,0.0,0.0,0.0,0.0,0.0,0.0,0.0,0.0,0.0,0.0,0.42617061432789294,0.5821222242774426,1.0,0.0,1
0.0,1.0,0.0,0.0,0.0,0.2876537959261056,0.0,0.0,0.0,0.0,0.0,0.0,0.0,0.0,0.0,0.0,0.49019491835789675,0.7127668186738804,1.0,0.0,1
0.0,1.0,0.0,0.0,0.0,0.01014763485420332,1.0,0.0,0.0,0.0,0.0,0.0,1.0,0.0,0.0,0.0,0.4743973147748301,0.27670865760774277,1.0,0.0,2
0.0,1.0,0.0,0.0,0.0,0.9039815105535925,0.0,0.0,0.0,0.0,0.0,0.0,0.0,1.0,0.0,0.0,0.4086069923909617,0.34641836000243414,1.0,0.0,0
0.0,1.0,0.0,0.0,0.3,0.23408800578400793,0.0,0.0,0.0,0.0,0.0,0.0,0.0,0.0,0.0,0.0,0.18815229938454617,0.40158919697842477,1.0,0.0,1
0.0,1.0,0.0,0.0,0.0,0.11678728349873374,0.0,0.0,0.0,0.0,0.0,0.0,1.0,0.0,0.0,0.0,0.2245786233903515,0.5422420579087127,1.0,1.0,2
0.0,1.0,0.0,0.0,0.0,0.12381517544257374,0.0,0.0,0.0,0.0,0.0,0.0,0.0,0.0,0.0,0.0,0.2086384948780736,0.5804122495095388,1.0,0.0,1
0.0,1.0,0.0,0.0,0.6,0.8403118707707435,0.0,0.0,0.0,0.0,0.0,0.0,0.0,1.0,0.0,0.0,0.504426592279056,0.3204796087278102,1.0,1.0,0
0.0,1.0,0.0,0.0,0.0,0.3952785471687645,0.0,0.0,0.0,0.0,0.0,0.0,0.0,0.0,0.0,0.0,0.1375018311214704,0.751180753643521,1.0,0.0,1
0.0,1.0,0.0,0.0,0.0,0.23418373866921244,1.0,1.0,0.0,0.0,0.0,0.0,1.0,0.0,0.0,1.0,0.5137004044905076,0.6913865847887316,1.0,1.0,2
0.0,1.0,0.0,0.0,0.0,0.47181673753921527,0.0,0.0,0.0,0.0,0.0,0.0,0.0,0.0,0.0,0.0,0.28790747884736234,0.4040656725277271,1.0,1.0,1
0.0,1.0,0.0,0.0,0.3,0.06881095240850907,0.0,1.0,0.0,0.0,0.0,0.0,1.0,0.0,0.0,0.0,0.17814949991639492,0.19814989625422758,1.0,1.0,2
0.0,1.0,0.0,0.0,0.0,0.04761310821314634,0.0,0.0,0.0,0.0,0.0,0.0,1.0,0.0,0.0,1.0,0.12596581882275412,0.5277966801898727,1.0,0.0,2
0.0,1.0,0.0,0.0,0.3,0.7257886927153416,0.0,0.0,0.0,0.0,0.0,0.0,0.0,1.0,0.0,0.0,0.13486481445421336,0.539273969927423,1.0,0.0,0
1.0,1.0,0.0,0.0,0.3,0.881907846965326,0.0,0.0,0.0,0.0,0.0,0.0,0.0,1.0,0.0,0.0,0.6986478296593437,0.26822158876454355,1.0,0.0,0
1.0,1.0,0.0,0.0,0.6,0.7376240888779422,0.0,0.0,0.0,0.0,0.0,0.0,0.0,1.0,0.0,0.0,0.28626979855174456,0.18710259016074315,1.0,1.0,0
0.0,1.0,0.0,0.0,0.3,0.0430914661073837,0.0,0.0,0.0,0.0,0.0,0.0,0.0,0.0,0.0,0.0,0.5650769481218109,0.33841475657896114,1.0,1.0,1
0.0,1.0,0.0,0.0,0.3,0.2241239913436797,0.0,0.0,0.0,0.0,0.0,0.0,0.0,0.0,0.0,0.0,0.1462995382715867,0.46483491359076956,1.0,0.0,1
0.0,1.0,0.0,0.0,0.0,0.8401528617762782,0.0,0.0,0.0,0.0,0.0,0.0,0.0,1.0,0.0,0.0,0.11204295363622961,0.5507444780488979,1.0,1.0,0
1.0,1.0,0.0,0.0,0.0,0.5195890763682829,0.0,0.0,0.0,0.0,0.0,0.0,0.0,1.0,0.0,0.0,0.21667006109810896,0.5605499258851533,1.0,1.0,0
1.0,1.0,0.0,0.0,0.3,0.7743156270359003,0.0,0.0,0.0,0.0,0.0,0.0,0.0,1.0,0.0,0.0,0.2422459113252287,0.43194695592034466,1.0,1.0,0
0.0,1.0,0.0,0.0,0.0,0.395777466338288,0.0,0.0,0.0,0.0,0.0,0.0,0.0,0.0,0.0,0.0,0.4118879049516368,0.1754001839421719,1.0,0.0,1
0.0,1.0,0.0,0.0,0.0,0.2438894768250323,0.0,0.0,0.0,0.0,0.0,0.0,0.0,0.0,0.0,0.0,0.027931782770121143,0.31567582101013125,1.0,1.0,1
0.0,1.0,0.0,0.0,0.6,0.11216724413659876,0.0,0.0,0.0,0.0,0.0,0.0,0.0,0.0,0.0,0.0,0.07802306100292464,0.4155254287425619,1.0,0.0,1
0.0,1.0,0.0,0.0,0.3,0.012027862447357951,0.0,0.0,0.0,0.0,0.0,0.0,1.0,0.0,0.0,1.0,0.19431796512364152,0.7315331053216013,1.0,0.0,2
0.0,1.0,0.0,0.0,0.6,0.16231945308181853,0.0,1.0,0.0,0.0,0.0,1.0,1.0,0.0,0.0,1.0,0.16729553333202282,0.5711220086814013,1.0,1.0,2
0.0,1.0,0.0,0.0,0.3,0.6417196113220935,0.0,0.0,0.0,0.0,0.0,0.0,0.0,0.0,0.0,0.0,0.21730916977910628,0.19290608866499442,1.0,0.0,1
0.0,1.0,0.0,0.0,0.3,0.5023415415435047,0.0,0.0,0.0,0.0,0.0,0.0,0.0,0.0,0.0,0.0,0.3053552804494482,0.25280048156953105,1.0,0.0,1
0.0,1.0,0.0,0.0,0.6,0.5687682398240161,0.0,0.0,0.0,0.0,0.0,0.0,0.0,1.0,0.0,0.0,0.35177933130624595,0.29617646521954843,1.0,1.0,0
0.0,1.0,0.0,0.0,0.3,0.6954026598340272,0.0,0.0,0.0,0.0,0.0,0.0,0.0,1.0,0.0,0.0,0.13763607403831168,0.6985489262619745,1.0,0.0,0
0.0,1.0,0.0,0.0,0.3,0.2339851983603473,0.0,0.0,0.0,0.0,0.0,0.0,0.0,0.0,0.0,0.0,0.28925904183300183,0.26892932566999794,1.0,0.0,1
0.0,1.0,0.0,0.0,0.6,0.7061618984371253,0.0,0.0,0.0,0.0,0.0,0.0,0.0,1.0,0.0,0.0,0.15908464739131778,0.3560710602799203,1.0,1.0,0
0.0,1.0,0.0,0.0,0.6,0.20036317133943163,0.0,0.0,0.0,0.0,0.0,0.0,0.0,0.0,0.0,0.0,0.2255272007726894,0.5334413085647601,1.0,0.0,1
0.0,1.0,0.0,0.0,0.2,0.1524686736637172,0.0,0.0,0.0,0.0,0.0,0.0,0.0,0.0,0.0,0.0,0.48154098269625445,0.498436882684417,1.0,1.0,1
0.0,1.0,0.0,0.0,0.6,0.11995889165267298,0.0,0.0,0.0,0.0,0.0,0.0,1.0,0.0,0.0,0.0,0.1483902231994826,0.15439456957729583,1.0,0.0,2
1.0,1.0,0.0,0.0,0.0,0.929154568184999,0.0,0.0,0.0,0.0,0.0,0.0,0.0,1.0,0.0,0.0,0.17093640830177687,0.10436044874986396,1.0,0.0,0
0.0,1.0,0.0,0.0,0.3,0.39630232468698023,0.0,0.0,0.0,0.0,0.0,0.0,0.0,0.0,0.0,0.0,0.09178097105985505,0.2738305602866622,1.0,1.0,1
0.0,1.0,0.0,0.0,0.3,0.11293118867629208,1.0,1.0,0.0,0.0,0.0,0.0,1.0,0.0,0.0,0.0,0.18649471759826577,0.3919812743979036,1.0,1.0,2
0.0,1.0,0.0,0.0,0.0,0.1546886556136956,0.0,0.0,0.0,0.0,0.0,0.0,0.0,0.0,0.0,0.0,0.030491275627587626,0.17608896991349304,1.0,1.0,1
0.0,1.0,0.0,0.0,0.2,0.5425063271259506,0.0,0.0,0.0,0.0,0.0,0.0,0.0,1.0,0.0,0.0,0.33051276020197656,0.540432764348963,1.0,0.0,0
0.0,1.0,0.0,0.0,0.0,0.2519281667942806,0.0,0.0,0.0,0.0,0.0,0.0,0.0,0.0,0.0,0.0,0.6424168642020038,0.5782800812853391,1.0,0.0,1
0.0,1.0,0.0,0.0,0.0,0.7003206985292032,0.0,0.0,0.0,0.0,0.0,0.0,0.0,0.0,0.0,0.0,0.7090057257214937,0.28996716690596547,1.0,1.0,1
0.0,1.0,0.0,0.0,0.2,0.38375276443478396,0.0,0.0,0.0,0.0,0.0,0.0,0.0,0.0,0.0,0.0,0.06935944305403545,0.48176910234510995,1.0,1.0,1
0.0,1.0,0.0,0.0,0.0,0.3163098653224934,0.0,0.0,0.0,0.0,0.0,0.0,0.0,0.0,0.0,0.0,0.6110649419936722,0.542861812258272,1.0,0.0,1
0.0,1.0,0.0,0.0,0.0,0.21744380533894397,0.0,0.0,0.0,0.0,0.0,0.0,0.0,0.0,0.0,0.0,0.44895653332593655,0.3555868460161624,1.0,0.0,1
0.0,1.0,0.0,0.0,0.0,0.08585886642380186,0.0,0.0,0.0,0.0,0.0,1.0,1.0,0.0,0.0,1.0,0.1486284871933544,0.2910478765310615,1.0,0.0,2
0.0,1.0,0.0,0.0,0.3,0.08151445016702451,0.0,1.0,0.0,0.0,0.0,1.0,1.0,0.0,0.0,1.0,0.06733485908508187,0.4756244629397597,1.0,0.0,2
0.0,1.0,0.0,0.0,0.6,0.062244679307476944,0.0,1.0,0.0,0.0,0.0,1.0,1.0,0.0,0.0,1.0,0.07122024365833762,0.2893260903524375,1.0,1.0,2
1.0,1.0,0.0,0.0,0.2,0.8517022344441274,0.0,0.0,0.0,0.0,0.0,0.0,0.0,1.0,0.0,0.0,0.23130855619306714,0.5864372698962547,1.0,1.0,0
0.0,1.0,0.0,0.0,0.3,0.1983151809343635,0.0,0.0,0.0,0.0,0.0,0.0,0.0,0.0,0.0,0.0,0.27949194385927006,0.8046392734626483,1.0,0.0,1
0.0,1.0,0.0,0.0,0.3,0.6801839709690933,0.0,0.0,0.0,0.0,0.0,0.0,0.0,1.0,0.0,0.0,0.2901939770031088,0.48290882582620837,1.0,0.0,0
0.0,1.0,0.0,0.0,0.3,0.1083556665212348,0.0,0.0,0.0,0.0,0.0,0.0,1.0,0.0,0.0,1.0,0.6117454254857816,0.2853122600390937,1.0,1.0,2
0.0,1.0,0.0,0.0,0.0,0.3466631747088215,0.0,0.0,0.0,0.0,0.0,0.0,0.0,0.0,0.0,0.0,0.7297803271210077,0.4223830854251926,1.0,1.0,1
0.0,1.0,0.0,0.0,0.0,0.332896364820331,0.0,0.0,0.0,0.0,0.0,0.0,0.0,0.0,0.0,0.0,0.506057706970219,0.538841104930976,1.0,0.0,1
0.0,1.0,0.0,0.0,0.0,0.1521559898635854,0.0,1.0,0.0,0.0,0.0,0.0,1.0,0.0,0.0,1.0,0.3442504007068623,0.3797215458707066,1.0,1.0,2
0.0,1.0,0.0,0.0,0.0,0.04726461807313702,0.0,0.0,0.0,0.0,0.0,0.0,0.0,0.0,0.0,0.0,0.40102348358634865,0.23363169185460622,1.0,0.0,1
0.0,1.0,0.0,0.0,0.0,0.4348880110652291,0.0,0.0,0.0,0.0,0.0,0.0,0.0,1.0,0.0,0.0,0.2823733552296264,0.2186103351167331,1.0,0.0,0
0.0,1.0,0.0,0.0,0.3,0.10414692897076551,0.0,1.0,0.0,0.0,0.0,0.0,1.0,0.0,0.0,0.0,0.4439141808615032,0.49586024045639837,1.0,0.0,2
1.0,1.0,0.0,0.0,0.3,0.7500532394168178,0.0,0.0,0.0,0.0,0.0,0.0,0.0,1.0,0.0,0.0,0.3810306815761116,0.48471842896736544,1.0,0.0,0
0.0,1.0,0.0,0.0,0.0,0.18739704506185545,0.0,0.0,0.0,0.0,0.0,1.0,1.0,0.0,0.0,1.0,0.27161101244081587,0.4480524883413693,1.0,1.0,2
0.0,1.0,0.0,0.0,0.0,0.14558340561402924,0.0,0.0,0.0,0.0,0.0,0.0,0.0,0.0,0.0,0.0,0.11157691976933037,0.26082681385262657,1.0,0.0,1
0.0,1.0,0.0,0.0,0.3,0.09799521093976078,0.0,0.0,0.0,0.0,0.0,1.0,1.0,0.0,0.0,0.0,0.2568934503884116,0.3716288720662584,1.0,1.0,2
0.0,1.0,0.0,0.0,0.0,0.5305568494614356,0.0,0.0,0.0,0.0,0.0,0.0,0.0,0.0,0.0,0.0,0.3923872090853193,0.6809181007913178,1.0,1.0,1
0.0,1.0,0.0,0.0,0.6,0.5030960840836685,0.0,0.0,0.0,0.0,0.0,0.0,0.0,0.0,0.0,0.0,0.33101586136765365,0.18329289382384029,1.0,0.0,1
0.0,1.0,0.0,0.0,0.3,0.089198459592382,0.0,0.0,0.0,0.0,0.0,0.0,0.0,0.0,0.0,0.0,0.20018005721167523,0.6364448904119491,1.0,1.0,1
0.0,1.0,0.0,0.0,0.3,0.2103808560708983,0.0,0.0,0.0,0.0,0.0,0.0,0.0,0.0,0.0,0.0,0.22528744435898831,0.33343396629742494,1.0,1.0,1
0.0,1.0,0.0,0.0,0.0,0.6349486209149491,0.0,0.0,0.0,0.0,0.0,0.0,0.0,1.0,0.0,0.0,0.04209794782204953,0.13510991451797488,1.0,0.0,0
0.0,1.0,0.0,0.0,0.6,0.8713868807432271,0.0,0.0,0.0,0.0,0.0,0.0,0.0,1.0,0.0,0.0,0.14059426487038518,0.39186823998165815,1.0,1.0,0
0.0,1.0,0.0,0.0,0.0,0.08953881682796358,1.0,1.0,0.0,0.0,0.0,0.0,1.0,0.0,0.0,0.0,0.22332468480000278,0.3743407017379718,1.0,0.0,2
0.0,1.0,0.0,0.0,0.3,0.057231343001222054,0.0,0.0,0.0,0.0,0.0,1.0,1.0,0.0,0.0,0.0,0.08350981203075152,0.5866525242998951,1.0,1.0,2
0.0,1.0,0.0,0.0,0.0,0.016274920645776753,0.0,1.0,0.0,0.0,0.0,0.0,1.0,0.0,0.0,0.0,0.45076376184246,0.37826629686808644,1.0,1.0,2
0.0,1.0,0.0,0.0,0.3,0.8171417844601373,0.0,0.0,0.0,0.0,0.0,0.0,0.0,1.0,0.0,0.0,0.6069865866567304,0.6050243022779894,1.0,1.0,0
0.0,1.0,0.0,0.0,0.0,0.07313066147382,0.0,0.0,0.0,0.0,0.0,0.0,1.0,0.0,0.0,1.0,0.2732994641919693,0.09857638601102485,1.0,0.0,2
0.0,1.0,0.0,0.0,0.2,0.6787050572890323,0.0,0.0,0.0,0.0,0.0,0.0,0.0,0.0,0.0,0.0,0.2118983532084802,0.48356186826176223,1.0,0.0,1
1.0,1.0,0.0,0.0,0.3,0.8767181097554326,0.0,0.0,0.0,0.0,0.0,0.0,0.0,1.0,0.0,0.0,0.370273130847522,0.2649432093161823,1.0,1.0,0
0.0,1.0,0.0,0.0,0.0,0.03358643062222528,1.0,0.0,0.0,0.0,0.0,0.0,1.0,0.0,0.0,1.0,0.5337294619486073,0.2692743166514604,1.0,1.0,2
0.0,1.0,0.0,0.0,0.0,0.8034959083873281,0.0,0.0,0.0,0.0,0.0,0.0,0.0,1.0,0.0,0.0,0.07996568288623815,0.3994637918014577,1.0,0.0,0
0.0,1.0,0.0,0.0,0.0,0.4333654251505595,0.0,0.0,0.0,0.0,0.0,0.0,0.0,1.0,0.0,0.0,0.10103769498903756,0.7091797514854788,1.0,1.0,0
0.0,1.0,0.0,0.0,0.0,0.568325744407766,0.0,0.0,0.0,0.0,0.0,0.0,0.0,0.0,0.0,0.0,0.14612503072037142,0.2021316203182494,1.0,1.0,1
0.0,1.0,0.0,0.0,0.0,0.656912903232755,0.0,0.0,0.0,0.0,0.0,0.0,0.0,1.0,0.0,0.0,0.28803190859761846,0.4904680613245548,1.0,0.0,0
0.0,1.0,0.0,0.0,0.6,0.18488293956511656,0.0,0.0,0.0,0.0,0.0,0.0,0.0,0.0,0.0,0.0,0.1640942200491386,0.38223451220413346,1.0,0.0,1
0.0,1.0,0.0,0.0,0.3,0.5657302496755555,0.0,0.0,0.0,0.0,0.0,0.0,0.0,0.0,0.0,0.0,0.14516729759580246,0.29075093427708065,1.0,0.0,1
1.0,1.0,0.0,0.0,0.3,0.6939198365451702,0.0,0.0,0.0,0.0,0.0,0.0,0.0,1.0,0.0,0.0,0.4087772153365794,0.4620926840643379,1.0,0.0,0
0.0,1.0,0.0,0.0,0.6,0.2497616565350999,0.0,0.0,0.0,0.0,0.0,0.0,1.0,0.0,0.0,1.0,0.38676744476445635,0.260679406347939,1.0,1.0,2
