normalized_number,name,category,source,city,url,source_confidence
+73432115574,"Банки в Екатеринбурге - адреса, телефоны и отзывы",bank,spravker,ekb,https://ekaterinburg.spravker.ru/banki/,0.70
+73432115575,"Банки в Екатеринбурге - адреса, телефоны и отзывы",bank,spravker,ekb,https://ekaterinburg.spravker.ru/banki/,0.70
+73432115576,"Банки в Екатеринбурге - адреса, телефоны и отзывы",bank,spravker,ekb,https://ekaterinburg.spravker.ru/banki/,0.70
+73432115578,"Банки в Екатеринбурге - адреса, телефоны и отзывы",bank,spravker,ekb,https://ekaterinburg.spravker.ru/banki/,0.70
+73432131991,"Банки в Екатеринбурге - адреса, телефоны и отзывы",bank,spravker,ekb,https://ekaterinburg.spravker.ru/banki/,0.70
+73432636918,"Банки в Екатеринбурге - адреса, телефоны и отзывы",bank,spravker,ekb,https://ekaterinburg.spravker.ru/banki/,0.70
+73432870220,"Банки в Екатеринбурге - адреса, телефоны и отзывы",bank,spravker,ekb,https://ekaterinburg.spravker.ru/banki/,0.70
+73432887556,Таков путь в Банковском переулке,bank,zoon,ekb,https://zoon.ru/ekb/entertainment/,0.70
+73433020752,"Банки в Екатеринбурге - адреса, телефоны и отзывы",bank,spravker,ekb,https://ekaterinburg.spravker.ru/banki/,0.70
+73433020757,"Банки в Екатеринбурге - адреса, телефоны и отзывы",bank,spravker,ekb,https://ekaterinburg.spravker.ru/banki/,0.70
+73433280160,"Банки в Екатеринбурге - адреса, телефоны и отзывы",bank,spravker,ekb,https://ekaterinburg.spravker.ru/banki/,0.70
+73433561860,"Банки в Екатеринбурге - адреса, телефоны и отзывы",bank,spravker,ekb,https://ekaterinburg.spravker.ru/banki/,0.70
+73439330080,Стоматологическая клиника Альфа Бета в Академическом районе,bank,zoon,ekb,https://zoon.ru/ekb/medical/,0.70
+73472269786,"Банки в Уфе - адреса, телефоны и отзывы",bank,spravker,ufa,https://ufa.spravker.ru/banki/,0.70
+73472461629,"Банки в Уфе - адреса, телефоны и отзывы",bank,spravker,ufa,https://ufa.spravker.ru/banki/,0.70
+73472464776,"Банки в Уфе - адреса, телефоны и отзывы",bank,spravker,ufa,https://ufa.spravker.ru/banki/,0.70
+73472464885,"Банки в Уфе - адреса, телефоны и отзывы",bank,spravker,ufa,https://ufa.spravker.ru/banki/,0.70
+73472731423,"Банки в Уфе - адреса, телефоны и отзывы",bank,spravker,ufa,https://ufa.spravker.ru/banki/,0.70
+73472999999,"Банки в Уфе - адреса, телефоны и отзывы",bank,spravker,ufa,https://ufa.spravker.ru/banki/,0.70
+73512002000,"Банки в Челябинске - адреса, телефоны и отзывы",bank,spravker,chelyabinsk,https://chelyabinsk.spravker.ru/banki/,0.70
+73512373353,"Банки в Челябинске - адреса, телефоны и отзывы",bank,spravker,chelyabinsk,https://chelyabinsk.spravker.ru/banki/,0.70
+73512374278,"Банки в Челябинске - адреса, телефоны и отзывы",bank,spravker,chelyabinsk,https://chelyabinsk.spravker.ru/banki/,0.70
+73512378149,"Банки в Челябинске - адреса, телефоны и отзывы",bank,spravker,chelyabinsk,https://chelyabinsk.spravker.ru/banki/,0.70
+73512396555,"Банки в Челябинске - адреса, телефоны и отзывы",bank,spravker,chelyabinsk,https://chelyabinsk.spravker.ru/banki/,0.70
+73512396565,"Банки в Челябинске - адреса, телефоны и отзывы",bank,spravker,chelyabinsk,https://chelyabinsk.spravker.ru/banki/,0.70
+73512397668,"Банки в Челябинске - адреса, телефоны и отзывы",bank,spravker,chelyabinsk,https://chelyabinsk.spravker.ru/banki/,0.70
+73512397777,"Банки в Екатеринбурге - адреса, телефоны и отзывы",bank,spravker,ekb,https://ekaterinburg.spravker.ru/banki/,0.70
+73512398308,"Банки в Челябинске - адреса, телефоны и отзывы",bank,spravker,chelyabinsk,https://chelyabinsk.spravker.ru/banki/,0.70
+73512398334,"Банки в Челябинске - адреса, телефоны и отзывы",bank,spravker,chelyabinsk,https://chelyabinsk.spravker.ru/banki/,0.70
+73512398348,"Банки в Челябинске - адреса, телефоны и отзывы",bank,spravker,chelyabinsk,https://chelyabinsk.spravker.ru/banki/,0.70
+73512398349,"Банки в Челябинске - адреса, телефоны и отзывы",bank,spravker,chelyabinsk,https://chelyabinsk.spravker.ru/banki/,0.70
+73512398380,"Банки в Екатеринбурге - адреса, телефоны и отзывы",bank,spravker,ekb,https://ekaterinburg.spravker.ru/banki/,0.70
+73512398401,"Банки в Челябинске - адреса, телефоны и отзывы",bank,spravker,chelyabinsk,https://chelyabinsk.spravker.ru/banki/,0.70
+73512398402,"Банки в Челябинске - адреса, телефоны и отзывы",bank,spravker,chelyabinsk,https://chelyabinsk.spravker.ru/banki/,0.70
+73512398403,"Банки в Челябинске - адреса, телефоны и отзывы",bank,spravker,chelyabinsk,https://chelyabinsk.spravker.ru/banki/,0.70
+73512398447,"Банки в Челябинске - адреса, телефоны и отзывы",bank,spravker,chelyabinsk,https://chelyabinsk.spravker.ru/banki/,0.70
+73512563462,"Банки в Челябинске - адреса, телефоны и отзывы",bank,spravker,chelyabinsk,https://chelyabinsk.spravker.ru/banki/,0.70
+73512563464,"Банки в Челябинске - адреса, телефоны и отзывы",bank,spravker,chelyabinsk,https://chelyabinsk.spravker.ru/banki/,0.70
+73512563487,"Банки в Челябинске - адреса, телефоны и отзывы",bank,spravker,chelyabinsk,https://chelyabinsk.spravker.ru/banki/,0.70
+73512563633,"Банки в Челябинске - адреса, телефоны и отзывы",bank,spravker,chelyabinsk,https://chelyabinsk.spravker.ru/banki/,0.70
+73512563816,"Банки в Челябинске - адреса, телефоны и отзывы",bank,spravker,chelyabinsk,https://chelyabinsk.spravker.ru/banki/,0.70
+73512563829,"Банки в Челябинске - адреса, телефоны и отзывы",bank,spravker,chelyabinsk,https://chelyabinsk.spravker.ru/banki/,0.70
+73512605624,"Банки в Челябинске - адреса, телефоны и отзывы",bank,spravker,chelyabinsk,https://chelyabinsk.spravker.ru/banki/,0.70
+73512605625,"Банки в Челябинске - адреса, телефоны и отзывы",bank,spravker,chelyabinsk,https://chelyabinsk.spravker.ru/banki/,0.70
+73512636375,"Банки в Челябинске - адреса, телефоны и отзывы",bank,spravker,chelyabinsk,https://chelyabinsk.spravker.ru/banki/,0.70
+73512638444,"Банки в Челябинске - адреса, телефоны и отзывы",bank,spravker,chelyabinsk,https://chelyabinsk.spravker.ru/banki/,0.70
+73512647682,"Банки в Екатеринбурге - адреса, телефоны и отзывы",bank,spravker,ekb,https://ekaterinburg.spravker.ru/banki/,0.70
+73512680088,"Банки в Челябинске - адреса, телефоны и отзывы",bank,spravker,chelyabinsk,https://chelyabinsk.spravker.ru/banki/,0.70
+73517290144,"Банки в Челябинске - адреса, телефоны и отзывы",bank,spravker,chelyabinsk,https://chelyabinsk.spravker.ru/banki/,0.70
+73517290199,"Банки в Челябинске - адреса, телефоны и отзывы",bank,spravker,chelyabinsk,https://chelyabinsk.spravker.ru/banki/,0.70
+73517290220,"Банки в Челябинске - адреса, телефоны и отзывы",bank,spravker,chelyabinsk,https://chelyabinsk.spravker.ru/banki/,0.70
+73517351642,Московский финансово-промышленный университет Синергия на площади Революции,bank,zoon,chelyabinsk,https://zoon.ru/chelyabinsk/education/,0.70
+73517427361,"Банки в Челябинске - адреса, телефоны и отзывы",bank,spravker,chelyabinsk,https://chelyabinsk.spravker.ru/banki/,0.70
+73517427406,"Банки в Челябинске - адреса, телефоны и отзывы",bank,spravker,chelyabinsk,https://chelyabinsk.spravker.ru/banki/,0.70
+73517427871,"Банки в Челябинске - адреса, телефоны и отзывы",bank,spravker,chelyabinsk,https://chelyabinsk.spravker.ru/banki/,0.70
+73517720665,"Банки в Челябинске - адреса, телефоны и отзывы",bank,spravker,chelyabinsk,https://chelyabinsk.spravker.ru/banki/,0.70
+73517721419,"Банки в Челябинске - адреса, телефоны и отзывы",bank,spravker,chelyabinsk,https://chelyabinsk.spravker.ru/banki/,0.70
+73517723375,"Банки в Челябинске - адреса, телефоны и отзывы",bank,spravker,chelyabinsk,https://chelyabinsk.spravker.ru/banki/,0.70
+73517728332,"Банки в Челябинске - адреса, телефоны и отзывы",bank,spravker,chelyabinsk,https://chelyabinsk.spravker.ru/banki/,0.70
+73517730542,"Банки в Челябинске - адреса, телефоны и отзывы",bank,spravker,chelyabinsk,https://chelyabinsk.spravker.ru/banki/,0.70
+73517732792,"Банки в Челябинске - адреса, телефоны и отзывы",bank,spravker,chelyabinsk,https://chelyabinsk.spravker.ru/banki/,0.70
+73517735550,"Банки в Челябинске - адреса, телефоны и отзывы",bank,spravker,chelyabinsk,https://chelyabinsk.spravker.ru/banki/,0.70
+73517736259,"Банки в Челябинске - адреса, телефоны и отзывы",bank,spravker,chelyabinsk,https://chelyabinsk.spravker.ru/banki/,0.70
+73517748587,"Банки в Челябинске - адреса, телефоны и отзывы",bank,spravker,chelyabinsk,https://chelyabinsk.spravker.ru/banki/,0.70
+73517757466,"Банки в Челябинске - адреса, телефоны и отзывы",bank,spravker,chelyabinsk,https://chelyabinsk.spravker.ru/banki/,0.70
+73517757492,"Банки в Челябинске - адреса, телефоны и отзывы",bank,spravker,chelyabinsk,https://chelyabinsk.spravker.ru/banki/,0.70
+73517903234,"Банки в Челябинске - адреса, телефоны и отзывы",bank,spravker,chelyabinsk,https://chelyabinsk.spravker.ru/banki/,0.70
+73517903239,"Банки в Челябинске - адреса, телефоны и отзывы",bank,spravker,chelyabinsk,https://chelyabinsk.spravker.ru/banki/,0.70
+73517903971,"Банки в Челябинске - адреса, телефоны и отзывы",bank,spravker,chelyabinsk,https://chelyabinsk.spravker.ru/banki/,0.70
+73517903972,"Банки в Челябинске - адреса, телефоны и отзывы",bank,spravker,chelyabinsk,https://chelyabinsk.spravker.ru/banki/,0.70
+73517903975,"Банки в Челябинске - адреса, телефоны и отзывы",bank,spravker,chelyabinsk,https://chelyabinsk.spravker.ru/banki/,0.70
+73517903976,"Банки в Челябинске - адреса, телефоны и отзывы",bank,spravker,chelyabinsk,https://chelyabinsk.spravker.ru/banki/,0.70
+73517909744,"Банки в Челябинске - адреса, телефоны и отзывы",bank,spravker,chelyabinsk,https://chelyabinsk.spravker.ru/banki/,0.70
+73517909745,"Банки в Челябинске - адреса, телефоны и отзывы",bank,spravker,chelyabinsk,https://chelyabinsk.spravker.ru/banki/,0.70
+73517909746,"Банки в Челябинске - адреса, телефоны и отзывы",bank,spravker,chelyabinsk,https://chelyabinsk.spravker.ru/banki/,0.70
+73517909747,"Банки в Челябинске - адреса, телефоны и отзывы",bank,spravker,chelyabinsk,https://chelyabinsk.spravker.ru/banki/,0.70
+73517909753,"Банки в Челябинске - адреса, телефоны и отзывы",bank,spravker,chelyabinsk,https://chelyabinsk.spravker.ru/banki/,0.70
+73517909754,"Банки в Челябинске - адреса, телефоны и отзывы",bank,spravker,chelyabinsk,https://chelyabinsk.spravker.ru/banki/,0.70
+73517909755,"Банки в Челябинске - адреса, телефоны и отзывы",bank,spravker,chelyabinsk,https://chelyabinsk.spravker.ru/banki/,0.70
+73517909756,"Банки в Челябинске - адреса, телефоны и отзывы",bank,spravker,chelyabinsk,https://chelyabinsk.spravker.ru/banki/,0.70
+73517909757,"Банки в Челябинске - адреса, телефоны и отзывы",bank,spravker,chelyabinsk,https://chelyabinsk.spravker.ru/banki/,0.70
+73517909758,"Банки в Челябинске - адреса, телефоны и отзывы",bank,spravker,chelyabinsk,https://chelyabinsk.spravker.ru/banki/,0.70
+73517909759,"Банки в Челябинске - адреса, телефоны и отзывы",bank,spravker,chelyabinsk,https://chelyabinsk.spravker.ru/banki/,0.70
+73517909760,"Банки в Челябинске - адреса, телефоны и отзывы",bank,spravker,chelyabinsk,https://chelyabinsk.spravker.ru/banki/,0.70
+73832300202,"Банки в Екатеринбурге - адреса, телефоны и отзывы",bank,spravker,ekb,https://ekaterinburg.spravker.ru/banki/,0.70
+74232265722,"Банки в Екатеринбурге - адреса, телефоны и отзывы",bank,spravker,ekb,https://ekaterinburg.spravker.ru/banki/,0.70
+74732020122,"Банки в Воронеже - адреса, телефоны и отзывы",bank,spravker,voronezh,https://voronezh.spravker.ru/banki/,0.70
+74732067041,"Банки в Воронеже - адреса, телефоны и отзывы",bank,spravker,voronezh,https://voronezh.spravker.ru/banki/,0.70
+74732241999,"Банки в Воронеже - адреса, телефоны и отзывы",bank,spravker,voronezh,https://voronezh.spravker.ru/banki/,0.70
+74732266909,"Банки в Воронеже - адреса, телефоны и отзывы",bank,spravker,voronezh,https://voronezh.spravker.ru/banki/,0.70
+74732531976,"Банки в Воронеже - адреса, телефоны и отзывы",bank,spravker,voronezh,https://voronezh.spravker.ru/banki/,0.70
+74732550660,"Банки в Воронеже - адреса, телефоны и отзывы",bank,spravker,voronezh,https://voronezh.spravker.ru/banki/,0.70
+74732746080,"Банки в Воронеже - адреса, телефоны и отзывы",bank,spravker,voronezh,https://voronezh.spravker.ru/banki/,0.70
+74732770015,"Банки в Воронеже - адреса, телефоны и отзывы",bank,spravker,voronezh,https://voronezh.spravker.ru/banki/,0.70
+74732770018,"Банки в Воронеже - адреса, телефоны и отзывы",bank,spravker,voronezh,https://voronezh.spravker.ru/banki/,0.70
+74732770092,"Банки в Воронеже - адреса, телефоны и отзывы",bank,spravker,voronezh,https://voronezh.spravker.ru/banki/,0.70
+74951284454,"Банки в Москве - адреса, телефоны и отзывы",bank,spravker,msk,https://msk.spravker.ru/banki/,0.70
+74951391917,"Банки в Москве - адреса, телефоны и отзывы",bank,spravker,msk,https://msk.spravker.ru/banki/,0.70
+74951501519,"Банки в Москве - адреса, телефоны и отзывы",bank,spravker,msk,https://msk.spravker.ru/banki/,0.70
+74952250179,"Банки в Москве - адреса, телефоны и отзывы",bank,spravker,msk,https://msk.spravker.ru/banki/,0.70
+74952283131,"Банки в Москве - адреса, телефоны и отзывы",bank,spravker,msk,https://msk.spravker.ru/banki/,0.70
+74952342324,"Банки в Санкт-Петербурге - адреса, телефоны и отзывы",bank,spravker,spb,https://spb.spravker.ru/banki/,0.70
+74952409112,МКБ,bank,official_whitelist,,,0.70
+74953800480,"Банки в Москве - адреса, телефоны и отзывы",bank,spravker,msk,https://msk.spravker.ru/banki/,0.70
+74954011444,"Банки в Москве - адреса, телефоны и отзывы",bank,spravker,msk,https://msk.spravker.ru/banki/,0.70
+74954110000,"Банки в Москве - адреса, телефоны и отзывы",bank,spravker,msk,https://msk.spravker.ru/banki/,0.70
+74955005550,"Банки в Москве - адреса, телефоны и отзывы",bank,spravker,msk,https://msk.spravker.ru/banki/,0.70
+74955043704,"Банки в Москве - адреса, телефоны и отзывы",bank,spravker,msk,https://msk.spravker.ru/banki/,0.70
+74955321300,"Банки в Санкт-Петербурге - адреса, телефоны и отзывы",bank,spravker,spb,https://spb.spravker.ru/banki/,0.70
+74956209191,"Банки в Краснодаре - адреса, телефоны и отзывы",bank,spravker,krasnodar,https://krasnodar.spravker.ru/banki/,0.70
+74956262424,Почта Банк,bank,official_whitelist,,,0.70
+74956264444,Альфа-Банк,bank,official_whitelist,,,0.70
+74956444444,МТС Банк,bank,official_whitelist,,,0.70
+74956600401,"Банки в Москве - адреса, телефоны и отзывы",bank,spravker,msk,https://msk.spravker.ru/banki/,0.70
+74956600402,"Банки в Москве - адреса, телефоны и отзывы",bank,spravker,msk,https://msk.spravker.ru/banki/,0.70
+74957144444,Хоум Кредит,bank,official_whitelist,,,0.70
+74957219100,"Банки в Москве - адреса, телефоны и отзывы",bank,spravker,msk,https://msk.spravker.ru/banki/,0.70
+74957237776,"Банки в Уфе - адреса, телефоны и отзывы",bank,spravker,ufa,https://ufa.spravker.ru/banki/,0.70
+74957237777,"Банки в Уфе - адреса, телефоны и отзывы",bank,spravker,ufa,https://ufa.spravker.ru/banki/,0.70
+74957279797,"Банки в Москве - адреса, телефоны и отзывы",bank,spravker,msk,https://msk.spravker.ru/banki/,0.70
+74957300513,"Банки в Москве - адреса, телефоны и отзывы",bank,spravker,msk,https://msk.spravker.ru/banki/,0.70
+74957300536,"Банки в Москве - адреса, телефоны и отзывы",bank,spravker,msk,https://msk.spravker.ru/banki/,0.70
+74957377373,"Банки в Санкт-Петербурге - адреса, телефоны и отзывы",bank,spravker,spb,https://spb.spravker.ru/banki/,0.70
+74957398800,"Банки в Москве - адреса, телефоны и отзывы",bank,spravker,msk,https://msk.spravker.ru/banki/,0.70
+74957445555,"Банки в Москве - адреса, телефоны и отзывы",bank,spravker,msk,https://msk.spravker.ru/banki/,0.70
+74957555858,"Банки в Москве - адреса, телефоны и отзывы",bank,spravker,msk,https://msk.spravker.ru/banki/,0.70
+74957710000,ЮниКредит Банк,bank,official_whitelist,,,0.70
+74957711111,Тинькофф,bank,official_whitelist,,,0.70
+74957754747,Сбербанк,bank,official_whitelist,,,0.70
+74957754775,"Банки в Москве - адреса, телефоны и отзывы",bank,spravker,msk,https://msk.spravker.ru/banki/,0.70
+74957755454,"Банки в Казани - адреса, телефоны и отзывы",bank,spravker,kzn,https://kazan.spravker.ru/banki/,0.70
+74957755500,Абсолют Банк,bank,official_whitelist,,,0.70
+74957755555,МИБ,bank,official_whitelist,,,0.70
+74957755557,Ситибанк,bank,official_whitelist,,,0.70
+74957756555,"Банки в Москве - адреса, телефоны и отзывы",bank,spravker,msk,https://msk.spravker.ru/banki/,0.70
+74957757030,"Банки в Челябинске - адреса, телефоны и отзывы",bank,spravker,chelyabinsk,https://chelyabinsk.spravker.ru/banki/,0.70
+74957770000,Промсвязьбанк,bank,official_whitelist,,,0.70
+74957777711,Банк Зенит,bank,official_whitelist,,,0.70
+74957777772,Райффайзенбанк,bank,official_whitelist,,,0.70
+74957777777,ВТБ Москва,bank,official_whitelist,,,0.70
+74957777788,Локо-Банк,bank,official_whitelist,,,0.70
+74957788888,Бинбанк,bank,official_whitelist,,,0.70
+74957803540,"Банки в Москве - адреса, телефоны и отзывы",bank,spravker,msk,https://msk.spravker.ru/banki/,0.70
+74957846905,"Банки в Москве - адреса, телефоны и отзывы",bank,spravker,msk,https://msk.spravker.ru/banki/,0.70
+74957858222,"Банки в Уфе - адреса, телефоны и отзывы",bank,spravker,ufa,https://ufa.spravker.ru/banki/,0.70
+74957873333,"Банки в Казани - адреса, телефоны и отзывы",bank,spravker,kzn,https://kazan.spravker.ru/banki/,0.70
+74957888878,"Банки в Москве - адреса, телефоны и отзывы",bank,spravker,msk,https://msk.spravker.ru/banki/,0.70
+74957888888,Россельхозбанк,bank,official_whitelist,,,0.70
+74957950505,Газпромбанк,bank,official_whitelist,,,0.70
+74957953333,Кредит Европа Банк,bank,official_whitelist,,,0.70
+74957976767,Росбанк,bank,official_whitelist,,,0.70
+74957999090,ОТП Банк,bank,official_whitelist,,,0.70
+74959377300,"Банки в Москве - адреса, телефоны и отзывы",bank,spravker,msk,https://msk.spravker.ru/banki/,0.70
+74959568626,"Банки в Москве - адреса, телефоны и отзывы",bank,spravker,msk,https://msk.spravker.ru/banki/,0.70
+74959570000,"Банки в Санкт-Петербурге - адреса, телефоны и отзывы",bank,spravker,spb,https://spb.spravker.ru/banki/,0.70
+74959590285,"Банки в Москве - адреса, телефоны и отзывы",bank,spravker,msk,https://msk.spravker.ru/banki/,0.70
+74959804141,"Банки в Москве - адреса, телефоны и отзывы",bank,spravker,msk,https://msk.spravker.ru/banki/,0.70
+74996851674,"Банки в Москве - адреса, телефоны и отзывы",bank,spravker,msk,https://msk.spravker.ru/banki/,0.70
+74999470077,"Банки в Москве - адреса, телефоны и отзывы",bank,spravker,msk,https://msk.spravker.ru/banki/,0.70
+78001000100,"Банки в Москве - адреса, телефоны и отзывы",bank,spravker,msk,https://msk.spravker.ru/banki/,0.70
+78001000600,"Банки в Воронеже - адреса, телефоны и отзывы",bank,spravker,voronezh,https://voronezh.spravker.ru/banki/,0.70
+78001000701,"Банки в Москве - адреса, телефоны и отзывы",bank,spravker,msk,https://msk.spravker.ru/banki/,0.70
+78001001999,"Банки в Екатеринбурге - адреса, телефоны и отзывы",bank,spravker,ekb,https://ekaterinburg.spravker.ru/banki/,0.70
+78001002248,"Банки в Москве - адреса, телефоны и отзывы",bank,spravker,msk,https://msk.spravker.ru/banki/,0.70
+78001002424,ВТБ,bank,official_whitelist,,,0.70
+78001002542,"Банки в Казани - адреса, телефоны и отзывы",bank,spravker,kzn,https://kazan.spravker.ru/banki/,0.70
+78001003200,"Банки в Екатеринбурге - адреса, телефоны и отзывы",bank,spravker,ekb,https://ekaterinburg.spravker.ru/banki/,0.70
+78001004700,Открытие,bank,official_whitelist,,,0.70
+78001005100,"Банки в Краснодаре - адреса, телефоны и отзывы",bank,spravker,krasnodar,https://krasnodar.spravker.ru/banki/,0.70
+78001005544,"Банки в Екатеринбурге - адреса, телефоны и отзывы",bank,spravker,ekb,https://ekaterinburg.spravker.ru/banki/,0.70
+78001007733,"Банки в Краснодаре - адреса, телефоны и отзывы",bank,spravker,krasnodar,https://krasnodar.spravker.ru/banki/,0.70
+78001007870,"Банки в Москве - адреса, телефоны и отзывы",bank,spravker,msk,https://msk.spravker.ru/banki/,0.70
+78001009889,"Банки в Москве - адреса, телефоны и отзывы",bank,spravker,msk,https://msk.spravker.ru/banki/,0.70
+78002000000,Альфа-Банк,bank,official_whitelist,,,0.70
+78002001292,ВТБ24,bank,official_whitelist,,,0.70
+78002002326,ВТБ,bank,official_whitelist,,,0.70
+78002003000,УБРиР,bank,official_whitelist,,,0.70
+78002003477,Тинькофф,bank,official_whitelist,,,0.70
+78002004400,"Банки в Казани - адреса, телефоны и отзывы",bank,spravker,kzn,https://kazan.spravker.ru/banki/,0.70
+78002005075,Альфа-Банк,bank,official_whitelist,,,0.70
+78002005245,"Банки в Казани - адреса, телефоны и отзывы",bank,spravker,kzn,https://kazan.spravker.ru/banki/,0.70
+78002005303,"Банки в Уфе - адреса, телефоны и отзывы",bank,spravker,ufa,https://ufa.spravker.ru/banki/,0.70
+78002005333,Промсвязьбанк,bank,official_whitelist,,,0.70
+78002005520,"Банки в Уфе - адреса, телефоны и отзывы",bank,spravker,ufa,https://ufa.spravker.ru/banki/,0.70
+78002006696,"Банки в Екатеринбурге - адреса, телефоны и отзывы",bank,spravker,ekb,https://ekaterinburg.spravker.ru/banki/,0.70
+78002007799,"Банки в Уфе - адреса, телефоны и отзывы",bank,spravker,ufa,https://ufa.spravker.ru/banki/,0.70
+78002008008,"Банки в Уфе - адреса, телефоны и отзывы",bank,spravker,ufa,https://ufa.spravker.ru/banki/,0.70
+78002223500,Совкомбанк,bank,official_whitelist,,,0.70
+78002224419,"Банки в Санкт-Петербурге - адреса, телефоны и отзывы",bank,spravker,spb,https://spb.spravker.ru/banki/,0.70
+78002500890,МТС Банк,bank,official_whitelist,,,0.70
+78002505757,"Банки в Москве - адреса, телефоны и отзывы",bank,spravker,msk,https://msk.spravker.ru/banki/,0.70
+78002507007,"Банки в Санкт-Петербурге - адреса, телефоны и отзывы",bank,spravker,spb,https://spb.spravker.ru/banki/,0.70
+78002508025,Россельхозбанк,bank,official_whitelist,,,0.70
+78002509797,"Банки в Москве - адреса, телефоны и отзывы",bank,spravker,msk,https://msk.spravker.ru/banki/,0.70
+78003002000,Росбанк,bank,official_whitelist,,,0.70
+78003008509,"Банки в Краснодаре - адреса, телефоны и отзывы",bank,spravker,krasnodar,https://krasnodar.spravker.ru/banki/,0.70
+78003020480,"Банки в Москве - адреса, телефоны и отзывы",bank,spravker,msk,https://msk.spravker.ru/banki/,0.70
+78003330303,"Банки в Санкт-Петербурге - адреса, телефоны и отзывы",bank,spravker,spb,https://spb.spravker.ru/banki/,0.70
+78003332244,"Банки в Челябинске - адреса, телефоны и отзывы",bank,spravker,chelyabinsk,https://chelyabinsk.spravker.ru/banki/,0.70
+78003332265,"Банки в Екатеринбурге - адреса, телефоны и отзывы",bank,spravker,ekb,https://ekaterinburg.spravker.ru/banki/,0.70
+78003332550,"Банки в Казани - адреса, телефоны и отзывы",bank,spravker,kzn,https://kazan.spravker.ru/banki/,0.70
+78003335545,"Банки в Краснодаре - адреса, телефоны и отзывы",bank,spravker,krasnodar,https://krasnodar.spravker.ru/banki/,0.70
+78003339393,"Банки в Санкт-Петербурге - адреса, телефоны и отзывы",bank,spravker,spb,https://spb.spravker.ru/banki/,0.70
+78003339898,"Банки в Санкт-Петербурге - адреса, телефоны и отзывы",bank,spravker,spb,https://spb.spravker.ru/banki/,0.70
+78003505151,"Банки в Казани - адреса, телефоны и отзывы",bank,spravker,kzn,https://kazan.spravker.ru/banki/,0.70
+78003505458,"Банки в Казани - адреса, телефоны и отзывы",bank,spravker,kzn,https://kazan.spravker.ru/banki/,0.70
+78004444400,"Банки в Екатеринбурге - адреса, телефоны и отзывы",bank,spravker,ekb,https://ekaterinburg.spravker.ru/banki/,0.70
+78005000770,"Банки в Москве - адреса, телефоны и отзывы",bank,spravker,msk,https://msk.spravker.ru/banki/,0.70
+78005001800,"Банки в Екатеринбурге - адреса, телефоны и отзывы",bank,spravker,ekb,https://ekaterinburg.spravker.ru/banki/,0.70
+78005005503,"Банки в Уфе - адреса, телефоны и отзывы",bank,spravker,ufa,https://ufa.spravker.ru/banki/,0.70
+78005054583,"Банки в Москве - адреса, телефоны и отзывы",bank,spravker,msk,https://msk.spravker.ru/banki/,0.70
+78005118919,"Банки в Москве - адреса, телефоны и отзывы",bank,spravker,msk,https://msk.spravker.ru/banki/,0.70
+78005500770,"Банки в Санкт-Петербурге - адреса, телефоны и отзывы",bank,spravker,spb,https://spb.spravker.ru/banki/,0.70
+78005502700,"Банки в Краснодаре - адреса, телефоны и отзывы",bank,spravker,krasnodar,https://krasnodar.spravker.ru/banki/,0.70
+78005503600,"Банки в Краснодаре - адреса, телефоны и отзывы",bank,spravker,krasnodar,https://krasnodar.spravker.ru/banki/,0.70
+78005552518,"Банки в Краснодаре - адреса, телефоны и отзывы",bank,spravker,krasnodar,https://krasnodar.spravker.ru/banki/,0.70
+78005552550,Почта Банк,bank,official_whitelist,,,0.70
+78005553535,Сбербанк,bank,official_whitelist,,,0.70
+78005557171,"Банки в Москве - адреса, телефоны и отзывы",bank,spravker,msk,https://msk.spravker.ru/banki/,0.70
+78006003377,"Банки в Екатеринбурге - адреса, телефоны и отзывы",bank,spravker,ekb,https://ekaterinburg.spravker.ru/banki/,0.70
+78007001111,Росевробанк,bank,official_whitelist,,,0.70
+78007001212,АТБ,bank,official_whitelist,,,0.70
+78007001313,Челябинвестбанк,bank,official_whitelist,,,0.70
+78007001412,Хоум Кредит,bank,official_whitelist,,,0.70
+78007001515,Дальневосточный Банк,bank,official_whitelist,,,0.70
+78007001603,"Банки в Екатеринбурге - адреса, телефоны и отзывы",bank,spravker,ekb,https://ekaterinburg.spravker.ru/banki/,0.70
+78007001616,Сургутнефтегазбанк,bank,official_whitelist,,,0.70
+78007001717,Снежинский Банк,bank,official_whitelist,,,0.70
+78007001772,"Банки в Челябинске - адреса, телефоны и отзывы",bank,spravker,chelyabinsk,https://chelyabinsk.spravker.ru/banki/,0.70
+78007001818,Запсибкомбанк,bank,official_whitelist,,,0.70
+78007001919,Банк Хакасии,bank,official_whitelist,,,0.70
+78007002000,Сбербанк Премьер,bank,official_whitelist,,,0.70
+78007002020,Банк Интеза,bank,official_whitelist,,,0.70
+78007002121,Банк Ермак,bank,official_whitelist,,,0.70
+78007002222,Банк Оренбург,bank,official_whitelist,,,0.70
+78007002323,ИТ Банк,bank,official_whitelist,,,0.70
+78007002525,Банк Казани,bank,official_whitelist,,,0.70
+78007002626,Саровбизнесбанк,bank,official_whitelist,,,0.70
+78007002700,"Банки в Челябинске - адреса, телефоны и отзывы",bank,spravker,chelyabinsk,https://chelyabinsk.spravker.ru/banki/,0.70
+78007002727,Новикомбанк,bank,official_whitelist,,,0.70
+78007002828,Банк Кузнецкий,bank,official_whitelist,,,0.70
+78007002929,Банк Вологжанин,bank,official_whitelist,,,0.70
+78007003000,"Банки в Екатеринбурге - адреса, телефоны и отзывы",bank,spravker,ekb,https://ekaterinburg.spravker.ru/banki/,0.70
+78007003030,Абсолют Банк,bank,official_whitelist,,,0.70
+78007003131,Банк Славия,bank,official_whitelist,,,0.70
+78007003232,Банк Века,bank,official_whitelist,,,0.70
+78007003333,Нейва,bank,official_whitelist,,,0.70
+78007003434,Банк Резерв,bank,official_whitelist,,,0.70
+78007003535,Банк Сибирь,bank,official_whitelist,,,0.70
+78007003636,Банк СДМ,bank,official_whitelist,,,0.70
+78007003737,Банк Норвик,bank,official_whitelist,,,0.70
+78007003838,Банк Аверс,bank,official_whitelist,,,0.70
+78007003939,Банк Образование,bank,official_whitelist,,,0.70
+78007004004,Ренессанс Кредит,bank,official_whitelist,,,0.70
+78007004040,Агропромкредит,bank,official_whitelist,,,0.70
+78007004141,Металлинвестбанк,bank,official_whitelist,,,0.70
+78007004440,Таврический Банк,bank,official_whitelist,,,0.70
+78007004444,Кредит Европа Банк,bank,official_whitelist,,,0.70
+78007004591,Кредит Москва,bank,official_whitelist,,,0.70
+78007005050,Транскапиталбанк,bank,official_whitelist,,,0.70
+78007005417,"Банки в Екатеринбурге - адреса, телефоны и отзывы",bank,spravker,ekb,https://ekaterinburg.spravker.ru/banki/,0.70
+78007005555,Еврофинанс Моснарбанк,bank,official_whitelist,,,0.70
+78007006003,Газпромбанк,bank,official_whitelist,,,0.70
+78007006060,Банк Санкт-Петербург,bank,official_whitelist,,,0.70
+78007006666,Национальный Стандарт,bank,official_whitelist,,,0.70
+78007007001,"Банки в Санкт-Петербурге - адреса, телефоны и отзывы",bank,spravker,spb,https://spb.spravker.ru/banki/,0.70
+78007007010,ЮниКредит Банк,bank,official_whitelist,,,0.70
+78007007070,Локо-Банк,bank,official_whitelist,,,0.70
+78007007535,Райффайзенбанк,bank,official_whitelist,,,0.70
+78007007590,"Банки в Казани - адреса, телефоны и отзывы",bank,spravker,kzn,https://kazan.spravker.ru/banki/,0.70
+78007007609,"Банки в Уфе - адреса, телефоны и отзывы",bank,spravker,ufa,https://ufa.spravker.ru/banki/,0.70
+78007007700,МИБ,bank,official_whitelist,,,0.70
+78007007716,"Банки в Москве - адреса, телефоны и отзывы",bank,spravker,msk,https://msk.spravker.ru/banki/,0.70
+78007007777,Дельтакредит,bank,official_whitelist,,,0.70
+78007007858,Совкомбанк,bank,official_whitelist,,,0.70
+78007008006,ВТБ,bank,official_whitelist,,,0.70
+78007008070,ОТП Банк,bank,official_whitelist,,,0.70
+78007008080,Банк Зенит,bank,official_whitelist,,,0.70
+78007008783,"Банки в Челябинске - адреса, телефоны и отзывы",bank,spravker,chelyabinsk,https://chelyabinsk.spravker.ru/banki/,0.70
+78007008888,Бинбанк,bank,official_whitelist,,,0.70
+78007008980,Ситибанк,bank,official_whitelist,,,0.70
+78007009090,Кузнецкий Банк,bank,official_whitelist,,,0.70
+78007009100,Восточный,bank,official_whitelist,,,0.70
+78007009567,Сбербанк,bank,official_whitelist,,,0.70
+78007009970,Сбербанк Бизнес,bank,official_whitelist,,,0.70
+78007552550,Тинькофф,bank,official_whitelist,,,0.70
+78007750555,"Банки в Челябинске - адреса, телефоны и отзывы",bank,spravker,chelyabinsk,https://chelyabinsk.spravker.ru/banki/,0.70
+78007751376,"Банки в Екатеринбурге - адреса, телефоны и отзывы",bank,spravker,ekb,https://ekaterinburg.spravker.ru/banki/,0.70
+78007755606,"Банки в Екатеринбурге - адреса, телефоны и отзывы",bank,spravker,ekb,https://ekaterinburg.spravker.ru/banki/,0.70
+78007758686,"Банки в Челябинске - адреса, телефоны и отзывы",bank,spravker,chelyabinsk,https://chelyabinsk.spravker.ru/banki/,0.70
+78007777001,"Банки в Санкт-Петербурге - адреса, телефоны и отзывы",bank,spravker,spb,https://spb.spravker.ru/banki/,0.70
+78103003003,Совкомбанк,bank,official_whitelist,,,0.70
+78122325322,"Банки в Санкт-Петербурге - адреса, телефоны и отзывы",bank,spravker,spb,https://spb.spravker.ru/banki/,0.70
+78122431646,"Банки в Санкт-Петербурге - адреса, телефоны и отзывы",bank,spravker,spb,https://spb.spravker.ru/banki/,0.70
+78122447343,"Банки в Санкт-Петербурге - адреса, телефоны и отзывы",bank,spravker,spb,https://spb.spravker.ru/banki/,0.70
+78122447609,"Банки в Санкт-Петербурге - адреса, телефоны и отзывы",bank,spravker,spb,https://spb.spravker.ru/banki/,0.70
+78122449440,"Банки в Санкт-Петербурге - адреса, телефоны и отзывы",bank,spravker,spb,https://spb.spravker.ru/banki/,0.70
+78123099361,"Банки в Санкт-Петербурге - адреса, телефоны и отзывы",bank,spravker,spb,https://spb.spravker.ru/banki/,0.70
+78123138848,"Банки в Санкт-Петербурге - адреса, телефоны и отзывы",bank,spravker,spb,https://spb.spravker.ru/banki/,0.70
+78123155758,"Банки в Санкт-Петербурге - адреса, телефоны и отзывы",bank,spravker,spb,https://spb.spravker.ru/banki/,0.70
+78123261326,"Банки в Санкт-Петербурге - адреса, телефоны и отзывы",bank,spravker,spb,https://spb.spravker.ru/banki/,0.70
+78123261340,"Банки в Санкт-Петербурге - адреса, телефоны и отзывы",bank,spravker,spb,https://spb.spravker.ru/banki/,0.70
+78123261404,"Банки в Санкт-Петербурге - адреса, телефоны и отзывы",bank,spravker,spb,https://spb.spravker.ru/banki/,0.70
+78123261411,"Банки в Санкт-Петербурге - адреса, телефоны и отзывы",bank,spravker,spb,https://spb.spravker.ru/banki/,0.70
+78123261450,"Банки в Санкт-Петербурге - адреса, телефоны и отзывы",bank,spravker,spb,https://spb.spravker.ru/banki/,0.70
+78123261488,"Банки в Санкт-Петербурге - адреса, телефоны и отзывы",bank,spravker,spb,https://spb.spravker.ru/banki/,0.70
+78123300505,Банк Санкт-Петербург,bank,official_whitelist,,,0.70
+78123344343,"Банки в Санкт-Петербурге - адреса, телефоны и отзывы",bank,spravker,spb,https://spb.spravker.ru/banki/,0.70
+78124492121,"Банки в Санкт-Петербурге - адреса, телефоны и отзывы",bank,spravker,spb,https://spb.spravker.ru/banki/,0.70
+78124560816,"Банки в Санкт-Петербурге - адреса, телефоны и отзывы",bank,spravker,spb,https://spb.spravker.ru/banki/,0.70
+78124560818,"Банки в Санкт-Петербурге - адреса, телефоны и отзывы",bank,spravker,spb,https://spb.spravker.ru/banki/,0.70
+78124560819,"Банки в Санкт-Петербурге - адреса, телефоны и отзывы",bank,spravker,spb,https://spb.spravker.ru/banki/,0.70
+78124560820,"Банки в Санкт-Петербурге - адреса, телефоны и отзывы",bank,spravker,spb,https://spb.spravker.ru/banki/,0.70
+78124985515,"Банки в Санкт-Петербурге - адреса, телефоны и отзывы",bank,spravker,spb,https://spb.spravker.ru/banki/,0.70
+78125094321,"Банки в Санкт-Петербурге - адреса, телефоны и отзывы",bank,spravker,spb,https://spb.spravker.ru/banki/,0.70
+78126306363,"Банки в Санкт-Петербурге - адреса, телефоны и отзывы",bank,spravker,spb,https://spb.spravker.ru/banki/,0.70
+78126777778,"Банки в Санкт-Петербурге - адреса, телефоны и отзывы",bank,spravker,spb,https://spb.spravker.ru/banki/,0.70
+78127150191,"Банки в Санкт-Петербурге - адреса, телефоны и отзывы",bank,spravker,spb,https://spb.spravker.ru/banki/,0.70
+78127186800,"Банки в Санкт-Петербурге - адреса, телефоны и отзывы",bank,spravker,spb,https://spb.spravker.ru/banki/,0.70
+78127219900,"Банки в Санкт-Петербурге - адреса, телефоны и отзывы",bank,spravker,spb,https://spb.spravker.ru/banki/,0.70
+78127219901,"Банки в Санкт-Петербурге - адреса, телефоны и отзывы",bank,spravker,spb,https://spb.spravker.ru/banki/,0.70
+78129405556,"Банки в Санкт-Петербурге - адреса, телефоны и отзывы",bank,spravker,spb,https://spb.spravker.ru/banki/,0.70
+78129525265,"Банки в Санкт-Петербурге - адреса, телефоны и отзывы",bank,spravker,spb,https://spb.spravker.ru/banki/,0.70
+78412231074,ООО &quot;Купец&quot; Пенза (ИНН 5837054427) адрес и телефон,bank,rusprofile,,https://www.rusprofile.ru/id/146792,0.70
+78432022526,"Банки в Казани - адреса, телефоны и отзывы",bank,spravker,kzn,https://kazan.spravker.ru/banki/,0.70
+78432101818,"Банки в Казани - адреса, телефоны и отзывы",bank,spravker,kzn,https://kazan.spravker.ru/banki/,0.70
+78432218506,"Банки в Казани - адреса, телефоны и отзывы",bank,spravker,kzn,https://kazan.spravker.ru/banki/,0.70
+78432316005,"Банки в Казани - адреса, телефоны и отзывы",bank,spravker,kzn,https://kazan.spravker.ru/banki/,0.70
+78432316033,"Банки в Казани - адреса, телефоны и отзывы",bank,spravker,kzn,https://kazan.spravker.ru/banki/,0.70
+78432368792,"Банки в Казани - адреса, телефоны и отзывы",bank,spravker,kzn,https://kazan.spravker.ru/banki/,0.70
+78432369435,"Банки в Казани - адреса, телефоны и отзывы",bank,spravker,kzn,https://kazan.spravker.ru/banki/,0.70
+78432380174,"Банки в Казани - адреса, телефоны и отзывы",bank,spravker,kzn,https://kazan.spravker.ru/banki/,0.70
+78432991111,"Банки в Казани - адреса, телефоны и отзывы",bank,spravker,kzn,https://kazan.spravker.ru/banki/,0.70
+78435205100,"Банки в Казани - адреса, телефоны и отзывы",bank,spravker,kzn,https://kazan.spravker.ru/banki/,0.70
+78435205420,"Банки в Казани - адреса, телефоны и отзывы",bank,spravker,kzn,https://kazan.spravker.ru/banki/,0.70
+78435205842,"Банки в Казани - адреса, телефоны и отзывы",bank,spravker,kzn,https://kazan.spravker.ru/banki/,0.70
+78435610838,"Банки в Казани - адреса, телефоны и отзывы",bank,spravker,kzn,https://kazan.spravker.ru/banki/,0.70
+78435610848,"Банки в Казани - адреса, телефоны и отзывы",bank,spravker,kzn,https://kazan.spravker.ru/banki/,0.70
+78435610858,"Банки в Казани - адреса, телефоны и отзывы",bank,spravker,kzn,https://kazan.spravker.ru/banki/,0.70
+78435610868,"Банки в Казани - адреса, телефоны и отзывы",bank,spravker,kzn,https://kazan.spravker.ru/banki/,0.70
+78435610878,"Банки в Казани - адреса, телефоны и отзывы",bank,spravker,kzn,https://kazan.spravker.ru/banki/,0.70
+78435610889,"Банки в Казани - адреса, телефоны и отзывы",bank,spravker,kzn,https://kazan.spravker.ru/banki/,0.70
+78435610899,"Банки в Казани - адреса, телефоны и отзывы",bank,spravker,kzn,https://kazan.spravker.ru/banki/,0.70
+78435610970,"Банки в Казани - адреса, телефоны и отзывы",bank,spravker,kzn,https://kazan.spravker.ru/banki/,0.70
+78435610980,"Банки в Казани - адреса, телефоны и отзывы",bank,spravker,kzn,https://kazan.spravker.ru/banki/,0.70
+78612612331,"Банки в Краснодаре - адреса, телефоны и отзывы",bank,spravker,krasnodar,https://krasnodar.spravker.ru/banki/,0.70
+78612614101,"Банки в Краснодаре - адреса, телефоны и отзывы",bank,spravker,krasnodar,https://krasnodar.spravker.ru/banki/,0.70
+78612630470,"Банки в Краснодаре - адреса, телефоны и отзывы",bank,spravker,krasnodar,https://krasnodar.spravker.ru/banki/,0.70
+78612630474,"Банки в Краснодаре - адреса, телефоны и отзывы",bank,spravker,krasnodar,https://krasnodar.spravker.ru/banki/,0.70
+78612630475,"Банки в Краснодаре - адреса, телефоны и отзывы",bank,spravker,krasnodar,https://krasnodar.spravker.ru/banki/,0.70
+78612777888,"Банки в Краснодаре - адреса, телефоны и отзывы",bank,spravker,krasnodar,https://krasnodar.spravker.ru/banki/,0.70
+78612790030,"Банки в Краснодаре - адреса, телефоны и отзывы",bank,spravker,krasnodar,https://krasnodar.spravker.ru/banki/,0.70
+78619970173,"Банки в Краснодаре - адреса, телефоны и отзывы",bank,spravker,krasnodar,https://krasnodar.spravker.ru/banki/,0.70
+79012497853,Стоматологическая клиника Альфа Бета на Ракетной улице,bank,zoon,ekb,https://zoon.ru/ekb/medical/,0.70
+79037672233,Сбербанк SMS,bank,official_whitelist,,,0.70
+79045677634,Стоматология Альфа дент в Королёве,bank,zoon,msk,https://zoon.ru/msk/medical/,0.70
+79119300005,"Банки в Санкт-Петербурге - адреса, телефоны и отзывы",bank,spravker,spb,https://spb.spravker.ru/banki/,0.70
+79163100000,Сбербанк SMS,bank,official_whitelist,,,0.70
+79193000787,Банкетный зал Кружево в Центральном районе,bank,zoon,chelyabinsk,https://zoon.ru/chelyabinsk/entertainment/,0.70
+79196010897,"Банки в Уфе - адреса, телефоны и отзывы",bank,spravker,ufa,https://ufa.spravker.ru/banki/,0.70
+79219594070,"Банки в Санкт-Петербурге - адреса, телефоны и отзывы",bank,spravker,spb,https://spb.spravker.ru/banki/,0.70
+79221880160,"Банки в Екатеринбурге - адреса, телефоны и отзывы",bank,spravker,ekb,https://ekaterinburg.spravker.ru/banki/,0.70
+79250068540,"Банки в Москве - адреса, телефоны и отзывы",bank,spravker,msk,https://msk.spravker.ru/banki/,0.70
+79261287553,"Банки в Москве - адреса, телефоны и отзывы",bank,spravker,msk,https://msk.spravker.ru/banki/,0.70
+79264251110,"Банки в Москве - адреса, телефоны и отзывы",bank,spravker,msk,https://msk.spravker.ru/banki/,0.70
+79282348060,"Банки в Воронеже - адреса, телефоны и отзывы",bank,spravker,voronezh,https://voronezh.spravker.ru/banki/,0.70
+79373365566,"Банки в Москве - адреса, телефоны и отзывы",bank,spravker,msk,https://msk.spravker.ru/banki/,0.70
+79581116852,"Банки в Челябинске - адреса, телефоны и отзывы",bank,spravker,chelyabinsk,https://chelyabinsk.spravker.ru/banki/,0.70
+79582856025,"Банки в Казани - адреса, телефоны и отзывы",bank,spravker,kzn,https://kazan.spravker.ru/banki/,0.70
+79656552277,Банкетный зал на природе Грин холл Уфа,bank,zoon,ufa,https://zoon.ru/ufa/entertainment/,0.70
+79661151158,"Банки в Москве - адреса, телефоны и отзывы",bank,spravker,msk,https://msk.spravker.ru/banki/,0.70
+79811638331,"Банки в Москве - адреса, телефоны и отзывы",bank,spravker,msk,https://msk.spravker.ru/banki/,0.70
+73433446030,Салон красоты Olly STUDIO в Берёзовском,beauty,zoon,ekb,https://zoon.ru/ekb/beauty/,0.70
+73517767757,Салон красоты Time square,beauty,zoon,chelyabinsk,https://zoon.ru/chelyabinsk/beauty/,0.70
+74732113011,Студия красоты TROPICANA,beauty,zoon,voronezh,https://zoon.ru/voronezh/beauty/,0.70
+74732224370,Салон красоты Эскада на Волгоградской улице,beauty,zoon,voronezh,https://zoon.ru/voronezh/beauty/,0.70
+74732559650,Салон красоты Фея на улице Фридриха Энгельса,beauty,zoon,voronezh,https://zoon.ru/voronezh/beauty/,0.70
+74732924270,Центр красоты и здоровья СпортАрт,beauty,zoon,voronezh,https://zoon.ru/voronezh/fitness/,0.70
+78212204017,МОРП &quot;Защита&quot; Сыктывкар (ИНН 1101500273) адрес и телефон,beauty,rusprofile,,https://www.rusprofile.ru/id/3057098,0.70
+78212236980,МОРП &quot;Защита&quot; Сыктывкар (ИНН 1101500273) адрес и телефон,beauty,rusprofile,,https://www.rusprofile.ru/id/3057098,0.70
+79009495457,Салон красоты Эскада на Московском проспекте,beauty,zoon,voronezh,https://zoon.ru/voronezh/beauty/,0.70
+79012450180,Парикмахерская Апельсин на улице Труда,beauty,zoon,chelyabinsk,https://zoon.ru/chelyabinsk/beauty/,0.70
+79012450376,Салон красоты Венеция на улице Академика Макеева,beauty,zoon,chelyabinsk,https://zoon.ru/chelyabinsk/beauty/,0.70
+79012454877,Салон эротического массажа Magic,beauty,zoon,chelyabinsk,https://zoon.ru/chelyabinsk/beauty/,0.70
+79012457922,#СтудияКрасоты на улице Петра Столыпина,beauty,zoon,chelyabinsk,https://zoon.ru/chelyabinsk/beauty/,0.70
+79012458563,"Дом красоты для всей семьи ЛС на улице Маркса, 83",beauty,zoon,chelyabinsk,https://zoon.ru/chelyabinsk/beauty/,0.70
+79012462231,Салон красоты Женьшень,beauty,zoon,krasnodar,https://zoon.ru/krasnodar/beauty/,0.70
+79012462477,Салон красоты Booff,beauty,zoon,krasnodar,https://zoon.ru/krasnodar/beauty/,0.70
+79012463208,Центр здоровья и красоты Феникс на Минской улице,beauty,zoon,krasnodar,https://zoon.ru/krasnodar/beauty/,0.70
+79012466190,Салон красоты и здоровья Beauty Line на улице Тургенева,beauty,zoon,krasnodar,https://zoon.ru/krasnodar/beauty/,0.70
+79012498146,Студия красоты Marie,beauty,zoon,ekb,https://zoon.ru/ekb/beauty/,0.70
+79012498237,Студия красоты CHARME на проспекте Орджоникидзе,beauty,zoon,ekb,https://zoon.ru/ekb/beauty/,0.70
+79012498257,Салон эротического массажа Жара на улице Чайковского,beauty,zoon,ekb,https://zoon.ru/ekb/beauty/,0.70
+79012498453,Массажный салон MassajKrut,beauty,zoon,ekb,https://zoon.ru/ekb/beauty/,0.70
+79012498571,"Салон красоты Алита на улице Ильича, 69",beauty,zoon,ekb,https://zoon.ru/ekb/beauty/,0.70
+79012498619,Мужской салон Распутин на улице Розы Люксембург,beauty,zoon,ekb,https://zoon.ru/ekb/beauty/,0.70
+79012499227,Студия красоты ПилиПилить в Орджоникидзевском районе,beauty,zoon,ekb,https://zoon.ru/ekb/beauty/,0.70
+79012499488,Салон красоты Сахар на метро Площадь 1905 года,beauty,zoon,ekb,https://zoon.ru/ekb/beauty/,0.70
+79012499677,Массажный салон Монархия на метро Динамо,beauty,zoon,ekb,https://zoon.ru/ekb/beauty/,0.70
+79012499742,Массажный салон Марья Краса на Братской улице,beauty,zoon,ekb,https://zoon.ru/ekb/beauty/,0.70
+79012562369,Студия красоты Beauty.One,beauty,zoon,msk,https://zoon.ru/msk/beauty/,0.70
+79012566236,Медико-косметологический центр Доктор вашей красоты на улице Ворошилова в Серпухове,beauty,zoon,msk,https://zoon.ru/msk/beauty/,0.70
+79012578896,Салон красоты Матрёшка на Большой Семёновской улице,beauty,zoon,msk,https://zoon.ru/msk/beauty/,0.70
+79012595613,Центр красоты и эстетики B&B на 3-ей Хорошёвской улице,beauty,zoon,msk,https://zoon.ru/msk/beauty/,0.70
+79012599641,Студия красоты Wow you shine в Подольске,beauty,zoon,msk,https://zoon.ru/msk/beauty/,0.70
+79014945273,Студия красоты Малахова бьюти бар,beauty,zoon,krasnodar,https://zoon.ru/krasnodar/beauty/,0.70
+79022236533,Салон красоты Kukla beauty house,beauty,zoon,ufa,https://zoon.ru/ufa/beauty/,0.70
+79024696314,Фитнес-клуб и салон красоты Kenga на Фестивальной улице,beauty,zoon,msk,https://zoon.ru/msk/fitness/,0.70
+79024697586,Салон Лантана в Отрадном,beauty,zoon,msk,https://zoon.ru/msk/beauty/,0.70
+79045671981,Салон красоты Матрёшка на метро Южная,beauty,zoon,msk,https://zoon.ru/msk/beauty/,0.70
+79045674638,Салон красоты 14 Studio,beauty,zoon,msk,https://zoon.ru/msk/beauty/,0.70
+79045675163,Салон красоты Эра на улице Адмирала Руднева,beauty,zoon,msk,https://zoon.ru/msk/beauty/,0.70
+79045675803,Салон эротического массажа LURE,beauty,zoon,msk,https://zoon.ru/msk/beauty/,0.70
+79045675932,Парикмахерская Ателье красивых волос 55,beauty,zoon,msk,https://zoon.ru/msk/beauty/,0.70
+79045677401,Кабинет красоты Лотос в Люберцах,beauty,zoon,msk,https://zoon.ru/msk/beauty/,0.70
+79045680825,Студия красоты Kabanova Artstyle,beauty,zoon,msk,https://zoon.ru/msk/beauty/,0.70
+79045681522,Салон эпиляции ЭпилХаус на Рождественской улице в Мытищах,beauty,zoon,msk,https://zoon.ru/msk/beauty/,0.70
+79050497173,Студия красоты Леденец в Левобережном районе,beauty,zoon,voronezh,https://zoon.ru/voronezh/beauty/,0.70
+79093509050,Салон красоты LINA MARTIN,beauty,zoon,ufa,https://zoon.ru/ufa/beauty/,0.70
+79103408134,Салон красоты Свети-Ка,beauty,zoon,voronezh,https://zoon.ru/voronezh/beauty/,0.70
+79120450820,Салон эротического массажа Рай на улице Юмашева,beauty,zoon,ekb,https://zoon.ru/ekb/beauty/,0.70
+79120767049,Массажный салон Альпы на улице Академика Шварца,beauty,zoon,ekb,https://zoon.ru/ekb/beauty/,0.70
+79126240870,Салон эротического массажа Ревность,beauty,zoon,ekb,https://zoon.ru/ekb/beauty/,0.70
+79127800220,Салон красоты Янтарина на улице Смазчиков,beauty,zoon,ekb,https://zoon.ru/ekb/beauty/,0.70
+79161350099,Студия фитнеса и красоты Fit&beauty на Северном бульваре,beauty,zoon,msk,https://zoon.ru/msk/fitness/,0.70
+79173819921,Центр красоты и здоровья Планета Spa,beauty,zoon,ufa,https://zoon.ru/ufa/beauty/,0.70
+79173820178,Барбершоп и спа-салон Revolution,beauty,zoon,ufa,https://zoon.ru/ufa/beauty/,0.70
+79174306161,Мужской спа-салон эротического массажа Фараон на Комсомольской улице,beauty,zoon,ufa,https://zoon.ru/ufa/beauty/,0.70
+79174307379,"Салон ручного массажа, spa и аппаратной коррекции фигуры Nova",beauty,zoon,ufa,https://zoon.ru/ufa/beauty/,0.70
+79174308224,Студия красоты Преображение от Анны Романовой на улице Ленина в Иглино,beauty,zoon,ufa,https://zoon.ru/ufa/beauty/,0.70
+79174317932,Парикмахерская Моя стрижка,beauty,zoon,ufa,https://zoon.ru/ufa/beauty/,0.70
+79177410245,Студия красоты Преображение в Нагаево,beauty,zoon,ufa,https://zoon.ru/ufa/beauty/,0.70
+79180014130,"Салон красоты и здоровья Healthy Joy на Зиповской улице, 10",beauty,zoon,krasnodar,https://zoon.ru/krasnodar/beauty/,0.70
+79180014217,Студия красоты My Belle,beauty,zoon,krasnodar,https://zoon.ru/krasnodar/beauty/,0.70
+79180461905,Студия красоты Бьюти Макс,beauty,zoon,krasnodar,https://zoon.ru/krasnodar/beauty/,0.70
+79184989684,Студия маникюра и педикюра Твой салон красоты в Прикубанском округе,beauty,zoon,krasnodar,https://zoon.ru/krasnodar/beauty/,0.70
+79272362721,Салон красоты Beauty Room,beauty,zoon,ufa,https://zoon.ru/ufa/beauty/,0.70
+79273054735,Салон красоты на улице Карла Маркса,beauty,zoon,ufa,https://zoon.ru/ufa/beauty/,0.70
+79279535729,Салон красоты Татэв на улице Степана Злобина,beauty,zoon,ufa,https://zoon.ru/ufa/beauty/,0.70
+79297554445,Салон красоты Eden на улице Достоевского в Кировском районе,beauty,zoon,ufa,https://zoon.ru/ufa/beauty/,0.70
+79298281887,Спа салон Роуз,beauty,zoon,krasnodar,https://zoon.ru/krasnodar/beauty/,0.70
+79320181579,Салон красоты Beauty Evolution,beauty,zoon,chelyabinsk,https://zoon.ru/chelyabinsk/beauty/,0.70
+79361084361,Салон красоты ИНСЭЙ,beauty,zoon,msk,https://zoon.ru/msk/beauty/,0.70
+79361084658,Центр красоты ЛУНА на метро Молодёжная,beauty,zoon,msk,https://zoon.ru/msk/beauty/,0.70
+79507456562,Салон эротического массажа Малина,beauty,zoon,chelyabinsk,https://zoon.ru/chelyabinsk/beauty/,0.70
+79517965800,"Салон эротического массажа и стриптиза Le Theatre на улице Кирова, 82",beauty,zoon,chelyabinsk,https://zoon.ru/chelyabinsk/beauty/,0.70
+79518763587,Студия красоты и косметологии The room,beauty,zoon,voronezh,https://zoon.ru/voronezh/beauty/,0.70
+79584176926,Студия парикмахерская Красивые Люди,beauty,zoon,chelyabinsk,https://zoon.ru/chelyabinsk/beauty/,0.70
+79585969663,Салон красоты Кокос на метро Приморская,beauty,zoon,spb,https://zoon.ru/spb/beauty/,0.70
+79586087468,Салон красоты Гармония Красоты,beauty,zoon,krasnodar,https://zoon.ru/krasnodar/beauty/,0.70
+79587355810,Академия здоровья и красоты Aqua Queen,beauty,zoon,voronezh,https://zoon.ru/voronezh/beauty/,0.70
+79587356244,"Салон красоты Clair на проспекте Патриотов, 4а",beauty,zoon,voronezh,https://zoon.ru/voronezh/beauty/,0.70
+79587357187,Салон красоты СТ в Советском районе,beauty,zoon,voronezh,https://zoon.ru/voronezh/beauty/,0.70
+79587430388,Студия красоты L`Orange на Комсомольском проспекте в Курчатовском районе,beauty,zoon,chelyabinsk,https://zoon.ru/chelyabinsk/beauty/,0.70
+79587430821,Салон красоты Ярко,beauty,zoon,chelyabinsk,https://zoon.ru/chelyabinsk/beauty/,0.70
+79587549421,Студия красоты Вы уникальны,beauty,zoon,chelyabinsk,https://zoon.ru/chelyabinsk/beauty/,0.70
+79601162673,Салон красоты SiTi,beauty,zoon,voronezh,https://zoon.ru/voronezh/beauty/,0.70
+79618399875,Фитнес-клуб и салон красоты Арт-Спорт на Ангарской улице,beauty,zoon,msk,https://zoon.ru/msk/fitness/,0.70
+79630445996,Салон эротического массажа VIP на улице 8 Марта,beauty,zoon,ekb,https://zoon.ru/ekb/beauty/,0.70
+79630447155,Массажный салон Мечта Бьюти на улице Белинского,beauty,zoon,ekb,https://zoon.ru/ekb/beauty/,0.70
+79667780026,Салон красоты Лик на проспекте Революции,beauty,zoon,voronezh,https://zoon.ru/voronezh/beauty/,0.70
+79667780048,Студия красоты Живой Локон на улице Владимира Невского,beauty,zoon,voronezh,https://zoon.ru/voronezh/beauty/,0.70
+79667780460,Салон красоты Эдем,beauty,zoon,voronezh,https://zoon.ru/voronezh/beauty/,0.70
+79667784821,Салон тату и пирсинга Новая Эстетика,beauty,zoon,voronezh,https://zoon.ru/voronezh/beauty/,0.70
+79667787332,"Салон красоты Clair на проспекте Революции, 9а",beauty,zoon,voronezh,https://zoon.ru/voronezh/beauty/,0.70
+79667788152,Академия красоты Елены Прохоровой в Левобережном районе,beauty,zoon,voronezh,https://zoon.ru/voronezh/beauty/,0.70
+79676500789,"Студия красоты Ирины Барановской Место о тебе на Казбекской улице, 14",beauty,zoon,krasnodar,https://zoon.ru/krasnodar/beauty/,0.70
+79697674197,Студия красоты Nails Pro на Ясеневой улице,beauty,zoon,msk,https://zoon.ru/msk/beauty/,0.70
+79806976307,Студия красоты Лето в Калашном переулке,beauty,zoon,msk,https://zoon.ru/msk/beauty/,0.70
+79806978478,Салон красоты Лаки Bar,beauty,zoon,msk,https://zoon.ru/msk/beauty/,0.70
+79810790355,Салон эротического массажа Jam,beauty,zoon,chelyabinsk,https://zoon.ru/chelyabinsk/beauty/,0.70
+79813354392,Студия красоты Pro Visage на улице Композиторов,beauty,zoon,spb,https://zoon.ru/spb/beauty/,0.70
+79813357837,Центр красоты и косметологии Dell'Arte на Коломяжском проспекте метро Пионерская в Приморском районе,beauty,zoon,spb,https://zoon.ru/spb/beauty/,0.70
+79813358265,Салон красоты МИГ в Московском районе,beauty,zoon,spb,https://zoon.ru/spb/beauty/,0.70
+79813359008,Студия красоты ПурПур на проспекте Стачек,beauty,zoon,spb,https://zoon.ru/spb/beauty/,0.70
+79813360746,Салон красоты Образ,beauty,zoon,spb,https://zoon.ru/spb/beauty/,0.70
+79813364783,"Клуб красоты на Черниговской улице, 11 к 1",beauty,zoon,spb,https://zoon.ru/spb/beauty/,0.70
+79813364857,Массажный салон Faery на метро Купчино,beauty,zoon,spb,https://zoon.ru/spb/beauty/,0.70
+79813365128,Салон красоты Манэ на метро Дунайская,beauty,zoon,spb,https://zoon.ru/spb/beauty/,0.70
+79813366152,Салон красоты Людмила на Муринской дороге,beauty,zoon,spb,https://zoon.ru/spb/beauty/,0.70
+79813369106,Студия красоты Pro Visage на Коломяжском проспекте,beauty,zoon,spb,https://zoon.ru/spb/beauty/,0.70
+79813369942,Салон Дарси на Гражданском проспекте,beauty,zoon,spb,https://zoon.ru/spb/beauty/,0.70
+79813370685,Салон красоты Кукла на проспекте Луначарского,beauty,zoon,spb,https://zoon.ru/spb/beauty/,0.70
+79813370950,Студия красоты Зое,beauty,zoon,spb,https://zoon.ru/spb/beauty/,0.70
+79813372041,Салон красоты «Культура Стиля»,beauty,zoon,spb,https://zoon.ru/spb/beauty/,0.70
+79813373144,Салон красоты Шале на Петергофском шоссе,beauty,zoon,spb,https://zoon.ru/spb/beauty/,0.70
+79826055001,Салон эротического массажа Natali SPA,beauty,zoon,ekb,https://zoon.ru/ekb/beauty/,0.70
+79874993221,Мужская парикмахерская По-Братски на Комсомольской улице,beauty,zoon,ufa,https://zoon.ru/ufa/beauty/,0.70
+79884744225,Салон красоты Sense7,beauty,zoon,krasnodar,https://zoon.ru/krasnodar/beauty/,0.70
+79910184679,Салон Мария на улице Грибоедова,beauty,zoon,ekb,https://zoon.ru/ekb/beauty/,0.70
+79990558394,Студия красоты Sorry for my beauty club на метро Чернышевская,beauty,zoon,spb,https://zoon.ru/spb/beauty/,0.70
+73000300020,Рецепты приготовления блюд - пошаговые рецепты с фото на сайте Яндекс Лавка,delivery,delivery_public,,https://lavka.yandex.ru/recipes2,0.85
+73025410876,Купить продукты с доставкой на дом из Яндекс Лавки,delivery,delivery_public,,https://lavka.yandex.ru/,0.85
+73030613035,Курьерская служба доставки по городу в Москве | Сервис Достависта,delivery,delivery_public,,https://dostavista.ru/,0.85
+73117616570,Курьерская служба доставки по городу в Москве | Сервис Достависта,delivery,delivery_public,,https://dostavista.ru/,0.85
+73117616572,Курьерская служба доставки по городу в Москве | Сервис Достависта,delivery,delivery_public,,https://dostavista.ru/,0.85
+73117616592,Курьерская служба доставки по городу в Москве | Сервис Достависта,delivery,delivery_public,,https://dostavista.ru/,0.85
+73117616593,Курьерская служба доставки по городу в Москве | Сервис Достависта,delivery,delivery_public,,https://dostavista.ru/,0.85
+73130666437,Курьерская служба доставки по городу в Москве | Сервис Достависта,delivery,delivery_public,,https://dostavista.ru/,0.85
+73179475671,Боксберри теперь часть Яндекс Доставки,delivery,delivery_public,,https://boxberry.ru/find-an-office/,0.85
+73265353231,Курьерская служба доставки по городу в Москве | Сервис Достависта,delivery,delivery_public,,https://dostavista.ru/,0.85
+73310123761,"Отделения ПЭК — адреса, телефоны, контакты по РФ и СНГ",delivery,delivery_public,,https://pecom.ru/contacts/,0.85
+73426891332,Купить продукты с доставкой на дом из Яндекс Лавки,delivery,delivery_public,,https://lavka.yandex.ru/,0.85
+73467308951,Боксберри теперь часть Яндекс Доставки,delivery,delivery_public,,https://boxberry.ru/contacts,0.85
+73467577979,Боксберри теперь часть Яндекс Доставки,delivery,delivery_public,,https://boxberry.ru/favicon.ico,0.85
+73550000400,Рецепты приготовления блюд - пошаговые рецепты с фото на сайте Яндекс Лавка,delivery,delivery_public,,https://lavka.yandex.ru/recipes2,0.85
+73562343839,Курьерская служба доставки по городу в Москве | Сервис Достависта,delivery,delivery_public,,https://dostavista.ru/,0.85
+73573335700,Транспортные услуги | Транспортно-экспедиционная Компания ПЭК: услуги грузоперевозок,delivery,delivery_public,,https://pecom.ru/services/,0.85
+73634292617,Рецепты приготовления блюд - пошаговые рецепты с фото на сайте Яндекс Лавка,delivery,delivery_public,,https://lavka.yandex.ru/recipes2,0.85
+73736636335,Курьерская служба доставки по городу в Москве | Сервис Достависта,delivery,delivery_public,,https://dostavista.ru/,0.85
+73764383136,Курьерская служба доставки по городу в Москве | Сервис Достависта,delivery,delivery_public,,https://dostavista.ru/,0.85
+73895000001,Курьерская служба доставки по городу в Москве | Сервис Достависта,delivery,delivery_public,,https://dostavista.ru/,0.85
+73917221176,Курьерская служба доставки по городу в Москве | Сервис Достависта,delivery,delivery_public,,https://dostavista.ru/,0.85
+74000300020,Купить продукты с доставкой на дом из Яндекс Лавки,delivery,delivery_public,,https://lavka.yandex.ru/,0.85
+74025662569,Боксберри теперь часть Яндекс Доставки,delivery,delivery_public,,https://boxberry.ru/contacts,0.85
+74278620228,Яндекс Еда,delivery,delivery_public,,https://eda.yandex.ru/,0.85
+74395421243,Боксберри теперь часть Яндекс Доставки,delivery,delivery_public,,https://boxberry.ru/find-an-office/,0.85
+74399100002,Купить продукты с доставкой на дом из Яндекс Лавки,delivery,delivery_public,,https://lavka.yandex.ru/,0.85
+74526521663,Транспортные услуги | Транспортно-экспедиционная Компания ПЭК: услуги грузоперевозок,delivery,delivery_public,,https://pecom.ru/services/,0.85
+74811461176,Курьерская служба доставки по городу в Москве | Сервис Достависта,delivery,delivery_public,,https://dostavista.ru/,0.85
+74951375537,Курьерская служба доставки по городу в Москве | Сервис Достависта,delivery,delivery_public,,https://dostavista.ru/,0.85
+74953630545,Боксберри теперь часть Яндекс Доставки,delivery,delivery_public,,https://boxberry.ru/contacts,0.85
+74955042222,"Сервис заказа такси «Максим». Москва, Город федерального значения Москва",delivery,delivery_public,,https://taximaxim.ru/,0.85
+74955055555,"Сервис заказа такси «Максим». Москва, Город федерального значения Москва",delivery,delivery_public,,https://taximaxim.ru/,0.85
+74956601111,"Отделения ПЭК — адреса, телефоны, контакты по РФ и СНГ",delivery,delivery_public,,https://pecom.ru/contacts/,0.85
+78005004003,Самокат,delivery,official_hotline,,,0.70
+78005503355,Яндекс Еда,delivery,official_hotline,,,0.70
+78005551333,Delivery Club,delivery,official_hotline,,,0.70
+78005553300,СберМаркет,delivery,official_hotline,,,0.70
+79000100010,Купить продукты с доставкой на дом из Яндекс Лавки,delivery,delivery_public,,https://lavka.yandex.ru/,0.85
+79000300010,Купить продукты с доставкой на дом из Яндекс Лавки,delivery,delivery_public,,https://lavka.yandex.ru/,0.85
+79026727110,Курьерская служба доставки по городу в Москве | Сервис Достависта,delivery,delivery_public,,https://dostavista.ru/,0.85
+79062611176,Курьерская служба доставки по городу в Москве | Сервис Достависта,delivery,delivery_public,,https://dostavista.ru/,0.85
+79062681176,Курьерская служба доставки по городу в Москве | Сервис Достависта,delivery,delivery_public,,https://dostavista.ru/,0.85
+79085180195,Купить продукты с доставкой на дом из Яндекс Лавки,delivery,delivery_public,,https://lavka.yandex.ru/,0.85
+79091960618,Боксберри теперь часть Яндекс Доставки,delivery,delivery_public,,https://boxberry.ru/contacts,0.85
+79161930921,Боксберри теперь часть Яндекс Доставки,delivery,delivery_public,,https://boxberry.ru/contacts,0.85
+79203581176,Курьерская служба доставки по городу в Москве | Сервис Достависта,delivery,delivery_public,,https://dostavista.ru/,0.85
+79261111111,Курьерская служба доставки по городу в Москве | Сервис Достависта,delivery,delivery_public,,https://dostavista.ru/,0.85
+79263844564,Курьерская служба доставки по городу в Москве | Сервис Достависта,delivery,delivery_public,,https://dostavista.ru/,0.85
+79327551176,Курьерская служба доставки по городу в Москве | Сервис Достависта,delivery,delivery_public,,https://dostavista.ru/,0.85
+79348781176,Курьерская служба доставки по городу в Москве | Сервис Достависта,delivery,delivery_public,,https://dostavista.ru/,0.85
+79351155724,Почта России,delivery,delivery_public,,https://www.pochta.ru/,0.85
+79445813176,Купить продукты с доставкой на дом из Яндекс Лавки,delivery,delivery_public,,https://lavka.yandex.ru/,0.85
+79471353226,Почта России,delivery,delivery_public,,https://www.pochta.ru/,0.85
+79891353557,Почта России,delivery,delivery_public,,https://www.pochta.ru/,0.85
+73432101314,"Инженерно-экономический факультет Уральский государственный горный университет в Университетском переулке, 7",education,zoon,ekb,https://zoon.ru/ekb/education/,0.70
+73432127123,Художественная школа № 1 им. П.П. Чистякова,education,zoon,ekb,https://zoon.ru/ekb/education/,0.70
+73432144406,Частная школа Top IT School,education,zoon,ekb,https://zoon.ru/ekb/education/,0.70
+73432184162,Детская музыкальная школа №6,education,zoon,ekb,https://zoon.ru/ekb/education/,0.70
+73432184171,Средняя школа №143,education,zoon,ekb,https://zoon.ru/ekb/education/,0.70
+73432346341,Средняя школа №59,education,zoon,ekb,https://zoon.ru/ekb/education/,0.70
+73432357614,Средняя школа №46,education,zoon,ekb,https://zoon.ru/ekb/education/,0.70
+73432542744,Екатеринбургский институт физической культуры,education,zoon,ekb,https://zoon.ru/ekb/education/,0.70
+73432714453,Московский международный университет информационных технологий Top IT University,education,zoon,ekb,https://zoon.ru/ekb/education/,0.70
+73432830641,Гимназия №8,education,zoon,ekb,https://zoon.ru/ekb/education/,0.70
+73432893888,Уральский колледж недвижимости и управления,education,zoon,ekb,https://zoon.ru/ekb/education/,0.70
+73432895059,Гимназия №94,education,zoon,ekb,https://zoon.ru/ekb/education/,0.70
+73433317049,Университетский колледж Уральский государственный педагогический университет на метро Проспект Космонавтов,education,zoon,ekb,https://zoon.ru/ekb/education/,0.70
+73433319038,Колледж современных профессий Skypro,education,zoon,ekb,https://zoon.ru/ekb/education/,0.70
+73433411385,Детский сад и начальная школа Согласие на улице Мамина-Сибиряка,education,zoon,ekb,https://zoon.ru/ekb/education/,0.70
+73433502484,Уральский колледж индустрии красоты,education,zoon,ekb,https://zoon.ru/ekb/education/,0.70
+73433716466,Частная средняя школа Гелиос на улице Стачек,education,zoon,ekb,https://zoon.ru/ekb/education/,0.70
+73472230742,Уфимский торгово-экономический колледж,education,zoon,ufa,https://zoon.ru/ufa/education/,0.70
+73472239349,Уфимский филиал Московского международного колледжа цифровых технологий «Академия ТОП» на улице Октябрьской Революции,education,zoon,ufa,https://zoon.ru/ufa/education/,0.70
+73472252510,Уфимский многопрофильный профессиональный колледж на Российской улице,education,zoon,ufa,https://zoon.ru/ufa/education/,0.70
+73472288318,Школа №116 школа им. С.Х. Бикеева на улице Блюхера,education,zoon,ufa,https://zoon.ru/ufa/education/,0.70
+73472357072,Гимназия Татарская гимназия №65 им. Загитова Г.К. на Кольцевой улице,education,zoon,ufa,https://zoon.ru/ufa/education/,0.70
+73472359472,"Многофункциональный студенческий центр Уфимский университет науки и технологии на улице Карла Маркса, 12 к 7",education,zoon,ufa,https://zoon.ru/ufa/education/,0.70
+73472429610,Уфимский колледж индустрии питания и сервиса,education,zoon,ufa,https://zoon.ru/ufa/education/,0.70
+73472429631,"Уфимский колледж статистики, информатики и вычислительной техники на улице Кирова, 65",education,zoon,ufa,https://zoon.ru/ufa/education/,0.70
+73472466625,Уфимский государственный колледж технологии и дизайна,education,zoon,ufa,https://zoon.ru/ufa/education/,0.70
+73472501252,Гимназия №82 гимназия Уфимского государственного нефтяного технического университета на улице Ульяновых,education,zoon,ufa,https://zoon.ru/ufa/education/,0.70
+73472603036,"Лицей Содружество №106 им. Павличенко Л.М. на проспекте Октября, 91в",education,zoon,ufa,https://zoon.ru/ufa/education/,0.70
+73472629190,Средняя школа №112,education,zoon,ufa,https://zoon.ru/ufa/education/,0.70
+73472655544,"Колледж БГПУ им. М. Акмуллы на улице Белякова, 25",education,zoon,ufa,https://zoon.ru/ufa/education/,0.70
+73472721861,Башкирский лицей №2 на улице Гафури,education,zoon,ufa,https://zoon.ru/ufa/education/,0.70
+73472724203,Школа №109 школа им. Героя Советского Союза М.И. Абдуллина в Орджоникидзевском районе,education,zoon,ufa,https://zoon.ru/ufa/education/,0.70
+73472727847,Частная школа 3000,education,zoon,ufa,https://zoon.ru/ufa/education/,0.70
+73472834294,Московский международный университет информационных технологий Top IT University,education,zoon,ufa,https://zoon.ru/ufa/education/,0.70
+73472845232,Уральский политехнический колледж,education,zoon,ufa,https://zoon.ru/ufa/education/,0.70
+73472846800,Гимназия №39 гимназия им. А.Ш. Файзуллина в Ленинском районе,education,zoon,ufa,https://zoon.ru/ufa/education/,0.70
+73472860006,Центр образования №15 школа им. Героя РФ Р.Р. Сахабутдинова в Советском районе,education,zoon,ufa,https://zoon.ru/ufa/education/,0.70
+73472959404,Гимназия №47 им. А.П. Гайдара в Октябрьском районе,education,zoon,ufa,https://zoon.ru/ufa/education/,0.70
+73512007201,Средняя школа №4 на улице 40-летия Победы,education,zoon,chelyabinsk,https://zoon.ru/chelyabinsk/education/,0.70
+73512020073,"Академический колледж на улице Свободы, 155/1",education,zoon,chelyabinsk,https://zoon.ru/chelyabinsk/education/,0.70
+73512165737,Колледж предпринимательства и отраслевых технологий на улице Свободы,education,zoon,chelyabinsk,https://zoon.ru/chelyabinsk/education/,0.70
+73512201922,Уральский филиал Российский государственный университет правосудия им. В.М. Лебедева,education,zoon,chelyabinsk,https://zoon.ru/chelyabinsk/education/,0.70
+73512230972,Средняя школа №137 на Свердловском проспекте,education,zoon,chelyabinsk,https://zoon.ru/chelyabinsk/education/,0.70
+73512379224,РЖД лицей №4,education,zoon,chelyabinsk,https://zoon.ru/chelyabinsk/education/,0.70
+73512402020,Южно-Уральский государственный колледж,education,zoon,chelyabinsk,https://zoon.ru/chelyabinsk/education/,0.70
+73512533564,"Уральский социально-экономический институт на улице Свободы, 155/1",education,zoon,chelyabinsk,https://zoon.ru/chelyabinsk/education/,0.70
+73512536714,Лицей №77,education,zoon,chelyabinsk,https://zoon.ru/chelyabinsk/education/,0.70
+73512606151,Международный инновационный университет,education,zoon,chelyabinsk,https://zoon.ru/chelyabinsk/education/,0.70
+73512631571,Лицей №88,education,zoon,chelyabinsk,https://zoon.ru/chelyabinsk/education/,0.70
+73512679452,"Копейский политехнический колледж им. С.В. Хохрякова на улице Ленина, 40 в Копейске",education,zoon,chelyabinsk,https://zoon.ru/chelyabinsk/education/,0.70
+73512682317,Московский международный колледж цифровых технологий в Миассе,education,zoon,chelyabinsk,https://zoon.ru/chelyabinsk/education/,0.70
+73512777639,Челябинский профессиональный колледж на улице Сулимова,education,zoon,chelyabinsk,https://zoon.ru/chelyabinsk/education/,0.70
+73513936326,Средняя школа №24 на улице Жукова,education,zoon,chelyabinsk,https://zoon.ru/chelyabinsk/education/,0.70
+73517216273,Средняя школа №70 на улице 60-летия Октября,education,zoon,chelyabinsk,https://zoon.ru/chelyabinsk/education/,0.70
+73517298097,Частная прогимназия и школа Сокол,education,zoon,chelyabinsk,https://zoon.ru/chelyabinsk/education/,0.70
+73517363052,Колледж Челябинский государственный университет на Кронштадтской улице,education,zoon,chelyabinsk,https://zoon.ru/chelyabinsk/education/,0.70
+73517503070,Приемная комиссия Южно-Уральский государственный университет в Центральном районе,education,zoon,chelyabinsk,https://zoon.ru/chelyabinsk/education/,0.70
+73517754979,Приемная комиссия Южно-Уральский государственный гуманитарно-педагогический университет на проспекте Ленина,education,zoon,chelyabinsk,https://zoon.ru/chelyabinsk/education/,0.70
+73517764638,Школа танцев Vida Mia,education,zoon,chelyabinsk,https://zoon.ru/chelyabinsk/fitness/,0.70
+73517916421,"Комплекс строительства и предпринимательства Южно-Уральский многопрофильный колледж на улице Мира, 96а",education,zoon,chelyabinsk,https://zoon.ru/chelyabinsk/education/,0.70
+73517967029,Челябинский колледж Сфера на Речной улице,education,zoon,chelyabinsk,https://zoon.ru/chelyabinsk/education/,0.70
+73517997001,Политехнический образовательный комплекс Южно-Уральский государственный технический колледж на улице Гагарина,education,zoon,chelyabinsk,https://zoon.ru/chelyabinsk/education/,0.70
+74732224326,Институт дополнительного профессионального образования ВГУ на Никитинской улице,education,zoon,voronezh,https://zoon.ru/voronezh/education/,0.70
+74732229908,Центр дополнительного образования Реальная школа на Ленинском проспекте,education,zoon,voronezh,https://zoon.ru/voronezh/education/,0.70
+74732266013,Школа АРТ-рисунок на улице Генерала Лизюкова,education,zoon,voronezh,https://zoon.ru/voronezh/education/,0.70
+74732272220,Московский международный университет информационных технологий Академия Топ в Слесарном переулке,education,zoon,voronezh,https://zoon.ru/voronezh/education/,0.70
+74732280318,Школа дайвинга Divemaster в ТЦ Европа,education,zoon,voronezh,https://zoon.ru/voronezh/entertainment/,0.70
+74732410054,"Воронежский институт ФСИН России на Иркутской улице, 1а/1",education,zoon,voronezh,https://zoon.ru/voronezh/education/,0.70
+74732430314,Общеобразовательная начальная школа Светлана на Арсенальной улице,education,zoon,voronezh,https://zoon.ru/voronezh/education/,0.70
+74732462177,Музыкальный факультет Воронежский государственный институт искусств,education,zoon,voronezh,https://zoon.ru/voronezh/education/,0.70
+74732484860,Факультет среднего профессионального образования Воронежский государственный университет инженерных технологий на Ленинском проспекте,education,zoon,voronezh,https://zoon.ru/voronezh/education/,0.70
+74732524534,Воронежский экономико-правовой институт,education,zoon,voronezh,https://zoon.ru/voronezh/education/,0.70
+74732555747,Средняя школа №90 в Левобережном районе,education,zoon,voronezh,https://zoon.ru/voronezh/education/,0.70
+74732599319,Воронежский государственный профессионально-педагогический колледж в Ученическом переулке,education,zoon,voronezh,https://zoon.ru/voronezh/education/,0.70
+74732599382,Колледж современных профессий Skypro на улице Бакунина,education,zoon,voronezh,https://zoon.ru/voronezh/education/,0.70
+74732634278,Воронежский государственный университет инженерных технологий на проспекте Революции,education,zoon,voronezh,https://zoon.ru/voronezh/education/,0.70
+74732732275,Воронежский музыкальный колледж на Никитинской улице,education,zoon,voronezh,https://zoon.ru/voronezh/education/,0.70
+74732768398,Воронежский государственный промышленно-технологический колледж на улице 9 Января,education,zoon,voronezh,https://zoon.ru/voronezh/education/,0.70
+74951055552,Детский сад Дедушка Олехник,education,zoon,msk,https://zoon.ru/msk/education/,0.70
+78001005044,Онлайн-школа иностранных языков и школьных предметов Yes-online,education,zoon,ekb,https://zoon.ru/ekb/education/,0.70
+78002500147,"Институт экономики и управления УрФУ Уральский федеральный университет им. первого президента России Б.Н. Ельцина на проспекте Ленина, 13б",education,zoon,ekb,https://zoon.ru/ekb/education/,0.70
+78003010930,Частная школа Summerhill на улице Адмирала Лазарева,education,zoon,msk,https://zoon.ru/msk/education/,0.70
+78006008954,Московский международный колледж цифровых технологий Академия TOP на Итальянской улице,education,zoon,spb,https://zoon.ru/spb/education/,0.70
+78007007489,Средняя школа №79 на Волго-Донской улице,education,zoon,voronezh,https://zoon.ru/voronezh/education/,0.70
+78007772897,Школа Менахем на Новолитовской улице,education,zoon,spb,https://zoon.ru/spb/education/,0.70
+78122142393,Частная школа Top IT School на метро Пионерская,education,zoon,spb,https://zoon.ru/spb/education/,0.70
+78122142494,Частная школа полного дня Крылья,education,zoon,spb,https://zoon.ru/spb/education/,0.70
+78122338801,Московский международный колледж цифровых технологий Академия ТОП в Колпино,education,zoon,spb,https://zoon.ru/spb/education/,0.70
+78122449964,Русская классическая школа Разумея на метро Площадь Мужества,education,zoon,spb,https://zoon.ru/spb/education/,0.70
+78124139383,Семейная школа Альва,education,zoon,spb,https://zoon.ru/spb/education/,0.70
+78124438583,Частная школа Аспект на метро Приморская,education,zoon,spb,https://zoon.ru/spb/education/,0.70
+78125666017,Детский сад Котофейкин на метро Лесная,education,zoon,spb,https://zoon.ru/spb/education/,0.70
+78126026696,Частный детский сад «Мир на ладошке»,education,zoon,spb,https://zoon.ru/spb/education/,0.70
+78126436262,Художественная школа АШБЕ в Адмиралтейском районе,education,zoon,spb,https://zoon.ru/spb/education/,0.70
+78129142903,Частная школа SMART в Приморском районе,education,zoon,spb,https://zoon.ru/spb/education/,0.70
+78129240075,Частная школа Ай Класс,education,zoon,spb,https://zoon.ru/spb/education/,0.70
+78129582323,Колледж Городских Предпринимателей,education,zoon,spb,https://zoon.ru/spb/education/,0.70
+78612026080,Колледж современных профессий Skypro,education,zoon,krasnodar,https://zoon.ru/krasnodar/education/,0.70
+78612026646,Частная школа TOP IT SCHOOL,education,zoon,krasnodar,https://zoon.ru/krasnodar/education/,0.70
+78612108994,Школа Средняя школа №55 им. С. Передерия на Минской улице,education,zoon,krasnodar,https://zoon.ru/krasnodar/education/,0.70
+78612129102,Краснодарский машиностроительный колледж на Северной улице,education,zoon,krasnodar,https://zoon.ru/krasnodar/education/,0.70
+78612214840,Школа-студия живописи Притяжение на Московской улице,education,zoon,krasnodar,https://zoon.ru/krasnodar/education/,0.70
+78612215818,Кубанский государственный аграрный университет им. И.Т. Трубилина,education,zoon,krasnodar,https://zoon.ru/krasnodar/education/,0.70
+78612291368,Средняя школа №76,education,zoon,krasnodar,https://zoon.ru/krasnodar/education/,0.70
+78612395550,Средняя школа №93 школа им. Кронида Обойщикова на улице 1 Мая,education,zoon,krasnodar,https://zoon.ru/krasnodar/education/,0.70
+78612526797,Частная школа-пансион семейного типа Прогресс,education,zoon,krasnodar,https://zoon.ru/krasnodar/education/,0.70
+78612556569,Краснодарский торгово-экономический колледж в Западном округе,education,zoon,krasnodar,https://zoon.ru/krasnodar/education/,0.70
+78612576611,Кадетская школа-интернат им. Героя РФ Остапенко Е.А. Тимашевский казачий кадетский корпус,education,zoon,krasnodar,https://zoon.ru/krasnodar/education/,0.70
+78612584003,Школа-интернат ФК Краснодар,education,zoon,krasnodar,https://zoon.ru/krasnodar/education/,0.70
+78612602730,Семейная школа Teal Stream,education,zoon,krasnodar,https://zoon.ru/krasnodar/education/,0.70
+78613041688,Гимназия Эрудит,education,zoon,krasnodar,https://zoon.ru/krasnodar/education/,0.70
+79012464517,Университет Синергия,education,zoon,krasnodar,https://zoon.ru/krasnodar/education/,0.70
+79012465924,"Частная школа Азбука ПРО на улице Митрофана Седина, 76",education,zoon,krasnodar,https://zoon.ru/krasnodar/education/,0.70
+79012562891,Частная школа Перспектива на метро Чертановская,education,zoon,msk,https://zoon.ru/msk/education/,0.70
+79012571839,"Частная общеобразовательная школа ""Айлон"" в районе Арбат",education,zoon,msk,https://zoon.ru/msk/education/,0.70
+79012578174,Лицей им. С.Н. Нюберг на метро Нагорная,education,zoon,msk,https://zoon.ru/msk/education/,0.70
+79012583685,Частная школа Бексли на метро Тульская,education,zoon,msk,https://zoon.ru/msk/education/,0.70
+79012584916,Частная школа Елизаветинский Лицей в Балашихе,education,zoon,msk,https://zoon.ru/msk/education/,0.70
+79012586115,"Школа Новое Образование на улице Верхняя Хохловка, 1/7",education,zoon,msk,https://zoon.ru/msk/education/,0.70
+79012593660,Детская кулинарная школа Бэби-кулинар на улице Фридриха Энгельса,education,zoon,msk,https://zoon.ru/msk/entertainment/,0.70
+79012593964,"Карцевская школа на Большом Афанасьевском переулке, 41",education,zoon,msk,https://zoon.ru/msk/education/,0.70
+79012594327,Лицей им. С.Н. Нюберг на метро Павелецкая,education,zoon,msk,https://zoon.ru/msk/education/,0.70
+79012596053,Частная школа ONE! International School метро Октябрьское поле,education,zoon,msk,https://zoon.ru/msk/education/,0.70
+79024699240,Частная школа Смарт Скул Новая Рига в селе Ильинское,education,zoon,msk,https://zoon.ru/msk/education/,0.70
+79036517206,Средняя школа №1 школа с углубленным изучением отдельных предметов,education,zoon,voronezh,https://zoon.ru/voronezh/education/,0.70
+79045670896,"Международный институт бизнеса и управления в 5-ом проезде Марьиной Рощи, 15а",education,zoon,msk,https://zoon.ru/msk/education/,0.70
+79045671762,Частная школа Бексли на улице Берзарина,education,zoon,msk,https://zoon.ru/msk/education/,0.70
+79045672239,Частная школа TOP IT SCHOOL на метро Коломенская,education,zoon,msk,https://zoon.ru/msk/education/,0.70
+79045672309,Частная школа ВЕСТМАН на Фестивальной улице,education,zoon,msk,https://zoon.ru/msk/education/,0.70
+79045673751,Частная школа Путь к Успеху в ЖК Хедлайнер,education,zoon,msk,https://zoon.ru/msk/education/,0.70
+79045674118,Частная школа-детский сад Уникум в Троицке,education,zoon,msk,https://zoon.ru/msk/education/,0.70
+79045675843,"Московский международный университет на Ленинградском проспекте, 17",education,zoon,msk,https://zoon.ru/msk/education/,0.70
+79045676152,Частная школа Екатерининский лицей Бристоль на метро Рассказовка,education,zoon,msk,https://zoon.ru/msk/education/,0.70
+79045678348,Частная школа Путь к Успеху в Первомайском,education,zoon,msk,https://zoon.ru/msk/education/,0.70
+79045680322,Школа Летово Джуниор на Раменском бульваре,education,zoon,msk,https://zoon.ru/msk/education/,0.70
+79045680775,Начальная школа Summerhill в Южном Бутово,education,zoon,msk,https://zoon.ru/msk/education/,0.70
+79045683045,Частная школа ONE! International School метро Раменки,education,zoon,msk,https://zoon.ru/msk/education/,0.70
+79045688931,Частная школа Старая школа,education,zoon,msk,https://zoon.ru/msk/education/,0.70
+79054031563,"Московский международный колледж цифровых технологий ""Академия ТОП"" в Лабинске",education,zoon,krasnodar,https://zoon.ru/krasnodar/education/,0.70
+79062694940,Частная школа Top IT School на Конюшенной улице,education,zoon,spb,https://zoon.ru/spb/education/,0.70
+79083504984,Уфимский автотранспортный колледж,education,zoon,ufa,https://zoon.ru/ufa/education/,0.70
+79086760262,Романовская гимназия,education,zoon,krasnodar,https://zoon.ru/krasnodar/education/,0.70
+79103478636,Детская художественная школа ДХШ,education,zoon,voronezh,https://zoon.ru/voronezh/education/,0.70
+79122602900,Лицей №110 им. Л.К. Гришиной,education,zoon,ekb,https://zoon.ru/ekb/education/,0.70
+79183995595,Средняя школа №8 школа им. Героя Советского Союза партизана Геннадия Игнатова на Советской улице,education,zoon,krasnodar,https://zoon.ru/krasnodar/education/,0.70
+79184709584,Московский международный колледж цифровых технологий Академия ТОП в Абинске,education,zoon,krasnodar,https://zoon.ru/krasnodar/education/,0.70
+79189722020,Художественная школа НебохСова на улице Дзержинского,education,zoon,krasnodar,https://zoon.ru/krasnodar/education/,0.70
+79204254224,Частная школа АССИСТ,education,zoon,voronezh,https://zoon.ru/voronezh/education/,0.70
+79213217538,"Частная школа Top IT School на проспекте Пятилеток, 13 к 1",education,zoon,spb,https://zoon.ru/spb/education/,0.70
+79219312553,"Школа-клуб гуманной педагогики ""Синяя птица""",education,zoon,spb,https://zoon.ru/spb/education/,0.70
+79219585358,Онлайн-школа Стимул,education,zoon,spb,https://zoon.ru/spb/education/,0.70
+79284146181,"Частная школа АНОО ""Пушкинская школа""",education,zoon,krasnodar,https://zoon.ru/krasnodar/education/,0.70
+79292390248,Студия маникюра VENZEL на Университетской набережной,education,zoon,chelyabinsk,https://zoon.ru/chelyabinsk/beauty/,0.70
+79313222471,Частная школа Академия успеха,education,zoon,spb,https://zoon.ru/spb/education/,0.70
+79316333899,Школа маникюра и педикюра Advance Nails на улице Красного Курсанта,education,zoon,spb,https://zoon.ru/spb/education/,0.70
+79344773318,Школа скорочтения и развития интеллекта Iq007 на улице Евгения Столярова,education,zoon,ufa,https://zoon.ru/ufa/education/,0.70
+79373601537,Частная школа Top IT School,education,zoon,ufa,https://zoon.ru/ufa/education/,0.70
+79517999393,Гимназия №1,education,zoon,chelyabinsk,https://zoon.ru/chelyabinsk/education/,0.70
+79615244066,"Краснодарский гуманитарно-технологический колледж на улице 1 Мая, 99",education,zoon,krasnodar,https://zoon.ru/krasnodar/education/,0.70
+79657770440,Всеволожская школа-технопарк,education,zoon,spb,https://zoon.ru/spb/education/,0.70
+79675554312,Школа плавания Нептун на Анисовой улице,education,zoon,krasnodar,https://zoon.ru/krasnodar/fitness/,0.70
+79677375500,Школа-студия ногтевого сервиса ЭлиСтудио,education,zoon,ufa,https://zoon.ru/ufa/beauty/,0.70
+79806978526,Частная школа Бексли на Рябиновой улице,education,zoon,msk,https://zoon.ru/msk/education/,0.70
+79813353507,Семейная школа Особая семья на Афанасьевской улице,education,zoon,spb,https://zoon.ru/spb/education/,0.70
+79813363427,Частная школа ПалестрУМ в Ломоносове,education,zoon,spb,https://zoon.ru/spb/education/,0.70
+79819004161,Частное образовательное учреждение Школа Шамир на метро Спортивная,education,zoon,spb,https://zoon.ru/spb/education/,0.70
+79819059572,Частная школа Аспект на Кадетской линии,education,zoon,spb,https://zoon.ru/spb/education/,0.70
+79856199504,Школа Pole Dance Kiseleva,education,zoon,msk,https://zoon.ru/msk/fitness/,0.70
+79891205730,Частная школа с усиленным английским языком Смородина,education,zoon,krasnodar,https://zoon.ru/krasnodar/education/,0.70
+79891255544,Кубанский институт профессионального образования на Садовой улице,education,zoon,krasnodar,https://zoon.ru/krasnodar/education/,0.70
+79893648640,Частная школа Путь к Успеху в ЖК Вестердам,education,zoon,msk,https://zoon.ru/msk/education/,0.70
+79953347888,Колледж Юмед на улице Курчатова,education,zoon,chelyabinsk,https://zoon.ru/chelyabinsk/education/,0.70
+79955995732,Школа искусств Золотой луч,education,zoon,spb,https://zoon.ru/spb/education/,0.70
+79999800930,Приемная ректора Международный институт дизайна и сервиса на улице Ворошилова,education,zoon,chelyabinsk,https://zoon.ru/chelyabinsk/education/,0.70
+7101,Пожарная,emergency,official_whitelist,,,0.70
+7102,Полиция,emergency,official_whitelist,,,0.70
+7103,Скорая помощь,emergency,official_whitelist,,,0.70
+7104,МЧС,emergency,official_whitelist,,,0.70
+7112,Единый номер экстренных служб,emergency,official_whitelist,,,0.70
+74956942222,Скорая помощь Москва,emergency,official_whitelist,,,0.70
+74956943333,Пожарная Москва,emergency,official_whitelist,,,0.70
+74956944444,Полиция Москва,emergency,official_whitelist,,,0.70
+74959885655,МЧС России,emergency,official_whitelist,,,0.70
+73432290558,"Фитнес-клуб Драйв Фитнес на улице Краснолесья, 12а",fitness,zoon,ekb,https://zoon.ru/ekb/fitness/,0.70
+73432715180,Студия растяжки и фитнеса Flex&Energy,fitness,zoon,ekb,https://zoon.ru/ekb/fitness/,0.70
+73432876600,Фитнес-клуб One Jump Kangoo Jumps,fitness,zoon,ekb,https://zoon.ru/ekb/fitness/,0.70
+73432887229,Фитнес-клуб Gold Fit на Соликамской улице,fitness,zoon,ekb,https://zoon.ru/ekb/fitness/,0.70
+73432887778,Фитнес-клуб Gold Fit на улице Героев России,fitness,zoon,ekb,https://zoon.ru/ekb/fitness/,0.70
+73432892812,Фитнес-клуб Камелот на Селькоровской улице,fitness,zoon,ekb,https://zoon.ru/ekb/fitness/,0.70
+73432902099,Фитнес-центр Powerhouse Gym на улице Титова,fitness,zoon,ekb,https://zoon.ru/ekb/fitness/,0.70
+73433008061,Конноспортивный клуб Темп в селе Бородулино,fitness,zoon,ekb,https://zoon.ru/ekb/entertainment/,0.70
+73433179060,Фитнес-клуб Iron Gym на улице Владимира Высоцкого,fitness,zoon,ekb,https://zoon.ru/ekb/fitness/,0.70
+73433431406,Фитнес-клуб Powerhouse Gym на метро Геологическая,fitness,zoon,ekb,https://zoon.ru/ekb/fitness/,0.70
+73472009760,Спортивный клуб Fitness land в Советском районе,fitness,zoon,ufa,https://zoon.ru/ufa/fitness/,0.70
+73472242323,Женский фитнес-клуб Форманормика на улице Степана Кувыкина,fitness,zoon,ufa,https://zoon.ru/ufa/fitness/,0.70
+73472250364,Фитнес-студия Getbett,fitness,zoon,ufa,https://zoon.ru/ufa/fitness/,0.70
+73472269333,Фитнес-центр Korolef Fitness,fitness,zoon,ufa,https://zoon.ru/ufa/fitness/,0.70
+73472560561,Фитнес-клуб DARKFIT GYM в Октябрьском районе,fitness,zoon,ufa,https://zoon.ru/ufa/fitness/,0.70
+73472577778,Женский фитнес-клуб Форманормика в Октябрьском районе,fitness,zoon,ufa,https://zoon.ru/ufa/fitness/,0.70
+73472577877,Фитнес-клуб Элита в Октябрьском районе,fitness,zoon,ufa,https://zoon.ru/ufa/fitness/,0.70
+73472629922,Фитнес-центр Zorge Fitness,fitness,zoon,ufa,https://zoon.ru/ufa/fitness/,0.70
+73472680777,Фитнес-студия персональных занятий,fitness,zoon,ufa,https://zoon.ru/ufa/fitness/,0.70
+73472799715,"Студия фитнеса, танцев и стретчинга Wonder Bungee",fitness,zoon,ufa,https://zoon.ru/ufa/fitness/,0.70
+73472924466,Фитнес-клуб Оранж Фитнес на улице Софьи Перовской,fitness,zoon,ufa,https://zoon.ru/ufa/fitness/,0.70
+73472959333,Фитнес-клуб DDX Fitness Сипайлово,fitness,zoon,ufa,https://zoon.ru/ufa/fitness/,0.70
+73512100060,"Спортивный клуб Пик формы на проспекте Победы, 348 стр 1",fitness,zoon,chelyabinsk,https://zoon.ru/chelyabinsk/fitness/,0.70
+73512100600,Фитнес-центр GREEN CLUB на улице Воровского,fitness,zoon,chelyabinsk,https://zoon.ru/chelyabinsk/fitness/,0.70
+73512171022,Спортивный клуб Рэкком на улице Энгельса,fitness,zoon,chelyabinsk,https://zoon.ru/chelyabinsk/fitness/,0.70
+73512720898,Бассейн Юбилейный спортивно-оздоровительный комплекс,fitness,zoon,chelyabinsk,https://zoon.ru/chelyabinsk/fitness/,0.70
+73513533021,Фитнес-клуб Метроfitness на Салютной улице,fitness,zoon,chelyabinsk,https://zoon.ru/chelyabinsk/fitness/,0.70
+73513974082,Физкультурно-спортивный клуб Горка на проспекте Победы в Копейске,fitness,zoon,chelyabinsk,https://zoon.ru/chelyabinsk/entertainment/,0.70
+73517007312,Фитнес Park,fitness,zoon,chelyabinsk,https://zoon.ru/chelyabinsk/fitness/,0.70
+73517230700,Фитнес-клуб Космос на улице Чайковского,fitness,zoon,chelyabinsk,https://zoon.ru/chelyabinsk/fitness/,0.70
+73517277760,Студия фитнеса Tochka.fitness на проспекте Ленина,fitness,zoon,chelyabinsk,https://zoon.ru/chelyabinsk/fitness/,0.70
+73517773023,Фитнес-клуб Космос на Каслинской улице,fitness,zoon,chelyabinsk,https://zoon.ru/chelyabinsk/fitness/,0.70
+74732017026,Женская студия растяжки и фитнеса Stretch school на улице Владимира Невского,fitness,zoon,voronezh,https://zoon.ru/voronezh/fitness/,0.70
+74732017369,Фитнес-клуб Хот Форм на улице Владимира Невского,fitness,zoon,voronezh,https://zoon.ru/voronezh/fitness/,0.70
+74732287180,Фитнес-клуб LIFE на улице Переверткина,fitness,zoon,voronezh,https://zoon.ru/voronezh/fitness/,0.70
+74732290070,Фитнес-студия Орехи,fitness,zoon,voronezh,https://zoon.ru/voronezh/fitness/,0.70
+74732320446,Фитнес-клуб DDX Fitness Воронеж ЦУМ,fitness,zoon,voronezh,https://zoon.ru/voronezh/fitness/,0.70
+74732387484,Фитнес-клуб Хот Форм на проспекте Труда,fitness,zoon,voronezh,https://zoon.ru/voronezh/fitness/,0.70
+74732394390,Фитнес-клуб BodyFit в Отрадном,fitness,zoon,voronezh,https://zoon.ru/voronezh/fitness/,0.70
+74732525489,Фитнес-клуб Hydra Gym на улице Бакунина,fitness,zoon,voronezh,https://zoon.ru/voronezh/fitness/,0.70
+74732555077,Спортивно-оздоровительный комплекс ВГМУ им. Н.Н. Бурденко на Студенческой улице,fitness,zoon,voronezh,https://zoon.ru/voronezh/fitness/,0.70
+74732584774,Фитнес-клуб Fresh на улице Ленина,fitness,zoon,voronezh,https://zoon.ru/voronezh/fitness/,0.70
+74732586500,"Спортивный клуб SportHouse на Спортивной набережной, 4в",fitness,zoon,voronezh,https://zoon.ru/voronezh/fitness/,0.70
+74732601510,Фитнес-клуб Lion,fitness,zoon,voronezh,https://zoon.ru/voronezh/fitness/,0.70
+74732618181,Фитнес-клуб Хот Форм на Никитинской улице,fitness,zoon,voronezh,https://zoon.ru/voronezh/fitness/,0.70
+74950238687,Фитнес-клуб DDX Fitness Армавир ТРЦ Красная площадь,fitness,zoon,krasnodar,https://zoon.ru/krasnodar/fitness/,0.70
+74952609707,"Фитнес клуб Облака на улице Лётчика Бабушкина, 32 к 3",fitness,zoon,msk,https://zoon.ru/msk/fitness/,0.70
+74954534288,Фитнес-студия ДримФитСайкл,fitness,zoon,msk,https://zoon.ru/msk/fitness/,0.70
+74995023818,ООО &quot;Мир Товаров&quot; Москва (ИНН 7731267690) адрес и телефон,fitness,rusprofile,,https://www.rusprofile.ru/id/10329379,0.70
+78212328535,ООО &quot;Планета Здоровья&quot; Сыктывкар (ИНН 1113009165) адрес и телефон,fitness,rusprofile,,https://www.rusprofile.ru/id/3908332,0.70
+78416721441,"ООО &quot;Бассейн Люкс&quot; Шатск (ИНН 7104501692) адрес, официальный сайт и телефон",fitness,rusprofile,,https://www.rusprofile.ru/id/3341030,0.70
+78612012525,Фитнес-клуб World Class,fitness,zoon,krasnodar,https://zoon.ru/krasnodar/fitness/,0.70
+78612029958,Фитнес-клуб XFIT Меридиан на улице Стасова,fitness,zoon,krasnodar,https://zoon.ru/krasnodar/fitness/,0.70
+78612042814,Фитнес-клуб XFit Юбилейный в Западном округе,fitness,zoon,krasnodar,https://zoon.ru/krasnodar/fitness/,0.70
+78612044000,Фитнес-клуб Джиматика на Садовой улице,fitness,zoon,krasnodar,https://zoon.ru/krasnodar/fitness/,0.70
+78612052323,Фитнес-клуб sfera фитнес-клуб на улице Тургенева,fitness,zoon,krasnodar,https://zoon.ru/krasnodar/fitness/,0.70
+78612052564,Фитнес-клуб Balance Империал,fitness,zoon,krasnodar,https://zoon.ru/krasnodar/fitness/,0.70
+78612053452,Фитнес-клуб Balance Абрикосово,fitness,zoon,krasnodar,https://zoon.ru/krasnodar/fitness/,0.70
+78612072201,Фитнес-клуб Digger,fitness,zoon,krasnodar,https://zoon.ru/krasnodar/fitness/,0.70
+78612101110,Фитнес-клуб Forma Fitness на Кузнечной улице,fitness,zoon,krasnodar,https://zoon.ru/krasnodar/fitness/,0.70
+78612150015,Фитнес-клуб Xs-fit в проезде Репина,fitness,zoon,krasnodar,https://zoon.ru/krasnodar/fitness/,0.70
+78612409500,"Фитнес клуб DarkFit Gym на Уральской улице, 75/1 лит б",fitness,zoon,krasnodar,https://zoon.ru/krasnodar/fitness/,0.70
+78612612835,Фитнес-клуб Bull Gym на улице Рождественская набережная,fitness,zoon,krasnodar,https://zoon.ru/krasnodar/fitness/,0.70
+78612737700,Фитнес-клуб XFIT Солнечный,fitness,zoon,krasnodar,https://zoon.ru/krasnodar/fitness/,0.70
+78612795879,"Спортивно-оздоровительный центр Villa Castalia на Кубанской набережной, 44",fitness,zoon,krasnodar,https://zoon.ru/krasnodar/fitness/,0.70
+78612888273,Фитнес-центр 50 gym на улице Стасова,fitness,zoon,krasnodar,https://zoon.ru/krasnodar/fitness/,0.70
+78612904888,Фитнес-клуб Time fitness,fitness,zoon,krasnodar,https://zoon.ru/krasnodar/fitness/,0.70
+79000968133,Фитнес-клуб Колизей на улице Молодогвардейцев,fitness,zoon,chelyabinsk,https://zoon.ru/chelyabinsk/fitness/,0.70
+79012464928,Женская фитнес-студия SOMA на Восточно-Кругликовской улице,fitness,zoon,krasnodar,https://zoon.ru/krasnodar/fitness/,0.70
+79012499534,Фитнес-клуб DARKFIT GYM,fitness,zoon,ekb,https://zoon.ru/ekb/fitness/,0.70
+79012560986,Студия EMS-фитнес тренировок FitDream на метро Говорово,fitness,zoon,msk,https://zoon.ru/msk/fitness/,0.70
+79012577135,Фитнес-клуб Магнум в микрорайоне Железнодорожный Балашиха,fitness,zoon,msk,https://zoon.ru/msk/fitness/,0.70
+79020244242,Уютный фитнес-клуб Manhattan,fitness,zoon,chelyabinsk,https://zoon.ru/chelyabinsk/fitness/,0.70
+79042700795,ООО &quot;Планета Здоровья&quot; Сыктывкар (ИНН 1113009165) адрес и телефон,fitness,rusprofile,,https://www.rusprofile.ru/id/3908332,0.70
+79045670745,Фитнес-клуб DDX Fitness Ясенево,fitness,zoon,msk,https://zoon.ru/msk/fitness/,0.70
+79045671183,СВ фитнес на Можайском шоссе в Одинцово,fitness,zoon,msk,https://zoon.ru/msk/fitness/,0.70
+79045671731,Фитнес-клуб DDX Fitness Братеево Браво,fitness,zoon,msk,https://zoon.ru/msk/fitness/,0.70
+79045672391,Фитнес-клуб Fitness Time на метро Коптево,fitness,zoon,msk,https://zoon.ru/msk/fitness/,0.70
+79045672971,Спортивный клуб Новая Звезда на метро Водный стадион,fitness,zoon,msk,https://zoon.ru/msk/fitness/,0.70
+79045677915,Фитнес-клуб Мультиспорт в СК Лужники,fitness,zoon,msk,https://zoon.ru/msk/fitness/,0.70
+79045679945,Фитнес-клуб Gold’s Gym на метро Динамо,fitness,zoon,msk,https://zoon.ru/msk/fitness/,0.70
+79045683258,Клуб единоборств и фитнеса CLUB 18 fight & fitness,fitness,zoon,msk,https://zoon.ru/msk/fitness/,0.70
+79050500989,Фитнес-центр Корона на улице Владимира Невского,fitness,zoon,voronezh,https://zoon.ru/voronezh/fitness/,0.70
+79061077100,Фитнес-клуб H&T,fitness,zoon,ufa,https://zoon.ru/ufa/fitness/,0.70
+79080820022,Фитнес-клуб DDX Fitness Челябинск Таганай,fitness,zoon,chelyabinsk,https://zoon.ru/chelyabinsk/fitness/,0.70
+79083557515,Фитнес-центр Mendeleef Fitness на улице Менделеева,fitness,zoon,ufa,https://zoon.ru/ufa/fitness/,0.70
+79090078332,Фитнес-центр Powerhouse Gym на улице Серафимы Дерябиной,fitness,zoon,ekb,https://zoon.ru/ekb/fitness/,0.70
+79102870789,Фитнес-центр Ось. Центр движения,fitness,zoon,voronezh,https://zoon.ru/voronezh/fitness/,0.70
+79103413471,Фитнес-клуб DDX Fitness Воронеж Депо,fitness,zoon,voronezh,https://zoon.ru/voronezh/fitness/,0.70
+79111410000,Детский бассейн АкваСтар на Петровском бульваре в Мурино,fitness,zoon,spb,https://zoon.ru/spb/entertainment/,0.70
+79122068739,Фитнес-центр для девушек Lfit,fitness,zoon,ekb,https://zoon.ru/ekb/fitness/,0.70
+79173566035,Фитнес-клуб Persona Basis на улице Пушкина,fitness,zoon,ufa,https://zoon.ru/ufa/fitness/,0.70
+79174303757,Спортивно-оздоровительный клуб для женщин Веллберри в Советском районе,fitness,zoon,ufa,https://zoon.ru/ufa/fitness/,0.70
+79174339156,3000 Фитнес-Арена,fitness,zoon,ufa,https://zoon.ru/ufa/fitness/,0.70
+79174361507,Фитнес-клуб Барбара,fitness,zoon,ufa,https://zoon.ru/ufa/fitness/,0.70
+79180172616,Фитнес-клуб Octagon-Fit на улице Селезнёва,fitness,zoon,krasnodar,https://zoon.ru/krasnodar/fitness/,0.70
+79186569111,Фитнес-клуб Территория Фитнеса на Совхозной улице,fitness,zoon,krasnodar,https://zoon.ru/krasnodar/fitness/,0.70
+79191270108,"Женский фитнес-клуб ТОНУС-КЛУБ на улице Братьев Кашириных, 124",fitness,zoon,chelyabinsk,https://zoon.ru/chelyabinsk/fitness/,0.70
+79191879199,Фитнес-клуб XFIT на улице Карла Маркса в Центральном районе,fitness,zoon,voronezh,https://zoon.ru/voronezh/fitness/,0.70
+79202229286,Женский фитнес-клуб Тренировка 36 на Московском проспекте,fitness,zoon,voronezh,https://zoon.ru/voronezh/fitness/,0.70
+79204500585,Фитнес-клуб Galaxy Fit на улице Ломоносова,fitness,zoon,voronezh,https://zoon.ru/voronezh/fitness/,0.70
+79219022800,Детский бассейн Аквастар в Красногвардейском районе,fitness,zoon,spb,https://zoon.ru/spb/entertainment/,0.70
+79221009929,Женский фитнес-клуб Летай на улице Циолковского,fitness,zoon,ekb,https://zoon.ru/ekb/fitness/,0.70
+79221214698,Фитнес-центр Powerhouse Gym на улице Хохрякова,fitness,zoon,ekb,https://zoon.ru/ekb/fitness/,0.70
+79221215227,Фитнес-клуб Powerhouse Gym на Родонитовой улице,fitness,zoon,ekb,https://zoon.ru/ekb/fitness/,0.70
+79221371343,Фитнес-клуб XFIT Клевер на улице Ткачей на метро Чкаловская,fitness,zoon,ekb,https://zoon.ru/ekb/fitness/,0.70
+79221385715,Женский фитнес-клуб Летай на улице Репина,fitness,zoon,ekb,https://zoon.ru/ekb/fitness/,0.70
+79221389477,Фитнес-клуб DDX Fitness Екатеринбург Радуга Парк,fitness,zoon,ekb,https://zoon.ru/ekb/fitness/,0.70
+79272364720,Фитнес-клуб Hall фитнес-клуб в ТЦ Мир,fitness,zoon,ufa,https://zoon.ru/ufa/fitness/,0.70
+79279448405,Спортивный комплекс Динамо-Урал на улице Менделеева,fitness,zoon,ufa,https://zoon.ru/ufa/fitness/,0.70
+79279535586,Фитнес-клуб DDX Fitness Уфа Семья,fitness,zoon,ufa,https://zoon.ru/ufa/fitness/,0.70
+79290100869,Фитнес-клуб Sl,fitness,zoon,voronezh,https://zoon.ru/voronezh/fitness/,0.70
+79299594745,Фитнес-клуб DDX Fitness Кузьминки,fitness,zoon,msk,https://zoon.ru/msk/fitness/,0.70
+79300129912,Фитнес-клуб Lady gym на улице Карла Маркса,fitness,zoon,voronezh,https://zoon.ru/voronezh/fitness/,0.70
+79321198191,Спортивный комплекс Power Pro Fitness,fitness,zoon,ekb,https://zoon.ru/ekb/fitness/,0.70
+79326006885,"Студия йоги, фитнеса и массажа Светлая",fitness,zoon,ekb,https://zoon.ru/ekb/fitness/,0.70
+79361065866,Фитнес-клуб Облака в 3-м Павелецком проезде,fitness,zoon,msk,https://zoon.ru/msk/fitness/,0.70
+79373333842,Студия джампинг-фитнеса Jump and dance на улице Софьи Перовской,fitness,zoon,ufa,https://zoon.ru/ufa/fitness/,0.70
+79378472030,Фитнес-клуб Элита на улице Черниковская,fitness,zoon,ufa,https://zoon.ru/ufa/fitness/,0.70
+79514793109,Фитнес-клуб H2O Fitness,fitness,zoon,chelyabinsk,https://zoon.ru/chelyabinsk/fitness/,0.70
+79517737197,Фитнес-клуб Адреналин,fitness,zoon,chelyabinsk,https://zoon.ru/chelyabinsk/fitness/,0.70
+79518780134,Фитнес-клуб XFIT Чернавский на улице Короленко в Центральном районе,fitness,zoon,voronezh,https://zoon.ru/voronezh/fitness/,0.70
+79587633490,Фитнес-клуб DDX Fitness Челябинск Ёлки,fitness,zoon,chelyabinsk,https://zoon.ru/chelyabinsk/fitness/,0.70
+79615000475,Фитнес-центр Black x Croc на улице Западный Обход,fitness,zoon,krasnodar,https://zoon.ru/krasnodar/fitness/,0.70
+79655050959,Фитнес-клуб Проактив на улице Щербакова,fitness,zoon,ekb,https://zoon.ru/ekb/fitness/,0.70
+79678615785,Конноспортивный комплекс Рифей,fitness,zoon,chelyabinsk,https://zoon.ru/chelyabinsk/entertainment/,0.70
+79813352694,Фитнес-клуб DDX Fitness Санкт-Петербург Жемчужная Плаза,fitness,zoon,spb,https://zoon.ru/spb/fitness/,0.70
+79813354230,Фитнес-клуб DDX Fitness Санкт-Петербург Лондон Молл,fitness,zoon,spb,https://zoon.ru/spb/fitness/,0.70
+79813355264,Спортивно-развлекательный центр La Playa,fitness,zoon,spb,https://zoon.ru/spb/entertainment/,0.70
+79813356072,Фитнес-клуб Fitness 24 на Ново-Рыбинской улице,fitness,zoon,spb,https://zoon.ru/spb/fitness/,0.70
+79813356915,Фитнес-студия ФитСмарт,fitness,zoon,spb,https://zoon.ru/spb/fitness/,0.70
+79813357127,Фитнес-клуб DDX Fitness Санкт-Петербург Академическая,fitness,zoon,spb,https://zoon.ru/spb/fitness/,0.70
+79813358041,Фитнес-клуб DDX Fitness Санкт-Петербург Норд,fitness,zoon,spb,https://zoon.ru/spb/fitness/,0.70
+79813359502,Фитнес-клуб DDX Fitness Санкт-Петербург Проспект Славы,fitness,zoon,spb,https://zoon.ru/spb/fitness/,0.70
+79813359720,Фитнес-клуб Аурум на Вологодской улице,fitness,zoon,spb,https://zoon.ru/spb/fitness/,0.70
+79813359784,Фитнес-клуб DDX Fitness Санкт-Петербург Голливуд,fitness,zoon,spb,https://zoon.ru/spb/fitness/,0.70
+79813360634,Фитнес-клуб FITNESS 24 на метро Проспект Ветеранов,fitness,zoon,spb,https://zoon.ru/spb/fitness/,0.70
+79813360865,Фитнес-клуб DDX Fitness Санкт-Петербург Июнь,fitness,zoon,spb,https://zoon.ru/spb/fitness/,0.70
+79813360980,Фитнес-клуб Fitness 24 на Народной улице,fitness,zoon,spb,https://zoon.ru/spb/fitness/,0.70
+79813363524,Фитнес-клуб DDX Fitness Санкт-Петербург Пассаж,fitness,zoon,spb,https://zoon.ru/spb/fitness/,0.70
+79813364380,Фитнес-клуб DDX Fitness Сенная,fitness,zoon,spb,https://zoon.ru/spb/fitness/,0.70
+79813367619,Спортивный центр Gravity Sport на улице Сантьяго-де-Куба,fitness,zoon,spb,https://zoon.ru/spb/fitness/,0.70
+79813368856,Фитнес-клуб DDX Fitness Санкт-Петербург Дом Мод,fitness,zoon,spb,https://zoon.ru/spb/fitness/,0.70
+79813371376,Фитнес-клуб DDX Fitness Санкт-Петербург Галерея,fitness,zoon,spb,https://zoon.ru/spb/fitness/,0.70
+79813371950,"Фитнес-клуб Sportworks на Яхтенной улице, 24 к 2",fitness,zoon,spb,https://zoon.ru/spb/fitness/,0.70
+79813372312,Фитнес-клуб DDX Fitness Санкт-Петербург Мурино,fitness,zoon,spb,https://zoon.ru/spb/fitness/,0.70
+79813372367,Фитнес-клуб DDX Fitness Санкт-Петербург Сити Молл,fitness,zoon,spb,https://zoon.ru/spb/fitness/,0.70
+79827424448,Женский фитнес-клуб Летай в Первоуральске,fitness,zoon,ekb,https://zoon.ru/ekb/fitness/,0.70
+79827642797,Женский фитнес-клуб Летай в Арамиле,fitness,zoon,ekb,https://zoon.ru/ekb/fitness/,0.70
+79851210360,Фитнес-клуб Mass gym,fitness,zoon,ufa,https://zoon.ru/ufa/fitness/,0.70
+79882438373,Спортивный комплекс Non-stop на Сормовской улице,fitness,zoon,krasnodar,https://zoon.ru/krasnodar/fitness/,0.70
+79885206777,Фитнес-клуб life.pro фитнес-клуб на Черкасской улице,fitness,zoon,krasnodar,https://zoon.ru/krasnodar/fitness/,0.70
+79955418288,Фитнес клуб FLEX на Предельной улице,fitness,zoon,ekb,https://zoon.ru/ekb/fitness/,0.70
+79955634438,"Клуб боевых искусств и фитнеса FIGHT & FITNESS CLUB на проспекте Космонавтов, 41",fitness,zoon,ekb,https://zoon.ru/ekb/fitness/,0.70
+79992010703,Фитнес-клуб DDX Fitness Санкт-Петербург Ломоносовский,fitness,zoon,spb,https://zoon.ru/spb/fitness/,0.70
+79995594783,Фитнес-клуб Darkfitgym на улице Старых Большевиков,fitness,zoon,ekb,https://zoon.ru/ekb/fitness/,0.70
+70763600000,FL.ru,freelancer,fl_ru,,https://www.fl.ru/freelancers/,0.70
+70777740479,Hands.ru,freelancer,hands_ru,,https://hands.ru/,0.70
+71403350830,Hands.ru,freelancer,hands_ru,,https://hands.ru/,0.70
+71534481048,Hands.ru,freelancer,hands_ru,,https://hands.ru/,0.70
+73226776123,Hands.ru,freelancer,hands_ru,,https://hands.ru/,0.70
+73244323730,Hands.ru,freelancer,hands_ru,,https://hands.ru/,0.70
+73774781913,Hands.ru,freelancer,hands_ru,,https://hands.ru/,0.70
+74597778320,Hands.ru,freelancer,hands_ru,,https://hands.ru/,0.70
+75039234161,Hands.ru,freelancer,hands_ru,,https://hands.ru/,0.70
+75249641771,FL.ru,freelancer,fl_ru,,https://www.fl.ru/freelancers/,0.70
+75729724168,Hands.ru,freelancer,hands_ru,,https://hands.ru/,0.70
+75883228512,Hands.ru,freelancer,hands_ru,,https://hands.ru/,0.70
+76824209892,Hands.ru,freelancer,hands_ru,,https://hands.ru/,0.70
+77843137979,Hands.ru,freelancer,hands_ru,,https://hands.ru/,0.70
+79045308171,Крупнейшая биржа фриланса с лучшими профессионалами рунета. Фриланс и удаленная работа - FL.ru,freelancer,service_marketplace,,https://www.fl.ru/,0.60
+79046343892,Крупнейшая биржа фриланса с лучшими профессионалами рунета. Фриланс и удаленная работа - FL.ru,freelancer,service_marketplace,,https://www.fl.ru/,0.60
+79110933350,Крупнейшая биржа фриланса с лучшими профессионалами рунета. Фриланс и удаленная работа - FL.ru,freelancer,service_marketplace,,https://www.fl.ru/,0.60
+79119269629,"Все фрилансеры - изготовление логотипа, создание баннеров, сайт под ключ",freelancer,service_marketplace_fast,,https://freelance.ru/freelancers/,0.60
+79197059000,Freelance.ru,freelancer,freelance_ru,,https://freelance.ru/,0.70
+79202973666,Каталог PRO,freelancer,service_marketplace_fast,,https://freelance.ru/freelancers/pro,0.60
+79250799120,"Все фрилансеры - изготовление логотипа, создание баннеров, сайт под ключ",freelancer,service_marketplace_fast,,https://freelance.ru/freelancers/,0.60
+79252900252,"Все фрилансеры - изготовление логотипа, создание баннеров, сайт под ключ",freelancer,service_marketplace_fast,,https://freelance.ru/freelancers/,0.60
+79263609264,Крупнейшая биржа фриланса с лучшими профессионалами рунета. Фриланс и удаленная работа - FL.ru,freelancer,service_marketplace,,https://www.fl.ru/,0.60
+79272757609,Freelance.ru,freelancer,freelance_ru,,https://freelance.ru/,0.70
+79276291435,"Все фрилансеры - изготовление логотипа, создание баннеров, сайт под ключ",freelancer,service_marketplace_fast,,https://freelance.ru/freelancers/,0.60
+79302223223,"Все фрилансеры - изготовление логотипа, создание баннеров, сайт под ключ",freelancer,service_marketplace_fast,,https://freelance.ru/freelancers/,0.60
+79320777730,Крупнейшая биржа фриланса с лучшими профессионалами рунета. Фриланс и удаленная работа - FL.ru,freelancer,service_marketplace,,https://www.fl.ru/,0.60
+79658156031,"Все фрилансеры - изготовление логотипа, создание баннеров, сайт под ключ",freelancer,service_marketplace_fast,,https://freelance.ru/freelancers/,0.60
+79883882260,Крупнейшая биржа фриланса с лучшими профессионалами рунета. Фриланс и удаленная работа - FL.ru,freelancer,service_marketplace,,https://www.fl.ru/,0.60
+79931054494,Freelance.ru,freelancer,freelance_ru,,https://freelance.ru/,0.70
+79934730381,Крупнейшая биржа фриланса с лучшими профессионалами рунета. Фриланс и удаленная работа - FL.ru,freelancer,service_marketplace,,https://www.fl.ru/,0.60
+79950985510,Крупнейшая биржа фриланса с лучшими профессионалами рунета. Фриланс и удаленная работа - FL.ru,freelancer,service_marketplace,,https://www.fl.ru/,0.60
+71067987955,mos.ru,government,mos_ru,msk,https://www.mos.ru/,0.70
+73433552712,Уральский юридический институт МВД России на улице Корепина,government,zoon,ekb,https://zoon.ru/ekb/education/,0.70
+74956670299,МВД,government,official_whitelist,,,0.70
+74956948300,МВД справка,government,official_whitelist,,,0.70
+74956996493,mos.ru,government,mos_ru,msk,https://www.mos.ru/,0.70
+74957715555,Госуслуги,government,official_whitelist,,,0.70
+74957770544,МФЦ Москва,government,official_whitelist,,,0.70
+74957771010,Росреестр,government,official_whitelist,,,0.70
+74959815605,ФССП,government,official_whitelist,,,0.70
+74959870220,Пенсионный фонд,government,official_whitelist,,,0.70
+74991532141,ООО &quot;Мегатехнос&quot; Москва (ИНН 7703298263) адрес и телефон,government,rusprofile,,https://www.rusprofile.ru/id/1699195,0.70
+76118965378,mos.ru,government,mos_ru,msk,https://www.mos.ru/,0.70
+76499382406,mos.ru,government,mos_ru,msk,https://www.mos.ru/,0.70
+76734059861,mos.ru,government,mos_ru,msk,https://www.mos.ru/,0.70
+78001000068,ФНС,government,official_whitelist,,,0.70
+78001007010,Госуслуги,government,official_hotline,,,0.70
+78002000001,Росздравнадзор,government,official_whitelist,,,0.70
+78002000002,Роспотребнадзор,government,official_whitelist,,,0.70
+78002000003,Роспотребнадзор,government,official_whitelist,,,0.70
+78002007001,Госуслуги,government,official_whitelist,,,0.70
+78002222222,ФНС,government,official_whitelist,,,0.70
+78002501396,МВД России,government,official_whitelist,,,0.70
+78005500222,ФСС,government,official_hotline,,,0.70
+78005500550,Пенсионный фонд,government,official_whitelist,,,0.70
+78005554904,Роспотребнадзор,government,official_hotline,,,0.70
+78005557755,ФМС/МВД,government,official_whitelist,,,0.70
+78006000443,Пенсионный фонд,government,official_hotline,,,0.70
+78007000004,Росреестр,government,official_whitelist,,,0.70
+78007000005,Росреестр,government,official_whitelist,,,0.70
+78007001010,Росавтодор,government,official_whitelist,,,0.70
+78007001414,Россельхознадзор,government,official_whitelist,,,0.70
+78007009999,МВД России,government,official_whitelist,,,0.70
+79181800095,Краснодарский Университет МВД РФ,government,zoon,krasnodar,https://zoon.ru/krasnodar/education/,0.70
+78001007755,Ингосстрах,insurance,official_hotline,,,0.70
+78002000900,Росгосстрах,insurance,official_hotline,,,0.70
+78002341802,РЕСО-Гарантия,insurance,official_hotline,,,0.70
+78003330999,АльфаСтрахование,insurance,official_hotline,,,0.70
+78007550001,Согласие,insurance,official_hotline,,,0.70
+79222247300,Театрализованный аттракцион Дом страхов в ТЦ Гринвич,insurance,zoon,ekb,https://zoon.ru/ekb/entertainment/,0.70
+74732261557,Воронежский юридический техникум,legal,zoon,voronezh,https://zoon.ru/voronezh/education/,0.70
+74993402754,ООО &quot;Марк-Трейдинг&quot; Москва (ИНН 7716656950) адрес и телефон,legal,rusprofile,,https://www.rusprofile.ru/id/3468706,0.70
+78453364932,Государственное Учреждение &quot;Военный Комиссариат Саратовского и Воскресенского Районов Саратовской области&quot; Соколовый (ИНН 6432003056) адрес и телефон,legal,rusprofile,,https://www.rusprofile.ru/id/5463400,0.70
+71399999996,"Больницы в Москве - адреса, телефоны и отзывы",medical,spravker,msk,https://msk.spravker.ru/bolnicy/,0.70
+71463987199,Мосгорздрав,medical,mosgorzdrav,msk,https://mosgorzdrav.ru/,0.70
+71485253659,Мосгорздрав,medical,mosgorzdrav,msk,https://mosgorzdrav.ru/,0.70
+71511343073,Мосгорздрав,medical,mosgorzdrav,msk,https://mosgorzdrav.ru/,0.70
+71526639261,Мосгорздрав,medical,mosgorzdrav,msk,https://mosgorzdrav.ru/,0.70
+71818181818,"Больницы в Москве - адреса, телефоны и отзывы",medical,spravker,msk,https://msk.spravker.ru/bolnicy/,0.70
+72608695652,"Больницы в Москве - адреса, телефоны и отзывы",medical,spravker,msk,https://msk.spravker.ru/bolnicy/,0.70
+73050847457,"Медцентры и клиники в Москве - адреса, телефоны и отзывы",medical,spravker,msk,https://msk.spravker.ru/medtsentryi-i-kliniki/,0.70
+73432002999,"Стоматологические клиники и центры в Екатеринбурге - адреса, телефоны и отзывы",medical,spravker,ekb,https://ekaterinburg.spravker.ru/stomatologicheskie-kliniki-i-tsentryi/,0.70
+73432012003,"Стоматологические клиники и центры в Екатеринбурге - адреса, телефоны и отзывы",medical,spravker,ekb,https://ekaterinburg.spravker.ru/stomatologicheskie-kliniki-i-tsentryi/,0.70
+73432014505,"Стоматологические клиники и центры в Екатеринбурге - адреса, телефоны и отзывы",medical,spravker,ekb,https://ekaterinburg.spravker.ru/stomatologicheskie-kliniki-i-tsentryi/,0.70
+73432047383,"Медцентры и клиники в Екатеринбурге - адреса, телефоны и отзывы",medical,spravker,ekb,https://ekaterinburg.spravker.ru/medtsentryi-i-kliniki/,0.70
+73432049505,"Стоматологические поликлиники в Екатеринбурге - адреса, телефоны и отзывы",medical,spravker,ekb,https://ekaterinburg.spravker.ru/stomatologicheskie-polikliniki/,0.70
+73432061431,"Медцентры и клиники в Екатеринбурге - адреса, телефоны и отзывы",medical,spravker,ekb,https://ekaterinburg.spravker.ru/medtsentryi-i-kliniki/,0.70
+73432065319,"Стоматологические поликлиники в Екатеринбурге - адреса, телефоны и отзывы",medical,spravker,ekb,https://ekaterinburg.spravker.ru/stomatologicheskie-polikliniki/,0.70
+73432101111,"Медцентры и клиники в Екатеринбурге - адреса, телефоны и отзывы",medical,spravker,ekb,https://ekaterinburg.spravker.ru/medtsentryi-i-kliniki/,0.70
+73432103399,"Стоматологические клиники и центры в Екатеринбурге - адреса, телефоны и отзывы",medical,spravker,ekb,https://ekaterinburg.spravker.ru/stomatologicheskie-kliniki-i-tsentryi/,0.70
+73432120606,"Диагностические центры в Екатеринбурге - адреса, телефоны и отзывы",medical,spravker,ekb,https://ekaterinburg.spravker.ru/diagnosticheskie-tsentryi/,0.70
+73432122121,"Стоматологические клиники и центры в Екатеринбурге - адреса, телефоны и отзывы",medical,spravker,ekb,https://ekaterinburg.spravker.ru/stomatologicheskie-kliniki-i-tsentryi/,0.70
+73432128757,"Стоматологические клиники и центры в Екатеринбурге - адреса, телефоны и отзывы",medical,spravker,ekb,https://ekaterinburg.spravker.ru/stomatologicheskie-kliniki-i-tsentryi/,0.70
+73432130860,"Медцентры и клиники в Екатеринбурге - адреса, телефоны и отзывы",medical,spravker,ekb,https://ekaterinburg.spravker.ru/medtsentryi-i-kliniki/,0.70
+73432132806,"Медцентры и клиники в Екатеринбурге - адреса, телефоны и отзывы",medical,spravker,ekb,https://ekaterinburg.spravker.ru/medtsentryi-i-kliniki/,0.70
+73432135652,"Стоматологические поликлиники в Екатеринбурге - адреса, телефоны и отзывы",medical,spravker,ekb,https://ekaterinburg.spravker.ru/stomatologicheskie-polikliniki/,0.70
+73432144800,"Диагностические центры в Екатеринбурге - адреса, телефоны и отзывы",medical,spravker,ekb,https://ekaterinburg.spravker.ru/diagnosticheskie-tsentryi/,0.70
+73432148503,"Стоматологические поликлиники в Екатеринбурге - адреса, телефоны и отзывы",medical,spravker,ekb,https://ekaterinburg.spravker.ru/stomatologicheskie-polikliniki/,0.70
+73432161616,"Аптеки в Екатеринбурге - адреса, телефоны и отзывы",medical,spravker,ekb,https://ekaterinburg.spravker.ru/apteki/,0.70
+73432180003,"Аптеки в Екатеринбурге - адреса, телефоны и отзывы",medical,spravker,ekb,https://ekaterinburg.spravker.ru/apteki/,0.70
+73432180262,"Аптеки в Екатеринбурге - адреса, телефоны и отзывы",medical,spravker,ekb,https://ekaterinburg.spravker.ru/apteki/,0.70
+73432180708,"Аптеки в Екатеринбурге - адреса, телефоны и отзывы",medical,spravker,ekb,https://ekaterinburg.spravker.ru/apteki/,0.70
+73432190066,"Диагностические центры в Екатеринбурге - адреса, телефоны и отзывы",medical,spravker,ekb,https://ekaterinburg.spravker.ru/diagnosticheskie-tsentryi/,0.70
+73432203636,"Стоматологические клиники и центры в Екатеринбурге - адреса, телефоны и отзывы",medical,spravker,ekb,https://ekaterinburg.spravker.ru/stomatologicheskie-kliniki-i-tsentryi/,0.70
+73432213712,"Медцентры и клиники в Екатеринбурге - адреса, телефоны и отзывы",medical,spravker,ekb,https://ekaterinburg.spravker.ru/medtsentryi-i-kliniki/,0.70
+73432217499,"Стоматологические клиники и центры в Екатеринбурге - адреса, телефоны и отзывы",medical,spravker,ekb,https://ekaterinburg.spravker.ru/stomatologicheskie-kliniki-i-tsentryi/,0.70
+73432220330,"Стоматологические клиники и центры в Екатеринбурге - адреса, телефоны и отзывы",medical,spravker,ekb,https://ekaterinburg.spravker.ru/stomatologicheskie-kliniki-i-tsentryi/,0.70
+73432220360,"Медцентры и клиники в Екатеринбурге - адреса, телефоны и отзывы",medical,spravker,ekb,https://ekaterinburg.spravker.ru/medtsentryi-i-kliniki/,0.70
+73432225720,"Медцентры и клиники в Екатеринбурге - адреса, телефоны и отзывы",medical,spravker,ekb,https://ekaterinburg.spravker.ru/medtsentryi-i-kliniki/,0.70
+73432225722,"Медцентры и клиники в Екатеринбурге - адреса, телефоны и отзывы",medical,spravker,ekb,https://ekaterinburg.spravker.ru/medtsentryi-i-kliniki/,0.70
+73432230473,"Стоматологические клиники и центры в Екатеринбурге - адреса, телефоны и отзывы",medical,spravker,ekb,https://ekaterinburg.spravker.ru/stomatologicheskie-kliniki-i-tsentryi/,0.70
+73432230474,"Стоматологические клиники и центры в Екатеринбурге - адреса, телефоны и отзывы",medical,spravker,ekb,https://ekaterinburg.spravker.ru/stomatologicheskie-kliniki-i-tsentryi/,0.70
+73432241019,"Аптеки в Екатеринбурге - адреса, телефоны и отзывы",medical,spravker,ekb,https://ekaterinburg.spravker.ru/apteki/,0.70
+73432241055,"Аптеки в Екатеринбурге - адреса, телефоны и отзывы",medical,spravker,ekb,https://ekaterinburg.spravker.ru/apteki/,0.70
+73432244777,"Медцентры и клиники в Екатеринбурге - адреса, телефоны и отзывы",medical,spravker,ekb,https://ekaterinburg.spravker.ru/medtsentryi-i-kliniki/,0.70
+73432261382,"Стоматологические поликлиники в Екатеринбурге - адреса, телефоны и отзывы",medical,spravker,ekb,https://ekaterinburg.spravker.ru/stomatologicheskie-polikliniki/,0.70
+73432261923,"Медцентры и клиники в Екатеринбурге - адреса, телефоны и отзывы",medical,spravker,ekb,https://ekaterinburg.spravker.ru/medtsentryi-i-kliniki/,0.70
+73432267655,"Медцентры и клиники в Екатеринбурге - адреса, телефоны и отзывы",medical,spravker,ekb,https://ekaterinburg.spravker.ru/medtsentryi-i-kliniki/,0.70
+73432270007,Стоматологическая клиника МКМ Медицина,medical,zoon,ekb,https://zoon.ru/ekb/medical/,0.70
+73432271051,"Медцентры и клиники в Екатеринбурге - адреса, телефоны и отзывы",medical,spravker,ekb,https://ekaterinburg.spravker.ru/medtsentryi-i-kliniki/,0.70
+73432272712,"Стоматологические поликлиники в Екатеринбурге - адреса, телефоны и отзывы",medical,spravker,ekb,https://ekaterinburg.spravker.ru/stomatologicheskie-polikliniki/,0.70
+73432277277,"Стоматологические поликлиники в Екатеринбурге - адреса, телефоны и отзывы",medical,spravker,ekb,https://ekaterinburg.spravker.ru/stomatologicheskie-polikliniki/,0.70
+73432277475,"Диагностические центры в Екатеринбурге - адреса, телефоны и отзывы",medical,spravker,ekb,https://ekaterinburg.spravker.ru/diagnosticheskie-tsentryi/,0.70
+73432277580,"Аптеки в Екатеринбурге - адреса, телефоны и отзывы",medical,spravker,ekb,https://ekaterinburg.spravker.ru/apteki/,0.70
+73432277730,"Стоматологические поликлиники в Екатеринбурге - адреса, телефоны и отзывы",medical,spravker,ekb,https://ekaterinburg.spravker.ru/stomatologicheskie-polikliniki/,0.70
+73432277760,"Стоматологические поликлиники в Екатеринбурге - адреса, телефоны и отзывы",medical,spravker,ekb,https://ekaterinburg.spravker.ru/stomatologicheskie-polikliniki/,0.70
+73432278588,"Стоматологические клиники и центры в Екатеринбурге - адреса, телефоны и отзывы",medical,spravker,ekb,https://ekaterinburg.spravker.ru/stomatologicheskie-kliniki-i-tsentryi/,0.70
+73432281199,"Медцентры и клиники в Екатеринбурге - адреса, телефоны и отзывы",medical,spravker,ekb,https://ekaterinburg.spravker.ru/medtsentryi-i-kliniki/,0.70
+73432286639,"Стоматологические клиники и центры в Екатеринбурге - адреса, телефоны и отзывы",medical,spravker,ekb,https://ekaterinburg.spravker.ru/stomatologicheskie-kliniki-i-tsentryi/,0.70
+73432286722,"Стоматологические клиники и центры в Екатеринбурге - адреса, телефоны и отзывы",medical,spravker,ekb,https://ekaterinburg.spravker.ru/stomatologicheskie-kliniki-i-tsentryi/,0.70
+73432286914,"Диагностические центры в Екатеринбурге - адреса, телефоны и отзывы",medical,spravker,ekb,https://ekaterinburg.spravker.ru/diagnosticheskie-tsentryi/,0.70
+73432287722,"Стоматологические поликлиники в Екатеринбурге - адреса, телефоны и отзывы",medical,spravker,ekb,https://ekaterinburg.spravker.ru/stomatologicheskie-polikliniki/,0.70
+73432287874,"Диагностические центры в Екатеринбурге - адреса, телефоны и отзывы",medical,spravker,ekb,https://ekaterinburg.spravker.ru/diagnosticheskie-tsentryi/,0.70
+73432337135,"Стоматологические клиники и центры в Екатеринбурге - адреса, телефоны и отзывы",medical,spravker,ekb,https://ekaterinburg.spravker.ru/stomatologicheskie-kliniki-i-tsentryi/,0.70
+73432346935,"Стоматологические клиники и центры в Екатеринбурге - адреса, телефоны и отзывы",medical,spravker,ekb,https://ekaterinburg.spravker.ru/stomatologicheskie-kliniki-i-tsentryi/,0.70
+73432372600,"Стоматологические поликлиники в Екатеринбурге - адреса, телефоны и отзывы",medical,spravker,ekb,https://ekaterinburg.spravker.ru/stomatologicheskie-polikliniki/,0.70
+73432394215,"Аптеки в Екатеринбурге - адреса, телефоны и отзывы",medical,spravker,ekb,https://ekaterinburg.spravker.ru/apteki/,0.70
+73432435700,"Стоматологические поликлиники в Екатеринбурге - адреса, телефоны и отзывы",medical,spravker,ekb,https://ekaterinburg.spravker.ru/stomatologicheskie-polikliniki/,0.70
+73432435723,"Диагностические центры в Екатеринбурге - адреса, телефоны и отзывы",medical,spravker,ekb,https://ekaterinburg.spravker.ru/diagnosticheskie-tsentryi/,0.70
+73432436365,Стоматологическая клиника Лювит на Сиреневом бульваре,medical,zoon,ekb,https://zoon.ru/ekb/medical/,0.70
+73432436603,"Медцентры и клиники в Екатеринбурге - адреса, телефоны и отзывы",medical,spravker,ekb,https://ekaterinburg.spravker.ru/medtsentryi-i-kliniki/,0.70
+73432437070,"Стоматологические поликлиники в Екатеринбурге - адреса, телефоны и отзывы",medical,spravker,ekb,https://ekaterinburg.spravker.ru/stomatologicheskie-polikliniki/,0.70
+73432472390,"Диагностические центры в Екатеринбурге - адреса, телефоны и отзывы",medical,spravker,ekb,https://ekaterinburg.spravker.ru/diagnosticheskie-tsentryi/,0.70
+73432473817,"Диагностические центры в Екатеринбурге - адреса, телефоны и отзывы",medical,spravker,ekb,https://ekaterinburg.spravker.ru/diagnosticheskie-tsentryi/,0.70
+73432535616,"Диагностические центры в Екатеринбурге - адреса, телефоны и отзывы",medical,spravker,ekb,https://ekaterinburg.spravker.ru/diagnosticheskie-tsentryi/,0.70
+73432539837,"Стоматологические поликлиники в Екатеринбурге - адреса, телефоны и отзывы",medical,spravker,ekb,https://ekaterinburg.spravker.ru/stomatologicheskie-polikliniki/,0.70
+73432540660,"Медцентры и клиники в Екатеринбурге - адреса, телефоны и отзывы",medical,spravker,ekb,https://ekaterinburg.spravker.ru/medtsentryi-i-kliniki/,0.70
+73432570120,"Аптеки в Екатеринбурге - адреса, телефоны и отзывы",medical,spravker,ekb,https://ekaterinburg.spravker.ru/apteki/,0.70
+73432575308,"Стоматологические поликлиники в Екатеринбурге - адреса, телефоны и отзывы",medical,spravker,ekb,https://ekaterinburg.spravker.ru/stomatologicheskie-polikliniki/,0.70
+73432580887,"Аптеки в Екатеринбурге - адреса, телефоны и отзывы",medical,spravker,ekb,https://ekaterinburg.spravker.ru/apteki/,0.70
+73432584245,"Диагностические центры в Екатеринбурге - адреса, телефоны и отзывы",medical,spravker,ekb,https://ekaterinburg.spravker.ru/diagnosticheskie-tsentryi/,0.70
+73432586087,"Аптеки в Екатеринбурге - адреса, телефоны и отзывы",medical,spravker,ekb,https://ekaterinburg.spravker.ru/apteki/,0.70
+73432613647,"Стоматологические клиники и центры в Екатеринбурге - адреса, телефоны и отзывы",medical,spravker,ekb,https://ekaterinburg.spravker.ru/stomatologicheskie-kliniki-i-tsentryi/,0.70
+73432615380,"Стоматологические клиники и центры в Екатеринбурге - адреса, телефоны и отзывы",medical,spravker,ekb,https://ekaterinburg.spravker.ru/stomatologicheskie-kliniki-i-tsentryi/,0.70
+73432615983,"Стоматологические клиники и центры в Екатеринбурге - адреса, телефоны и отзывы",medical,spravker,ekb,https://ekaterinburg.spravker.ru/stomatologicheskie-kliniki-i-tsentryi/,0.70
+73432628575,"Медцентры и клиники в Екатеринбурге - адреса, телефоны и отзывы",medical,spravker,ekb,https://ekaterinburg.spravker.ru/medtsentryi-i-kliniki/,0.70
+73432628935,"Медцентры и клиники в Екатеринбурге - адреса, телефоны и отзывы",medical,spravker,ekb,https://ekaterinburg.spravker.ru/medtsentryi-i-kliniki/,0.70
+73432638162,"Аптеки в Екатеринбурге - адреса, телефоны и отзывы",medical,spravker,ekb,https://ekaterinburg.spravker.ru/apteki/,0.70
+73432644994,"Стоматологические поликлиники в Екатеринбурге - адреса, телефоны и отзывы",medical,spravker,ekb,https://ekaterinburg.spravker.ru/stomatologicheskie-polikliniki/,0.70
+73432664398,"Медцентры и клиники в Екатеринбурге - адреса, телефоны и отзывы",medical,spravker,ekb,https://ekaterinburg.spravker.ru/medtsentryi-i-kliniki/,0.70
+73432685610,"Стоматологические клиники и центры в Екатеринбурге - адреса, телефоны и отзывы",medical,spravker,ekb,https://ekaterinburg.spravker.ru/stomatologicheskie-kliniki-i-tsentryi/,0.70
+73432693224,"Медцентры и клиники в Екатеринбурге - адреса, телефоны и отзывы",medical,spravker,ekb,https://ekaterinburg.spravker.ru/medtsentryi-i-kliniki/,0.70
+73432701717,"Стоматологические поликлиники в Екатеринбурге - адреса, телефоны и отзывы",medical,spravker,ekb,https://ekaterinburg.spravker.ru/stomatologicheskie-polikliniki/,0.70
+73432707030,"Стоматологические клиники и центры в Екатеринбурге - адреса, телефоны и отзывы",medical,spravker,ekb,https://ekaterinburg.spravker.ru/stomatologicheskie-kliniki-i-tsentryi/,0.70
+73432708973,"Аптеки в Екатеринбурге - адреса, телефоны и отзывы",medical,spravker,ekb,https://ekaterinburg.spravker.ru/apteki/,0.70
+73432708974,"Аптеки в Екатеринбурге - адреса, телефоны и отзывы",medical,spravker,ekb,https://ekaterinburg.spravker.ru/apteki/,0.70
+73432710099,"Стоматологические клиники и центры в Екатеринбурге - адреса, телефоны и отзывы",medical,spravker,ekb,https://ekaterinburg.spravker.ru/stomatologicheskie-kliniki-i-tsentryi/,0.70
+73432710333,"Стоматологические поликлиники в Екатеринбурге - адреса, телефоны и отзывы",medical,spravker,ekb,https://ekaterinburg.spravker.ru/stomatologicheskie-polikliniki/,0.70
+73432715220,"Диагностические центры в Екатеринбурге - адреса, телефоны и отзывы",medical,spravker,ekb,https://ekaterinburg.spravker.ru/diagnosticheskie-tsentryi/,0.70
+73432717135,"Стоматологические клиники и центры в Екатеринбурге - адреса, телефоны и отзывы",medical,spravker,ekb,https://ekaterinburg.spravker.ru/stomatologicheskie-kliniki-i-tsentryi/,0.70
+73432720303,"Медцентры и клиники в Екатеринбурге - адреса, телефоны и отзывы",medical,spravker,ekb,https://ekaterinburg.spravker.ru/medtsentryi-i-kliniki/,0.70
+73432728588,"Стоматологические клиники и центры в Екатеринбурге - адреса, телефоны и отзывы",medical,spravker,ekb,https://ekaterinburg.spravker.ru/stomatologicheskie-kliniki-i-tsentryi/,0.70
+73432786031,"Стоматологические клиники и центры в Екатеринбурге - адреса, телефоны и отзывы",medical,spravker,ekb,https://ekaterinburg.spravker.ru/stomatologicheskie-kliniki-i-tsentryi/,0.70
+73432830808,"Диагностические центры в Екатеринбурге - адреса, телефоны и отзывы",medical,spravker,ekb,https://ekaterinburg.spravker.ru/diagnosticheskie-tsentryi/,0.70
+73432861030,"Медцентры и клиники в Екатеринбурге - адреса, телефоны и отзывы",medical,spravker,ekb,https://ekaterinburg.spravker.ru/medtsentryi-i-kliniki/,0.70
+73432866513,"Диагностические центры в Екатеринбурге - адреса, телефоны и отзывы",medical,spravker,ekb,https://ekaterinburg.spravker.ru/diagnosticheskie-tsentryi/,0.70
+73432870039,"Диагностические центры в Екатеринбурге - адреса, телефоны и отзывы",medical,spravker,ekb,https://ekaterinburg.spravker.ru/diagnosticheskie-tsentryi/,0.70
+73432875557,"Стоматологические клиники и центры в Екатеринбурге - адреса, телефоны и отзывы",medical,spravker,ekb,https://ekaterinburg.spravker.ru/stomatologicheskie-kliniki-i-tsentryi/,0.70
+73432875823,"Стоматологические клиники и центры в Екатеринбурге - адреса, телефоны и отзывы",medical,spravker,ekb,https://ekaterinburg.spravker.ru/stomatologicheskie-kliniki-i-tsentryi/,0.70
+73432876233,"Аптеки в Екатеринбурге - адреса, телефоны и отзывы",medical,spravker,ekb,https://ekaterinburg.spravker.ru/apteki/,0.70
+73432876243,"Стоматологические клиники и центры в Екатеринбурге - адреса, телефоны и отзывы",medical,spravker,ekb,https://ekaterinburg.spravker.ru/stomatologicheskie-kliniki-i-tsentryi/,0.70
+73432876244,"Стоматологические клиники и центры в Екатеринбурге - адреса, телефоны и отзывы",medical,spravker,ekb,https://ekaterinburg.spravker.ru/stomatologicheskie-kliniki-i-tsentryi/,0.70
+73432876245,"Стоматологические клиники и центры в Екатеринбурге - адреса, телефоны и отзывы",medical,spravker,ekb,https://ekaterinburg.spravker.ru/stomatologicheskie-kliniki-i-tsentryi/,0.70
+73432876246,"Стоматологические клиники и центры в Екатеринбурге - адреса, телефоны и отзывы",medical,spravker,ekb,https://ekaterinburg.spravker.ru/stomatologicheskie-kliniki-i-tsentryi/,0.70
+73432876249,"Стоматологические клиники и центры в Екатеринбурге - адреса, телефоны и отзывы",medical,spravker,ekb,https://ekaterinburg.spravker.ru/stomatologicheskie-kliniki-i-tsentryi/,0.70
+73432877770,"Стоматологические поликлиники в Екатеринбурге - адреса, телефоны и отзывы",medical,spravker,ekb,https://ekaterinburg.spravker.ru/stomatologicheskie-polikliniki/,0.70
+73432877775,"Стоматологические поликлиники в Екатеринбурге - адреса, телефоны и отзывы",medical,spravker,ekb,https://ekaterinburg.spravker.ru/stomatologicheskie-polikliniki/,0.70
+73432877777,"Аптеки в Екатеринбурге - адреса, телефоны и отзывы",medical,spravker,ekb,https://ekaterinburg.spravker.ru/apteki/,0.70
+73432883033,"Медцентры и клиники в Екатеринбурге - адреса, телефоны и отзывы",medical,spravker,ekb,https://ekaterinburg.spravker.ru/medtsentryi-i-kliniki/,0.70
+73432883071,"Стоматологические клиники и центры в Екатеринбурге - адреса, телефоны и отзывы",medical,spravker,ekb,https://ekaterinburg.spravker.ru/stomatologicheskie-kliniki-i-tsentryi/,0.70
+73432884093,"Стоматологические поликлиники в Екатеринбурге - адреса, телефоны и отзывы",medical,spravker,ekb,https://ekaterinburg.spravker.ru/stomatologicheskie-polikliniki/,0.70
+73432884577,"Стоматологические клиники и центры в Екатеринбурге - адреса, телефоны и отзывы",medical,spravker,ekb,https://ekaterinburg.spravker.ru/stomatologicheskie-kliniki-i-tsentryi/,0.70
+73432885200,"Диагностические центры в Екатеринбурге - адреса, телефоны и отзывы",medical,spravker,ekb,https://ekaterinburg.spravker.ru/diagnosticheskie-tsentryi/,0.70
+73432887185,"Медцентры и клиники в Екатеринбурге - адреса, телефоны и отзывы",medical,spravker,ekb,https://ekaterinburg.spravker.ru/medtsentryi-i-kliniki/,0.70
+73432890000,"Аптеки в Екатеринбурге - адреса, телефоны и отзывы",medical,spravker,ekb,https://ekaterinburg.spravker.ru/apteki/,0.70
+73432890712,"Аптеки в Екатеринбурге - адреса, телефоны и отзывы",medical,spravker,ekb,https://ekaterinburg.spravker.ru/apteki/,0.70
+73432900104,"Аптеки в Екатеринбурге - адреса, телефоны и отзывы",medical,spravker,ekb,https://ekaterinburg.spravker.ru/apteki/,0.70
+73432906444,"Стоматологические поликлиники в Екатеринбурге - адреса, телефоны и отзывы",medical,spravker,ekb,https://ekaterinburg.spravker.ru/stomatologicheskie-polikliniki/,0.70
+73432970022,"Аптеки в Екатеринбурге - адреса, телефоны и отзывы",medical,spravker,ekb,https://ekaterinburg.spravker.ru/apteki/,0.70
+73432970333,"Диагностические центры в Екатеринбурге - адреса, телефоны и отзывы",medical,spravker,ekb,https://ekaterinburg.spravker.ru/diagnosticheskie-tsentryi/,0.70
+73432970595,"Аптеки в Екатеринбурге - адреса, телефоны и отзывы",medical,spravker,ekb,https://ekaterinburg.spravker.ru/apteki/,0.70
+73432972029,"Аптеки в Екатеринбурге - адреса, телефоны и отзывы",medical,spravker,ekb,https://ekaterinburg.spravker.ru/apteki/,0.70
+73432972200,"Диагностические центры в Екатеринбурге - адреса, телефоны и отзывы",medical,spravker,ekb,https://ekaterinburg.spravker.ru/diagnosticheskie-tsentryi/,0.70
+73432982121,"Стоматологические клиники и центры в Екатеринбурге - адреса, телефоны и отзывы",medical,spravker,ekb,https://ekaterinburg.spravker.ru/stomatologicheskie-kliniki-i-tsentryi/,0.70
+73433003131,"Стоматологические поликлиники в Екатеринбурге - адреса, телефоны и отзывы",medical,spravker,ekb,https://ekaterinburg.spravker.ru/stomatologicheskie-polikliniki/,0.70
+73433003700,"Стоматологические клиники и центры в Екатеринбурге - адреса, телефоны и отзывы",medical,spravker,ekb,https://ekaterinburg.spravker.ru/stomatologicheskie-kliniki-i-tsentryi/,0.70
+73433012885,"Стоматологические клиники и центры в Екатеринбурге - адреса, телефоны и отзывы",medical,spravker,ekb,https://ekaterinburg.spravker.ru/stomatologicheskie-kliniki-i-tsentryi/,0.70
+73433015051,"Диагностические центры в Екатеринбурге - адреса, телефоны и отзывы",medical,spravker,ekb,https://ekaterinburg.spravker.ru/diagnosticheskie-tsentryi/,0.70
+73433046010,"Медцентры и клиники в Екатеринбурге - адреса, телефоны и отзывы",medical,spravker,ekb,https://ekaterinburg.spravker.ru/medtsentryi-i-kliniki/,0.70
+73433046337,"Стоматологические клиники и центры в Екатеринбурге - адреса, телефоны и отзывы",medical,spravker,ekb,https://ekaterinburg.spravker.ru/stomatologicheskie-kliniki-i-tsentryi/,0.70
+73433046466,"Медцентры и клиники в Екатеринбурге - адреса, телефоны и отзывы",medical,spravker,ekb,https://ekaterinburg.spravker.ru/medtsentryi-i-kliniki/,0.70
+73433051955,"Стоматологические клиники и центры в Екатеринбурге - адреса, телефоны и отзывы",medical,spravker,ekb,https://ekaterinburg.spravker.ru/stomatologicheskie-kliniki-i-tsentryi/,0.70
+73433052225,"Диагностические центры в Екатеринбурге - адреса, телефоны и отзывы",medical,spravker,ekb,https://ekaterinburg.spravker.ru/diagnosticheskie-tsentryi/,0.70
+73433052594,"Стоматологические клиники и центры в Екатеринбурге - адреса, телефоны и отзывы",medical,spravker,ekb,https://ekaterinburg.spravker.ru/stomatologicheskie-kliniki-i-tsentryi/,0.70
+73433055009,"Стоматологические клиники и центры в Екатеринбурге - адреса, телефоны и отзывы",medical,spravker,ekb,https://ekaterinburg.spravker.ru/stomatologicheskie-kliniki-i-tsentryi/,0.70
+73433100055,"Аптеки в Екатеринбурге - адреса, телефоны и отзывы",medical,spravker,ekb,https://ekaterinburg.spravker.ru/apteki/,0.70
+73433111596,"Медцентры и клиники в Екатеринбурге - адреса, телефоны и отзывы",medical,spravker,ekb,https://ekaterinburg.spravker.ru/medtsentryi-i-kliniki/,0.70
+73433119021,"Стоматологические поликлиники в Екатеринбурге - адреса, телефоны и отзывы",medical,spravker,ekb,https://ekaterinburg.spravker.ru/stomatologicheskie-polikliniki/,0.70
+73433122962,"Аптеки в Екатеринбурге - адреса, телефоны и отзывы",medical,spravker,ekb,https://ekaterinburg.spravker.ru/apteki/,0.70
+73433170159,Стоматологическая клиника SoDent на улице Победы,medical,zoon,ekb,https://zoon.ru/ekb/medical/,0.70
+73433173300,"Медцентры и клиники в Екатеринбурге - адреса, телефоны и отзывы",medical,spravker,ekb,https://ekaterinburg.spravker.ru/medtsentryi-i-kliniki/,0.70
+73433175790,"Медцентры и клиники в Екатеринбурге - адреса, телефоны и отзывы",medical,spravker,ekb,https://ekaterinburg.spravker.ru/medtsentryi-i-kliniki/,0.70
+73433175791,"Медцентры и клиники в Екатеринбурге - адреса, телефоны и отзывы",medical,spravker,ekb,https://ekaterinburg.spravker.ru/medtsentryi-i-kliniki/,0.70
+73433182718,"Медцентры и клиники в Екатеринбурге - адреса, телефоны и отзывы",medical,spravker,ekb,https://ekaterinburg.spravker.ru/medtsentryi-i-kliniki/,0.70
+73433190913,"Стоматологические клиники и центры в Екатеринбурге - адреса, телефоны и отзывы",medical,spravker,ekb,https://ekaterinburg.spravker.ru/stomatologicheskie-kliniki-i-tsentryi/,0.70
+73433212790,"Диагностические центры в Екатеринбурге - адреса, телефоны и отзывы",medical,spravker,ekb,https://ekaterinburg.spravker.ru/diagnosticheskie-tsentryi/,0.70
+73433216680,"Аптеки в Екатеринбурге - адреса, телефоны и отзывы",medical,spravker,ekb,https://ekaterinburg.spravker.ru/apteki/,0.70
+73433224133,"Стоматологические поликлиники в Екатеринбурге - адреса, телефоны и отзывы",medical,spravker,ekb,https://ekaterinburg.spravker.ru/stomatologicheskie-polikliniki/,0.70
+73433242594,"Стоматологические клиники и центры в Екатеринбурге - адреса, телефоны и отзывы",medical,spravker,ekb,https://ekaterinburg.spravker.ru/stomatologicheskie-kliniki-i-tsentryi/,0.70
+73433306005,"Аптеки в Екатеринбурге - адреса, телефоны и отзывы",medical,spravker,ekb,https://ekaterinburg.spravker.ru/apteki/,0.70
+73433420432,"Медцентры и клиники в Екатеринбурге - адреса, телефоны и отзывы",medical,spravker,ekb,https://ekaterinburg.spravker.ru/medtsentryi-i-kliniki/,0.70
+73433439700,"Стоматологические клиники и центры в Екатеринбурге - адреса, телефоны и отзывы",medical,spravker,ekb,https://ekaterinburg.spravker.ru/stomatologicheskie-kliniki-i-tsentryi/,0.70
+73433442767,"Аптеки в Екатеринбурге - адреса, телефоны и отзывы",medical,spravker,ekb,https://ekaterinburg.spravker.ru/apteki/,0.70
+73433446755,"Стоматологические поликлиники в Екатеринбурге - адреса, телефоны и отзывы",medical,spravker,ekb,https://ekaterinburg.spravker.ru/stomatologicheskie-polikliniki/,0.70
+73433447523,"Медцентры и клиники в Екатеринбурге - адреса, телефоны и отзывы",medical,spravker,ekb,https://ekaterinburg.spravker.ru/medtsentryi-i-kliniki/,0.70
+73433451303,"Стоматологические поликлиники в Екатеринбурге - адреса, телефоны и отзывы",medical,spravker,ekb,https://ekaterinburg.spravker.ru/stomatologicheskie-polikliniki/,0.70
+73433463017,"Стоматологические поликлиники в Екатеринбурге - адреса, телефоны и отзывы",medical,spravker,ekb,https://ekaterinburg.spravker.ru/stomatologicheskie-polikliniki/,0.70
+73433469963,"Диагностические центры в Екатеринбурге - адреса, телефоны и отзывы",medical,spravker,ekb,https://ekaterinburg.spravker.ru/diagnosticheskie-tsentryi/,0.70
+73433506612,"Медцентры и клиники в Екатеринбурге - адреса, телефоны и отзывы",medical,spravker,ekb,https://ekaterinburg.spravker.ru/medtsentryi-i-kliniki/,0.70
+73433506616,"Медцентры и клиники в Екатеринбурге - адреса, телефоны и отзывы",medical,spravker,ekb,https://ekaterinburg.spravker.ru/medtsentryi-i-kliniki/,0.70
+73433517065,"Диагностические центры в Екатеринбурге - адреса, телефоны и отзывы",medical,spravker,ekb,https://ekaterinburg.spravker.ru/diagnosticheskie-tsentryi/,0.70
+73433533993,"Медцентры и клиники в Екатеринбурге - адреса, телефоны и отзывы",medical,spravker,ekb,https://ekaterinburg.spravker.ru/medtsentryi-i-kliniki/,0.70
+73433556165,"Стоматологические клиники и центры в Екатеринбурге - адреса, телефоны и отзывы",medical,spravker,ekb,https://ekaterinburg.spravker.ru/stomatologicheskie-kliniki-i-tsentryi/,0.70
+73433556176,"Стоматологические клиники и центры в Екатеринбурге - адреса, телефоны и отзывы",medical,spravker,ekb,https://ekaterinburg.spravker.ru/stomatologicheskie-kliniki-i-tsentryi/,0.70
+73433556177,"Стоматологические клиники и центры в Екатеринбурге - адреса, телефоны и отзывы",medical,spravker,ekb,https://ekaterinburg.spravker.ru/stomatologicheskie-kliniki-i-tsentryi/,0.70
+73433566565,"Стоматологические поликлиники в Екатеринбурге - адреса, телефоны и отзывы",medical,spravker,ekb,https://ekaterinburg.spravker.ru/stomatologicheskie-polikliniki/,0.70
+73433573242,"Аптеки в Екатеринбурге - адреса, телефоны и отзывы",medical,spravker,ekb,https://ekaterinburg.spravker.ru/apteki/,0.70
+73433593989,"Медцентры и клиники в Екатеринбурге - адреса, телефоны и отзывы",medical,spravker,ekb,https://ekaterinburg.spravker.ru/medtsentryi-i-kliniki/,0.70
+73433593993,"Медцентры и клиники в Екатеринбурге - адреса, телефоны и отзывы",medical,spravker,ekb,https://ekaterinburg.spravker.ru/medtsentryi-i-kliniki/,0.70
+73433612900,"Аптеки в Екатеринбурге - адреса, телефоны и отзывы",medical,spravker,ekb,https://ekaterinburg.spravker.ru/apteki/,0.70
+73433613181,"Аптеки в Екатеринбурге - адреса, телефоны и отзывы",medical,spravker,ekb,https://ekaterinburg.spravker.ru/apteki/,0.70
+73433617463,"Стоматологические клиники и центры в Екатеринбурге - адреса, телефоны и отзывы",medical,spravker,ekb,https://ekaterinburg.spravker.ru/stomatologicheskie-kliniki-i-tsentryi/,0.70
+73433630232,"Стоматологические клиники и центры в Екатеринбурге - адреса, телефоны и отзывы",medical,spravker,ekb,https://ekaterinburg.spravker.ru/stomatologicheskie-kliniki-i-tsentryi/,0.70
+73433630560,"Медцентры и клиники в Екатеринбурге - адреса, телефоны и отзывы",medical,spravker,ekb,https://ekaterinburg.spravker.ru/medtsentryi-i-kliniki/,0.70
+73433630602,"Диагностические центры в Екатеринбурге - адреса, телефоны и отзывы",medical,spravker,ekb,https://ekaterinburg.spravker.ru/diagnosticheskie-tsentryi/,0.70
+73433638975,"Медцентры и клиники в Екатеринбурге - адреса, телефоны и отзывы",medical,spravker,ekb,https://ekaterinburg.spravker.ru/medtsentryi-i-kliniki/,0.70
+73433645003,"Стоматологические клиники и центры в Екатеринбурге - адреса, телефоны и отзывы",medical,spravker,ekb,https://ekaterinburg.spravker.ru/stomatologicheskie-kliniki-i-tsentryi/,0.70
+73433645108,"Медцентры и клиники в Екатеринбурге - адреса, телефоны и отзывы",medical,spravker,ekb,https://ekaterinburg.spravker.ru/medtsentryi-i-kliniki/,0.70
+73433645140,"Стоматологические клиники и центры в Екатеринбурге - адреса, телефоны и отзывы",medical,spravker,ekb,https://ekaterinburg.spravker.ru/stomatologicheskie-kliniki-i-tsentryi/,0.70
+73433645312,"Стоматологические поликлиники в Екатеринбурге - адреса, телефоны и отзывы",medical,spravker,ekb,https://ekaterinburg.spravker.ru/stomatologicheskie-polikliniki/,0.70
+73433645462,"Стоматологические поликлиники в Екатеринбурге - адреса, телефоны и отзывы",medical,spravker,ekb,https://ekaterinburg.spravker.ru/stomatologicheskie-polikliniki/,0.70
+73433646444,"Стоматологические клиники и центры в Екатеринбурге - адреса, телефоны и отзывы",medical,spravker,ekb,https://ekaterinburg.spravker.ru/stomatologicheskie-kliniki-i-tsentryi/,0.70
+73433663470,"Аптеки в Екатеринбурге - адреса, телефоны и отзывы",medical,spravker,ekb,https://ekaterinburg.spravker.ru/apteki/,0.70
+73433667900,"Стоматологические поликлиники в Екатеринбурге - адреса, телефоны и отзывы",medical,spravker,ekb,https://ekaterinburg.spravker.ru/stomatologicheskie-polikliniki/,0.70
+73433674525,"Стоматологические клиники и центры в Екатеринбурге - адреса, телефоны и отзывы",medical,spravker,ekb,https://ekaterinburg.spravker.ru/stomatologicheskie-kliniki-i-tsentryi/,0.70
+73433724496,"Диагностические центры в Екатеринбурге - адреса, телефоны и отзывы",medical,spravker,ekb,https://ekaterinburg.spravker.ru/diagnosticheskie-tsentryi/,0.70
+73433725555,"Стоматологические клиники и центры в Екатеринбурге - адреса, телефоны и отзывы",medical,spravker,ekb,https://ekaterinburg.spravker.ru/stomatologicheskie-kliniki-i-tsentryi/,0.70
+73433743400,"Диагностические центры в Екатеринбурге - адреса, телефоны и отзывы",medical,spravker,ekb,https://ekaterinburg.spravker.ru/diagnosticheskie-tsentryi/,0.70
+73433757080,"Стоматологические клиники и центры в Екатеринбурге - адреса, телефоны и отзывы",medical,spravker,ekb,https://ekaterinburg.spravker.ru/stomatologicheskie-kliniki-i-tsentryi/,0.70
+73433758576,"Диагностические центры в Екатеринбурге - адреса, телефоны и отзывы",medical,spravker,ekb,https://ekaterinburg.spravker.ru/diagnosticheskie-tsentryi/,0.70
+73433775474,"Стоматологические клиники и центры в Екатеринбурге - адреса, телефоны и отзывы",medical,spravker,ekb,https://ekaterinburg.spravker.ru/stomatologicheskie-kliniki-i-tsentryi/,0.70
+73433781955,"Стоматологические клиники и центры в Екатеринбурге - адреса, телефоны и отзывы",medical,spravker,ekb,https://ekaterinburg.spravker.ru/stomatologicheskie-kliniki-i-tsentryi/,0.70
+73433786519,"Стоматологические клиники и центры в Екатеринбурге - адреса, телефоны и отзывы",medical,spravker,ekb,https://ekaterinburg.spravker.ru/stomatologicheskie-kliniki-i-tsentryi/,0.70
+73433797017,"Стоматологические клиники и центры в Екатеринбурге - адреса, телефоны и отзывы",medical,spravker,ekb,https://ekaterinburg.spravker.ru/stomatologicheskie-kliniki-i-tsentryi/,0.70
+73433822906,"Стоматологические поликлиники в Екатеринбурге - адреса, телефоны и отзывы",medical,spravker,ekb,https://ekaterinburg.spravker.ru/stomatologicheskie-polikliniki/,0.70
+73433824654,"Медцентры и клиники в Екатеринбурге - адреса, телефоны и отзывы",medical,spravker,ekb,https://ekaterinburg.spravker.ru/medtsentryi-i-kliniki/,0.70
+73433825356,"Медцентры и клиники в Екатеринбурге - адреса, телефоны и отзывы",medical,spravker,ekb,https://ekaterinburg.spravker.ru/medtsentryi-i-kliniki/,0.70
+73433833576,"Стоматологические поликлиники в Екатеринбурге - адреса, телефоны и отзывы",medical,spravker,ekb,https://ekaterinburg.spravker.ru/stomatologicheskie-polikliniki/,0.70
+73433834796,"Диагностические центры в Екатеринбурге - адреса, телефоны и отзывы",medical,spravker,ekb,https://ekaterinburg.spravker.ru/diagnosticheskie-tsentryi/,0.70
+73433840101,"Стоматологические поликлиники в Екатеринбурге - адреса, телефоны и отзывы",medical,spravker,ekb,https://ekaterinburg.spravker.ru/stomatologicheskie-polikliniki/,0.70
+73433840410,"Стоматологические поликлиники в Екатеринбурге - адреса, телефоны и отзывы",medical,spravker,ekb,https://ekaterinburg.spravker.ru/stomatologicheskie-polikliniki/,0.70
+73433850001,"Стоматологические клиники и центры в Екатеринбурге - адреса, телефоны и отзывы",medical,spravker,ekb,https://ekaterinburg.spravker.ru/stomatologicheskie-kliniki-i-tsentryi/,0.70
+73433851161,"Медцентры и клиники в Екатеринбурге - адреса, телефоны и отзывы",medical,spravker,ekb,https://ekaterinburg.spravker.ru/medtsentryi-i-kliniki/,0.70
+73433855829,"Стоматологические клиники и центры в Екатеринбурге - адреса, телефоны и отзывы",medical,spravker,ekb,https://ekaterinburg.spravker.ru/stomatologicheskie-kliniki-i-tsentryi/,0.70
+73433857134,"Аптеки в Екатеринбурге - адреса, телефоны и отзывы",medical,spravker,ekb,https://ekaterinburg.spravker.ru/apteki/,0.70
+73433857522,"Аптеки в Челябинске - адреса, телефоны и отзывы",medical,spravker,chelyabinsk,https://chelyabinsk.spravker.ru/apteki/,0.70
+73433859095,"Стоматологические клиники и центры в Екатеринбурге - адреса, телефоны и отзывы",medical,spravker,ekb,https://ekaterinburg.spravker.ru/stomatologicheskie-kliniki-i-tsentryi/,0.70
+73433963096,"Медцентры и клиники в Екатеринбурге - адреса, телефоны и отзывы",medical,spravker,ekb,https://ekaterinburg.spravker.ru/medtsentryi-i-kliniki/,0.70
+73472000502,"Медцентры и клиники в Уфе - адреса, телефоны и отзывы",medical,spravker,ufa,https://ufa.spravker.ru/medtsentryi-i-kliniki/,0.70
+73472000623,"Медцентры и клиники в Уфе - адреса, телефоны и отзывы",medical,spravker,ufa,https://ufa.spravker.ru/medtsentryi-i-kliniki/,0.70
+73472000691,"Стоматологические клиники и центры в Уфе - адреса, телефоны и отзывы",medical,spravker,ufa,https://ufa.spravker.ru/stomatologicheskie-kliniki-i-tsentryi/,0.70
+73472000700,"Стоматологические клиники и центры в Уфе - адреса, телефоны и отзывы",medical,spravker,ufa,https://ufa.spravker.ru/stomatologicheskie-kliniki-i-tsentryi/,0.70
+73472000810,"Диагностические центры в Уфе - адреса, телефоны и отзывы",medical,spravker,ufa,https://ufa.spravker.ru/diagnosticheskie-tsentryi/,0.70
+73472000950,"Медцентры и клиники в Уфе - адреса, телефоны и отзывы",medical,spravker,ufa,https://ufa.spravker.ru/medtsentryi-i-kliniki/,0.70
+73472001103,"Диагностические центры в Уфе - адреса, телефоны и отзывы",medical,spravker,ufa,https://ufa.spravker.ru/diagnosticheskie-tsentryi/,0.70
+73472007269,Медицинский центр Медклик,medical,zoon,ufa,https://zoon.ru/ufa/medical/,0.70
+73472008432,"Стоматологические клиники и центры в Уфе - адреса, телефоны и отзывы",medical,spravker,ufa,https://ufa.spravker.ru/stomatologicheskie-kliniki-i-tsentryi/,0.70
+73472008455,"Диагностические центры в Уфе - адреса, телефоны и отзывы",medical,spravker,ufa,https://ufa.spravker.ru/diagnosticheskie-tsentryi/,0.70
+73472008869,"Стоматологические клиники и центры в Уфе - адреса, телефоны и отзывы",medical,spravker,ufa,https://ufa.spravker.ru/stomatologicheskie-kliniki-i-tsentryi/,0.70
+73472010103,Медицинский центр Здоровая Жизнь на Заводской улице,medical,zoon,ufa,https://zoon.ru/ufa/medical/,0.70
+73472011137,"Медцентры и клиники в Уфе - адреса, телефоны и отзывы",medical,spravker,ufa,https://ufa.spravker.ru/medtsentryi-i-kliniki/,0.70
+73472017462,"Диагностические центры в Уфе - адреса, телефоны и отзывы",medical,spravker,ufa,https://ufa.spravker.ru/diagnosticheskie-tsentryi/,0.70
+73472019236,"Стоматологические клиники и центры в Уфе - адреса, телефоны и отзывы",medical,spravker,ufa,https://ufa.spravker.ru/stomatologicheskie-kliniki-i-tsentryi/,0.70
+73472019734,"Медцентры и клиники в Уфе - адреса, телефоны и отзывы",medical,spravker,ufa,https://ufa.spravker.ru/medtsentryi-i-kliniki/,0.70
+73472100134,"Стоматологические клиники и центры в Уфе - адреса, телефоны и отзывы",medical,spravker,ufa,https://ufa.spravker.ru/stomatologicheskie-kliniki-i-tsentryi/,0.70
+73472118183,"Стоматологические клиники и центры в Уфе - адреса, телефоны и отзывы",medical,spravker,ufa,https://ufa.spravker.ru/stomatologicheskie-kliniki-i-tsentryi/,0.70
+73472120503,"Медцентры и клиники в Уфе - адреса, телефоны и отзывы",medical,spravker,ufa,https://ufa.spravker.ru/medtsentryi-i-kliniki/,0.70
+73472120603,"Медцентры и клиники в Уфе - адреса, телефоны и отзывы",medical,spravker,ufa,https://ufa.spravker.ru/medtsentryi-i-kliniki/,0.70
+73472120864,"Медцентры и клиники в Уфе - адреса, телефоны и отзывы",medical,spravker,ufa,https://ufa.spravker.ru/medtsentryi-i-kliniki/,0.70
+73472149336,"Стоматологические клиники и центры в Уфе - адреса, телефоны и отзывы",medical,spravker,ufa,https://ufa.spravker.ru/stomatologicheskie-kliniki-i-tsentryi/,0.70
+73472149345,"Стоматологические клиники и центры в Уфе - адреса, телефоны и отзывы",medical,spravker,ufa,https://ufa.spravker.ru/stomatologicheskie-kliniki-i-tsentryi/,0.70
+73472151803,"Медцентры и клиники в Уфе - адреса, телефоны и отзывы",medical,spravker,ufa,https://ufa.spravker.ru/medtsentryi-i-kliniki/,0.70
+73472151903,"Медцентры и клиники в Уфе - адреса, телефоны и отзывы",medical,spravker,ufa,https://ufa.spravker.ru/medtsentryi-i-kliniki/,0.70
+73472160061,"Стоматологические клиники и центры в Уфе - адреса, телефоны и отзывы",medical,spravker,ufa,https://ufa.spravker.ru/stomatologicheskie-kliniki-i-tsentryi/,0.70
+73472161211,"Медцентры и клиники в Уфе - адреса, телефоны и отзывы",medical,spravker,ufa,https://ufa.spravker.ru/medtsentryi-i-kliniki/,0.70
+73472162080,"Медцентры и клиники в Уфе - адреса, телефоны и отзывы",medical,spravker,ufa,https://ufa.spravker.ru/medtsentryi-i-kliniki/,0.70
+73472162233,"Диагностические центры в Уфе - адреса, телефоны и отзывы",medical,spravker,ufa,https://ufa.spravker.ru/diagnosticheskie-tsentryi/,0.70
+73472163007,"Стоматологические клиники и центры в Уфе - адреса, телефоны и отзывы",medical,spravker,ufa,https://ufa.spravker.ru/stomatologicheskie-kliniki-i-tsentryi/,0.70
+73472163333,"Медцентры и клиники в Уфе - адреса, телефоны и отзывы",medical,spravker,ufa,https://ufa.spravker.ru/medtsentryi-i-kliniki/,0.70
+73472163944,"Стоматологические клиники и центры в Уфе - адреса, телефоны и отзывы",medical,spravker,ufa,https://ufa.spravker.ru/stomatologicheskie-kliniki-i-tsentryi/,0.70
+73472164083,"Диагностические центры в Уфе - адреса, телефоны и отзывы",medical,spravker,ufa,https://ufa.spravker.ru/diagnosticheskie-tsentryi/,0.70
+73472164103,"Медцентры и клиники в Уфе - адреса, телефоны и отзывы",medical,spravker,ufa,https://ufa.spravker.ru/medtsentryi-i-kliniki/,0.70
+73472164325,"Диагностические центры в Уфе - адреса, телефоны и отзывы",medical,spravker,ufa,https://ufa.spravker.ru/diagnosticheskie-tsentryi/,0.70
+73472164475,"Медцентры и клиники в Уфе - адреса, телефоны и отзывы",medical,spravker,ufa,https://ufa.spravker.ru/medtsentryi-i-kliniki/,0.70
+73472164476,"Медцентры и клиники в Уфе - адреса, телефоны и отзывы",medical,spravker,ufa,https://ufa.spravker.ru/medtsentryi-i-kliniki/,0.70
+73472164543,"Медцентры и клиники в Уфе - адреса, телефоны и отзывы",medical,spravker,ufa,https://ufa.spravker.ru/medtsentryi-i-kliniki/,0.70
+73472164882,"Стоматологические клиники и центры в Уфе - адреса, телефоны и отзывы",medical,spravker,ufa,https://ufa.spravker.ru/stomatologicheskie-kliniki-i-tsentryi/,0.70
+73472169090,"Стоматологические клиники и центры в Уфе - адреса, телефоны и отзывы",medical,spravker,ufa,https://ufa.spravker.ru/stomatologicheskie-kliniki-i-tsentryi/,0.70
+73472169889,"Медцентры и клиники в Уфе - адреса, телефоны и отзывы",medical,spravker,ufa,https://ufa.spravker.ru/medtsentryi-i-kliniki/,0.70
+73472210700,"Стоматологические клиники и центры в Уфе - адреса, телефоны и отзывы",medical,spravker,ufa,https://ufa.spravker.ru/stomatologicheskie-kliniki-i-tsentryi/,0.70
+73472238376,Отделение фармации Уфимский медицинский колледж в Орджоникидзевском районе,medical,zoon,ufa,https://zoon.ru/ufa/education/,0.70
+73472250315,"Стоматологические клиники и центры в Уфе - адреса, телефоны и отзывы",medical,spravker,ufa,https://ufa.spravker.ru/stomatologicheskie-kliniki-i-tsentryi/,0.70
+73472250438,"Диагностические центры в Уфе - адреса, телефоны и отзывы",medical,spravker,ufa,https://ufa.spravker.ru/diagnosticheskie-tsentryi/,0.70
+73472250642,"Медцентры и клиники в Уфе - адреса, телефоны и отзывы",medical,spravker,ufa,https://ufa.spravker.ru/medtsentryi-i-kliniki/,0.70
+73472251620,"Медцентры и клиники в Уфе - адреса, телефоны и отзывы",medical,spravker,ufa,https://ufa.spravker.ru/medtsentryi-i-kliniki/,0.70
+73472257870,"Стоматологические клиники и центры в Уфе - адреса, телефоны и отзывы",medical,spravker,ufa,https://ufa.spravker.ru/stomatologicheskie-kliniki-i-tsentryi/,0.70
+73472262686,"Диагностические центры в Уфе - адреса, телефоны и отзывы",medical,spravker,ufa,https://ufa.spravker.ru/diagnosticheskie-tsentryi/,0.70
+73472265714,"Стоматологические клиники и центры в Уфе - адреса, телефоны и отзывы",medical,spravker,ufa,https://ufa.spravker.ru/stomatologicheskie-kliniki-i-tsentryi/,0.70
+73472323003,"Стоматологические клиники и центры в Уфе - адреса, телефоны и отзывы",medical,spravker,ufa,https://ufa.spravker.ru/stomatologicheskie-kliniki-i-tsentryi/,0.70
+73472326990,"Стоматологические клиники и центры в Уфе - адреса, телефоны и отзывы",medical,spravker,ufa,https://ufa.spravker.ru/stomatologicheskie-kliniki-i-tsentryi/,0.70
+73472339614,"Стоматологические клиники и центры в Уфе - адреса, телефоны и отзывы",medical,spravker,ufa,https://ufa.spravker.ru/stomatologicheskie-kliniki-i-tsentryi/,0.70
+73472354924,"Стоматологические клиники и центры в Уфе - адреса, телефоны и отзывы",medical,spravker,ufa,https://ufa.spravker.ru/stomatologicheskie-kliniki-i-tsentryi/,0.70
+73472359202,"Стоматологические клиники и центры в Уфе - адреса, телефоны и отзывы",medical,spravker,ufa,https://ufa.spravker.ru/stomatologicheskie-kliniki-i-tsentryi/,0.70
+73472365559,"Стоматологические клиники и центры в Уфе - адреса, телефоны и отзывы",medical,spravker,ufa,https://ufa.spravker.ru/stomatologicheskie-kliniki-i-tsentryi/,0.70
+73472369050,"Стоматологические клиники и центры в Уфе - адреса, телефоны и отзывы",medical,spravker,ufa,https://ufa.spravker.ru/stomatologicheskie-kliniki-i-tsentryi/,0.70
+73472371272,"Стоматологические клиники и центры в Уфе - адреса, телефоны и отзывы",medical,spravker,ufa,https://ufa.spravker.ru/stomatologicheskie-kliniki-i-tsentryi/,0.70
+73472373003,"Стоматологические клиники и центры в Уфе - адреса, телефоны и отзывы",medical,spravker,ufa,https://ufa.spravker.ru/stomatologicheskie-kliniki-i-tsentryi/,0.70
+73472399410,"Стоматологические клиники и центры в Уфе - адреса, телефоны и отзывы",medical,spravker,ufa,https://ufa.spravker.ru/stomatologicheskie-kliniki-i-tsentryi/,0.70
+73472405504,"Стоматологические клиники и центры в Уфе - адреса, телефоны и отзывы",medical,spravker,ufa,https://ufa.spravker.ru/stomatologicheskie-kliniki-i-tsentryi/,0.70
+73472414127,"Медцентры и клиники в Уфе - адреса, телефоны и отзывы",medical,spravker,ufa,https://ufa.spravker.ru/medtsentryi-i-kliniki/,0.70
+73472414175,"Стоматологические клиники и центры в Уфе - адреса, телефоны и отзывы",medical,spravker,ufa,https://ufa.spravker.ru/stomatologicheskie-kliniki-i-tsentryi/,0.70
+73472415151,"Стоматологические клиники и центры в Уфе - адреса, телефоны и отзывы",medical,spravker,ufa,https://ufa.spravker.ru/stomatologicheskie-kliniki-i-tsentryi/,0.70
+73472441005,"Стоматологические клиники и центры в Уфе - адреса, телефоны и отзывы",medical,spravker,ufa,https://ufa.spravker.ru/stomatologicheskie-kliniki-i-tsentryi/,0.70
+73472444474,"Стоматологические клиники и центры в Уфе - адреса, телефоны и отзывы",medical,spravker,ufa,https://ufa.spravker.ru/stomatologicheskie-kliniki-i-tsentryi/,0.70
+73472445550,"Медцентры и клиники в Уфе - адреса, телефоны и отзывы",medical,spravker,ufa,https://ufa.spravker.ru/medtsentryi-i-kliniki/,0.70
+73472445560,"Медцентры и клиники в Уфе - адреса, телефоны и отзывы",medical,spravker,ufa,https://ufa.spravker.ru/medtsentryi-i-kliniki/,0.70
+73472460369,"Медцентры и клиники в Уфе - адреса, телефоны и отзывы",medical,spravker,ufa,https://ufa.spravker.ru/medtsentryi-i-kliniki/,0.70
+73472460691,"Стоматологические клиники и центры в Уфе - адреса, телефоны и отзывы",medical,spravker,ufa,https://ufa.spravker.ru/stomatologicheskie-kliniki-i-tsentryi/,0.70
+73472461808,"Медцентры и клиники в Уфе - адреса, телефоны и отзывы",medical,spravker,ufa,https://ufa.spravker.ru/medtsentryi-i-kliniki/,0.70
+73472463003,"Диагностические центры в Уфе - адреса, телефоны и отзывы",medical,spravker,ufa,https://ufa.spravker.ru/diagnosticheskie-tsentryi/,0.70
+73472464040,"Диагностические центры в Уфе - адреса, телефоны и отзывы",medical,spravker,ufa,https://ufa.spravker.ru/diagnosticheskie-tsentryi/,0.70
+73472465506,"Диагностические центры в Уфе - адреса, телефоны и отзывы",medical,spravker,ufa,https://ufa.spravker.ru/diagnosticheskie-tsentryi/,0.70
+73472465701,"Стоматологические клиники и центры в Уфе - адреса, телефоны и отзывы",medical,spravker,ufa,https://ufa.spravker.ru/stomatologicheskie-kliniki-i-tsentryi/,0.70
+73472466336,"Медцентры и клиники в Уфе - адреса, телефоны и отзывы",medical,spravker,ufa,https://ufa.spravker.ru/medtsentryi-i-kliniki/,0.70
+73472469291,"Диагностические центры в Уфе - адреса, телефоны и отзывы",medical,spravker,ufa,https://ufa.spravker.ru/diagnosticheskie-tsentryi/,0.70
+73472483003,"Стоматологические клиники и центры в Уфе - адреса, телефоны и отзывы",medical,spravker,ufa,https://ufa.spravker.ru/stomatologicheskie-kliniki-i-tsentryi/,0.70
+73472483011,"Стоматологические клиники и центры в Уфе - адреса, телефоны и отзывы",medical,spravker,ufa,https://ufa.spravker.ru/stomatologicheskie-kliniki-i-tsentryi/,0.70
+73472483755,"Медцентры и клиники в Уфе - адреса, телефоны и отзывы",medical,spravker,ufa,https://ufa.spravker.ru/medtsentryi-i-kliniki/,0.70
+73472483866,"Медцентры и клиники в Уфе - адреса, телефоны и отзывы",medical,spravker,ufa,https://ufa.spravker.ru/medtsentryi-i-kliniki/,0.70
+73472485909,"Стоматологические клиники и центры в Уфе - адреса, телефоны и отзывы",medical,spravker,ufa,https://ufa.spravker.ru/stomatologicheskie-kliniki-i-tsentryi/,0.70
+73472486059,"Медцентры и клиники в Уфе - адреса, телефоны и отзывы",medical,spravker,ufa,https://ufa.spravker.ru/medtsentryi-i-kliniki/,0.70
+73472487709,"Стоматологические клиники и центры в Уфе - адреса, телефоны и отзывы",medical,spravker,ufa,https://ufa.spravker.ru/stomatologicheskie-kliniki-i-tsentryi/,0.70
+73472487879,"Медцентры и клиники в Уфе - адреса, телефоны и отзывы",medical,spravker,ufa,https://ufa.spravker.ru/medtsentryi-i-kliniki/,0.70
+73472505515,"Медцентры и клиники в Уфе - адреса, телефоны и отзывы",medical,spravker,ufa,https://ufa.spravker.ru/medtsentryi-i-kliniki/,0.70
+73472519083,"Стоматологические клиники и центры в Уфе - адреса, телефоны и отзывы",medical,spravker,ufa,https://ufa.spravker.ru/stomatologicheskie-kliniki-i-tsentryi/,0.70
+73472557272,"Стоматологические клиники и центры в Уфе - адреса, телефоны и отзывы",medical,spravker,ufa,https://ufa.spravker.ru/stomatologicheskie-kliniki-i-tsentryi/,0.70
+73472574127,"Медцентры и клиники в Уфе - адреса, телефоны и отзывы",medical,spravker,ufa,https://ufa.spravker.ru/medtsentryi-i-kliniki/,0.70
+73472600393,"Аптеки в Челябинске - адреса, телефоны и отзывы",medical,spravker,chelyabinsk,https://chelyabinsk.spravker.ru/apteki/,0.70
+73472660544,"Стоматологические клиники и центры в Уфе - адреса, телефоны и отзывы",medical,spravker,ufa,https://ufa.spravker.ru/stomatologicheskie-kliniki-i-tsentryi/,0.70
+73472660618,"Диагностические центры в Уфе - адреса, телефоны и отзывы",medical,spravker,ufa,https://ufa.spravker.ru/diagnosticheskie-tsentryi/,0.70
+73472662662,"Медцентры и клиники в Уфе - адреса, телефоны и отзывы",medical,spravker,ufa,https://ufa.spravker.ru/medtsentryi-i-kliniki/,0.70
+73472664120,"Медцентры и клиники в Уфе - адреса, телефоны и отзывы",medical,spravker,ufa,https://ufa.spravker.ru/medtsentryi-i-kliniki/,0.70
+73472665023,"Стоматологические клиники и центры в Уфе - адреса, телефоны и отзывы",medical,spravker,ufa,https://ufa.spravker.ru/stomatologicheskie-kliniki-i-tsentryi/,0.70
+73472668530,"Стоматологические клиники и центры в Уфе - адреса, телефоны и отзывы",medical,spravker,ufa,https://ufa.spravker.ru/stomatologicheskie-kliniki-i-tsentryi/,0.70
+73472741039,"Медцентры и клиники в Уфе - адреса, телефоны и отзывы",medical,spravker,ufa,https://ufa.spravker.ru/medtsentryi-i-kliniki/,0.70
+73472741144,"Медцентры и клиники в Уфе - адреса, телефоны и отзывы",medical,spravker,ufa,https://ufa.spravker.ru/medtsentryi-i-kliniki/,0.70
+73472748984,"Медцентры и клиники в Уфе - адреса, телефоны и отзывы",medical,spravker,ufa,https://ufa.spravker.ru/medtsentryi-i-kliniki/,0.70
+73472753010,"Стоматологические клиники и центры в Уфе - адреса, телефоны и отзывы",medical,spravker,ufa,https://ufa.spravker.ru/stomatologicheskie-kliniki-i-tsentryi/,0.70
+73472755515,"Медцентры и клиники в Уфе - адреса, телефоны и отзывы",medical,spravker,ufa,https://ufa.spravker.ru/medtsentryi-i-kliniki/,0.70
+73472782115,"Медцентры и клиники в Уфе - адреса, телефоны и отзывы",medical,spravker,ufa,https://ufa.spravker.ru/medtsentryi-i-kliniki/,0.70
+73472828770,"Стоматологические клиники и центры в Уфе - адреса, телефоны и отзывы",medical,spravker,ufa,https://ufa.spravker.ru/stomatologicheskie-kliniki-i-tsentryi/,0.70
+73472850322,"Стоматологические клиники и центры в Уфе - адреса, телефоны и отзывы",medical,spravker,ufa,https://ufa.spravker.ru/stomatologicheskie-kliniki-i-tsentryi/,0.70
+73472857738,"Медцентры и клиники в Уфе - адреса, телефоны и отзывы",medical,spravker,ufa,https://ufa.spravker.ru/medtsentryi-i-kliniki/,0.70
+73472861280,"Медцентры и клиники в Уфе - адреса, телефоны и отзывы",medical,spravker,ufa,https://ufa.spravker.ru/medtsentryi-i-kliniki/,0.70
+73472861691,"Диагностические центры в Уфе - адреса, телефоны и отзывы",medical,spravker,ufa,https://ufa.spravker.ru/diagnosticheskie-tsentryi/,0.70
+73472862803,"Диагностические центры в Уфе - адреса, телефоны и отзывы",medical,spravker,ufa,https://ufa.spravker.ru/diagnosticheskie-tsentryi/,0.70
+73472866061,"Стоматологические клиники и центры в Уфе - адреса, телефоны и отзывы",medical,spravker,ufa,https://ufa.spravker.ru/stomatologicheskie-kliniki-i-tsentryi/,0.70
+73472870021,"Диагностические центры в Уфе - адреса, телефоны и отзывы",medical,spravker,ufa,https://ufa.spravker.ru/diagnosticheskie-tsentryi/,0.70
+73472870025,"Диагностические центры в Уфе - адреса, телефоны и отзывы",medical,spravker,ufa,https://ufa.spravker.ru/diagnosticheskie-tsentryi/,0.70
+73472875202,"Аптеки в Краснодаре - адреса, телефоны и отзывы",medical,spravker,krasnodar,https://krasnodar.spravker.ru/apteki/,0.70
+73472877276,"Стоматологические клиники и центры в Уфе - адреса, телефоны и отзывы",medical,spravker,ufa,https://ufa.spravker.ru/stomatologicheskie-kliniki-i-tsentryi/,0.70
+73472935858,"Медцентры и клиники в Уфе - адреса, телефоны и отзывы",medical,spravker,ufa,https://ufa.spravker.ru/medtsentryi-i-kliniki/,0.70
+73472935959,"Медцентры и клиники в Уфе - адреса, телефоны и отзывы",medical,spravker,ufa,https://ufa.spravker.ru/medtsentryi-i-kliniki/,0.70
+73472940108,"Стоматологические клиники и центры в Уфе - адреса, телефоны и отзывы",medical,spravker,ufa,https://ufa.spravker.ru/stomatologicheskie-kliniki-i-tsentryi/,0.70
+73472941416,"Медцентры и клиники в Уфе - адреса, телефоны и отзывы",medical,spravker,ufa,https://ufa.spravker.ru/medtsentryi-i-kliniki/,0.70
+73472941594,"Медцентры и клиники в Уфе - адреса, телефоны и отзывы",medical,spravker,ufa,https://ufa.spravker.ru/medtsentryi-i-kliniki/,0.70
+73472944141,"Медцентры и клиники в Уфе - адреса, телефоны и отзывы",medical,spravker,ufa,https://ufa.spravker.ru/medtsentryi-i-kliniki/,0.70
+73472947779,"Стоматологические клиники и центры в Уфе - адреса, телефоны и отзывы",medical,spravker,ufa,https://ufa.spravker.ru/stomatologicheskie-kliniki-i-tsentryi/,0.70
+73472959477,"Стоматологические клиники и центры в Уфе - адреса, телефоны и отзывы",medical,spravker,ufa,https://ufa.spravker.ru/stomatologicheskie-kliniki-i-tsentryi/,0.70
+73472993331,"Медцентры и клиники в Уфе - адреса, телефоны и отзывы",medical,spravker,ufa,https://ufa.spravker.ru/medtsentryi-i-kliniki/,0.70
+73472993344,"Стоматологические клиники и центры в Уфе - адреса, телефоны и отзывы",medical,spravker,ufa,https://ufa.spravker.ru/stomatologicheskie-kliniki-i-tsentryi/,0.70
+73472997783,Стоматологическая клиника Планета Семейный доктор на улице Энтузиастов,medical,zoon,ufa,https://zoon.ru/ufa/medical/,0.70
+73512002262,"Медцентры и клиники в Челябинске - адреса, телефоны и отзывы",medical,spravker,chelyabinsk,https://chelyabinsk.spravker.ru/medtsentryi-i-kliniki/,0.70
+73512002968,"Больницы в Челябинске - адреса, телефоны и отзывы",medical,spravker,chelyabinsk,https://chelyabinsk.spravker.ru/bolnicy/,0.70
+73512002987,"Диагностические центры в Челябинске - адреса, телефоны и отзывы",medical,spravker,chelyabinsk,https://chelyabinsk.spravker.ru/diagnosticheskie-tsentryi/,0.70
+73512003404,"Медцентры и клиники в Челябинске - адреса, телефоны и отзывы",medical,spravker,chelyabinsk,https://chelyabinsk.spravker.ru/medtsentryi-i-kliniki/,0.70
+73512003505,"Стоматологические клиники и центры в Челябинске - адреса, телефоны и отзывы",medical,spravker,chelyabinsk,https://chelyabinsk.spravker.ru/stomatologicheskie-kliniki-i-tsentryi/,0.70
+73512003539,"Больницы в Челябинске - адреса, телефоны и отзывы",medical,spravker,chelyabinsk,https://chelyabinsk.spravker.ru/bolnicy/,0.70
+73512004025,"Медцентры и клиники в Челябинске - адреса, телефоны и отзывы",medical,spravker,chelyabinsk,https://chelyabinsk.spravker.ru/medtsentryi-i-kliniki/,0.70
+73512005084,"Диагностические центры в Челябинске - адреса, телефоны и отзывы",medical,spravker,chelyabinsk,https://chelyabinsk.spravker.ru/diagnosticheskie-tsentryi/,0.70
+73512005398,"Стоматологические клиники и центры в Челябинске - адреса, телефоны и отзывы",medical,spravker,chelyabinsk,https://chelyabinsk.spravker.ru/stomatologicheskie-kliniki-i-tsentryi/,0.70
+73512005416,"Стоматологические поликлиники в Челябинске - адреса, телефоны и отзывы",medical,spravker,chelyabinsk,https://chelyabinsk.spravker.ru/stomatologicheskie-polikliniki/,0.70
+73512005982,"Медцентры и клиники в Челябинске - адреса, телефоны и отзывы",medical,spravker,chelyabinsk,https://chelyabinsk.spravker.ru/medtsentryi-i-kliniki/,0.70
+73512005987,"Медцентры и клиники в Челябинске - адреса, телефоны и отзывы",medical,spravker,chelyabinsk,https://chelyabinsk.spravker.ru/medtsentryi-i-kliniki/,0.70
+73512006261,"Стоматологические клиники и центры в Челябинске - адреса, телефоны и отзывы",medical,spravker,chelyabinsk,https://chelyabinsk.spravker.ru/stomatologicheskie-kliniki-i-tsentryi/,0.70
+73512020285,"Диагностические центры в Челябинске - адреса, телефоны и отзывы",medical,spravker,chelyabinsk,https://chelyabinsk.spravker.ru/diagnosticheskie-tsentryi/,0.70
+73512101478,Медицинский центр лечения алкоголизма и наркомании НАРКОЛОГИЯ в Курчатовском районе,medical,zoon,chelyabinsk,https://zoon.ru/chelyabinsk/medical/,0.70
+73512101628,"Диагностические центры в Челябинске - адреса, телефоны и отзывы",medical,spravker,chelyabinsk,https://chelyabinsk.spravker.ru/diagnosticheskie-tsentryi/,0.70
+73512101802,"Больницы в Челябинске - адреса, телефоны и отзывы",medical,spravker,chelyabinsk,https://chelyabinsk.spravker.ru/bolnicy/,0.70
+73512102187,Медицинский центр Частная врачебная практика на Комсомольском проспекте,medical,zoon,chelyabinsk,https://zoon.ru/chelyabinsk/medical/,0.70
+73512105822,"Больницы в Челябинске - адреса, телефоны и отзывы",medical,spravker,chelyabinsk,https://chelyabinsk.spravker.ru/bolnicy/,0.70
+73512105848,"Больницы в Челябинске - адреса, телефоны и отзывы",medical,spravker,chelyabinsk,https://chelyabinsk.spravker.ru/bolnicy/,0.70
+73512111203,"Больницы в Челябинске - адреса, телефоны и отзывы",medical,spravker,chelyabinsk,https://chelyabinsk.spravker.ru/bolnicy/,0.70
+73512113020,"Больницы в Челябинске - адреса, телефоны и отзывы",medical,spravker,chelyabinsk,https://chelyabinsk.spravker.ru/bolnicy/,0.70
+73512114777,"Медцентры и клиники в Челябинске - адреса, телефоны и отзывы",medical,spravker,chelyabinsk,https://chelyabinsk.spravker.ru/medtsentryi-i-kliniki/,0.70
+73512140630,"Стоматологические клиники и центры в Челябинске - адреса, телефоны и отзывы",medical,spravker,chelyabinsk,https://chelyabinsk.spravker.ru/stomatologicheskie-kliniki-i-tsentryi/,0.70
+73512140693,"Медцентры и клиники в Челябинске - адреса, телефоны и отзывы",medical,spravker,chelyabinsk,https://chelyabinsk.spravker.ru/medtsentryi-i-kliniki/,0.70
+73512141432,"Больницы в Челябинске - адреса, телефоны и отзывы",medical,spravker,chelyabinsk,https://chelyabinsk.spravker.ru/bolnicy/,0.70
+73512142000,"Больницы в Челябинске - адреса, телефоны и отзывы",medical,spravker,chelyabinsk,https://chelyabinsk.spravker.ru/bolnicy/,0.70
+73512142003,"Больницы в Челябинске - адреса, телефоны и отзывы",medical,spravker,chelyabinsk,https://chelyabinsk.spravker.ru/bolnicy/,0.70
+73512142150,"Медцентры и клиники в Челябинске - адреса, телефоны и отзывы",medical,spravker,chelyabinsk,https://chelyabinsk.spravker.ru/medtsentryi-i-kliniki/,0.70
+73512144474,"Больницы в Челябинске - адреса, телефоны и отзывы",medical,spravker,chelyabinsk,https://chelyabinsk.spravker.ru/bolnicy/,0.70
+73512145657,"Стоматологические клиники и центры в Челябинске - адреса, телефоны и отзывы",medical,spravker,chelyabinsk,https://chelyabinsk.spravker.ru/stomatologicheskie-kliniki-i-tsentryi/,0.70
+73512145750,"Больницы в Челябинске - адреса, телефоны и отзывы",medical,spravker,chelyabinsk,https://chelyabinsk.spravker.ru/bolnicy/,0.70
+73512147773,"Стоматологические поликлиники в Челябинске - адреса, телефоны и отзывы",medical,spravker,chelyabinsk,https://chelyabinsk.spravker.ru/stomatologicheskie-polikliniki/,0.70
+73512151505,"Стоматологические поликлиники в Челябинске - адреса, телефоны и отзывы",medical,spravker,chelyabinsk,https://chelyabinsk.spravker.ru/stomatologicheskie-polikliniki/,0.70
+73512161799,"Аптеки в Челябинске - адреса, телефоны и отзывы",medical,spravker,chelyabinsk,https://chelyabinsk.spravker.ru/apteki/,0.70
+73512164503,"Стоматологические клиники и центры в Челябинске - адреса, телефоны и отзывы",medical,spravker,chelyabinsk,https://chelyabinsk.spravker.ru/stomatologicheskie-kliniki-i-tsentryi/,0.70
+73512166416,"Медцентры и клиники в Челябинске - адреса, телефоны и отзывы",medical,spravker,chelyabinsk,https://chelyabinsk.spravker.ru/medtsentryi-i-kliniki/,0.70
+73512170444,"Стоматологические клиники и центры в Челябинске - адреса, телефоны и отзывы",medical,spravker,chelyabinsk,https://chelyabinsk.spravker.ru/stomatologicheskie-kliniki-i-tsentryi/,0.70
+73512170630,"Аптеки в Челябинске - адреса, телефоны и отзывы",medical,spravker,chelyabinsk,https://chelyabinsk.spravker.ru/apteki/,0.70
+73512175262,"Медцентры и клиники в Челябинске - адреса, телефоны и отзывы",medical,spravker,chelyabinsk,https://chelyabinsk.spravker.ru/medtsentryi-i-kliniki/,0.70
+73512177111,"Стоматологические клиники и центры в Челябинске - адреса, телефоны и отзывы",medical,spravker,chelyabinsk,https://chelyabinsk.spravker.ru/stomatologicheskie-kliniki-i-tsentryi/,0.70
+73512181010,"Аптеки в Челябинске - адреса, телефоны и отзывы",medical,spravker,chelyabinsk,https://chelyabinsk.spravker.ru/apteki/,0.70
+73512183111,"Стоматологические поликлиники в Челябинске - адреса, телефоны и отзывы",medical,spravker,chelyabinsk,https://chelyabinsk.spravker.ru/stomatologicheskie-polikliniki/,0.70
+73512188003,"Аптеки в Челябинске - адреса, телефоны и отзывы",medical,spravker,chelyabinsk,https://chelyabinsk.spravker.ru/apteki/,0.70
+73512191085,"Стоматологические клиники и центры в Челябинске - адреса, телефоны и отзывы",medical,spravker,chelyabinsk,https://chelyabinsk.spravker.ru/stomatologicheskie-kliniki-i-tsentryi/,0.70
+73512191800,"Больницы в Челябинске - адреса, телефоны и отзывы",medical,spravker,chelyabinsk,https://chelyabinsk.spravker.ru/bolnicy/,0.70
+73512191910,"Больницы в Челябинске - адреса, телефоны и отзывы",medical,spravker,chelyabinsk,https://chelyabinsk.spravker.ru/bolnicy/,0.70
+73512200003,"Диагностические центры в Челябинске - адреса, телефоны и отзывы",medical,spravker,chelyabinsk,https://chelyabinsk.spravker.ru/diagnosticheskie-tsentryi/,0.70
+73512200303,"Больницы в Челябинске - адреса, телефоны и отзывы",medical,spravker,chelyabinsk,https://chelyabinsk.spravker.ru/bolnicy/,0.70
+73512201222,"Медцентры и клиники в Челябинске - адреса, телефоны и отзывы",medical,spravker,chelyabinsk,https://chelyabinsk.spravker.ru/medtsentryi-i-kliniki/,0.70
+73512201505,"Диагностические центры в Челябинске - адреса, телефоны и отзывы",medical,spravker,chelyabinsk,https://chelyabinsk.spravker.ru/diagnosticheskie-tsentryi/,0.70
+73512202057,"Больницы в Челябинске - адреса, телефоны и отзывы",medical,spravker,chelyabinsk,https://chelyabinsk.spravker.ru/bolnicy/,0.70
+73512202110,"Медцентры и клиники в Челябинске - адреса, телефоны и отзывы",medical,spravker,chelyabinsk,https://chelyabinsk.spravker.ru/medtsentryi-i-kliniki/,0.70
+73512202207,"Медцентры и клиники в Челябинске - адреса, телефоны и отзывы",medical,spravker,chelyabinsk,https://chelyabinsk.spravker.ru/medtsentryi-i-kliniki/,0.70
+73512202208,"Медцентры и клиники в Челябинске - адреса, телефоны и отзывы",medical,spravker,chelyabinsk,https://chelyabinsk.spravker.ru/medtsentryi-i-kliniki/,0.70
+73512203340,"Стоматологические клиники и центры в Челябинске - адреса, телефоны и отзывы",medical,spravker,chelyabinsk,https://chelyabinsk.spravker.ru/stomatologicheskie-kliniki-i-tsentryi/,0.70
+73512204402,"Больницы в Челябинске - адреса, телефоны и отзывы",medical,spravker,chelyabinsk,https://chelyabinsk.spravker.ru/bolnicy/,0.70
+73512207008,"Стоматологические клиники и центры в Челябинске - адреса, телефоны и отзывы",medical,spravker,chelyabinsk,https://chelyabinsk.spravker.ru/stomatologicheskie-kliniki-i-tsentryi/,0.70
+73512207076,"Больницы в Челябинске - адреса, телефоны и отзывы",medical,spravker,chelyabinsk,https://chelyabinsk.spravker.ru/bolnicy/,0.70
+73512209021,"Больницы в Челябинске - адреса, телефоны и отзывы",medical,spravker,chelyabinsk,https://chelyabinsk.spravker.ru/bolnicy/,0.70
+73512209709,"Больницы в Челябинске - адреса, телефоны и отзывы",medical,spravker,chelyabinsk,https://chelyabinsk.spravker.ru/bolnicy/,0.70
+73512209727,"Медцентры и клиники в Челябинске - адреса, телефоны и отзывы",medical,spravker,chelyabinsk,https://chelyabinsk.spravker.ru/medtsentryi-i-kliniki/,0.70
+73512220055,"Медцентры и клиники в Челябинске - адреса, телефоны и отзывы",medical,spravker,chelyabinsk,https://chelyabinsk.spravker.ru/medtsentryi-i-kliniki/,0.70
+73512223311,"Больницы в Челябинске - адреса, телефоны и отзывы",medical,spravker,chelyabinsk,https://chelyabinsk.spravker.ru/bolnicy/,0.70
+73512224160,"Диагностические центры в Челябинске - адреса, телефоны и отзывы",medical,spravker,chelyabinsk,https://chelyabinsk.spravker.ru/diagnosticheskie-tsentryi/,0.70
+73512231115,Стоматология Дантист на улице Гольца в Копейске,medical,zoon,chelyabinsk,https://zoon.ru/chelyabinsk/medical/,0.70
+73512231503,"Стоматологические клиники и центры в Челябинске - адреса, телефоны и отзывы",medical,spravker,chelyabinsk,https://chelyabinsk.spravker.ru/stomatologicheskie-kliniki-i-tsentryi/,0.70
+73512233202,"Диагностические центры в Челябинске - адреса, телефоны и отзывы",medical,spravker,chelyabinsk,https://chelyabinsk.spravker.ru/diagnosticheskie-tsentryi/,0.70
+73512233231,"Диагностические центры в Челябинске - адреса, телефоны и отзывы",medical,spravker,chelyabinsk,https://chelyabinsk.spravker.ru/diagnosticheskie-tsentryi/,0.70
+73512238403,"Больницы в Челябинске - адреса, телефоны и отзывы",medical,spravker,chelyabinsk,https://chelyabinsk.spravker.ru/bolnicy/,0.70
+73512250120,"Стоматологические клиники и центры в Челябинске - адреса, телефоны и отзывы",medical,spravker,chelyabinsk,https://chelyabinsk.spravker.ru/stomatologicheskie-kliniki-i-tsentryi/,0.70
+73512251042,Стоматологическая клиника НеоВикс,medical,zoon,chelyabinsk,https://zoon.ru/chelyabinsk/medical/,0.70
+73512251110,"Стоматологические клиники и центры в Челябинске - адреса, телефоны и отзывы",medical,spravker,chelyabinsk,https://chelyabinsk.spravker.ru/stomatologicheskie-kliniki-i-tsentryi/,0.70
+73512251505,"Стоматологические поликлиники в Челябинске - адреса, телефоны и отзывы",medical,spravker,chelyabinsk,https://chelyabinsk.spravker.ru/stomatologicheskie-polikliniki/,0.70
+73512251700,"Больницы в Челябинске - адреса, телефоны и отзывы",medical,spravker,chelyabinsk,https://chelyabinsk.spravker.ru/bolnicy/,0.70
+73512251841,"Аптеки в Челябинске - адреса, телефоны и отзывы",medical,spravker,chelyabinsk,https://chelyabinsk.spravker.ru/apteki/,0.70
+73512251846,"Аптеки в Челябинске - адреса, телефоны и отзывы",medical,spravker,chelyabinsk,https://chelyabinsk.spravker.ru/apteki/,0.70
+73512251867,"Аптеки в Челябинске - адреса, телефоны и отзывы",medical,spravker,chelyabinsk,https://chelyabinsk.spravker.ru/apteki/,0.70
+73512251936,"Диагностические центры в Челябинске - адреса, телефоны и отзывы",medical,spravker,chelyabinsk,https://chelyabinsk.spravker.ru/diagnosticheskie-tsentryi/,0.70
+73512252216,"Аптеки в Челябинске - адреса, телефоны и отзывы",medical,spravker,chelyabinsk,https://chelyabinsk.spravker.ru/apteki/,0.70
+73512252772,"Диагностические центры в Челябинске - адреса, телефоны и отзывы",medical,spravker,chelyabinsk,https://chelyabinsk.spravker.ru/diagnosticheskie-tsentryi/,0.70
+73512253010,"Диагностические центры в Челябинске - адреса, телефоны и отзывы",medical,spravker,chelyabinsk,https://chelyabinsk.spravker.ru/diagnosticheskie-tsentryi/,0.70
+73512253663,"Диагностические центры в Челябинске - адреса, телефоны и отзывы",medical,spravker,chelyabinsk,https://chelyabinsk.spravker.ru/diagnosticheskie-tsentryi/,0.70
+73512253670,"Диагностические центры в Челябинске - адреса, телефоны и отзывы",medical,spravker,chelyabinsk,https://chelyabinsk.spravker.ru/diagnosticheskie-tsentryi/,0.70
+73512253693,"Аптеки в Челябинске - адреса, телефоны и отзывы",medical,spravker,chelyabinsk,https://chelyabinsk.spravker.ru/apteki/,0.70
+73512253838,"Диагностические центры в Челябинске - адреса, телефоны и отзывы",medical,spravker,chelyabinsk,https://chelyabinsk.spravker.ru/diagnosticheskie-tsentryi/,0.70
+73512254167,"Аптеки в Челябинске - адреса, телефоны и отзывы",medical,spravker,chelyabinsk,https://chelyabinsk.spravker.ru/apteki/,0.70
+73512254371,"Аптеки в Челябинске - адреса, телефоны и отзывы",medical,spravker,chelyabinsk,https://chelyabinsk.spravker.ru/apteki/,0.70
+73512254653,"Аптеки в Челябинске - адреса, телефоны и отзывы",medical,spravker,chelyabinsk,https://chelyabinsk.spravker.ru/apteki/,0.70
+73512254654,"Аптеки в Челябинске - адреса, телефоны и отзывы",medical,spravker,chelyabinsk,https://chelyabinsk.spravker.ru/apteki/,0.70
+73512254762,"Стоматологические клиники и центры в Челябинске - адреса, телефоны и отзывы",medical,spravker,chelyabinsk,https://chelyabinsk.spravker.ru/stomatologicheskie-kliniki-i-tsentryi/,0.70
+73512254964,"Медцентры и клиники в Челябинске - адреса, телефоны и отзывы",medical,spravker,chelyabinsk,https://chelyabinsk.spravker.ru/medtsentryi-i-kliniki/,0.70
+73512256172,"Больницы в Челябинске - адреса, телефоны и отзывы",medical,spravker,chelyabinsk,https://chelyabinsk.spravker.ru/bolnicy/,0.70
+73512257156,"Больницы в Челябинске - адреса, телефоны и отзывы",medical,spravker,chelyabinsk,https://chelyabinsk.spravker.ru/bolnicy/,0.70
+73512303323,"Медцентры и клиники в Челябинске - адреса, телефоны и отзывы",medical,spravker,chelyabinsk,https://chelyabinsk.spravker.ru/medtsentryi-i-kliniki/,0.70
+73512310123,"Больницы в Челябинске - адреса, телефоны и отзывы",medical,spravker,chelyabinsk,https://chelyabinsk.spravker.ru/bolnicy/,0.70
+73512320953,"Стоматологические поликлиники в Челябинске - адреса, телефоны и отзывы",medical,spravker,chelyabinsk,https://chelyabinsk.spravker.ru/stomatologicheskie-polikliniki/,0.70
+73512323313,"Аптеки в Екатеринбурге - адреса, телефоны и отзывы",medical,spravker,ekb,https://ekaterinburg.spravker.ru/apteki/,0.70
+73512333548,"Диагностические центры в Челябинске - адреса, телефоны и отзывы",medical,spravker,chelyabinsk,https://chelyabinsk.spravker.ru/diagnosticheskie-tsentryi/,0.70
+73512350303,"Диагностические центры в Челябинске - адреса, телефоны и отзывы",medical,spravker,chelyabinsk,https://chelyabinsk.spravker.ru/diagnosticheskie-tsentryi/,0.70
+73512358782,"Больницы в Челябинске - адреса, телефоны и отзывы",medical,spravker,chelyabinsk,https://chelyabinsk.spravker.ru/bolnicy/,0.70
+73512370682,"Медцентры и клиники в Челябинске - адреса, телефоны и отзывы",medical,spravker,chelyabinsk,https://chelyabinsk.spravker.ru/medtsentryi-i-kliniki/,0.70
+73512408075,"Больницы в Челябинске - адреса, телефоны и отзывы",medical,spravker,chelyabinsk,https://chelyabinsk.spravker.ru/bolnicy/,0.70
+73512409977,"Больницы в Челябинске - адреса, телефоны и отзывы",medical,spravker,chelyabinsk,https://chelyabinsk.spravker.ru/bolnicy/,0.70
+73512420009,"Медцентры и клиники в Челябинске - адреса, телефоны и отзывы",medical,spravker,chelyabinsk,https://chelyabinsk.spravker.ru/medtsentryi-i-kliniki/,0.70
+73512420199,"Медцентры и клиники в Челябинске - адреса, телефоны и отзывы",medical,spravker,chelyabinsk,https://chelyabinsk.spravker.ru/medtsentryi-i-kliniki/,0.70
+73512420202,"Стоматологические поликлиники в Челябинске - адреса, телефоны и отзывы",medical,spravker,chelyabinsk,https://chelyabinsk.spravker.ru/stomatologicheskie-polikliniki/,0.70
+73512420220,"Больницы в Челябинске - адреса, телефоны и отзывы",medical,spravker,chelyabinsk,https://chelyabinsk.spravker.ru/bolnicy/,0.70
+73512425968,"Диагностические центры в Челябинске - адреса, телефоны и отзывы",medical,spravker,chelyabinsk,https://chelyabinsk.spravker.ru/diagnosticheskie-tsentryi/,0.70
+73512440191,"Стоматологические клиники и центры в Челябинске - адреса, телефоны и отзывы",medical,spravker,chelyabinsk,https://chelyabinsk.spravker.ru/stomatologicheskie-kliniki-i-tsentryi/,0.70
+73512457000,"Медцентры и клиники в Челябинске - адреса, телефоны и отзывы",medical,spravker,chelyabinsk,https://chelyabinsk.spravker.ru/medtsentryi-i-kliniki/,0.70
+73512457771,"Больницы в Челябинске - адреса, телефоны и отзывы",medical,spravker,chelyabinsk,https://chelyabinsk.spravker.ru/bolnicy/,0.70
+73512460006,"Диагностические центры в Челябинске - адреса, телефоны и отзывы",medical,spravker,chelyabinsk,https://chelyabinsk.spravker.ru/diagnosticheskie-tsentryi/,0.70
+73512461515,"Диагностические центры в Челябинске - адреса, телефоны и отзывы",medical,spravker,chelyabinsk,https://chelyabinsk.spravker.ru/diagnosticheskie-tsentryi/,0.70
+73512470303,"Медцентры и клиники в Челябинске - адреса, телефоны и отзывы",medical,spravker,chelyabinsk,https://chelyabinsk.spravker.ru/medtsentryi-i-kliniki/,0.70
+73512472457,"Медцентры и клиники в Челябинске - адреса, телефоны и отзывы",medical,spravker,chelyabinsk,https://chelyabinsk.spravker.ru/medtsentryi-i-kliniki/,0.70
+73512479090,"Аптеки в Челябинске - адреса, телефоны и отзывы",medical,spravker,chelyabinsk,https://chelyabinsk.spravker.ru/apteki/,0.70
+73512487280,"Медцентры и клиники в Челябинске - адреса, телефоны и отзывы",medical,spravker,chelyabinsk,https://chelyabinsk.spravker.ru/medtsentryi-i-kliniki/,0.70
+73512500025,"Стоматологические поликлиники в Челябинске - адреса, телефоны и отзывы",medical,spravker,chelyabinsk,https://chelyabinsk.spravker.ru/stomatologicheskie-polikliniki/,0.70
+73512501350,"Больницы в Челябинске - адреса, телефоны и отзывы",medical,spravker,chelyabinsk,https://chelyabinsk.spravker.ru/bolnicy/,0.70
+73512538810,"Больницы в Челябинске - адреса, телефоны и отзывы",medical,spravker,chelyabinsk,https://chelyabinsk.spravker.ru/bolnicy/,0.70
+73512539824,"Аптеки в Челябинске - адреса, телефоны и отзывы",medical,spravker,chelyabinsk,https://chelyabinsk.spravker.ru/apteki/,0.70
+73512602211,"Стоматологические клиники и центры в Челябинске - адреса, телефоны и отзывы",medical,spravker,chelyabinsk,https://chelyabinsk.spravker.ru/stomatologicheskie-kliniki-i-tsentryi/,0.70
+73512612505,"Больницы в Челябинске - адреса, телефоны и отзывы",medical,spravker,chelyabinsk,https://chelyabinsk.spravker.ru/bolnicy/,0.70
+73512615555,"Аптеки в Челябинске - адреса, телефоны и отзывы",medical,spravker,chelyabinsk,https://chelyabinsk.spravker.ru/apteki/,0.70
+73512635769,"Стоматологические поликлиники в Челябинске - адреса, телефоны и отзывы",medical,spravker,chelyabinsk,https://chelyabinsk.spravker.ru/stomatologicheskie-polikliniki/,0.70
+73512645122,"Стоматологические поликлиники в Челябинске - адреса, телефоны и отзывы",medical,spravker,chelyabinsk,https://chelyabinsk.spravker.ru/stomatologicheskie-polikliniki/,0.70
+73512656464,"Медцентры и клиники в Челябинске - адреса, телефоны и отзывы",medical,spravker,chelyabinsk,https://chelyabinsk.spravker.ru/medtsentryi-i-kliniki/,0.70
+73512657661,"Стоматологические клиники и центры в Челябинске - адреса, телефоны и отзывы",medical,spravker,chelyabinsk,https://chelyabinsk.spravker.ru/stomatologicheskie-kliniki-i-tsentryi/,0.70
+73512668884,"Больницы в Челябинске - адреса, телефоны и отзывы",medical,spravker,chelyabinsk,https://chelyabinsk.spravker.ru/bolnicy/,0.70
+73512669701,"Стоматологические клиники и центры в Челябинске - адреса, телефоны и отзывы",medical,spravker,chelyabinsk,https://chelyabinsk.spravker.ru/stomatologicheskie-kliniki-i-tsentryi/,0.70
+73512675000,"Аптеки в Челябинске - адреса, телефоны и отзывы",medical,spravker,chelyabinsk,https://chelyabinsk.spravker.ru/apteki/,0.70
+73512681426,"Стоматологические поликлиники в Челябинске - адреса, телефоны и отзывы",medical,spravker,chelyabinsk,https://chelyabinsk.spravker.ru/stomatologicheskie-polikliniki/,0.70
+73512687717,"Диагностические центры в Челябинске - адреса, телефоны и отзывы",medical,spravker,chelyabinsk,https://chelyabinsk.spravker.ru/diagnosticheskie-tsentryi/,0.70
+73512692172,"Больницы в Челябинске - адреса, телефоны и отзывы",medical,spravker,chelyabinsk,https://chelyabinsk.spravker.ru/bolnicy/,0.70
+73512692223,"Больницы в Челябинске - адреса, телефоны и отзывы",medical,spravker,chelyabinsk,https://chelyabinsk.spravker.ru/bolnicy/,0.70
+73512700179,"Стоматологические клиники и центры в Челябинске - адреса, телефоны и отзывы",medical,spravker,chelyabinsk,https://chelyabinsk.spravker.ru/stomatologicheskie-kliniki-i-tsentryi/,0.70
+73512700544,"Стоматологические клиники и центры в Челябинске - адреса, телефоны и отзывы",medical,spravker,chelyabinsk,https://chelyabinsk.spravker.ru/stomatologicheskie-kliniki-i-tsentryi/,0.70
+73512704996,"Больницы в Челябинске - адреса, телефоны и отзывы",medical,spravker,chelyabinsk,https://chelyabinsk.spravker.ru/bolnicy/,0.70
+73512705737,"Стоматологические клиники и центры в Челябинске - адреса, телефоны и отзывы",medical,spravker,chelyabinsk,https://chelyabinsk.spravker.ru/stomatologicheskie-kliniki-i-tsentryi/,0.70
+73512720166,"Аптеки в Челябинске - адреса, телефоны и отзывы",medical,spravker,chelyabinsk,https://chelyabinsk.spravker.ru/apteki/,0.70
+73512724643,"Больницы в Челябинске - адреса, телефоны и отзывы",medical,spravker,chelyabinsk,https://chelyabinsk.spravker.ru/bolnicy/,0.70
+73512725082,"Стоматологические поликлиники в Челябинске - адреса, телефоны и отзывы",medical,spravker,chelyabinsk,https://chelyabinsk.spravker.ru/stomatologicheskie-polikliniki/,0.70
+73512779238,"Медцентры и клиники в Челябинске - адреса, телефоны и отзывы",medical,spravker,chelyabinsk,https://chelyabinsk.spravker.ru/medtsentryi-i-kliniki/,0.70
+73512780290,"Больницы в Челябинске - адреса, телефоны и отзывы",medical,spravker,chelyabinsk,https://chelyabinsk.spravker.ru/bolnicy/,0.70
+73512823222,"Медцентры и клиники в Челябинске - адреса, телефоны и отзывы",medical,spravker,chelyabinsk,https://chelyabinsk.spravker.ru/medtsentryi-i-kliniki/,0.70
+73512823223,"Медцентры и клиники в Челябинске - адреса, телефоны и отзывы",medical,spravker,chelyabinsk,https://chelyabinsk.spravker.ru/medtsentryi-i-kliniki/,0.70
+73515926697,"Стоматологические клиники и центры в Челябинске - адреса, телефоны и отзывы",medical,spravker,chelyabinsk,https://chelyabinsk.spravker.ru/stomatologicheskie-kliniki-i-tsentryi/,0.70
+73517000011,"Стоматологические поликлиники в Челябинске - адреса, телефоны и отзывы",medical,spravker,chelyabinsk,https://chelyabinsk.spravker.ru/stomatologicheskie-polikliniki/,0.70
+73517000033,"Стоматологические поликлиники в Челябинске - адреса, телефоны и отзывы",medical,spravker,chelyabinsk,https://chelyabinsk.spravker.ru/stomatologicheskie-polikliniki/,0.70
+73517000220,"Медцентры и клиники в Челябинске - адреса, телефоны и отзывы",medical,spravker,chelyabinsk,https://chelyabinsk.spravker.ru/medtsentryi-i-kliniki/,0.70
+73517000418,"Стоматологические поликлиники в Челябинске - адреса, телефоны и отзывы",medical,spravker,chelyabinsk,https://chelyabinsk.spravker.ru/stomatologicheskie-polikliniki/,0.70
+73517000470,"Стоматологические поликлиники в Челябинске - адреса, телефоны и отзывы",medical,spravker,chelyabinsk,https://chelyabinsk.spravker.ru/stomatologicheskie-polikliniki/,0.70
+73517002499,"Больницы в Челябинске - адреса, телефоны и отзывы",medical,spravker,chelyabinsk,https://chelyabinsk.spravker.ru/bolnicy/,0.70
+73517007017,"Медцентры и клиники в Челябинске - адреса, телефоны и отзывы",medical,spravker,chelyabinsk,https://chelyabinsk.spravker.ru/medtsentryi-i-kliniki/,0.70
+73517007037,"Больницы в Челябинске - адреса, телефоны и отзывы",medical,spravker,chelyabinsk,https://chelyabinsk.spravker.ru/bolnicy/,0.70
+73517007465,"Медцентры и клиники в Челябинске - адреса, телефоны и отзывы",medical,spravker,chelyabinsk,https://chelyabinsk.spravker.ru/medtsentryi-i-kliniki/,0.70
+73517007467,"Медцентры и клиники в Челябинске - адреса, телефоны и отзывы",medical,spravker,chelyabinsk,https://chelyabinsk.spravker.ru/medtsentryi-i-kliniki/,0.70
+73517007603,"Медцентры и клиники в Челябинске - адреса, телефоны и отзывы",medical,spravker,chelyabinsk,https://chelyabinsk.spravker.ru/medtsentryi-i-kliniki/,0.70
+73517007605,"Медцентры и клиники в Челябинске - адреса, телефоны и отзывы",medical,spravker,chelyabinsk,https://chelyabinsk.spravker.ru/medtsentryi-i-kliniki/,0.70
+73517007606,"Медцентры и клиники в Челябинске - адреса, телефоны и отзывы",medical,spravker,chelyabinsk,https://chelyabinsk.spravker.ru/medtsentryi-i-kliniki/,0.70
+73517009096,"Больницы в Челябинске - адреса, телефоны и отзывы",medical,spravker,chelyabinsk,https://chelyabinsk.spravker.ru/bolnicy/,0.70
+73517009384,"Медцентры и клиники в Челябинске - адреса, телефоны и отзывы",medical,spravker,chelyabinsk,https://chelyabinsk.spravker.ru/medtsentryi-i-kliniki/,0.70
+73517009537,"Стоматологические поликлиники в Челябинске - адреса, телефоны и отзывы",medical,spravker,chelyabinsk,https://chelyabinsk.spravker.ru/stomatologicheskie-polikliniki/,0.70
+73517009650,"Стоматологические поликлиники в Челябинске - адреса, телефоны и отзывы",medical,spravker,chelyabinsk,https://chelyabinsk.spravker.ru/stomatologicheskie-polikliniki/,0.70
+73517009851,"Стоматологические клиники и центры в Челябинске - адреса, телефоны и отзывы",medical,spravker,chelyabinsk,https://chelyabinsk.spravker.ru/stomatologicheskie-kliniki-i-tsentryi/,0.70
+73517010051,"Стоматологические клиники и центры в Челябинске - адреса, телефоны и отзывы",medical,spravker,chelyabinsk,https://chelyabinsk.spravker.ru/stomatologicheskie-kliniki-i-tsentryi/,0.70
+73517011703,"Стоматологические клиники и центры в Челябинске - адреса, телефоны и отзывы",medical,spravker,chelyabinsk,https://chelyabinsk.spravker.ru/stomatologicheskie-kliniki-i-tsentryi/,0.70
+73517015134,"Стоматологические клиники и центры в Челябинске - адреса, телефоны и отзывы",medical,spravker,chelyabinsk,https://chelyabinsk.spravker.ru/stomatologicheskie-kliniki-i-tsentryi/,0.70
+73517016231,"Больницы в Челябинске - адреса, телефоны и отзывы",medical,spravker,chelyabinsk,https://chelyabinsk.spravker.ru/bolnicy/,0.70
+73517016429,"Диагностические центры в Челябинске - адреса, телефоны и отзывы",medical,spravker,chelyabinsk,https://chelyabinsk.spravker.ru/diagnosticheskie-tsentryi/,0.70
+73517111316,"Медцентры и клиники в Челябинске - адреса, телефоны и отзывы",medical,spravker,chelyabinsk,https://chelyabinsk.spravker.ru/medtsentryi-i-kliniki/,0.70
+73517170028,Приемная комиссия Южно-Уральский государственный медицинский университет на улице Воровского,medical,zoon,chelyabinsk,https://zoon.ru/chelyabinsk/education/,0.70
+73517240216,"Аптеки в Челябинске - адреса, телефоны и отзывы",medical,spravker,chelyabinsk,https://chelyabinsk.spravker.ru/apteki/,0.70
+73517241312,"Больницы в Челябинске - адреса, телефоны и отзывы",medical,spravker,chelyabinsk,https://chelyabinsk.spravker.ru/bolnicy/,0.70
+73517271572,"Больницы в Челябинске - адреса, телефоны и отзывы",medical,spravker,chelyabinsk,https://chelyabinsk.spravker.ru/bolnicy/,0.70
+73517277895,"Больницы в Челябинске - адреса, телефоны и отзывы",medical,spravker,chelyabinsk,https://chelyabinsk.spravker.ru/bolnicy/,0.70
+73517282002,"Больницы в Челябинске - адреса, телефоны и отзывы",medical,spravker,chelyabinsk,https://chelyabinsk.spravker.ru/bolnicy/,0.70
+73517282022,"Стоматологические поликлиники в Челябинске - адреса, телефоны и отзывы",medical,spravker,chelyabinsk,https://chelyabinsk.spravker.ru/stomatologicheskie-polikliniki/,0.70
+73517284823,"Стоматологические поликлиники в Челябинске - адреса, телефоны и отзывы",medical,spravker,chelyabinsk,https://chelyabinsk.spravker.ru/stomatologicheskie-polikliniki/,0.70
+73517284833,"Стоматологические поликлиники в Челябинске - адреса, телефоны и отзывы",medical,spravker,chelyabinsk,https://chelyabinsk.spravker.ru/stomatologicheskie-polikliniki/,0.70
+73517284863,"Больницы в Челябинске - адреса, телефоны и отзывы",medical,spravker,chelyabinsk,https://chelyabinsk.spravker.ru/bolnicy/,0.70
+73517284870,"Больницы в Челябинске - адреса, телефоны и отзывы",medical,spravker,chelyabinsk,https://chelyabinsk.spravker.ru/bolnicy/,0.70
+73517284881,"Стоматологические поликлиники в Челябинске - адреса, телефоны и отзывы",medical,spravker,chelyabinsk,https://chelyabinsk.spravker.ru/stomatologicheskie-polikliniki/,0.70
+73517284883,"Больницы в Челябинске - адреса, телефоны и отзывы",medical,spravker,chelyabinsk,https://chelyabinsk.spravker.ru/bolnicy/,0.70
+73517284894,"Стоматологические поликлиники в Челябинске - адреса, телефоны и отзывы",medical,spravker,chelyabinsk,https://chelyabinsk.spravker.ru/stomatologicheskie-polikliniki/,0.70
+73517284899,"Больницы в Челябинске - адреса, телефоны и отзывы",medical,spravker,chelyabinsk,https://chelyabinsk.spravker.ru/bolnicy/,0.70
+73517284999,"Больницы в Челябинске - адреса, телефоны и отзывы",medical,spravker,chelyabinsk,https://chelyabinsk.spravker.ru/bolnicy/,0.70
+73517297052,"Больницы в Челябинске - адреса, телефоны и отзывы",medical,spravker,chelyabinsk,https://chelyabinsk.spravker.ru/bolnicy/,0.70
+73517298041,"Стоматологические поликлиники в Челябинске - адреса, телефоны и отзывы",medical,spravker,chelyabinsk,https://chelyabinsk.spravker.ru/stomatologicheskie-polikliniki/,0.70
+73517298833,"Медцентры и клиники в Челябинске - адреса, телефоны и отзывы",medical,spravker,chelyabinsk,https://chelyabinsk.spravker.ru/medtsentryi-i-kliniki/,0.70
+73517299629,"Больницы в Челябинске - адреса, телефоны и отзывы",medical,spravker,chelyabinsk,https://chelyabinsk.spravker.ru/bolnicy/,0.70
+73517307153,"Больницы в Челябинске - адреса, телефоны и отзывы",medical,spravker,chelyabinsk,https://chelyabinsk.spravker.ru/bolnicy/,0.70
+73517311147,"Стоматологические клиники и центры в Челябинске - адреса, телефоны и отзывы",medical,spravker,chelyabinsk,https://chelyabinsk.spravker.ru/stomatologicheskie-kliniki-i-tsentryi/,0.70
+73517340004,"Больницы в Челябинске - адреса, телефоны и отзывы",medical,spravker,chelyabinsk,https://chelyabinsk.spravker.ru/bolnicy/,0.70
+73517344585,"Больницы в Челябинске - адреса, телефоны и отзывы",medical,spravker,chelyabinsk,https://chelyabinsk.spravker.ru/bolnicy/,0.70
+73517370196,"Медцентры и клиники в Челябинске - адреса, телефоны и отзывы",medical,spravker,chelyabinsk,https://chelyabinsk.spravker.ru/medtsentryi-i-kliniki/,0.70
+73517404343,"Медцентры и клиники в Челябинске - адреса, телефоны и отзывы",medical,spravker,chelyabinsk,https://chelyabinsk.spravker.ru/medtsentryi-i-kliniki/,0.70
+73517405030,"Стоматологические клиники и центры в Челябинске - адреса, телефоны и отзывы",medical,spravker,chelyabinsk,https://chelyabinsk.spravker.ru/stomatologicheskie-kliniki-i-tsentryi/,0.70
+73517405756,"Больницы в Челябинске - адреса, телефоны и отзывы",medical,spravker,chelyabinsk,https://chelyabinsk.spravker.ru/bolnicy/,0.70
+73517416358,"Медцентры и клиники в Челябинске - адреса, телефоны и отзывы",medical,spravker,chelyabinsk,https://chelyabinsk.spravker.ru/medtsentryi-i-kliniki/,0.70
+73517416864,"Стоматологические поликлиники в Челябинске - адреса, телефоны и отзывы",medical,spravker,chelyabinsk,https://chelyabinsk.spravker.ru/stomatologicheskie-polikliniki/,0.70
+73517504767,"Медцентры и клиники в Челябинске - адреса, телефоны и отзывы",medical,spravker,chelyabinsk,https://chelyabinsk.spravker.ru/medtsentryi-i-kliniki/,0.70
+73517507253,"Стоматологические клиники и центры в Челябинске - адреса, телефоны и отзывы",medical,spravker,chelyabinsk,https://chelyabinsk.spravker.ru/stomatologicheskie-kliniki-i-tsentryi/,0.70
+73517507310,"Аптеки в Челябинске - адреса, телефоны и отзывы",medical,spravker,chelyabinsk,https://chelyabinsk.spravker.ru/apteki/,0.70
+73517507599,"Медцентры и клиники в Челябинске - адреса, телефоны и отзывы",medical,spravker,chelyabinsk,https://chelyabinsk.spravker.ru/medtsentryi-i-kliniki/,0.70
+73517508616,"Медцентры и клиники в Челябинске - адреса, телефоны и отзывы",medical,spravker,chelyabinsk,https://chelyabinsk.spravker.ru/medtsentryi-i-kliniki/,0.70
+73517511111,"Аптеки в Челябинске - адреса, телефоны и отзывы",medical,spravker,chelyabinsk,https://chelyabinsk.spravker.ru/apteki/,0.70
+73517512280,"Медцентры и клиники в Челябинске - адреса, телефоны и отзывы",medical,spravker,chelyabinsk,https://chelyabinsk.spravker.ru/medtsentryi-i-kliniki/,0.70
+73517751918,"Медцентры и клиники в Челябинске - адреса, телефоны и отзывы",medical,spravker,chelyabinsk,https://chelyabinsk.spravker.ru/medtsentryi-i-kliniki/,0.70
+73517751988,"Медцентры и клиники в Челябинске - адреса, телефоны и отзывы",medical,spravker,chelyabinsk,https://chelyabinsk.spravker.ru/medtsentryi-i-kliniki/,0.70
+73517769532,"Стоматологические клиники и центры в Челябинске - адреса, телефоны и отзывы",medical,spravker,chelyabinsk,https://chelyabinsk.spravker.ru/stomatologicheskie-kliniki-i-tsentryi/,0.70
+73517770099,"Диагностические центры в Челябинске - адреса, телефоны и отзывы",medical,spravker,chelyabinsk,https://chelyabinsk.spravker.ru/diagnosticheskie-tsentryi/,0.70
+73517783594,"Больницы в Челябинске - адреса, телефоны и отзывы",medical,spravker,chelyabinsk,https://chelyabinsk.spravker.ru/bolnicy/,0.70
+73517785060,"Аптеки в Екатеринбурге - адреса, телефоны и отзывы",medical,spravker,ekb,https://ekaterinburg.spravker.ru/apteki/,0.70
+73517908298,"Медцентры и клиники в Челябинске - адреса, телефоны и отзывы",medical,spravker,chelyabinsk,https://chelyabinsk.spravker.ru/medtsentryi-i-kliniki/,0.70
+73517908299,"Медцентры и клиники в Челябинске - адреса, телефоны и отзывы",medical,spravker,chelyabinsk,https://chelyabinsk.spravker.ru/medtsentryi-i-kliniki/,0.70
+73517910573,"Медцентры и клиники в Челябинске - адреса, телефоны и отзывы",medical,spravker,chelyabinsk,https://chelyabinsk.spravker.ru/medtsentryi-i-kliniki/,0.70
+73517910651,"Медцентры и клиники в Челябинске - адреса, телефоны и отзывы",medical,spravker,chelyabinsk,https://chelyabinsk.spravker.ru/medtsentryi-i-kliniki/,0.70
+73517914883,"Стоматологические клиники и центры в Челябинске - адреса, телефоны и отзывы",medical,spravker,chelyabinsk,https://chelyabinsk.spravker.ru/stomatologicheskie-kliniki-i-tsentryi/,0.70
+73517916965,"Аптеки в Челябинске - адреса, телефоны и отзывы",medical,spravker,chelyabinsk,https://chelyabinsk.spravker.ru/apteki/,0.70
+73517918084,"Стоматологические клиники и центры в Челябинске - адреса, телефоны и отзывы",medical,spravker,chelyabinsk,https://chelyabinsk.spravker.ru/stomatologicheskie-kliniki-i-tsentryi/,0.70
+73517937229,"Стоматологические клиники и центры в Челябинске - адреса, телефоны и отзывы",medical,spravker,chelyabinsk,https://chelyabinsk.spravker.ru/stomatologicheskie-kliniki-i-tsentryi/,0.70
+73517954444,"Стоматологические клиники и центры в Челябинске - адреса, телефоны и отзывы",medical,spravker,chelyabinsk,https://chelyabinsk.spravker.ru/stomatologicheskie-kliniki-i-tsentryi/,0.70
+73517958599,"Больницы в Челябинске - адреса, телефоны и отзывы",medical,spravker,chelyabinsk,https://chelyabinsk.spravker.ru/bolnicy/,0.70
+73517965809,"Стоматологические клиники и центры в Челябинске - адреса, телефоны и отзывы",medical,spravker,chelyabinsk,https://chelyabinsk.spravker.ru/stomatologicheskie-kliniki-i-tsentryi/,0.70
+73517980228,"Стоматологические поликлиники в Челябинске - адреса, телефоны и отзывы",medical,spravker,chelyabinsk,https://chelyabinsk.spravker.ru/stomatologicheskie-polikliniki/,0.70
+73517983429,"Больницы в Челябинске - адреса, телефоны и отзывы",medical,spravker,chelyabinsk,https://chelyabinsk.spravker.ru/bolnicy/,0.70
+73517983461,"Больницы в Челябинске - адреса, телефоны и отзывы",medical,spravker,chelyabinsk,https://chelyabinsk.spravker.ru/bolnicy/,0.70
+74109999999,"Стоматологические клиники и центры в Челябинске - адреса, телефоны и отзывы",medical,spravker,chelyabinsk,https://chelyabinsk.spravker.ru/stomatologicheskie-kliniki-i-tsentryi/,0.70
+74313725490,"Больницы в Москве - адреса, телефоны и отзывы",medical,spravker,msk,https://msk.spravker.ru/bolnicy/,0.70
+74615384615,"Медцентры и клиники в Москве - адреса, телефоны и отзывы",medical,spravker,msk,https://msk.spravker.ru/medtsentryi-i-kliniki/,0.70
+74732000298,Частная наркологическая клиника Клиника Плюс,medical,zoon,voronezh,https://zoon.ru/voronezh/medical/,0.70
+74732000713,"Медцентры и клиники в Воронеже - адреса, телефоны и отзывы",medical,spravker,voronezh,https://voronezh.spravker.ru/medtsentryi-i-kliniki/,0.70
+74732016000,"Диагностические центры в Воронеже - адреса, телефоны и отзывы",medical,spravker,voronezh,https://voronezh.spravker.ru/diagnosticheskie-tsentryi/,0.70
+74732016347,"Медцентры и клиники в Воронеже - адреса, телефоны и отзывы",medical,spravker,voronezh,https://voronezh.spravker.ru/medtsentryi-i-kliniki/,0.70
+74732016476,"Диагностические центры в Воронеже - адреса, телефоны и отзывы",medical,spravker,voronezh,https://voronezh.spravker.ru/diagnosticheskie-tsentryi/,0.70
+74732016713,"Стоматологические поликлиники в Воронеже - адреса, телефоны и отзывы",medical,spravker,voronezh,https://voronezh.spravker.ru/stomatologicheskie-polikliniki/,0.70
+74732016830,Стоматология Колибри на улице Фридриха Энгельса,medical,zoon,voronezh,https://zoon.ru/voronezh/medical/,0.70
+74732020106,"Медцентры и клиники в Воронеже - адреса, телефоны и отзывы",medical,spravker,voronezh,https://voronezh.spravker.ru/medtsentryi-i-kliniki/,0.70
+74732020107,"Стоматологические поликлиники в Воронеже - адреса, телефоны и отзывы",medical,spravker,voronezh,https://voronezh.spravker.ru/stomatologicheskie-polikliniki/,0.70
+74732020303,"Стоматологические поликлиники в Воронеже - адреса, телефоны и отзывы",medical,spravker,voronezh,https://voronezh.spravker.ru/stomatologicheskie-polikliniki/,0.70
+74732021717,"Медцентры и клиники в Воронеже - адреса, телефоны и отзывы",medical,spravker,voronezh,https://voronezh.spravker.ru/medtsentryi-i-kliniki/,0.70
+74732022585,"Аптеки в Воронеже - адреса, телефоны и отзывы",medical,spravker,voronezh,https://voronezh.spravker.ru/apteki/,0.70
+74732022586,"Аптеки в Воронеже - адреса, телефоны и отзывы",medical,spravker,voronezh,https://voronezh.spravker.ru/apteki/,0.70
+74732022587,"Аптеки в Воронеже - адреса, телефоны и отзывы",medical,spravker,voronezh,https://voronezh.spravker.ru/apteki/,0.70
+74732023172,"Медцентры и клиники в Воронеже - адреса, телефоны и отзывы",medical,spravker,voronezh,https://voronezh.spravker.ru/medtsentryi-i-kliniki/,0.70
+74732023176,"Медцентры и клиники в Воронеже - адреса, телефоны и отзывы",medical,spravker,voronezh,https://voronezh.spravker.ru/medtsentryi-i-kliniki/,0.70
+74732023178,"Медцентры и клиники в Воронеже - адреса, телефоны и отзывы",medical,spravker,voronezh,https://voronezh.spravker.ru/medtsentryi-i-kliniki/,0.70
+74732023181,"Медцентры и клиники в Воронеже - адреса, телефоны и отзывы",medical,spravker,voronezh,https://voronezh.spravker.ru/medtsentryi-i-kliniki/,0.70
+74732023182,"Медцентры и клиники в Воронеже - адреса, телефоны и отзывы",medical,spravker,voronezh,https://voronezh.spravker.ru/medtsentryi-i-kliniki/,0.70
+74732023184,"Медцентры и клиники в Воронеже - адреса, телефоны и отзывы",medical,spravker,voronezh,https://voronezh.spravker.ru/medtsentryi-i-kliniki/,0.70
+74732023186,"Медцентры и клиники в Воронеже - адреса, телефоны и отзывы",medical,spravker,voronezh,https://voronezh.spravker.ru/medtsentryi-i-kliniki/,0.70
+74732023187,"Медцентры и клиники в Воронеже - адреса, телефоны и отзывы",medical,spravker,voronezh,https://voronezh.spravker.ru/medtsentryi-i-kliniki/,0.70
+74732026116,"Диагностические центры в Воронеже - адреса, телефоны и отзывы",medical,spravker,voronezh,https://voronezh.spravker.ru/diagnosticheskie-tsentryi/,0.70
+74732027573,"Стоматологические поликлиники в Воронеже - адреса, телефоны и отзывы",medical,spravker,voronezh,https://voronezh.spravker.ru/stomatologicheskie-polikliniki/,0.70
+74732030303,"Медцентры и клиники в Воронеже - адреса, телефоны и отзывы",medical,spravker,voronezh,https://voronezh.spravker.ru/medtsentryi-i-kliniki/,0.70
+74732033303,"Медцентры и клиники в Воронеже - адреса, телефоны и отзывы",medical,spravker,voronezh,https://voronezh.spravker.ru/medtsentryi-i-kliniki/,0.70
+74732051185,"Стоматологические поликлиники в Воронеже - адреса, телефоны и отзывы",medical,spravker,voronezh,https://voronezh.spravker.ru/stomatologicheskie-polikliniki/,0.70
+74732051229,"Диагностические центры в Воронеже - адреса, телефоны и отзывы",medical,spravker,voronezh,https://voronezh.spravker.ru/diagnosticheskie-tsentryi/,0.70
+74732051238,"Медцентры и клиники в Воронеже - адреса, телефоны и отзывы",medical,spravker,voronezh,https://voronezh.spravker.ru/medtsentryi-i-kliniki/,0.70
+74732052207,"Стоматологические поликлиники в Воронеже - адреса, телефоны и отзывы",medical,spravker,voronezh,https://voronezh.spravker.ru/stomatologicheskie-polikliniki/,0.70
+74732066595,"Аптеки в Воронеже - адреса, телефоны и отзывы",medical,spravker,voronezh,https://voronezh.spravker.ru/apteki/,0.70
+74732067247,"Диагностические центры в Воронеже - адреса, телефоны и отзывы",medical,spravker,voronezh,https://voronezh.spravker.ru/diagnosticheskie-tsentryi/,0.70
+74732069492,"Диагностические центры в Воронеже - адреса, телефоны и отзывы",medical,spravker,voronezh,https://voronezh.spravker.ru/diagnosticheskie-tsentryi/,0.70
+74732100321,"Медцентры и клиники в Воронеже - адреса, телефоны и отзывы",medical,spravker,voronezh,https://voronezh.spravker.ru/medtsentryi-i-kliniki/,0.70
+74732104888,"Диагностические центры в Воронеже - адреса, телефоны и отзывы",medical,spravker,voronezh,https://voronezh.spravker.ru/diagnosticheskie-tsentryi/,0.70
+74732106103,"Диагностические центры в Воронеже - адреса, телефоны и отзывы",medical,spravker,voronezh,https://voronezh.spravker.ru/diagnosticheskie-tsentryi/,0.70
+74732106349,"Диагностические центры в Воронеже - адреса, телефоны и отзывы",medical,spravker,voronezh,https://voronezh.spravker.ru/diagnosticheskie-tsentryi/,0.70
+74732106424,"Медцентры и клиники в Воронеже - адреса, телефоны и отзывы",medical,spravker,voronezh,https://voronezh.spravker.ru/medtsentryi-i-kliniki/,0.70
+74732106704,"Медцентры и клиники в Воронеже - адреса, телефоны и отзывы",medical,spravker,voronezh,https://voronezh.spravker.ru/medtsentryi-i-kliniki/,0.70
+74732110107,"Медцентры и клиники в Воронеже - адреса, телефоны и отзывы",medical,spravker,voronezh,https://voronezh.spravker.ru/medtsentryi-i-kliniki/,0.70
+74732113442,"Стоматологические поликлиники в Воронеже - адреса, телефоны и отзывы",medical,spravker,voronezh,https://voronezh.spravker.ru/stomatologicheskie-polikliniki/,0.70
+74732115023,"Стоматологические поликлиники в Воронеже - адреса, телефоны и отзывы",medical,spravker,voronezh,https://voronezh.spravker.ru/stomatologicheskie-polikliniki/,0.70
+74732115091,"Стоматологические поликлиники в Воронеже - адреса, телефоны и отзывы",medical,spravker,voronezh,https://voronezh.spravker.ru/stomatologicheskie-polikliniki/,0.70
+74732115314,"Медцентры и клиники в Воронеже - адреса, телефоны и отзывы",medical,spravker,voronezh,https://voronezh.spravker.ru/medtsentryi-i-kliniki/,0.70
+74732115634,"Стоматологические поликлиники в Воронеже - адреса, телефоны и отзывы",medical,spravker,voronezh,https://voronezh.spravker.ru/stomatologicheskie-polikliniki/,0.70
+74732115745,"Стоматологические поликлиники в Воронеже - адреса, телефоны и отзывы",medical,spravker,voronezh,https://voronezh.spravker.ru/stomatologicheskie-polikliniki/,0.70
+74732120110,"Медцентры и клиники в Воронеже - адреса, телефоны и отзывы",medical,spravker,voronezh,https://voronezh.spravker.ru/medtsentryi-i-kliniki/,0.70
+74732120888,"Стоматологические поликлиники в Воронеже - адреса, телефоны и отзывы",medical,spravker,voronezh,https://voronezh.spravker.ru/stomatologicheskie-polikliniki/,0.70
+74732121888,"Стоматологические поликлиники в Воронеже - адреса, телефоны и отзывы",medical,spravker,voronezh,https://voronezh.spravker.ru/stomatologicheskie-polikliniki/,0.70
+74732122618,"Стоматологические поликлиники в Воронеже - адреса, телефоны и отзывы",medical,spravker,voronezh,https://voronezh.spravker.ru/stomatologicheskie-polikliniki/,0.70
+74732123490,"Медцентры и клиники в Воронеже - адреса, телефоны и отзывы",medical,spravker,voronezh,https://voronezh.spravker.ru/medtsentryi-i-kliniki/,0.70
+74732125850,"Стоматологические поликлиники в Воронеже - адреса, телефоны и отзывы",medical,spravker,voronezh,https://voronezh.spravker.ru/stomatologicheskie-polikliniki/,0.70
+74732135890,"Аптеки в Воронеже - адреса, телефоны и отзывы",medical,spravker,voronezh,https://voronezh.spravker.ru/apteki/,0.70
+74732207723,"Стоматологические поликлиники в Воронеже - адреса, телефоны и отзывы",medical,spravker,voronezh,https://voronezh.spravker.ru/stomatologicheskie-polikliniki/,0.70
+74732210423,"Стоматологические поликлиники в Воронеже - адреса, телефоны и отзывы",medical,spravker,voronezh,https://voronezh.spravker.ru/stomatologicheskie-polikliniki/,0.70
+74732215453,"Аптеки в Воронеже - адреса, телефоны и отзывы",medical,spravker,voronezh,https://voronezh.spravker.ru/apteki/,0.70
+74732222409,"Медцентры и клиники в Воронеже - адреса, телефоны и отзывы",medical,spravker,voronezh,https://voronezh.spravker.ru/medtsentryi-i-kliniki/,0.70
+74732223179,"Стоматологические поликлиники в Воронеже - адреса, телефоны и отзывы",medical,spravker,voronezh,https://voronezh.spravker.ru/stomatologicheskie-polikliniki/,0.70
+74732226006,"Медцентры и клиники в Воронеже - адреса, телефоны и отзывы",medical,spravker,voronezh,https://voronezh.spravker.ru/medtsentryi-i-kliniki/,0.70
+74732229062,"Медцентры и клиники в Воронеже - адреса, телефоны и отзывы",medical,spravker,voronezh,https://voronezh.spravker.ru/medtsentryi-i-kliniki/,0.70
+74732229191,"Медцентры и клиники в Воронеже - адреса, телефоны и отзывы",medical,spravker,voronezh,https://voronezh.spravker.ru/medtsentryi-i-kliniki/,0.70
+74732234400,"Аптеки в Воронеже - адреса, телефоны и отзывы",medical,spravker,voronezh,https://voronezh.spravker.ru/apteki/,0.70
+74732246545,"Стоматологические поликлиники в Воронеже - адреса, телефоны и отзывы",medical,spravker,voronezh,https://voronezh.spravker.ru/stomatologicheskie-polikliniki/,0.70
+74732252617,"Стоматологические поликлиники в Воронеже - адреса, телефоны и отзывы",medical,spravker,voronezh,https://voronezh.spravker.ru/stomatologicheskie-polikliniki/,0.70
+74732254428,"Аптеки в Воронеже - адреса, телефоны и отзывы",medical,spravker,voronezh,https://voronezh.spravker.ru/apteki/,0.70
+74732262860,"Стоматологические поликлиники в Воронеже - адреса, телефоны и отзывы",medical,spravker,voronezh,https://voronezh.spravker.ru/stomatologicheskie-polikliniki/,0.70
+74732263723,"Стоматологические поликлиники в Воронеже - адреса, телефоны и отзывы",medical,spravker,voronezh,https://voronezh.spravker.ru/stomatologicheskie-polikliniki/,0.70
+74732277220,"Аптеки в Воронеже - адреса, телефоны и отзывы",medical,spravker,voronezh,https://voronezh.spravker.ru/apteki/,0.70
+74732280619,"Аптеки в Воронеже - адреса, телефоны и отзывы",medical,spravker,voronezh,https://voronezh.spravker.ru/apteki/,0.70
+74732281468,"Медцентры и клиники в Воронеже - адреса, телефоны и отзывы",medical,spravker,voronezh,https://voronezh.spravker.ru/medtsentryi-i-kliniki/,0.70
+74732281489,"Аптеки в Воронеже - адреса, телефоны и отзывы",medical,spravker,voronezh,https://voronezh.spravker.ru/apteki/,0.70
+74732282282,"Стоматологические поликлиники в Воронеже - адреса, телефоны и отзывы",medical,spravker,voronezh,https://voronezh.spravker.ru/stomatologicheskie-polikliniki/,0.70
+74732284028,"Аптеки в Воронеже - адреса, телефоны и отзывы",medical,spravker,voronezh,https://voronezh.spravker.ru/apteki/,0.70
+74732285108,"Диагностические центры в Воронеже - адреса, телефоны и отзывы",medical,spravker,voronezh,https://voronezh.spravker.ru/diagnosticheskie-tsentryi/,0.70
+74732286117,"Медцентры и клиники в Воронеже - адреса, телефоны и отзывы",medical,spravker,voronezh,https://voronezh.spravker.ru/medtsentryi-i-kliniki/,0.70
+74732288242,"Медцентры и клиники в Воронеже - адреса, телефоны и отзывы",medical,spravker,voronezh,https://voronezh.spravker.ru/medtsentryi-i-kliniki/,0.70
+74732292867,"Аптеки в Воронеже - адреса, телефоны и отзывы",medical,spravker,voronezh,https://voronezh.spravker.ru/apteki/,0.70
+74732292942,"Медцентры и клиники в Воронеже - адреса, телефоны и отзывы",medical,spravker,voronezh,https://voronezh.spravker.ru/medtsentryi-i-kliniki/,0.70
+74732295812,"Стоматологические поликлиники в Воронеже - адреса, телефоны и отзывы",medical,spravker,voronezh,https://voronezh.spravker.ru/stomatologicheskie-polikliniki/,0.70
+74732322372,"Аптеки в Воронеже - адреса, телефоны и отзывы",medical,spravker,voronezh,https://voronezh.spravker.ru/apteki/,0.70
+74732332765,"Стоматологические поликлиники в Воронеже - адреса, телефоны и отзывы",medical,spravker,voronezh,https://voronezh.spravker.ru/stomatologicheskie-polikliniki/,0.70
+74732333222,"Аптеки в Воронеже - адреса, телефоны и отзывы",medical,spravker,voronezh,https://voronezh.spravker.ru/apteki/,0.70
+74732380168,"Стоматологические поликлиники в Воронеже - адреса, телефоны и отзывы",medical,spravker,voronezh,https://voronezh.spravker.ru/stomatologicheskie-polikliniki/,0.70
+74732402121,"Стоматологические поликлиники в Воронеже - адреса, телефоны и отзывы",medical,spravker,voronezh,https://voronezh.spravker.ru/stomatologicheskie-polikliniki/,0.70
+74732417334,"Аптеки в Воронеже - адреса, телефоны и отзывы",medical,spravker,voronezh,https://voronezh.spravker.ru/apteki/,0.70
+74732417630,"Стоматологические поликлиники в Воронеже - адреса, телефоны и отзывы",medical,spravker,voronezh,https://voronezh.spravker.ru/stomatologicheskie-polikliniki/,0.70
+74732418423,"Стоматологические поликлиники в Воронеже - адреса, телефоны и отзывы",medical,spravker,voronezh,https://voronezh.spravker.ru/stomatologicheskie-polikliniki/,0.70
+74732427747,"Аптеки в Воронеже - адреса, телефоны и отзывы",medical,spravker,voronezh,https://voronezh.spravker.ru/apteki/,0.70
+74732428353,"Стоматологические поликлиники в Воронеже - адреса, телефоны и отзывы",medical,spravker,voronezh,https://voronezh.spravker.ru/stomatologicheskie-polikliniki/,0.70
+74732428428,"Аптеки в Воронеже - адреса, телефоны и отзывы",medical,spravker,voronezh,https://voronezh.spravker.ru/apteki/,0.70
+74732474247,"Стоматологические поликлиники в Воронеже - адреса, телефоны и отзывы",medical,spravker,voronezh,https://voronezh.spravker.ru/stomatologicheskie-polikliniki/,0.70
+74732512438,"Стоматологические поликлиники в Воронеже - адреса, телефоны и отзывы",medical,spravker,voronezh,https://voronezh.spravker.ru/stomatologicheskie-polikliniki/,0.70
+74732512482,"Медцентры и клиники в Воронеже - адреса, телефоны и отзывы",medical,spravker,voronezh,https://voronezh.spravker.ru/medtsentryi-i-kliniki/,0.70
+74732523613,"Стоматологические поликлиники в Воронеже - адреса, телефоны и отзывы",medical,spravker,voronezh,https://voronezh.spravker.ru/stomatologicheskie-polikliniki/,0.70
+74732530030,"Медцентры и клиники в Воронеже - адреса, телефоны и отзывы",medical,spravker,voronezh,https://voronezh.spravker.ru/medtsentryi-i-kliniki/,0.70
+74732537635,"Медцентры и клиники в Воронеже - адреса, телефоны и отзывы",medical,spravker,voronezh,https://voronezh.spravker.ru/medtsentryi-i-kliniki/,0.70
+74732545400,"Медцентры и клиники в Воронеже - адреса, телефоны и отзывы",medical,spravker,voronezh,https://voronezh.spravker.ru/medtsentryi-i-kliniki/,0.70
+74732553720,"Аптеки в Воронеже - адреса, телефоны и отзывы",medical,spravker,voronezh,https://voronezh.spravker.ru/apteki/,0.70
+74732554422,"Медцентры и клиники в Воронеже - адреса, телефоны и отзывы",medical,spravker,voronezh,https://voronezh.spravker.ru/medtsentryi-i-kliniki/,0.70
+74732554455,"Медцентры и клиники в Воронеже - адреса, телефоны и отзывы",medical,spravker,voronezh,https://voronezh.spravker.ru/medtsentryi-i-kliniki/,0.70
+74732555737,"Медцентры и клиники в Воронеже - адреса, телефоны и отзывы",medical,spravker,voronezh,https://voronezh.spravker.ru/medtsentryi-i-kliniki/,0.70
+74732555766,"Медцентры и клиники в Воронеже - адреса, телефоны и отзывы",medical,spravker,voronezh,https://voronezh.spravker.ru/medtsentryi-i-kliniki/,0.70
+74732555824,"Медцентры и клиники в Воронеже - адреса, телефоны и отзывы",medical,spravker,voronezh,https://voronezh.spravker.ru/medtsentryi-i-kliniki/,0.70
+74732559595,"Медцентры и клиники в Воронеже - адреса, телефоны и отзывы",medical,spravker,voronezh,https://voronezh.spravker.ru/medtsentryi-i-kliniki/,0.70
+74732559944,"Медцентры и клиники в Воронеже - адреса, телефоны и отзывы",medical,spravker,voronezh,https://voronezh.spravker.ru/medtsentryi-i-kliniki/,0.70
+74732568277,"Аптеки в Воронеже - адреса, телефоны и отзывы",medical,spravker,voronezh,https://voronezh.spravker.ru/apteki/,0.70
+74732573377,"Стоматологические поликлиники в Воронеже - адреса, телефоны и отзывы",medical,spravker,voronezh,https://voronezh.spravker.ru/stomatologicheskie-polikliniki/,0.70
+74732602373,"Медцентры и клиники в Воронеже - адреса, телефоны и отзывы",medical,spravker,voronezh,https://voronezh.spravker.ru/medtsentryi-i-kliniki/,0.70
+74732606911,"Медцентры и клиники в Воронеже - адреса, телефоны и отзывы",medical,spravker,voronezh,https://voronezh.spravker.ru/medtsentryi-i-kliniki/,0.70
+74732618873,"Аптеки в Воронеже - адреса, телефоны и отзывы",medical,spravker,voronezh,https://voronezh.spravker.ru/apteki/,0.70
+74732619719,"Стоматологические поликлиники в Воронеже - адреса, телефоны и отзывы",medical,spravker,voronezh,https://voronezh.spravker.ru/stomatologicheskie-polikliniki/,0.70
+74732627874,"Медцентры и клиники в Воронеже - адреса, телефоны и отзывы",medical,spravker,voronezh,https://voronezh.spravker.ru/medtsentryi-i-kliniki/,0.70
+74732627890,"Стоматологические поликлиники в Воронеже - адреса, телефоны и отзывы",medical,spravker,voronezh,https://voronezh.spravker.ru/stomatologicheskie-polikliniki/,0.70
+74732627929,"Медцентры и клиники в Воронеже - адреса, телефоны и отзывы",medical,spravker,voronezh,https://voronezh.spravker.ru/medtsentryi-i-kliniki/,0.70
+74732705861,"Медцентры и клиники в Воронеже - адреса, телефоны и отзывы",medical,spravker,voronezh,https://voronezh.spravker.ru/medtsentryi-i-kliniki/,0.70
+74732719933,"Медцентры и клиники в Воронеже - адреса, телефоны и отзывы",medical,spravker,voronezh,https://voronezh.spravker.ru/medtsentryi-i-kliniki/,0.70
+74732719975,"Медцентры и клиники в Воронеже - адреса, телефоны и отзывы",medical,spravker,voronezh,https://voronezh.spravker.ru/medtsentryi-i-kliniki/,0.70
+74732727208,"Медцентры и клиники в Воронеже - адреса, телефоны и отзывы",medical,spravker,voronezh,https://voronezh.spravker.ru/medtsentryi-i-kliniki/,0.70
+74732727272,"Медцентры и клиники в Воронеже - адреса, телефоны и отзывы",medical,spravker,voronezh,https://voronezh.spravker.ru/medtsentryi-i-kliniki/,0.70
+74732727647,"Медцентры и клиники в Воронеже - адреса, телефоны и отзывы",medical,spravker,voronezh,https://voronezh.spravker.ru/medtsentryi-i-kliniki/,0.70
+74732730473,"Стоматологические поликлиники в Воронеже - адреса, телефоны и отзывы",medical,spravker,voronezh,https://voronezh.spravker.ru/stomatologicheskie-polikliniki/,0.70
+74732730511,"Диагностические центры в Воронеже - адреса, телефоны и отзывы",medical,spravker,voronezh,https://voronezh.spravker.ru/diagnosticheskie-tsentryi/,0.70
+74732736815,"Медцентры и клиники в Воронеже - адреса, телефоны и отзывы",medical,spravker,voronezh,https://voronezh.spravker.ru/medtsentryi-i-kliniki/,0.70
+74732757078,"Стоматологические поликлиники в Воронеже - адреса, телефоны и отзывы",medical,spravker,voronezh,https://voronezh.spravker.ru/stomatologicheskie-polikliniki/,0.70
+74732764729,"Аптеки в Воронеже - адреса, телефоны и отзывы",medical,spravker,voronezh,https://voronezh.spravker.ru/apteki/,0.70
+74732771014,"Аптеки в Воронеже - адреса, телефоны и отзывы",medical,spravker,voronezh,https://voronezh.spravker.ru/apteki/,0.70
+74732801280,"Медцентры и клиники в Воронеже - адреса, телефоны и отзывы",medical,spravker,voronezh,https://voronezh.spravker.ru/medtsentryi-i-kliniki/,0.70
+74732801786,"Стоматологические поликлиники в Воронеже - адреса, телефоны и отзывы",medical,spravker,voronezh,https://voronezh.spravker.ru/stomatologicheskie-polikliniki/,0.70
+74732802030,"Медцентры и клиники в Воронеже - адреса, телефоны и отзывы",medical,spravker,voronezh,https://voronezh.spravker.ru/medtsentryi-i-kliniki/,0.70
+74732802277,"Медцентры и клиники в Воронеже - адреса, телефоны и отзывы",medical,spravker,voronezh,https://voronezh.spravker.ru/medtsentryi-i-kliniki/,0.70
+74732802801,"Медцентры и клиники в Воронеже - адреса, телефоны и отзывы",medical,spravker,voronezh,https://voronezh.spravker.ru/medtsentryi-i-kliniki/,0.70
+74732802803,"Медцентры и клиники в Воронеже - адреса, телефоны и отзывы",medical,spravker,voronezh,https://voronezh.spravker.ru/medtsentryi-i-kliniki/,0.70
+74732802805,"Диагностические центры в Воронеже - адреса, телефоны и отзывы",medical,spravker,voronezh,https://voronezh.spravker.ru/diagnosticheskie-tsentryi/,0.70
+74732911072,"Медцентры и клиники в Воронеже - адреса, телефоны и отзывы",medical,spravker,voronezh,https://voronezh.spravker.ru/medtsentryi-i-kliniki/,0.70
+74732911888,"Медцентры и клиники в Воронеже - адреса, телефоны и отзывы",medical,spravker,voronezh,https://voronezh.spravker.ru/medtsentryi-i-kliniki/,0.70
+74732919293,"Диагностические центры в Воронеже - адреса, телефоны и отзывы",medical,spravker,voronezh,https://voronezh.spravker.ru/diagnosticheskie-tsentryi/,0.70
+74732920091,"Диагностические центры в Воронеже - адреса, телефоны и отзывы",medical,spravker,voronezh,https://voronezh.spravker.ru/diagnosticheskie-tsentryi/,0.70
+74733002073,"Медцентры и клиники в Воронеже - адреса, телефоны и отзывы",medical,spravker,voronezh,https://voronezh.spravker.ru/medtsentryi-i-kliniki/,0.70
+74733002930,"Диагностические центры в Воронеже - адреса, телефоны и отзывы",medical,spravker,voronezh,https://voronezh.spravker.ru/diagnosticheskie-tsentryi/,0.70
+74733003065,"Медцентры и клиники в Воронеже - адреса, телефоны и отзывы",medical,spravker,voronezh,https://voronezh.spravker.ru/medtsentryi-i-kliniki/,0.70
+74733003076,"Медцентры и клиники в Воронеже - адреса, телефоны и отзывы",medical,spravker,voronezh,https://voronezh.spravker.ru/medtsentryi-i-kliniki/,0.70
+74733003473,"Стоматологические поликлиники в Воронеже - адреса, телефоны и отзывы",medical,spravker,voronezh,https://voronezh.spravker.ru/stomatologicheskie-polikliniki/,0.70
+74733003603,"Медцентры и клиники в Воронеже - адреса, телефоны и отзывы",medical,spravker,voronezh,https://voronezh.spravker.ru/medtsentryi-i-kliniki/,0.70
+74733003703,"Диагностические центры в Воронеже - адреса, телефоны и отзывы",medical,spravker,voronezh,https://voronezh.spravker.ru/diagnosticheskie-tsentryi/,0.70
+74733003959,"Медцентры и клиники в Воронеже - адреса, телефоны и отзывы",medical,spravker,voronezh,https://voronezh.spravker.ru/medtsentryi-i-kliniki/,0.70
+74733334007,"Диагностические центры в Воронеже - адреса, телефоны и отзывы",medical,spravker,voronezh,https://voronezh.spravker.ru/diagnosticheskie-tsentryi/,0.70
+74737141745,"Диагностические центры в Воронеже - адреса, телефоны и отзывы",medical,spravker,voronezh,https://voronezh.spravker.ru/diagnosticheskie-tsentryi/,0.70
+74950215168,"Стоматологические клиники и центры в Москве - адреса, телефоны и отзывы",medical,spravker,msk,https://msk.spravker.ru/stomatologicheskie-kliniki-i-tsentryi/,0.70
+74950234229,"Стоматологические клиники и центры в Москве - адреса, телефоны и отзывы",medical,spravker,msk,https://msk.spravker.ru/stomatologicheskie-kliniki-i-tsentryi/,0.70
+74950236213,Сервисный центр Лаборатория ремонта на Ленинском проспекте,medical,zoon,msk,https://zoon.ru/msk/repair/,0.70
+74950236425,"Больницы в Москве - адреса, телефоны и отзывы",medical,spravker,msk,https://msk.spravker.ru/bolnicy/,0.70
+74950440003,"Медцентры и клиники в Москве - адреса, телефоны и отзывы",medical,spravker,msk,https://msk.spravker.ru/medtsentryi-i-kliniki/,0.70
+74950851476,"Больницы в Москве - адреса, телефоны и отзывы",medical,spravker,msk,https://msk.spravker.ru/bolnicy/,0.70
+74950856737,"Больницы в Москве - адреса, телефоны и отзывы",medical,spravker,msk,https://msk.spravker.ru/bolnicy/,0.70
+74951047018,"Аптеки в Москве - адреса, телефоны и отзывы",medical,spravker,msk,https://msk.spravker.ru/apteki/,0.70
+74951084695,"Медцентры и клиники в Москве - адреса, телефоны и отзывы",medical,spravker,msk,https://msk.spravker.ru/medtsentryi-i-kliniki/,0.70
+74951093307,"Медцентры и клиники в Москве - адреса, телефоны и отзывы",medical,spravker,msk,https://msk.spravker.ru/medtsentryi-i-kliniki/,0.70
+74951180982,"Больницы в Москве - адреса, телефоны и отзывы",medical,spravker,msk,https://msk.spravker.ru/bolnicy/,0.70
+74951183231,"Больницы в Москве - адреса, телефоны и отзывы",medical,spravker,msk,https://msk.spravker.ru/bolnicy/,0.70
+74951220221,"Больницы в Москве - адреса, телефоны и отзывы",medical,spravker,msk,https://msk.spravker.ru/bolnicy/,0.70
+74951236612,"Стоматологические клиники и центры в Москве - адреса, телефоны и отзывы",medical,spravker,msk,https://msk.spravker.ru/stomatologicheskie-kliniki-i-tsentryi/,0.70
+74951238507,"Стоматологические поликлиники в Москве - адреса, телефоны и отзывы",medical,spravker,msk,https://msk.spravker.ru/stomatologicheskie-polikliniki/,0.70
+74951238508,"Стоматологические поликлиники в Москве - адреса, телефоны и отзывы",medical,spravker,msk,https://msk.spravker.ru/stomatologicheskie-polikliniki/,0.70
+74951238509,"Стоматологические поликлиники в Москве - адреса, телефоны и отзывы",medical,spravker,msk,https://msk.spravker.ru/stomatologicheskie-polikliniki/,0.70
+74951251068,"Диагностические центры в Москве - адреса, телефоны и отзывы",medical,spravker,msk,https://msk.spravker.ru/diagnosticheskie-tsentryi/,0.70
+74951278224,"Диагностические центры в Москве - адреса, телефоны и отзывы",medical,spravker,msk,https://msk.spravker.ru/diagnosticheskie-tsentryi/,0.70
+74951290703,"Диагностические центры в Москве - адреса, телефоны и отзывы",medical,spravker,msk,https://msk.spravker.ru/diagnosticheskie-tsentryi/,0.70
+74951343503,"Стоматологические клиники и центры в Москве - адреса, телефоны и отзывы",medical,spravker,msk,https://msk.spravker.ru/stomatologicheskie-kliniki-i-tsentryi/,0.70
+74951362760,"Диагностические центры в Москве - адреса, телефоны и отзывы",medical,spravker,msk,https://msk.spravker.ru/diagnosticheskie-tsentryi/,0.70
+74951370909,"Диагностические центры в Москве - адреса, телефоны и отзывы",medical,spravker,msk,https://msk.spravker.ru/diagnosticheskie-tsentryi/,0.70
+74951379495,"Аптеки в Екатеринбурге - адреса, телефоны и отзывы",medical,spravker,ekb,https://ekaterinburg.spravker.ru/apteki/,0.70
+74951390303,"Больницы в Москве - адреса, телефоны и отзывы",medical,spravker,msk,https://msk.spravker.ru/bolnicy/,0.70
+74951397217,"Стоматологические поликлиники в Москве - адреса, телефоны и отзывы",medical,spravker,msk,https://msk.spravker.ru/stomatologicheskie-polikliniki/,0.70
+74951461777,"Больницы в Москве - адреса, телефоны и отзывы",medical,spravker,msk,https://msk.spravker.ru/bolnicy/,0.70
+74951461786,"Диагностические центры в Воронеже - адреса, телефоны и отзывы",medical,spravker,voronezh,https://voronezh.spravker.ru/diagnosticheskie-tsentryi/,0.70
+74951468310,"Стоматологические клиники и центры в Москве - адреса, телефоны и отзывы",medical,spravker,msk,https://msk.spravker.ru/stomatologicheskie-kliniki-i-tsentryi/,0.70
+74951502868,"Диагностические центры в Москве - адреса, телефоны и отзывы",medical,spravker,msk,https://msk.spravker.ru/diagnosticheskie-tsentryi/,0.70
+74951503001,"Стоматологические поликлиники в Москве - адреса, телефоны и отзывы",medical,spravker,msk,https://msk.spravker.ru/stomatologicheskie-polikliniki/,0.70
+74951503555,"Медцентры и клиники в Москве - адреса, телефоны и отзывы",medical,spravker,msk,https://msk.spravker.ru/medtsentryi-i-kliniki/,0.70
+74951509951,"Диагностические центры в Москве - адреса, телефоны и отзывы",medical,spravker,msk,https://msk.spravker.ru/diagnosticheskie-tsentryi/,0.70
+74951532657,"Стоматологические поликлиники в Москве - адреса, телефоны и отзывы",medical,spravker,msk,https://msk.spravker.ru/stomatologicheskie-polikliniki/,0.70
+74951538932,"Диагностические центры в Москве - адреса, телефоны и отзывы",medical,spravker,msk,https://msk.spravker.ru/diagnosticheskie-tsentryi/,0.70
+74951560623,"Больницы в Москве - адреса, телефоны и отзывы",medical,spravker,msk,https://msk.spravker.ru/bolnicy/,0.70
+74951571127,"Больницы в Москве - адреса, телефоны и отзывы",medical,spravker,msk,https://msk.spravker.ru/bolnicy/,0.70
+74951573426,"Стоматологические поликлиники в Москве - адреса, телефоны и отзывы",medical,spravker,msk,https://msk.spravker.ru/stomatologicheskie-polikliniki/,0.70
+74951576772,"Стоматологические клиники и центры в Москве - адреса, телефоны и отзывы",medical,spravker,msk,https://msk.spravker.ru/stomatologicheskie-kliniki-i-tsentryi/,0.70
+74951628685,"Стоматологические поликлиники в Москве - адреса, телефоны и отзывы",medical,spravker,msk,https://msk.spravker.ru/stomatologicheskie-polikliniki/,0.70
+74951724931,"Стоматологические клиники и центры в Москве - адреса, телефоны и отзывы",medical,spravker,msk,https://msk.spravker.ru/stomatologicheskie-kliniki-i-tsentryi/,0.70
+74951822522,"Стоматологические поликлиники в Москве - адреса, телефоны и отзывы",medical,spravker,msk,https://msk.spravker.ru/stomatologicheskie-polikliniki/,0.70
+74951830109,"Стоматологические клиники и центры в Москве - адреса, телефоны и отзывы",medical,spravker,msk,https://msk.spravker.ru/stomatologicheskie-kliniki-i-tsentryi/,0.70
+74951911068,"Диагностические центры в Москве - адреса, телефоны и отзывы",medical,spravker,msk,https://msk.spravker.ru/diagnosticheskie-tsentryi/,0.70
+74951978442,"Стоматологические клиники и центры в Москве - адреса, телефоны и отзывы",medical,spravker,msk,https://msk.spravker.ru/stomatologicheskie-kliniki-i-tsentryi/,0.70
+74952217687,"Стоматологические клиники и центры в Москве - адреса, телефоны и отзывы",medical,spravker,msk,https://msk.spravker.ru/stomatologicheskie-kliniki-i-tsentryi/,0.70
+74952260018,"Диагностические центры в Москве - адреса, телефоны и отзывы",medical,spravker,msk,https://msk.spravker.ru/diagnosticheskie-tsentryi/,0.70
+74952297663,"Диагностические центры в Москве - адреса, телефоны и отзывы",medical,spravker,msk,https://msk.spravker.ru/diagnosticheskie-tsentryi/,0.70
+74952311697,"Аптеки в Москве - адреса, телефоны и отзывы",medical,spravker,msk,https://msk.spravker.ru/apteki/,0.70
+74952553397,"Диагностические центры в Москве - адреса, телефоны и отзывы",medical,spravker,msk,https://msk.spravker.ru/diagnosticheskie-tsentryi/,0.70
+74952580604,"Больницы в Москве - адреса, телефоны и отзывы",medical,spravker,msk,https://msk.spravker.ru/bolnicy/,0.70
+74952660940,"Аптеки в Москве - адреса, телефоны и отзывы",medical,spravker,msk,https://msk.spravker.ru/apteki/,0.70
+74952662358,"Больницы в Москве - адреса, телефоны и отзывы",medical,spravker,msk,https://msk.spravker.ru/bolnicy/,0.70
+74952663868,"Диагностические центры в Москве - адреса, телефоны и отзывы",medical,spravker,msk,https://msk.spravker.ru/diagnosticheskie-tsentryi/,0.70
+74952665569,"Стоматологические клиники и центры в Москве - адреса, телефоны и отзывы",medical,spravker,msk,https://msk.spravker.ru/stomatologicheskie-kliniki-i-tsentryi/,0.70
+74952751733,"Больницы в Москве - адреса, телефоны и отзывы",medical,spravker,msk,https://msk.spravker.ru/bolnicy/,0.70
+74952813202,"Больницы в Москве - адреса, телефоны и отзывы",medical,spravker,msk,https://msk.spravker.ru/bolnicy/,0.70
+74952927150,"Стоматологические клиники и центры в Москве - адреса, телефоны и отзывы",medical,spravker,msk,https://msk.spravker.ru/stomatologicheskie-kliniki-i-tsentryi/,0.70
+74952928479,"Больницы в Москве - адреса, телефоны и отзывы",medical,spravker,msk,https://msk.spravker.ru/bolnicy/,0.70
+74953026340,"Больницы в Москве - адреса, телефоны и отзывы",medical,spravker,msk,https://msk.spravker.ru/bolnicy/,0.70
+74953030747,"Больницы в Москве - адреса, телефоны и отзывы",medical,spravker,msk,https://msk.spravker.ru/bolnicy/,0.70
+74953087778,"Медцентры и клиники в Москве - адреса, телефоны и отзывы",medical,spravker,msk,https://msk.spravker.ru/medtsentryi-i-kliniki/,0.70
+74953203216,"Медцентры и клиники в Москве - адреса, телефоны и отзывы",medical,spravker,msk,https://msk.spravker.ru/medtsentryi-i-kliniki/,0.70
+74953244475,"Стоматологические поликлиники в Москве - адреса, телефоны и отзывы",medical,spravker,msk,https://msk.spravker.ru/stomatologicheskie-polikliniki/,0.70
+74953534594,"Больницы в Москве - адреса, телефоны и отзывы",medical,spravker,msk,https://msk.spravker.ru/bolnicy/,0.70
+74953539610,"Больницы в Москве - адреса, телефоны и отзывы",medical,spravker,msk,https://msk.spravker.ru/bolnicy/,0.70
+74953621127,"Больницы в Москве - адреса, телефоны и отзывы",medical,spravker,msk,https://msk.spravker.ru/bolnicy/,0.70
+74953631099,"Аптеки в Москве - адреса, телефоны и отзывы",medical,spravker,msk,https://msk.spravker.ru/apteki/,0.70
+74953632262,"Аптеки в Москве - адреса, телефоны и отзывы",medical,spravker,msk,https://msk.spravker.ru/apteki/,0.70
+74953670969,"Медцентры и клиники в Москве - адреса, телефоны и отзывы",medical,spravker,msk,https://msk.spravker.ru/medtsentryi-i-kliniki/,0.70
+74953671718,"Больницы в Москве - адреса, телефоны и отзывы",medical,spravker,msk,https://msk.spravker.ru/bolnicy/,0.70
+74953671920,"Медцентры и клиники в Москве - адреса, телефоны и отзывы",medical,spravker,msk,https://msk.spravker.ru/medtsentryi-i-kliniki/,0.70
+74953672646,"Медцентры и клиники в Москве - адреса, телефоны и отзывы",medical,spravker,msk,https://msk.spravker.ru/medtsentryi-i-kliniki/,0.70
+74953672848,"Медцентры и клиники в Москве - адреса, телефоны и отзывы",medical,spravker,msk,https://msk.spravker.ru/medtsentryi-i-kliniki/,0.70
+74953673262,"Медцентры и клиники в Москве - адреса, телефоны и отзывы",medical,spravker,msk,https://msk.spravker.ru/medtsentryi-i-kliniki/,0.70
+74953748375,"Стоматологические клиники и центры в Москве - адреса, телефоны и отзывы",medical,spravker,msk,https://msk.spravker.ru/stomatologicheskie-kliniki-i-tsentryi/,0.70
+74953749203,"Медцентры и клиники в Москве - адреса, телефоны и отзывы",medical,spravker,msk,https://msk.spravker.ru/medtsentryi-i-kliniki/,0.70
+74953750926,"Аптеки в Москве - адреса, телефоны и отзывы",medical,spravker,msk,https://msk.spravker.ru/apteki/,0.70
+74954110303,"Медцентры и клиники в Москве - адреса, телефоны и отзывы",medical,spravker,msk,https://msk.spravker.ru/medtsentryi-i-kliniki/,0.70
+74954312866,"Медцентры и клиники в Москве - адреса, телефоны и отзывы",medical,spravker,msk,https://msk.spravker.ru/medtsentryi-i-kliniki/,0.70
+74954317008,"Аптеки в Москве - адреса, телефоны и отзывы",medical,spravker,msk,https://msk.spravker.ru/apteki/,0.70
+74954320655,"Аптеки в Москве - адреса, телефоны и отзывы",medical,spravker,msk,https://msk.spravker.ru/apteki/,0.70
+74954400809,"Медцентры и клиники в Москве - адреса, телефоны и отзывы",medical,spravker,msk,https://msk.spravker.ru/medtsentryi-i-kliniki/,0.70
+74954444087,"Медцентры и клиники в Москве - адреса, телефоны и отзывы",medical,spravker,msk,https://msk.spravker.ru/medtsentryi-i-kliniki/,0.70
+74954807736,"Больницы в Москве - адреса, телефоны и отзывы",medical,spravker,msk,https://msk.spravker.ru/bolnicy/,0.70
+74954887052,"Больницы в Москве - адреса, телефоны и отзывы",medical,spravker,msk,https://msk.spravker.ru/bolnicy/,0.70
+74954910059,"Больницы в Москве - адреса, телефоны и отзывы",medical,spravker,msk,https://msk.spravker.ru/bolnicy/,0.70
+74955029413,"Стоматологические клиники и центры в Москве - адреса, телефоны и отзывы",medical,spravker,msk,https://msk.spravker.ru/stomatologicheskie-kliniki-i-tsentryi/,0.70
+74955393679,Мосгорздрав,medical,mosgorzdrav,msk,https://mosgorzdrav.ru/,0.70
+74955405985,"Аптеки в Москве - адреса, телефоны и отзывы",medical,spravker,msk,https://msk.spravker.ru/apteki/,0.70
+74955856015,"Аптеки в Москве - адреса, телефоны и отзывы",medical,spravker,msk,https://msk.spravker.ru/apteki/,0.70
+74955877777,"Аптеки в Москве - адреса, телефоны и отзывы",medical,spravker,msk,https://msk.spravker.ru/apteki/,0.70
+74956204140,Мосгорздрав,medical,mosgorzdrav,msk,https://mosgorzdrav.ru/,0.70
+74956204230,Мосгорздрав,medical,mosgorzdrav,msk,https://mosgorzdrav.ru/,0.70
+74956204233,"Больницы в Москве - адреса, телефоны и отзывы",medical,spravker,msk,https://msk.spravker.ru/bolnicy/,0.70
+74956208101,"Больницы в Москве - адреса, телефоны и отзывы",medical,spravker,msk,https://msk.spravker.ru/bolnicy/,0.70
+74956208102,"Больницы в Москве - адреса, телефоны и отзывы",medical,spravker,msk,https://msk.spravker.ru/bolnicy/,0.70
+74956208103,"Больницы в Москве - адреса, телефоны и отзывы",medical,spravker,msk,https://msk.spravker.ru/bolnicy/,0.70
+74956233340,"Аптеки в Москве - адреса, телефоны и отзывы",medical,spravker,msk,https://msk.spravker.ru/apteki/,0.70
+74956406809,"Медцентры и клиники в Москве - адреса, телефоны и отзывы",medical,spravker,msk,https://msk.spravker.ru/medtsentryi-i-kliniki/,0.70
+74956478034,"Больницы в Москве - адреса, телефоны и отзывы",medical,spravker,msk,https://msk.spravker.ru/bolnicy/,0.70
+74956478107,"Больницы в Москве - адреса, телефоны и отзывы",medical,spravker,msk,https://msk.spravker.ru/bolnicy/,0.70
+74956498486,"Больницы в Москве - адреса, телефоны и отзывы",medical,spravker,msk,https://msk.spravker.ru/bolnicy/,0.70
+74956603916,Стоматологическая клиника Рэгем на метро Измайловская,medical,zoon,msk,https://zoon.ru/msk/medical/,0.70
+74956625885,"Диагностические центры в Москве - адреса, телефоны и отзывы",medical,spravker,msk,https://msk.spravker.ru/diagnosticheskie-tsentryi/,0.70
+74956647994,"Стоматологические поликлиники в Москве - адреса, телефоны и отзывы",medical,spravker,msk,https://msk.spravker.ru/stomatologicheskie-polikliniki/,0.70
+74956650324,"Медцентры и клиники в Москве - адреса, телефоны и отзывы",medical,spravker,msk,https://msk.spravker.ru/medtsentryi-i-kliniki/,0.70
+74956700517,"Стоматологические клиники и центры в Москве - адреса, телефоны и отзывы",medical,spravker,msk,https://msk.spravker.ru/stomatologicheskie-kliniki-i-tsentryi/,0.70
+74956761102,"Больницы в Москве - адреса, телефоны и отзывы",medical,spravker,msk,https://msk.spravker.ru/bolnicy/,0.70
+74956984538,"Аптеки в Воронеже - адреса, телефоны и отзывы",medical,spravker,voronezh,https://voronezh.spravker.ru/apteki/,0.70
+74957139196,"Стоматологические поликлиники в Москве - адреса, телефоны и отзывы",medical,spravker,msk,https://msk.spravker.ru/stomatologicheskie-polikliniki/,0.70
+74957155054,"Стоматологические клиники и центры в Москве - адреса, телефоны и отзывы",medical,spravker,msk,https://msk.spravker.ru/stomatologicheskie-kliniki-i-tsentryi/,0.70
+74957280278,"Больницы в Москве - адреса, телефоны и отзывы",medical,spravker,msk,https://msk.spravker.ru/bolnicy/,0.70
+74957309889,"Больницы в Москве - адреса, телефоны и отзывы",medical,spravker,msk,https://msk.spravker.ru/bolnicy/,0.70
+74957372730,"Аптеки в Москве - адреса, телефоны и отзывы",medical,spravker,msk,https://msk.spravker.ru/apteki/,0.70
+74957404444,"Диагностические центры в Москве - адреса, телефоны и отзывы",medical,spravker,msk,https://msk.spravker.ru/diagnosticheskie-tsentryi/,0.70
+74957784745,"Стоматологические поликлиники в Москве - адреса, телефоны и отзывы",medical,spravker,msk,https://msk.spravker.ru/stomatologicheskie-polikliniki/,0.70
+74957794709,"Диагностические центры в Москве - адреса, телефоны и отзывы",medical,spravker,msk,https://msk.spravker.ru/diagnosticheskie-tsentryi/,0.70
+74957847121,"Аптеки в Краснодаре - адреса, телефоны и отзывы",medical,spravker,krasnodar,https://krasnodar.spravker.ru/apteki/,0.70
+74957856119,"Стоматологические клиники и центры в Москве - адреса, телефоны и отзывы",medical,spravker,msk,https://msk.spravker.ru/stomatologicheskie-kliniki-i-tsentryi/,0.70
+74957870118,"Диагностические центры в Москве - адреса, телефоны и отзывы",medical,spravker,msk,https://msk.spravker.ru/diagnosticheskie-tsentryi/,0.70
+74957881100,"Аптеки в Москве - адреса, телефоны и отзывы",medical,spravker,msk,https://msk.spravker.ru/apteki/,0.70
+74957900779,"Медцентры и клиники в Москве - адреса, телефоны и отзывы",medical,spravker,msk,https://msk.spravker.ru/medtsentryi-i-kliniki/,0.70
+74957905040,"Стоматологические клиники и центры в Краснодаре - адреса, телефоны и отзывы",medical,spravker,krasnodar,https://krasnodar.spravker.ru/stomatologicheskie-kliniki-i-tsentryi/,0.70
+74957908082,"Медцентры и клиники в Москве - адреса, телефоны и отзывы",medical,spravker,msk,https://msk.spravker.ru/medtsentryi-i-kliniki/,0.70
+74957976336,"Аптеки в Москве - адреса, телефоны и отзывы",medical,spravker,msk,https://msk.spravker.ru/apteki/,0.70
+74957976366,"Аптеки в Москве - адреса, телефоны и отзывы",medical,spravker,msk,https://msk.spravker.ru/apteki/,0.70
+74957977825,"Медцентры и клиники в Москве - адреса, телефоны и отзывы",medical,spravker,msk,https://msk.spravker.ru/medtsentryi-i-kliniki/,0.70
+74958016774,"Больницы в Москве - адреса, телефоны и отзывы",medical,spravker,msk,https://msk.spravker.ru/bolnicy/,0.70
+74958223040,"Медцентры и клиники в Москве - адреса, телефоны и отзывы",medical,spravker,msk,https://msk.spravker.ru/medtsentryi-i-kliniki/,0.70
+74958227703,"Медцентры и клиники в Москве - адреса, телефоны и отзывы",medical,spravker,msk,https://msk.spravker.ru/medtsentryi-i-kliniki/,0.70
+74958379746,"Стоматологические клиники и центры в Москве - адреса, телефоны и отзывы",medical,spravker,msk,https://msk.spravker.ru/stomatologicheskie-kliniki-i-tsentryi/,0.70
+74958452688,"Больницы в Москве - адреса, телефоны и отзывы",medical,spravker,msk,https://msk.spravker.ru/bolnicy/,0.70
+74958461416,"Стоматологические клиники и центры в Москве - адреса, телефоны и отзывы",medical,spravker,msk,https://msk.spravker.ru/stomatologicheskie-kliniki-i-tsentryi/,0.70
+74958773251,"Стоматологические клиники и центры в Москве - адреса, телефоны и отзывы",medical,spravker,msk,https://msk.spravker.ru/stomatologicheskie-kliniki-i-tsentryi/,0.70
+74958774409,"Больницы в Москве - адреса, телефоны и отзывы",medical,spravker,msk,https://msk.spravker.ru/bolnicy/,0.70
+74959171376,"Аптеки в Москве - адреса, телефоны и отзывы",medical,spravker,msk,https://msk.spravker.ru/apteki/,0.70
+74959269727,"Диагностические центры в Москве - адреса, телефоны и отзывы",medical,spravker,msk,https://msk.spravker.ru/diagnosticheskie-tsentryi/,0.70
+74959275256,"Стоматологические поликлиники в Москве - адреса, телефоны и отзывы",medical,spravker,msk,https://msk.spravker.ru/stomatologicheskie-polikliniki/,0.70
+74959375757,"Стоматологические клиники и центры в Москве - адреса, телефоны и отзывы",medical,spravker,msk,https://msk.spravker.ru/stomatologicheskie-kliniki-i-tsentryi/,0.70
+74959531634,"Диагностические центры в Москве - адреса, телефоны и отзывы",medical,spravker,msk,https://msk.spravker.ru/diagnosticheskie-tsentryi/,0.70
+74959594273,"Стоматологические клиники и центры в Москве - адреса, телефоны и отзывы",medical,spravker,msk,https://msk.spravker.ru/stomatologicheskie-kliniki-i-tsentryi/,0.70
+74959610002,"Больницы в Москве - адреса, телефоны и отзывы",medical,spravker,msk,https://msk.spravker.ru/bolnicy/,0.70
+74959746365,Мосгорздрав,medical,mosgorzdrav,msk,https://mosgorzdrav.ru/,0.70
+74959747319,"Аптеки в Москве - адреса, телефоны и отзывы",medical,spravker,msk,https://msk.spravker.ru/apteki/,0.70
+74959747922,"Аптеки в Москве - адреса, телефоны и отзывы",medical,spravker,msk,https://msk.spravker.ru/apteki/,0.70
+74959812694,"Стоматологические клиники и центры в Москве - адреса, телефоны и отзывы",medical,spravker,msk,https://msk.spravker.ru/stomatologicheskie-kliniki-i-tsentryi/,0.70
+74959953062,"Больницы в Москве - адреса, телефоны и отзывы",medical,spravker,msk,https://msk.spravker.ru/bolnicy/,0.70
+74991103060,"Больницы в Москве - адреса, телефоны и отзывы",medical,spravker,msk,https://msk.spravker.ru/bolnicy/,0.70
+74991105352,"Больницы в Москве - адреса, телефоны и отзывы",medical,spravker,msk,https://msk.spravker.ru/bolnicy/,0.70
+74991106444,"Диагностические центры в Москве - адреса, телефоны и отзывы",medical,spravker,msk,https://msk.spravker.ru/diagnosticheskie-tsentryi/,0.70
+74991115922,"Больницы в Москве - адреса, телефоны и отзывы",medical,spravker,msk,https://msk.spravker.ru/bolnicy/,0.70
+74991121808,"Больницы в Москве - адреса, телефоны и отзывы",medical,spravker,msk,https://msk.spravker.ru/bolnicy/,0.70
+74991136369,"Медцентры и клиники в Челябинске - адреса, телефоны и отзывы",medical,spravker,chelyabinsk,https://chelyabinsk.spravker.ru/medtsentryi-i-kliniki/,0.70
+74991360033,"Диагностические центры в Москве - адреса, телефоны и отзывы",medical,spravker,msk,https://msk.spravker.ru/diagnosticheskie-tsentryi/,0.70
+74991367505,"Медцентры и клиники в Москве - адреса, телефоны и отзывы",medical,spravker,msk,https://msk.spravker.ru/medtsentryi-i-kliniki/,0.70
+74991451700,"Аптеки в Москве - адреса, телефоны и отзывы",medical,spravker,msk,https://msk.spravker.ru/apteki/,0.70
+74991853333,"Стоматологические поликлиники в Москве - адреса, телефоны и отзывы",medical,spravker,msk,https://msk.spravker.ru/stomatologicheskie-polikliniki/,0.70
+74991896886,"Медцентры и клиники в Екатеринбурге - адреса, телефоны и отзывы",medical,spravker,ekb,https://ekaterinburg.spravker.ru/medtsentryi-i-kliniki/,0.70
+74991942774,Мосгорздрав,medical,mosgorzdrav,msk,https://mosgorzdrav.ru/,0.70
+74992021000,"Стоматологические поликлиники в Москве - адреса, телефоны и отзывы",medical,spravker,msk,https://msk.spravker.ru/stomatologicheskie-polikliniki/,0.70
+74992041010,"Стоматологические поликлиники в Москве - адреса, телефоны и отзывы",medical,spravker,msk,https://msk.spravker.ru/stomatologicheskie-polikliniki/,0.70
+74992054937,"Стоматологические поликлиники в Москве - адреса, телефоны и отзывы",medical,spravker,msk,https://msk.spravker.ru/stomatologicheskie-polikliniki/,0.70
+74992056139,"Стоматологические поликлиники в Москве - адреса, телефоны и отзывы",medical,spravker,msk,https://msk.spravker.ru/stomatologicheskie-polikliniki/,0.70
+74992071101,"Больницы в Москве - адреса, телефоны и отзывы",medical,spravker,msk,https://msk.spravker.ru/bolnicy/,0.70
+74992072404,"Больницы в Москве - адреса, телефоны и отзывы",medical,spravker,msk,https://msk.spravker.ru/bolnicy/,0.70
+74992090565,"Аптеки в Москве - адреса, телефоны и отзывы",medical,spravker,msk,https://msk.spravker.ru/apteki/,0.70
+74992092344,"Аптеки в Москве - адреса, телефоны и отзывы",medical,spravker,msk,https://msk.spravker.ru/apteki/,0.70
+74992260274,"Больницы в Москве - адреса, телефоны и отзывы",medical,spravker,msk,https://msk.spravker.ru/bolnicy/,0.70
+74992292999,"Медцентры и клиники в Москве - адреса, телефоны и отзывы",medical,spravker,msk,https://msk.spravker.ru/medtsentryi-i-kliniki/,0.70
+74992384596,"Аптеки в Москве - адреса, телефоны и отзывы",medical,spravker,msk,https://msk.spravker.ru/apteki/,0.70
+74992410516,"Больницы в Москве - адреса, телефоны и отзывы",medical,spravker,msk,https://msk.spravker.ru/bolnicy/,0.70
+74992496133,"Стоматологические поликлиники в Москве - адреса, телефоны и отзывы",medical,spravker,msk,https://msk.spravker.ru/stomatologicheskie-polikliniki/,0.70
+74992509190,"Диагностические центры в Москве - адреса, телефоны и отзывы",medical,spravker,msk,https://msk.spravker.ru/diagnosticheskie-tsentryi/,0.70
+74992518300,Мосгорздрав,medical,mosgorzdrav,msk,https://mosgorzdrav.ru/,0.70
+74992831385,"Стоматологические клиники и центры в Москве - адреса, телефоны и отзывы",medical,spravker,msk,https://msk.spravker.ru/stomatologicheskie-kliniki-i-tsentryi/,0.70
+74992833937,"Диагностические центры в Екатеринбурге - адреса, телефоны и отзывы",medical,spravker,ekb,https://ekaterinburg.spravker.ru/diagnosticheskie-tsentryi/,0.70
+74992834177,"Стоматологические поликлиники в Москве - адреса, телефоны и отзывы",medical,spravker,msk,https://msk.spravker.ru/stomatologicheskie-polikliniki/,0.70
+74992899087,"Больницы в Москве - адреса, телефоны и отзывы",medical,spravker,msk,https://msk.spravker.ru/bolnicy/,0.70
+74993021571,Стоматологическая клиника Белый Носорог,medical,zoon,msk,https://zoon.ru/msk/medical/,0.70
+74993023228,"Больницы в Москве - адреса, телефоны и отзывы",medical,spravker,msk,https://msk.spravker.ru/bolnicy/,0.70
+74993223003,"Диагностические центры в Москве - адреса, телефоны и отзывы",medical,spravker,msk,https://msk.spravker.ru/diagnosticheskie-tsentryi/,0.70
+74993254134,"Больницы в Москве - адреса, телефоны и отзывы",medical,spravker,msk,https://msk.spravker.ru/bolnicy/,0.70
+74993405583,"Стоматологические клиники и центры в Москве - адреса, телефоны и отзывы",medical,spravker,msk,https://msk.spravker.ru/stomatologicheskie-kliniki-i-tsentryi/,0.70
+74993704209,"Медцентры и клиники в Москве - адреса, телефоны и отзывы",medical,spravker,msk,https://msk.spravker.ru/medtsentryi-i-kliniki/,0.70
+74993704314,"Больницы в Москве - адреса, телефоны и отзывы",medical,spravker,msk,https://msk.spravker.ru/bolnicy/,0.70
+74993720280,"Аптеки в Москве - адреса, телефоны и отзывы",medical,spravker,msk,https://msk.spravker.ru/apteki/,0.70
+74993909147,"Медцентры и клиники в Москве - адреса, телефоны и отзывы",medical,spravker,msk,https://msk.spravker.ru/medtsentryi-i-kliniki/,0.70
+74993919741,"Диагностические центры в Москве - адреса, телефоны и отзывы",medical,spravker,msk,https://msk.spravker.ru/diagnosticheskie-tsentryi/,0.70
+74993946030,"Больницы в Москве - адреса, телефоны и отзывы",medical,spravker,msk,https://msk.spravker.ru/bolnicy/,0.70
+74994019180,"Стоматологические клиники и центры в Москве - адреса, телефоны и отзывы",medical,spravker,msk,https://msk.spravker.ru/stomatologicheskie-kliniki-i-tsentryi/,0.70
+74994019181,"Стоматологические клиники и центры в Москве - адреса, телефоны и отзывы",medical,spravker,msk,https://msk.spravker.ru/stomatologicheskie-kliniki-i-tsentryi/,0.70
+74994029231,"Стоматологические клиники и центры в Москве - адреса, телефоны и отзывы",medical,spravker,msk,https://msk.spravker.ru/stomatologicheskie-kliniki-i-tsentryi/,0.70
+74994310928,"Больницы в Москве - адреса, телефоны и отзывы",medical,spravker,msk,https://msk.spravker.ru/bolnicy/,0.70
+74994508889,"Больницы в Москве - адреса, телефоны и отзывы",medical,spravker,msk,https://msk.spravker.ru/bolnicy/,0.70
+74994551541,"Медцентры и клиники в Москве - адреса, телефоны и отзывы",medical,spravker,msk,https://msk.spravker.ru/medtsentryi-i-kliniki/,0.70
+74994606407,"Больницы в Москве - адреса, телефоны и отзывы",medical,spravker,msk,https://msk.spravker.ru/bolnicy/,0.70
+74994901015,"Медцентры и клиники в Москве - адреса, телефоны и отзывы",medical,spravker,msk,https://msk.spravker.ru/medtsentryi-i-kliniki/,0.70
+74994901097,"Аптеки в Краснодаре - адреса, телефоны и отзывы",medical,spravker,krasnodar,https://krasnodar.spravker.ru/apteki/,0.70
+74994902000,"Больницы в Москве - адреса, телефоны и отзывы",medical,spravker,msk,https://msk.spravker.ru/bolnicy/,0.70
+74994994090,"Медцентры и клиники в Москве - адреса, телефоны и отзывы",medical,spravker,msk,https://msk.spravker.ru/medtsentryi-i-kliniki/,0.70
+74995011163,"Аптеки в Москве - адреса, телефоны и отзывы",medical,spravker,msk,https://msk.spravker.ru/apteki/,0.70
+74995889717,"Медцентры и клиники в Москве - адреса, телефоны и отзывы",medical,spravker,msk,https://msk.spravker.ru/medtsentryi-i-kliniki/,0.70
+74996536277,"Аптеки в Москве - адреса, телефоны и отзывы",medical,spravker,msk,https://msk.spravker.ru/apteki/,0.70
+74996537808,"Медцентры и клиники в Москве - адреса, телефоны и отзывы",medical,spravker,msk,https://msk.spravker.ru/medtsentryi-i-kliniki/,0.70
+74996888412,"Медцентры и клиники в Москве - адреса, телефоны и отзывы",medical,spravker,msk,https://msk.spravker.ru/medtsentryi-i-kliniki/,0.70
+74997025822,"Больницы в Москве - адреса, телефоны и отзывы",medical,spravker,msk,https://msk.spravker.ru/bolnicy/,0.70
+74997045762,"Больницы в Москве - адреса, телефоны и отзывы",medical,spravker,msk,https://msk.spravker.ru/bolnicy/,0.70
+74997211487,"Аптеки в Москве - адреса, телефоны и отзывы",medical,spravker,msk,https://msk.spravker.ru/apteki/,0.70
+74997443463,"Больницы в Москве - адреса, телефоны и отзывы",medical,spravker,msk,https://msk.spravker.ru/bolnicy/,0.70
+74997558065,"Медцентры и клиники в Екатеринбурге - адреса, телефоны и отзывы",medical,spravker,ekb,https://ekaterinburg.spravker.ru/medtsentryi-i-kliniki/,0.70
+74997838716,"Больницы в Москве - адреса, телефоны и отзывы",medical,spravker,msk,https://msk.spravker.ru/bolnicy/,0.70
+74998773416,"Стоматологические клиники и центры в Москве - адреса, телефоны и отзывы",medical,spravker,msk,https://msk.spravker.ru/stomatologicheskie-kliniki-i-tsentryi/,0.70
+74999386872,"Больницы в Москве - адреса, телефоны и отзывы",medical,spravker,msk,https://msk.spravker.ru/bolnicy/,0.70
+74999731246,"Аптеки в Москве - адреса, телефоны и отзывы",medical,spravker,msk,https://msk.spravker.ru/apteki/,0.70
+74999945949,Сервисный центр Лаборатория ремонта в Щукино,medical,zoon,msk,https://zoon.ru/msk/repair/,0.70
+75294117647,"Медцентры и клиники в Москве - адреса, телефоны и отзывы",medical,spravker,msk,https://msk.spravker.ru/medtsentryi-i-kliniki/,0.70
+75714285714,"Больницы в Москве - адреса, телефоны и отзывы",medical,spravker,msk,https://msk.spravker.ru/bolnicy/,0.70
+77949999999,"Стоматологические клиники и центры в Казани - адреса, телефоны и отзывы",medical,spravker,kzn,https://kazan.spravker.ru/stomatologicheskie-kliniki-i-tsentryi/,0.70
+78001000103,"Аптеки в Краснодаре - адреса, телефоны и отзывы",medical,spravker,krasnodar,https://krasnodar.spravker.ru/apteki/,0.70
+78001003630,"Диагностические центры в Екатеринбурге - адреса, телефоны и отзывы",medical,spravker,ekb,https://ekaterinburg.spravker.ru/diagnosticheskie-tsentryi/,0.70
+78001008063,"Аптеки в Краснодаре - адреса, телефоны и отзывы",medical,spravker,krasnodar,https://krasnodar.spravker.ru/apteki/,0.70
+78002003630,"Медцентры и клиники в Екатеринбурге - адреса, телефоны и отзывы",medical,spravker,ekb,https://ekaterinburg.spravker.ru/medtsentryi-i-kliniki/,0.70
+78002005252,"Аптеки в Екатеринбурге - адреса, телефоны и отзывы",medical,spravker,ekb,https://ekaterinburg.spravker.ru/apteki/,0.70
+78002005659,"Стоматологические поликлиники в Краснодаре - адреса, телефоны и отзывы",medical,spravker,krasnodar,https://krasnodar.spravker.ru/stomatologicheskie-polikliniki/,0.70
+78002006008,"Медцентры и клиники в Екатеринбурге - адреса, телефоны и отзывы",medical,spravker,ekb,https://ekaterinburg.spravker.ru/medtsentryi-i-kliniki/,0.70
+78002009001,"Аптеки в Москве - адреса, телефоны и отзывы",medical,spravker,msk,https://msk.spravker.ru/apteki/,0.70
+78002009994,"Стоматологические поликлиники в Краснодаре - адреса, телефоны и отзывы",medical,spravker,krasnodar,https://krasnodar.spravker.ru/stomatologicheskie-polikliniki/,0.70
+78002222007,Уфимский медицинский колледж в Октябрьском районе,medical,zoon,ufa,https://zoon.ru/ufa/education/,0.70
+78002222103,"Медцентры и клиники в Казани - адреса, телефоны и отзывы",medical,spravker,kzn,https://kazan.spravker.ru/medtsentryi-i-kliniki/,0.70
+78002223406,"Медцентры и клиники в Челябинске - адреса, телефоны и отзывы",medical,spravker,chelyabinsk,https://chelyabinsk.spravker.ru/medtsentryi-i-kliniki/,0.70
+78002224038,"Больницы в Челябинске - адреса, телефоны и отзывы",medical,spravker,chelyabinsk,https://chelyabinsk.spravker.ru/bolnicy/,0.70
+78002226475,"Стоматологические клиники и центры в Краснодаре - адреса, телефоны и отзывы",medical,spravker,krasnodar,https://krasnodar.spravker.ru/stomatologicheskie-kliniki-i-tsentryi/,0.70
+78002227167,"Медцентры и клиники в Воронеже - адреса, телефоны и отзывы",medical,spravker,voronezh,https://voronezh.spravker.ru/medtsentryi-i-kliniki/,0.70
+78002228331,"Диагностические центры в Краснодаре - адреса, телефоны и отзывы",medical,spravker,krasnodar,https://krasnodar.spravker.ru/diagnosticheskie-tsentryi/,0.70
+78002341003,"Аптеки в Екатеринбурге - адреса, телефоны и отзывы",medical,spravker,ekb,https://ekaterinburg.spravker.ru/apteki/,0.70
+78002341209,"Стоматологические клиники и центры в Екатеринбурге - адреса, телефоны и отзывы",medical,spravker,ekb,https://ekaterinburg.spravker.ru/stomatologicheskie-kliniki-i-tsentryi/,0.70
+78002347070,"Медцентры и клиники в Уфе - адреса, телефоны и отзывы",medical,spravker,ufa,https://ufa.spravker.ru/medtsentryi-i-kliniki/,0.70
+78002502426,"Аптеки в Казани - адреса, телефоны и отзывы",medical,spravker,kzn,https://kazan.spravker.ru/apteki/,0.70
+78002506114,"Аптеки в Краснодаре - адреса, телефоны и отзывы",medical,spravker,krasnodar,https://krasnodar.spravker.ru/apteki/,0.70
+78003013139,"Диагностические центры в Москве - адреса, телефоны и отзывы",medical,spravker,msk,https://msk.spravker.ru/diagnosticheskie-tsentryi/,0.70
+78003013711,"Диагностические центры в Москве - адреса, телефоны и отзывы",medical,spravker,msk,https://msk.spravker.ru/diagnosticheskie-tsentryi/,0.70
+78003024746,"Медцентры и клиники в Москве - адреса, телефоны и отзывы",medical,spravker,msk,https://msk.spravker.ru/medtsentryi-i-kliniki/,0.70
+78003029965,"Диагностические центры в Екатеринбурге - адреса, телефоны и отзывы",medical,spravker,ekb,https://ekaterinburg.spravker.ru/diagnosticheskie-tsentryi/,0.70
+78003330151,"Диагностические центры в Краснодаре - адреса, телефоны и отзывы",medical,spravker,krasnodar,https://krasnodar.spravker.ru/diagnosticheskie-tsentryi/,0.70
+78003330800,"Медцентры и клиники в Воронеже - адреса, телефоны и отзывы",medical,spravker,voronezh,https://voronezh.spravker.ru/medtsentryi-i-kliniki/,0.70
+78003333112,"Диагностические центры в Екатеринбурге - адреса, телефоны и отзывы",medical,spravker,ekb,https://ekaterinburg.spravker.ru/diagnosticheskie-tsentryi/,0.70
+78003335482,"Аптеки в Москве - адреса, телефоны и отзывы",medical,spravker,msk,https://msk.spravker.ru/apteki/,0.70
+78003503484,"Медцентры и клиники в Воронеже - адреса, телефоны и отзывы",medical,spravker,voronezh,https://voronezh.spravker.ru/medtsentryi-i-kliniki/,0.70
+78003506034,"Аптеки в Москве - адреса, телефоны и отзывы",medical,spravker,msk,https://msk.spravker.ru/apteki/,0.70
+78003508245,"Медцентры и клиники в Москве - адреса, телефоны и отзывы",medical,spravker,msk,https://msk.spravker.ru/medtsentryi-i-kliniki/,0.70
+78005000303,"Диагностические центры в Казани - адреса, телефоны и отзывы",medical,spravker,kzn,https://kazan.spravker.ru/diagnosticheskie-tsentryi/,0.70
+78005004406,"Диагностические центры в Уфе - адреса, телефоны и отзывы",medical,spravker,ufa,https://ufa.spravker.ru/diagnosticheskie-tsentryi/,0.70
+78005005031,"Аптеки в Краснодаре - адреса, телефоны и отзывы",medical,spravker,krasnodar,https://krasnodar.spravker.ru/apteki/,0.70
+78005009262,"Аптеки в Москве - адреса, телефоны и отзывы",medical,spravker,msk,https://msk.spravker.ru/apteki/,0.70
+78005054003,"Аптеки в Краснодаре - адреса, телефоны и отзывы",medical,spravker,krasnodar,https://krasnodar.spravker.ru/apteki/,0.70
+78005059395,"Медцентры и клиники в Екатеринбурге - адреса, телефоны и отзывы",medical,spravker,ekb,https://ekaterinburg.spravker.ru/medtsentryi-i-kliniki/,0.70
+78005115787,"Медцентры и клиники в Москве - адреса, телефоны и отзывы",medical,spravker,msk,https://msk.spravker.ru/medtsentryi-i-kliniki/,0.70
+78005119733,"Медцентры и клиники в Москве - адреса, телефоны и отзывы",medical,spravker,msk,https://msk.spravker.ru/medtsentryi-i-kliniki/,0.70
+78005339610,"Медцентры и клиники в Екатеринбурге - адреса, телефоны и отзывы",medical,spravker,ekb,https://ekaterinburg.spravker.ru/medtsentryi-i-kliniki/,0.70
+78005500393,"Аптеки в Екатеринбурге - адреса, телефоны и отзывы",medical,spravker,ekb,https://ekaterinburg.spravker.ru/apteki/,0.70
+78005501307,"Аптеки в Екатеринбурге - адреса, телефоны и отзывы",medical,spravker,ekb,https://ekaterinburg.spravker.ru/apteki/,0.70
+78005501313,"Диагностические центры в Краснодаре - адреса, телефоны и отзывы",medical,spravker,krasnodar,https://krasnodar.spravker.ru/diagnosticheskie-tsentryi/,0.70
+78005504294,"Медцентры и клиники в Воронеже - адреса, телефоны и отзывы",medical,spravker,voronezh,https://voronezh.spravker.ru/medtsentryi-i-kliniki/,0.70
+78005508393,"Аптеки в Челябинске - адреса, телефоны и отзывы",medical,spravker,chelyabinsk,https://chelyabinsk.spravker.ru/apteki/,0.70
+78005511323,"Медцентры и клиники в Москве - адреса, телефоны и отзывы",medical,spravker,msk,https://msk.spravker.ru/medtsentryi-i-kliniki/,0.70
+78005513322,"Аптеки в Челябинске - адреса, телефоны и отзывы",medical,spravker,chelyabinsk,https://chelyabinsk.spravker.ru/apteki/,0.70
+78005513824,"Медцентры и клиники в Екатеринбурге - адреса, телефоны и отзывы",medical,spravker,ekb,https://ekaterinburg.spravker.ru/medtsentryi-i-kliniki/,0.70
+78005514565,"Стоматологические поликлиники в Краснодаре - адреса, телефоны и отзывы",medical,spravker,krasnodar,https://krasnodar.spravker.ru/stomatologicheskie-polikliniki/,0.70
+78005515186,"Стоматологические поликлиники в Краснодаре - адреса, телефоны и отзывы",medical,spravker,krasnodar,https://krasnodar.spravker.ru/stomatologicheskie-polikliniki/,0.70
+78005556962,"Медцентры и клиники в Челябинске - адреса, телефоны и отзывы",medical,spravker,chelyabinsk,https://chelyabinsk.spravker.ru/medtsentryi-i-kliniki/,0.70
+78006003173,"Медцентры и клиники в Москве - адреса, телефоны и отзывы",medical,spravker,msk,https://msk.spravker.ru/medtsentryi-i-kliniki/,0.70
+78007000303,"Диагностические центры в Краснодаре - адреса, телефоны и отзывы",medical,spravker,krasnodar,https://krasnodar.spravker.ru/diagnosticheskie-tsentryi/,0.70
+78007000429,"Медцентры и клиники в Уфе - адреса, телефоны и отзывы",medical,spravker,ufa,https://ufa.spravker.ru/medtsentryi-i-kliniki/,0.70
+78007002154,"Стоматологические поликлиники в Казани - адреса, телефоны и отзывы",medical,spravker,kzn,https://kazan.spravker.ru/stomatologicheskie-polikliniki/,0.70
+78007002403,"Медцентры и клиники в Москве - адреса, телефоны и отзывы",medical,spravker,msk,https://msk.spravker.ru/medtsentryi-i-kliniki/,0.70
+78007004455,"Аптеки в Екатеринбурге - адреса, телефоны и отзывы",medical,spravker,ekb,https://ekaterinburg.spravker.ru/apteki/,0.70
+78007005072,"Медцентры и клиники в Воронеже - адреса, телефоны и отзывы",medical,spravker,voronezh,https://voronezh.spravker.ru/medtsentryi-i-kliniki/,0.70
+78007007911,"Медцентры и клиники в Екатеринбурге - адреса, телефоны и отзывы",medical,spravker,ekb,https://ekaterinburg.spravker.ru/medtsentryi-i-kliniki/,0.70
+78007008255,"Стоматологические клиники и центры в Уфе - адреса, телефоны и отзывы",medical,spravker,ufa,https://ufa.spravker.ru/stomatologicheskie-kliniki-i-tsentryi/,0.70
+78007009119,"Аптеки в Екатеринбурге - адреса, телефоны и отзывы",medical,spravker,ekb,https://ekaterinburg.spravker.ru/apteki/,0.70
+78007009300,"Аптеки в Москве - адреса, телефоны и отзывы",medical,spravker,msk,https://msk.spravker.ru/apteki/,0.70
+78007072479,"Диагностические центры в Екатеринбурге - адреса, телефоны и отзывы",medical,spravker,ekb,https://ekaterinburg.spravker.ru/diagnosticheskie-tsentryi/,0.70
+78007377757,"Стоматологические клиники и центры в Краснодаре - адреса, телефоны и отзывы",medical,spravker,krasnodar,https://krasnodar.spravker.ru/stomatologicheskie-kliniki-i-tsentryi/,0.70
+78007550003,"Аптеки в Екатеринбурге - адреса, телефоны и отзывы",medical,spravker,ekb,https://ekaterinburg.spravker.ru/apteki/,0.70
+78007707279,"Диагностические центры в Краснодаре - адреса, телефоны и отзывы",medical,spravker,krasnodar,https://krasnodar.spravker.ru/diagnosticheskie-tsentryi/,0.70
+78007751100,"Аптеки в Москве - адреса, телефоны и отзывы",medical,spravker,msk,https://msk.spravker.ru/apteki/,0.70
+78007755529,"Аптеки в Воронеже - адреса, телефоны и отзывы",medical,spravker,voronezh,https://voronezh.spravker.ru/apteki/,0.70
+78007757858,"Диагностические центры в Челябинске - адреса, телефоны и отзывы",medical,spravker,chelyabinsk,https://chelyabinsk.spravker.ru/diagnosticheskie-tsentryi/,0.70
+78007770303,"Аптеки в Казани - адреса, телефоны и отзывы",medical,spravker,kzn,https://kazan.spravker.ru/apteki/,0.70
+78007773702,"Диагностические центры в Воронеже - адреса, телефоны и отзывы",medical,spravker,voronezh,https://voronezh.spravker.ru/diagnosticheskie-tsentryi/,0.70
+78007775959,"Больницы в Москве - адреса, телефоны и отзывы",medical,spravker,msk,https://msk.spravker.ru/bolnicy/,0.70
+78007777003,"Аптеки в Воронеже - адреса, телефоны и отзывы",medical,spravker,voronezh,https://voronezh.spravker.ru/apteki/,0.70
+78122055579,"Диагностические центры в Санкт-Петербурге - адреса, телефоны и отзывы",medical,spravker,spb,https://spb.spravker.ru/diagnosticheskie-tsentryi/,0.70
+78122090225,"Стоматологические поликлиники в Санкт-Петербурге - адреса, телефоны и отзывы",medical,spravker,spb,https://spb.spravker.ru/stomatologicheskie-polikliniki/,0.70
+78122091039,"Диагностические центры в Санкт-Петербурге - адреса, телефоны и отзывы",medical,spravker,spb,https://spb.spravker.ru/diagnosticheskie-tsentryi/,0.70
+78122096979,"Стоматологические поликлиники в Санкт-Петербурге - адреса, телефоны и отзывы",medical,spravker,spb,https://spb.spravker.ru/stomatologicheskie-polikliniki/,0.70
+78122106303,"Стоматологические поликлиники в Санкт-Петербурге - адреса, телефоны и отзывы",medical,spravker,spb,https://spb.spravker.ru/stomatologicheskie-polikliniki/,0.70
+78122106818,"Диагностические центры в Санкт-Петербурге - адреса, телефоны и отзывы",medical,spravker,spb,https://spb.spravker.ru/diagnosticheskie-tsentryi/,0.70
+78122109902,"Диагностические центры в Санкт-Петербурге - адреса, телефоны и отзывы",medical,spravker,spb,https://spb.spravker.ru/diagnosticheskie-tsentryi/,0.70
+78122142824,"Стоматологические поликлиники в Санкт-Петербурге - адреса, телефоны и отзывы",medical,spravker,spb,https://spb.spravker.ru/stomatologicheskie-polikliniki/,0.70
+78122143333,"Диагностические центры в Санкт-Петербурге - адреса, телефоны и отзывы",medical,spravker,spb,https://spb.spravker.ru/diagnosticheskie-tsentryi/,0.70
+78122202229,"Диагностические центры в Санкт-Петербурге - адреса, телефоны и отзывы",medical,spravker,spb,https://spb.spravker.ru/diagnosticheskie-tsentryi/,0.70
+78122202445,"Стоматологические поликлиники в Санкт-Петербурге - адреса, телефоны и отзывы",medical,spravker,spb,https://spb.spravker.ru/stomatologicheskie-polikliniki/,0.70
+78122202837,"Диагностические центры в Санкт-Петербурге - адреса, телефоны и отзывы",medical,spravker,spb,https://spb.spravker.ru/diagnosticheskie-tsentryi/,0.70
+78122208897,"Диагностические центры в Санкт-Петербурге - адреса, телефоны и отзывы",medical,spravker,spb,https://spb.spravker.ru/diagnosticheskie-tsentryi/,0.70
+78122327939,"Диагностические центры в Санкт-Петербурге - адреса, телефоны и отзывы",medical,spravker,spb,https://spb.spravker.ru/diagnosticheskie-tsentryi/,0.70
+78122373589,"Диагностические центры в Санкт-Петербурге - адреса, телефоны и отзывы",medical,spravker,spb,https://spb.spravker.ru/diagnosticheskie-tsentryi/,0.70
+78122407457,"Диагностические центры в Санкт-Петербурге - адреса, телефоны и отзывы",medical,spravker,spb,https://spb.spravker.ru/diagnosticheskie-tsentryi/,0.70
+78122408210,"Диагностические центры в Санкт-Петербурге - адреса, телефоны и отзывы",medical,spravker,spb,https://spb.spravker.ru/diagnosticheskie-tsentryi/,0.70
+78122411010,"Диагностические центры в Санкт-Петербурге - адреса, телефоны и отзывы",medical,spravker,spb,https://spb.spravker.ru/diagnosticheskie-tsentryi/,0.70
+78122421777,"Стоматологические поликлиники в Санкт-Петербурге - адреса, телефоны и отзывы",medical,spravker,spb,https://spb.spravker.ru/stomatologicheskie-polikliniki/,0.70
+78122431749,"Стоматологические поликлиники в Санкт-Петербурге - адреса, телефоны и отзывы",medical,spravker,spb,https://spb.spravker.ru/stomatologicheskie-polikliniki/,0.70
+78122453003,"Стоматологические поликлиники в Санкт-Петербурге - адреса, телефоны и отзывы",medical,spravker,spb,https://spb.spravker.ru/stomatologicheskie-polikliniki/,0.70
+78122505326,"Диагностические центры в Санкт-Петербурге - адреса, телефоны и отзывы",medical,spravker,spb,https://spb.spravker.ru/diagnosticheskie-tsentryi/,0.70
+78122723734,"Диагностические центры в Санкт-Петербурге - адреса, телефоны и отзывы",medical,spravker,spb,https://spb.spravker.ru/diagnosticheskie-tsentryi/,0.70
+78122758696,"Диагностические центры в Санкт-Петербурге - адреса, телефоны и отзывы",medical,spravker,spb,https://spb.spravker.ru/diagnosticheskie-tsentryi/,0.70
+78123035000,"Диагностические центры в Санкт-Петербурге - адреса, телефоны и отзывы",medical,spravker,spb,https://spb.spravker.ru/diagnosticheskie-tsentryi/,0.70
+78123035110,"Диагностические центры в Санкт-Петербурге - адреса, телефоны и отзывы",medical,spravker,spb,https://spb.spravker.ru/diagnosticheskie-tsentryi/,0.70
+78123035111,"Диагностические центры в Санкт-Петербурге - адреса, телефоны и отзывы",medical,spravker,spb,https://spb.spravker.ru/diagnosticheskie-tsentryi/,0.70
+78123061017,"Стоматологические поликлиники в Санкт-Петербурге - адреса, телефоны и отзывы",medical,spravker,spb,https://spb.spravker.ru/stomatologicheskie-polikliniki/,0.70
+78123061018,"Стоматологические поликлиники в Санкт-Петербурге - адреса, телефоны и отзывы",medical,spravker,spb,https://spb.spravker.ru/stomatologicheskie-polikliniki/,0.70
+78123062772,"Стоматологические поликлиники в Санкт-Петербурге - адреса, телефоны и отзывы",medical,spravker,spb,https://spb.spravker.ru/stomatologicheskie-polikliniki/,0.70
+78123095397,"Диагностические центры в Санкт-Петербурге - адреса, телефоны и отзывы",medical,spravker,spb,https://spb.spravker.ru/diagnosticheskie-tsentryi/,0.70
+78123126565,"Диагностические центры в Санкт-Петербурге - адреса, телефоны и отзывы",medical,spravker,spb,https://spb.spravker.ru/diagnosticheskie-tsentryi/,0.70
+78123170515,"Стоматологические поликлиники в Санкт-Петербурге - адреса, телефоны и отзывы",medical,spravker,spb,https://spb.spravker.ru/stomatologicheskie-polikliniki/,0.70
+78123172033,"Диагностические центры в Санкт-Петербурге - адреса, телефоны и отзывы",medical,spravker,spb,https://spb.spravker.ru/diagnosticheskie-tsentryi/,0.70
+78123197264,"Диагностические центры в Санкт-Петербурге - адреса, телефоны и отзывы",medical,spravker,spb,https://spb.spravker.ru/diagnosticheskie-tsentryi/,0.70
+78123230445,"Диагностические центры в Санкт-Петербурге - адреса, телефоны и отзывы",medical,spravker,spb,https://spb.spravker.ru/diagnosticheskie-tsentryi/,0.70
+78123250305,"Диагностические центры в Санкт-Петербурге - адреса, телефоны и отзывы",medical,spravker,spb,https://spb.spravker.ru/diagnosticheskie-tsentryi/,0.70
+78123257788,"Диагностические центры в Санкт-Петербурге - адреса, телефоны и отзывы",medical,spravker,spb,https://spb.spravker.ru/diagnosticheskie-tsentryi/,0.70
+78123358188,"Диагностические центры в Санкт-Петербурге - адреса, телефоны и отзывы",medical,spravker,spb,https://spb.spravker.ru/diagnosticheskie-tsentryi/,0.70
+78123372007,"Диагностические центры в Санкт-Петербурге - адреса, телефоны и отзывы",medical,spravker,spb,https://spb.spravker.ru/diagnosticheskie-tsentryi/,0.70
+78123462227,"Стоматологические поликлиники в Санкт-Петербурге - адреса, телефоны и отзывы",medical,spravker,spb,https://spb.spravker.ru/stomatologicheskie-polikliniki/,0.70
+78123642811,"Стоматологические поликлиники в Санкт-Петербурге - адреса, телефоны и отзывы",medical,spravker,spb,https://spb.spravker.ru/stomatologicheskie-polikliniki/,0.70
+78123682255,"Стоматологические поликлиники в Санкт-Петербурге - адреса, телефоны и отзывы",medical,spravker,spb,https://spb.spravker.ru/stomatologicheskie-polikliniki/,0.70
+78123710621,"Диагностические центры в Санкт-Петербурге - адреса, телефоны и отзывы",medical,spravker,spb,https://spb.spravker.ru/diagnosticheskie-tsentryi/,0.70
+78123820977,"Диагностические центры в Санкт-Петербурге - адреса, телефоны и отзывы",medical,spravker,spb,https://spb.spravker.ru/diagnosticheskie-tsentryi/,0.70
+78124000060,"Стоматологические поликлиники в Санкт-Петербурге - адреса, телефоны и отзывы",medical,spravker,spb,https://spb.spravker.ru/stomatologicheskie-polikliniki/,0.70
+78124021800,"Стоматологические поликлиники в Санкт-Петербурге - адреса, телефоны и отзывы",medical,spravker,spb,https://spb.spravker.ru/stomatologicheskie-polikliniki/,0.70
+78124051001,"Стоматологические поликлиники в Санкт-Петербурге - адреса, телефоны и отзывы",medical,spravker,spb,https://spb.spravker.ru/stomatologicheskie-polikliniki/,0.70
+78124218840,"Стоматологические поликлиники в Санкт-Петербурге - адреса, телефоны и отзывы",medical,spravker,spb,https://spb.spravker.ru/stomatologicheskie-polikliniki/,0.70
+78124243348,"Стоматологические поликлиники в Санкт-Петербурге - адреса, телефоны и отзывы",medical,spravker,spb,https://spb.spravker.ru/stomatologicheskie-polikliniki/,0.70
+78124256481,"Стоматологические поликлиники в Санкт-Петербурге - адреса, телефоны и отзывы",medical,spravker,spb,https://spb.spravker.ru/stomatologicheskie-polikliniki/,0.70
+78124265456,"Диагностические центры в Санкт-Петербурге - адреса, телефоны и отзывы",medical,spravker,spb,https://spb.spravker.ru/diagnosticheskie-tsentryi/,0.70
+78124422321,"Диагностические центры в Санкт-Петербурге - адреса, телефоны и отзывы",medical,spravker,spb,https://spb.spravker.ru/diagnosticheskie-tsentryi/,0.70
+78124674699,"Стоматологические поликлиники в Санкт-Петербурге - адреса, телефоны и отзывы",medical,spravker,spb,https://spb.spravker.ru/stomatologicheskie-polikliniki/,0.70
+78124930303,"Диагностические центры в Санкт-Петербурге - адреса, телефоны и отзывы",medical,spravker,spb,https://spb.spravker.ru/diagnosticheskie-tsentryi/,0.70
+78125005203,"Диагностические центры в Санкт-Петербурге - адреса, телефоны и отзывы",medical,spravker,spb,https://spb.spravker.ru/diagnosticheskie-tsentryi/,0.70
+78125005503,"Диагностические центры в Санкт-Петербурге - адреса, телефоны и отзывы",medical,spravker,spb,https://spb.spravker.ru/diagnosticheskie-tsentryi/,0.70
+78125020360,"Стоматологические поликлиники в Санкт-Петербурге - адреса, телефоны и отзывы",medical,spravker,spb,https://spb.spravker.ru/stomatologicheskie-polikliniki/,0.70
+78125027251,"Диагностические центры в Санкт-Петербурге - адреса, телефоны и отзывы",medical,spravker,spb,https://spb.spravker.ru/diagnosticheskie-tsentryi/,0.70
+78125078272,"Диагностические центры в Санкт-Петербурге - адреса, телефоны и отзывы",medical,spravker,spb,https://spb.spravker.ru/diagnosticheskie-tsentryi/,0.70
+78125650602,"Стоматологические поликлиники в Санкт-Петербурге - адреса, телефоны и отзывы",medical,spravker,spb,https://spb.spravker.ru/stomatologicheskie-polikliniki/,0.70
+78125651112,"Диагностические центры в Санкт-Петербурге - адреса, телефоны и отзывы",medical,spravker,spb,https://spb.spravker.ru/diagnosticheskie-tsentryi/,0.70
+78125657692,"Диагностические центры в Санкт-Петербурге - адреса, телефоны и отзывы",medical,spravker,spb,https://spb.spravker.ru/diagnosticheskie-tsentryi/,0.70
+78125729181,"Стоматологические поликлиники в Санкт-Петербурге - адреса, телефоны и отзывы",medical,spravker,spb,https://spb.spravker.ru/stomatologicheskie-polikliniki/,0.70
+78125729190,"Стоматологические поликлиники в Санкт-Петербурге - адреса, телефоны и отзывы",medical,spravker,spb,https://spb.spravker.ru/stomatologicheskie-polikliniki/,0.70
+78126029338,"Диагностические центры в Санкт-Петербурге - адреса, телефоны и отзывы",medical,spravker,spb,https://spb.spravker.ru/diagnosticheskie-tsentryi/,0.70
+78126035110,"Стоматологические поликлиники в Санкт-Петербурге - адреса, телефоны и отзывы",medical,spravker,spb,https://spb.spravker.ru/stomatologicheskie-polikliniki/,0.70
+78126113303,"Диагностические центры в Санкт-Петербурге - адреса, телефоны и отзывы",medical,spravker,spb,https://spb.spravker.ru/diagnosticheskie-tsentryi/,0.70
+78126158003,"Стоматологические поликлиники в Санкт-Петербурге - адреса, телефоны и отзывы",medical,spravker,spb,https://spb.spravker.ru/stomatologicheskie-polikliniki/,0.70
+78126180851,"Диагностические центры в Санкт-Петербурге - адреса, телефоны и отзывы",medical,spravker,spb,https://spb.spravker.ru/diagnosticheskie-tsentryi/,0.70
+78126271314,"Диагностические центры в Санкт-Петербурге - адреса, телефоны и отзывы",medical,spravker,spb,https://spb.spravker.ru/diagnosticheskie-tsentryi/,0.70
+78126271501,"Диагностические центры в Санкт-Петербурге - адреса, телефоны и отзывы",medical,spravker,spb,https://spb.spravker.ru/diagnosticheskie-tsentryi/,0.70
+78126271717,"Стоматологические поликлиники в Санкт-Петербурге - адреса, телефоны и отзывы",medical,spravker,spb,https://spb.spravker.ru/stomatologicheskie-polikliniki/,0.70
+78126407717,"Диагностические центры в Санкт-Петербурге - адреса, телефоны и отзывы",medical,spravker,spb,https://spb.spravker.ru/diagnosticheskie-tsentryi/,0.70
+78126514094,"Диагностические центры в Санкт-Петербурге - адреса, телефоны и отзывы",medical,spravker,spb,https://spb.spravker.ru/diagnosticheskie-tsentryi/,0.70
+78126555000,"Диагностические центры в Санкт-Петербурге - адреса, телефоны и отзывы",medical,spravker,spb,https://spb.spravker.ru/diagnosticheskie-tsentryi/,0.70
+78126771860,"Стоматологические поликлиники в Санкт-Петербурге - адреса, телефоны и отзывы",medical,spravker,spb,https://spb.spravker.ru/stomatologicheskie-polikliniki/,0.70
+78126797202,"Диагностические центры в Санкт-Петербурге - адреса, телефоны и отзывы",medical,spravker,spb,https://spb.spravker.ru/diagnosticheskie-tsentryi/,0.70
+78126887070,"Стоматологические поликлиники в Санкт-Петербурге - адреса, телефоны и отзывы",medical,spravker,spb,https://spb.spravker.ru/stomatologicheskie-polikliniki/,0.70
+78127010693,"Стоматологические поликлиники в Санкт-Петербурге - адреса, телефоны и отзывы",medical,spravker,spb,https://spb.spravker.ru/stomatologicheskie-polikliniki/,0.70
+78127164677,"Диагностические центры в Санкт-Петербурге - адреса, телефоны и отзывы",medical,spravker,spb,https://spb.spravker.ru/diagnosticheskie-tsentryi/,0.70
+78127192633,"Стоматологические поликлиники в Санкт-Петербурге - адреса, телефоны и отзывы",medical,spravker,spb,https://spb.spravker.ru/stomatologicheskie-polikliniki/,0.70
+78127202199,"Стоматологические поликлиники в Санкт-Петербурге - адреса, телефоны и отзывы",medical,spravker,spb,https://spb.spravker.ru/stomatologicheskie-polikliniki/,0.70
+78127202414,"Диагностические центры в Санкт-Петербурге - адреса, телефоны и отзывы",medical,spravker,spb,https://spb.spravker.ru/diagnosticheskie-tsentryi/,0.70
+78127465477,"Диагностические центры в Санкт-Петербурге - адреса, телефоны и отзывы",medical,spravker,spb,https://spb.spravker.ru/diagnosticheskie-tsentryi/,0.70
+78127482212,"Стоматологические поликлиники в Санкт-Петербурге - адреса, телефоны и отзывы",medical,spravker,spb,https://spb.spravker.ru/stomatologicheskie-polikliniki/,0.70
+78127673634,"Стоматологические поликлиники в Санкт-Петербурге - адреса, телефоны и отзывы",medical,spravker,spb,https://spb.spravker.ru/stomatologicheskie-polikliniki/,0.70
+78127750414,"Стоматологические поликлиники в Санкт-Петербурге - адреса, телефоны и отзывы",medical,spravker,spb,https://spb.spravker.ru/stomatologicheskie-polikliniki/,0.70
+78127777709,"Стоматологические поликлиники в Санкт-Петербурге - адреса, телефоны и отзывы",medical,spravker,spb,https://spb.spravker.ru/stomatologicheskie-polikliniki/,0.70
+78127777874,"Диагностические центры в Санкт-Петербурге - адреса, телефоны и отзывы",medical,spravker,spb,https://spb.spravker.ru/diagnosticheskie-tsentryi/,0.70
+78127866529,"Стоматологические поликлиники в Санкт-Петербурге - адреса, телефоны и отзывы",medical,spravker,spb,https://spb.spravker.ru/stomatologicheskie-polikliniki/,0.70
+78129010303,"Диагностические центры в Санкт-Петербурге - адреса, телефоны и отзывы",medical,spravker,spb,https://spb.spravker.ru/diagnosticheskie-tsentryi/,0.70
+78129222115,"Диагностические центры в Санкт-Петербурге - адреса, телефоны и отзывы",medical,spravker,spb,https://spb.spravker.ru/diagnosticheskie-tsentryi/,0.70
+78129232503,"Диагностические центры в Санкт-Петербурге - адреса, телефоны и отзывы",medical,spravker,spb,https://spb.spravker.ru/diagnosticheskie-tsentryi/,0.70
+78129264642,"Диагностические центры в Санкт-Петербурге - адреса, телефоны и отзывы",medical,spravker,spb,https://spb.spravker.ru/diagnosticheskie-tsentryi/,0.70
+78129324727,"Диагностические центры в Санкт-Петербурге - адреса, телефоны и отзывы",medical,spravker,spb,https://spb.spravker.ru/diagnosticheskie-tsentryi/,0.70
+78129599596,"Стоматологические поликлиники в Санкт-Петербурге - адреса, телефоны и отзывы",medical,spravker,spb,https://spb.spravker.ru/stomatologicheskie-polikliniki/,0.70
+78432009347,"Медцентры и клиники в Казани - адреса, телефоны и отзывы",medical,spravker,kzn,https://kazan.spravker.ru/medtsentryi-i-kliniki/,0.70
+78432023604,"Стоматологические клиники и центры в Казани - адреса, телефоны и отзывы",medical,spravker,kzn,https://kazan.spravker.ru/stomatologicheskie-kliniki-i-tsentryi/,0.70
+78432032984,"Аптеки в Казани - адреса, телефоны и отзывы",medical,spravker,kzn,https://kazan.spravker.ru/apteki/,0.70
+78432034101,"Стоматологические клиники и центры в Казани - адреса, телефоны и отзывы",medical,spravker,kzn,https://kazan.spravker.ru/stomatologicheskie-kliniki-i-tsentryi/,0.70
+78432034643,"Аптеки в Казани - адреса, телефоны и отзывы",medical,spravker,kzn,https://kazan.spravker.ru/apteki/,0.70
+78432034676,"Стоматологические поликлиники в Казани - адреса, телефоны и отзывы",medical,spravker,kzn,https://kazan.spravker.ru/stomatologicheskie-polikliniki/,0.70
+78432035566,"Стоматологические поликлиники в Казани - адреса, телефоны и отзывы",medical,spravker,kzn,https://kazan.spravker.ru/stomatologicheskie-polikliniki/,0.70
+78432038503,"Медцентры и клиники в Казани - адреса, телефоны и отзывы",medical,spravker,kzn,https://kazan.spravker.ru/medtsentryi-i-kliniki/,0.70
+78432040154,"Стоматологические клиники и центры в Казани - адреса, телефоны и отзывы",medical,spravker,kzn,https://kazan.spravker.ru/stomatologicheskie-kliniki-i-tsentryi/,0.70
+78432040274,"Стоматологические клиники и центры в Казани - адреса, телефоны и отзывы",medical,spravker,kzn,https://kazan.spravker.ru/stomatologicheskie-kliniki-i-tsentryi/,0.70
+78432040495,"Стоматологические клиники и центры в Казани - адреса, телефоны и отзывы",medical,spravker,kzn,https://kazan.spravker.ru/stomatologicheskie-kliniki-i-tsentryi/,0.70
+78432041011,"Стоматологические клиники и центры в Казани - адреса, телефоны и отзывы",medical,spravker,kzn,https://kazan.spravker.ru/stomatologicheskie-kliniki-i-tsentryi/,0.70
+78432041327,"Стоматологические клиники и центры в Казани - адреса, телефоны и отзывы",medical,spravker,kzn,https://kazan.spravker.ru/stomatologicheskie-kliniki-i-tsentryi/,0.70
+78432044525,"Стоматологические клиники и центры в Казани - адреса, телефоны и отзывы",medical,spravker,kzn,https://kazan.spravker.ru/stomatologicheskie-kliniki-i-tsentryi/,0.70
+78432044917,"Медцентры и клиники в Казани - адреса, телефоны и отзывы",medical,spravker,kzn,https://kazan.spravker.ru/medtsentryi-i-kliniki/,0.70
+78432050004,"Стоматологические клиники и центры в Казани - адреса, телефоны и отзывы",medical,spravker,kzn,https://kazan.spravker.ru/stomatologicheskie-kliniki-i-tsentryi/,0.70
+78432050170,"Стоматологические клиники и центры в Казани - адреса, телефоны и отзывы",medical,spravker,kzn,https://kazan.spravker.ru/stomatologicheskie-kliniki-i-tsentryi/,0.70
+78432050433,"Стоматологические поликлиники в Казани - адреса, телефоны и отзывы",medical,spravker,kzn,https://kazan.spravker.ru/stomatologicheskie-polikliniki/,0.70
+78432052325,"Диагностические центры в Казани - адреса, телефоны и отзывы",medical,spravker,kzn,https://kazan.spravker.ru/diagnosticheskie-tsentryi/,0.70
+78432052345,"Диагностические центры в Казани - адреса, телефоны и отзывы",medical,spravker,kzn,https://kazan.spravker.ru/diagnosticheskie-tsentryi/,0.70
+78432052565,"Диагностические центры в Казани - адреса, телефоны и отзывы",medical,spravker,kzn,https://kazan.spravker.ru/diagnosticheskie-tsentryi/,0.70
+78432055917,"Медцентры и клиники в Казани - адреса, телефоны и отзывы",medical,spravker,kzn,https://kazan.spravker.ru/medtsentryi-i-kliniki/,0.70
+78432070005,"Медцентры и клиники в Казани - адреса, телефоны и отзывы",medical,spravker,kzn,https://kazan.spravker.ru/medtsentryi-i-kliniki/,0.70
+78432070440,"Медцентры и клиники в Казани - адреса, телефоны и отзывы",medical,spravker,kzn,https://kazan.spravker.ru/medtsentryi-i-kliniki/,0.70
+78432070707,"Стоматологические клиники и центры в Казани - адреса, телефоны и отзывы",medical,spravker,kzn,https://kazan.spravker.ru/stomatologicheskie-kliniki-i-tsentryi/,0.70
+78432070876,"Стоматологические клиники и центры в Казани - адреса, телефоны и отзывы",medical,spravker,kzn,https://kazan.spravker.ru/stomatologicheskie-kliniki-i-tsentryi/,0.70
+78432072214,"Стоматологические клиники и центры в Казани - адреса, телефоны и отзывы",medical,spravker,kzn,https://kazan.spravker.ru/stomatologicheskie-kliniki-i-tsentryi/,0.70
+78432080483,"Стоматологические клиники и центры в Казани - адреса, телефоны и отзывы",medical,spravker,kzn,https://kazan.spravker.ru/stomatologicheskie-kliniki-i-tsentryi/,0.70
+78432085492,"Медцентры и клиники в Казани - адреса, телефоны и отзывы",medical,spravker,kzn,https://kazan.spravker.ru/medtsentryi-i-kliniki/,0.70
+78432086138,"Стоматологические поликлиники в Казани - адреса, телефоны и отзывы",medical,spravker,kzn,https://kazan.spravker.ru/stomatologicheskie-polikliniki/,0.70
+78432100348,"Аптеки в Казани - адреса, телефоны и отзывы",medical,spravker,kzn,https://kazan.spravker.ru/apteki/,0.70
+78432100909,"Стоматологические клиники и центры в Казани - адреса, телефоны и отзывы",medical,spravker,kzn,https://kazan.spravker.ru/stomatologicheskie-kliniki-i-tsentryi/,0.70
+78432101106,"Медцентры и клиники в Казани - адреса, телефоны и отзывы",medical,spravker,kzn,https://kazan.spravker.ru/medtsentryi-i-kliniki/,0.70
+78432103570,"Диагностические центры в Казани - адреса, телефоны и отзывы",medical,spravker,kzn,https://kazan.spravker.ru/diagnosticheskie-tsentryi/,0.70
+78432104754,"Стоматологические клиники и центры в Казани - адреса, телефоны и отзывы",medical,spravker,kzn,https://kazan.spravker.ru/stomatologicheskie-kliniki-i-tsentryi/,0.70
+78432114508,"Медцентры и клиники в Казани - адреса, телефоны и отзывы",medical,spravker,kzn,https://kazan.spravker.ru/medtsentryi-i-kliniki/,0.70
+78432118335,"Диагностические центры в Казани - адреса, телефоны и отзывы",medical,spravker,kzn,https://kazan.spravker.ru/diagnosticheskie-tsentryi/,0.70
+78432122009,"Стоматологические клиники и центры в Казани - адреса, телефоны и отзывы",medical,spravker,kzn,https://kazan.spravker.ru/stomatologicheskie-kliniki-i-tsentryi/,0.70
+78432122172,"Медцентры и клиники в Казани - адреса, телефоны и отзывы",medical,spravker,kzn,https://kazan.spravker.ru/medtsentryi-i-kliniki/,0.70
+78432122182,"Медцентры и клиники в Казани - адреса, телефоны и отзывы",medical,spravker,kzn,https://kazan.spravker.ru/medtsentryi-i-kliniki/,0.70
+78432122342,"Медцентры и клиники в Казани - адреса, телефоны и отзывы",medical,spravker,kzn,https://kazan.spravker.ru/medtsentryi-i-kliniki/,0.70
+78432122683,"Стоматологические клиники и центры в Казани - адреса, телефоны и отзывы",medical,spravker,kzn,https://kazan.spravker.ru/stomatologicheskie-kliniki-i-tsentryi/,0.70
+78432123345,"Стоматологические клиники и центры в Казани - адреса, телефоны и отзывы",medical,spravker,kzn,https://kazan.spravker.ru/stomatologicheskie-kliniki-i-tsentryi/,0.70
+78432123897,"Стоматологические клиники и центры в Казани - адреса, телефоны и отзывы",medical,spravker,kzn,https://kazan.spravker.ru/stomatologicheskie-kliniki-i-tsentryi/,0.70
+78432161010,"Медцентры и клиники в Казани - адреса, телефоны и отзывы",medical,spravker,kzn,https://kazan.spravker.ru/medtsentryi-i-kliniki/,0.70
+78432210350,"Стоматологические поликлиники в Казани - адреса, телефоны и отзывы",medical,spravker,kzn,https://kazan.spravker.ru/stomatologicheskie-polikliniki/,0.70
+78432210351,"Стоматологические поликлиники в Казани - адреса, телефоны и отзывы",medical,spravker,kzn,https://kazan.spravker.ru/stomatologicheskie-polikliniki/,0.70
+78432210360,"Стоматологические поликлиники в Казани - адреса, телефоны и отзывы",medical,spravker,kzn,https://kazan.spravker.ru/stomatologicheskie-polikliniki/,0.70
+78432210361,"Стоматологические поликлиники в Казани - адреса, телефоны и отзывы",medical,spravker,kzn,https://kazan.spravker.ru/stomatologicheskie-polikliniki/,0.70
+78432213131,"Стоматологические клиники и центры в Казани - адреса, телефоны и отзывы",medical,spravker,kzn,https://kazan.spravker.ru/stomatologicheskie-kliniki-i-tsentryi/,0.70
+78432213132,"Стоматологические клиники и центры в Казани - адреса, телефоны и отзывы",medical,spravker,kzn,https://kazan.spravker.ru/stomatologicheskie-kliniki-i-tsentryi/,0.70
+78432220103,"Диагностические центры в Казани - адреса, телефоны и отзывы",medical,spravker,kzn,https://kazan.spravker.ru/diagnosticheskie-tsentryi/,0.70
+78432230688,"Аптеки в Казани - адреса, телефоны и отзывы",medical,spravker,kzn,https://kazan.spravker.ru/apteki/,0.70
+78432241812,"Аптеки в Казани - адреса, телефоны и отзывы",medical,spravker,kzn,https://kazan.spravker.ru/apteki/,0.70
+78432250858,"Медцентры и клиники в Казани - адреса, телефоны и отзывы",medical,spravker,kzn,https://kazan.spravker.ru/medtsentryi-i-kliniki/,0.70
+78432268952,"Медцентры и клиники в Казани - адреса, телефоны и отзывы",medical,spravker,kzn,https://kazan.spravker.ru/medtsentryi-i-kliniki/,0.70
+78432270849,"Стоматологические поликлиники в Казани - адреса, телефоны и отзывы",medical,spravker,kzn,https://kazan.spravker.ru/stomatologicheskie-polikliniki/,0.70
+78432270919,"Медцентры и клиники в Казани - адреса, телефоны и отзывы",medical,spravker,kzn,https://kazan.spravker.ru/medtsentryi-i-kliniki/,0.70
+78432289993,"Стоматологические поликлиники в Казани - адреса, телефоны и отзывы",medical,spravker,kzn,https://kazan.spravker.ru/stomatologicheskie-polikliniki/,0.70
+78432289994,"Стоматологические поликлиники в Казани - адреса, телефоны и отзывы",medical,spravker,kzn,https://kazan.spravker.ru/stomatologicheskie-polikliniki/,0.70
+78432292802,"Аптеки в Казани - адреса, телефоны и отзывы",medical,spravker,kzn,https://kazan.spravker.ru/apteki/,0.70
+78432296913,"Стоматологические клиники и центры в Казани - адреса, телефоны и отзывы",medical,spravker,kzn,https://kazan.spravker.ru/stomatologicheskie-kliniki-i-tsentryi/,0.70
+78432319301,"Медцентры и клиники в Казани - адреса, телефоны и отзывы",medical,spravker,kzn,https://kazan.spravker.ru/medtsentryi-i-kliniki/,0.70
+78432330132,"Стоматологические клиники и центры в Казани - адреса, телефоны и отзывы",medical,spravker,kzn,https://kazan.spravker.ru/stomatologicheskie-kliniki-i-tsentryi/,0.70
+78432334340,"Стоматологические клиники и центры в Казани - адреса, телефоны и отзывы",medical,spravker,kzn,https://kazan.spravker.ru/stomatologicheskie-kliniki-i-tsentryi/,0.70
+78432334679,"Медцентры и клиники в Казани - адреса, телефоны и отзывы",medical,spravker,kzn,https://kazan.spravker.ru/medtsentryi-i-kliniki/,0.70
+78432345396,"Аптеки в Казани - адреса, телефоны и отзывы",medical,spravker,kzn,https://kazan.spravker.ru/apteki/,0.70
+78432360672,"Аптеки в Казани - адреса, телефоны и отзывы",medical,spravker,kzn,https://kazan.spravker.ru/apteki/,0.70
+78432361498,"Стоматологические поликлиники в Казани - адреса, телефоны и отзывы",medical,spravker,kzn,https://kazan.spravker.ru/stomatologicheskie-polikliniki/,0.70
+78432362116,"Стоматологические клиники и центры в Казани - адреса, телефоны и отзывы",medical,spravker,kzn,https://kazan.spravker.ru/stomatologicheskie-kliniki-i-tsentryi/,0.70
+78432362768,"Медцентры и клиники в Казани - адреса, телефоны и отзывы",medical,spravker,kzn,https://kazan.spravker.ru/medtsentryi-i-kliniki/,0.70
+78432363738,"Медцентры и клиники в Казани - адреса, телефоны и отзывы",medical,spravker,kzn,https://kazan.spravker.ru/medtsentryi-i-kliniki/,0.70
+78432363776,"Медцентры и клиники в Казани - адреса, телефоны и отзывы",medical,spravker,kzn,https://kazan.spravker.ru/medtsentryi-i-kliniki/,0.70
+78432365172,"Стоматологические поликлиники в Казани - адреса, телефоны и отзывы",medical,spravker,kzn,https://kazan.spravker.ru/stomatologicheskie-polikliniki/,0.70
+78432368154,"Аптеки в Казани - адреса, телефоны и отзывы",medical,spravker,kzn,https://kazan.spravker.ru/apteki/,0.70
+78432369973,"Аптеки в Казани - адреса, телефоны и отзывы",medical,spravker,kzn,https://kazan.spravker.ru/apteki/,0.70
+78432380015,"Медцентры и клиники в Казани - адреса, телефоны и отзывы",medical,spravker,kzn,https://kazan.spravker.ru/medtsentryi-i-kliniki/,0.70
+78432381319,"Аптеки в Казани - адреса, телефоны и отзывы",medical,spravker,kzn,https://kazan.spravker.ru/apteki/,0.70
+78432381980,"Аптеки в Казани - адреса, телефоны и отзывы",medical,spravker,kzn,https://kazan.spravker.ru/apteki/,0.70
+78432382742,"Стоматологические поликлиники в Казани - адреса, телефоны и отзывы",medical,spravker,kzn,https://kazan.spravker.ru/stomatologicheskie-polikliniki/,0.70
+78432385954,"Аптеки в Казани - адреса, телефоны и отзывы",medical,spravker,kzn,https://kazan.spravker.ru/apteki/,0.70
+78432387005,"Стоматологические клиники и центры в Казани - адреса, телефоны и отзывы",medical,spravker,kzn,https://kazan.spravker.ru/stomatologicheskie-kliniki-i-tsentryi/,0.70
+78432392880,"Стоматологические клиники и центры в Казани - адреса, телефоны и отзывы",medical,spravker,kzn,https://kazan.spravker.ru/stomatologicheskie-kliniki-i-tsentryi/,0.70
+78432403233,"Стоматологические поликлиники в Казани - адреса, телефоны и отзывы",medical,spravker,kzn,https://kazan.spravker.ru/stomatologicheskie-polikliniki/,0.70
+78432405533,"Стоматологические поликлиники в Казани - адреса, телефоны и отзывы",medical,spravker,kzn,https://kazan.spravker.ru/stomatologicheskie-polikliniki/,0.70
+78432451000,"Стоматологические клиники и центры в Казани - адреса, телефоны и отзывы",medical,spravker,kzn,https://kazan.spravker.ru/stomatologicheskie-kliniki-i-tsentryi/,0.70
+78432452112,"Стоматологические клиники и центры в Казани - адреса, телефоны и отзывы",medical,spravker,kzn,https://kazan.spravker.ru/stomatologicheskie-kliniki-i-tsentryi/,0.70
+78432452555,"Стоматологические поликлиники в Казани - адреса, телефоны и отзывы",medical,spravker,kzn,https://kazan.spravker.ru/stomatologicheskie-polikliniki/,0.70
+78432454285,"Стоматологические клиники и центры в Казани - адреса, телефоны и отзывы",medical,spravker,kzn,https://kazan.spravker.ru/stomatologicheskie-kliniki-i-tsentryi/,0.70
+78432487408,"Стоматологические поликлиники в Казани - адреса, телефоны и отзывы",medical,spravker,kzn,https://kazan.spravker.ru/stomatologicheskie-polikliniki/,0.70
+78432506051,"Медцентры и клиники в Казани - адреса, телефоны и отзывы",medical,spravker,kzn,https://kazan.spravker.ru/medtsentryi-i-kliniki/,0.70
+78432506991,"Стоматологические поликлиники в Казани - адреса, телефоны и отзывы",medical,spravker,kzn,https://kazan.spravker.ru/stomatologicheskie-polikliniki/,0.70
+78432510535,"Аптеки в Казани - адреса, телефоны и отзывы",medical,spravker,kzn,https://kazan.spravker.ru/apteki/,0.70
+78432545954,"Стоматологические поликлиники в Казани - адреса, телефоны и отзывы",medical,spravker,kzn,https://kazan.spravker.ru/stomatologicheskie-polikliniki/,0.70
+78432554141,"Медцентры и клиники в Казани - адреса, телефоны и отзывы",medical,spravker,kzn,https://kazan.spravker.ru/medtsentryi-i-kliniki/,0.70
+78432580099,"Диагностические центры в Казани - адреса, телефоны и отзывы",medical,spravker,kzn,https://kazan.spravker.ru/diagnosticheskie-tsentryi/,0.70
+78432585065,"Диагностические центры в Казани - адреса, телефоны и отзывы",medical,spravker,kzn,https://kazan.spravker.ru/diagnosticheskie-tsentryi/,0.70
+78432588668,"Стоматологические клиники и центры в Казани - адреса, телефоны и отзывы",medical,spravker,kzn,https://kazan.spravker.ru/stomatologicheskie-kliniki-i-tsentryi/,0.70
+78432595579,"Медцентры и клиники в Казани - адреса, телефоны и отзывы",medical,spravker,kzn,https://kazan.spravker.ru/medtsentryi-i-kliniki/,0.70
+78432602222,"Стоматологические клиники и центры в Казани - адреса, телефоны и отзывы",medical,spravker,kzn,https://kazan.spravker.ru/stomatologicheskie-kliniki-i-tsentryi/,0.70
+78432610364,"Аптеки в Казани - адреса, телефоны и отзывы",medical,spravker,kzn,https://kazan.spravker.ru/apteki/,0.70
+78432614755,"Аптеки в Казани - адреса, телефоны и отзывы",medical,spravker,kzn,https://kazan.spravker.ru/apteki/,0.70
+78432614756,"Аптеки в Казани - адреса, телефоны и отзывы",medical,spravker,kzn,https://kazan.spravker.ru/apteki/,0.70
+78432615452,"Аптеки в Казани - адреса, телефоны и отзывы",medical,spravker,kzn,https://kazan.spravker.ru/apteki/,0.70
+78432620316,"Стоматологические поликлиники в Казани - адреса, телефоны и отзывы",medical,spravker,kzn,https://kazan.spravker.ru/stomatologicheskie-polikliniki/,0.70
+78432643030,"Медцентры и клиники в Казани - адреса, телефоны и отзывы",medical,spravker,kzn,https://kazan.spravker.ru/medtsentryi-i-kliniki/,0.70
+78432666722,ФГКУ Поликлиника № 3 Москва (ИНН 7728130135) адрес и телефон,medical,rusprofile,,https://www.rusprofile.ru/id/3611312,0.70
+78432694906,"Стоматологические поликлиники в Казани - адреса, телефоны и отзывы",medical,spravker,kzn,https://kazan.spravker.ru/stomatologicheskie-polikliniki/,0.70
+78432720872,"Стоматологические клиники и центры в Казани - адреса, телефоны и отзывы",medical,spravker,kzn,https://kazan.spravker.ru/stomatologicheskie-kliniki-i-tsentryi/,0.70
+78432722874,"Стоматологические клиники и центры в Казани - адреса, телефоны и отзывы",medical,spravker,kzn,https://kazan.spravker.ru/stomatologicheskie-kliniki-i-tsentryi/,0.70
+78432727317,"Стоматологические клиники и центры в Казани - адреса, телефоны и отзывы",medical,spravker,kzn,https://kazan.spravker.ru/stomatologicheskie-kliniki-i-tsentryi/,0.70
+78432729473,"Стоматологические клиники и центры в Казани - адреса, телефоны и отзывы",medical,spravker,kzn,https://kazan.spravker.ru/stomatologicheskie-kliniki-i-tsentryi/,0.70
+78432730229,"Аптеки в Казани - адреса, телефоны и отзывы",medical,spravker,kzn,https://kazan.spravker.ru/apteki/,0.70
+78432731020,"Стоматологические клиники и центры в Казани - адреса, телефоны и отзывы",medical,spravker,kzn,https://kazan.spravker.ru/stomatologicheskie-kliniki-i-tsentryi/,0.70
+78432731944,"Аптеки в Казани - адреса, телефоны и отзывы",medical,spravker,kzn,https://kazan.spravker.ru/apteki/,0.70
+78432738919,"Аптеки в Казани - адреса, телефоны и отзывы",medical,spravker,kzn,https://kazan.spravker.ru/apteki/,0.70
+78432764696,"Стоматологические клиники и центры в Казани - адреса, телефоны и отзывы",medical,spravker,kzn,https://kazan.spravker.ru/stomatologicheskie-kliniki-i-tsentryi/,0.70
+78432767191,"Стоматологические клиники и центры в Казани - адреса, телефоны и отзывы",medical,spravker,kzn,https://kazan.spravker.ru/stomatologicheskie-kliniki-i-tsentryi/,0.70
+78432767192,"Стоматологические клиники и центры в Казани - адреса, телефоны и отзывы",medical,spravker,kzn,https://kazan.spravker.ru/stomatologicheskie-kliniki-i-tsentryi/,0.70
+78432768686,"Медцентры и клиники в Казани - адреса, телефоны и отзывы",medical,spravker,kzn,https://kazan.spravker.ru/medtsentryi-i-kliniki/,0.70
+78432770777,"Стоматологические клиники и центры в Казани - адреса, телефоны и отзывы",medical,spravker,kzn,https://kazan.spravker.ru/stomatologicheskie-kliniki-i-tsentryi/,0.70
+78432778282,"Стоматологические клиники и центры в Казани - адреса, телефоны и отзывы",medical,spravker,kzn,https://kazan.spravker.ru/stomatologicheskie-kliniki-i-tsentryi/,0.70
+78432786267,"Стоматологические клиники и центры в Казани - адреса, телефоны и отзывы",medical,spravker,kzn,https://kazan.spravker.ru/stomatologicheskie-kliniki-i-tsentryi/,0.70
+78432796655,"Стоматологические клиники и центры в Казани - адреса, телефоны и отзывы",medical,spravker,kzn,https://kazan.spravker.ru/stomatologicheskie-kliniki-i-tsentryi/,0.70
+78432796677,"Стоматологические клиники и центры в Казани - адреса, телефоны и отзывы",medical,spravker,kzn,https://kazan.spravker.ru/stomatologicheskie-kliniki-i-tsentryi/,0.70
+78432797070,"Стоматологические клиники и центры в Казани - адреса, телефоны и отзывы",medical,spravker,kzn,https://kazan.spravker.ru/stomatologicheskie-kliniki-i-tsentryi/,0.70
+78432799514,"Стоматологические клиники и центры в Казани - адреса, телефоны и отзывы",medical,spravker,kzn,https://kazan.spravker.ru/stomatologicheskie-kliniki-i-tsentryi/,0.70
+78432903035,"Медцентры и клиники в Казани - адреса, телефоны и отзывы",medical,spravker,kzn,https://kazan.spravker.ru/medtsentryi-i-kliniki/,0.70
+78432905505,"Стоматологические поликлиники в Казани - адреса, телефоны и отзывы",medical,spravker,kzn,https://kazan.spravker.ru/stomatologicheskie-polikliniki/,0.70
+78432906575,"Стоматологические клиники и центры в Казани - адреса, телефоны и отзывы",medical,spravker,kzn,https://kazan.spravker.ru/stomatologicheskie-kliniki-i-tsentryi/,0.70
+78432908563,"Медцентры и клиники в Казани - адреса, телефоны и отзывы",medical,spravker,kzn,https://kazan.spravker.ru/medtsentryi-i-kliniki/,0.70
+78432910032,"Медцентры и клиники в Казани - адреса, телефоны и отзывы",medical,spravker,kzn,https://kazan.spravker.ru/medtsentryi-i-kliniki/,0.70
+78432910069,"Медцентры и клиники в Казани - адреса, телефоны и отзывы",medical,spravker,kzn,https://kazan.spravker.ru/medtsentryi-i-kliniki/,0.70
+78432910074,"Диагностические центры в Казани - адреса, телефоны и отзывы",medical,spravker,kzn,https://kazan.spravker.ru/diagnosticheskie-tsentryi/,0.70
+78432916060,"Медцентры и клиники в Казани - адреса, телефоны и отзывы",medical,spravker,kzn,https://kazan.spravker.ru/medtsentryi-i-kliniki/,0.70
+78432916173,"Стоматологические поликлиники в Казани - адреса, телефоны и отзывы",medical,spravker,kzn,https://kazan.spravker.ru/stomatologicheskie-polikliniki/,0.70
+78432916474,"Стоматологические поликлиники в Казани - адреса, телефоны и отзывы",medical,spravker,kzn,https://kazan.spravker.ru/stomatologicheskie-polikliniki/,0.70
+78432925437,"Диагностические центры в Казани - адреса, телефоны и отзывы",medical,spravker,kzn,https://kazan.spravker.ru/diagnosticheskie-tsentryi/,0.70
+78432927204,"Стоматологические клиники и центры в Казани - адреса, телефоны и отзывы",medical,spravker,kzn,https://kazan.spravker.ru/stomatologicheskie-kliniki-i-tsentryi/,0.70
+78432927568,"Стоматологические клиники и центры в Казани - адреса, телефоны и отзывы",medical,spravker,kzn,https://kazan.spravker.ru/stomatologicheskie-kliniki-i-tsentryi/,0.70
+78432931196,"Аптеки в Казани - адреса, телефоны и отзывы",medical,spravker,kzn,https://kazan.spravker.ru/apteki/,0.70
+78432954389,"Стоматологические клиники и центры в Казани - адреса, телефоны и отзывы",medical,spravker,kzn,https://kazan.spravker.ru/stomatologicheskie-kliniki-i-tsentryi/,0.70
+78432955566,"Стоматологические клиники и центры в Казани - адреса, телефоны и отзывы",medical,spravker,kzn,https://kazan.spravker.ru/stomatologicheskie-kliniki-i-tsentryi/,0.70
+78432956096,"Аптеки в Казани - адреса, телефоны и отзывы",medical,spravker,kzn,https://kazan.spravker.ru/apteki/,0.70
+78432988991,"Стоматологические поликлиники в Казани - адреса, телефоны и отзывы",medical,spravker,kzn,https://kazan.spravker.ru/stomatologicheskie-polikliniki/,0.70
+78435004039,"Стоматологические поликлиники в Казани - адреса, телефоны и отзывы",medical,spravker,kzn,https://kazan.spravker.ru/stomatologicheskie-polikliniki/,0.70
+78435004073,"Стоматологические поликлиники в Казани - адреса, телефоны и отзывы",medical,spravker,kzn,https://kazan.spravker.ru/stomatologicheskie-polikliniki/,0.70
+78435004113,"Стоматологические клиники и центры в Казани - адреса, телефоны и отзывы",medical,spravker,kzn,https://kazan.spravker.ru/stomatologicheskie-kliniki-i-tsentryi/,0.70
+78435004301,"Стоматологические поликлиники в Казани - адреса, телефоны и отзывы",medical,spravker,kzn,https://kazan.spravker.ru/stomatologicheskie-polikliniki/,0.70
+78435104040,"Аптеки в Казани - адреса, телефоны и отзывы",medical,spravker,kzn,https://kazan.spravker.ru/apteki/,0.70
+78435125240,"Медцентры и клиники в Казани - адреса, телефоны и отзывы",medical,spravker,kzn,https://kazan.spravker.ru/medtsentryi-i-kliniki/,0.70
+78435125241,"Медцентры и клиники в Казани - адреса, телефоны и отзывы",medical,spravker,kzn,https://kazan.spravker.ru/medtsentryi-i-kliniki/,0.70
+78435148253,"Медцентры и клиники в Казани - адреса, телефоны и отзывы",medical,spravker,kzn,https://kazan.spravker.ru/medtsentryi-i-kliniki/,0.70
+78435150536,"Стоматологические клиники и центры в Казани - адреса, телефоны и отзывы",medical,spravker,kzn,https://kazan.spravker.ru/stomatologicheskie-kliniki-i-tsentryi/,0.70
+78435154040,"Медцентры и клиники в Казани - адреса, телефоны и отзывы",medical,spravker,kzn,https://kazan.spravker.ru/medtsentryi-i-kliniki/,0.70
+78435171017,"Стоматологические поликлиники в Казани - адреса, телефоны и отзывы",medical,spravker,kzn,https://kazan.spravker.ru/stomatologicheskie-polikliniki/,0.70
+78435178283,"Стоматологические поликлиники в Казани - адреса, телефоны и отзывы",medical,spravker,kzn,https://kazan.spravker.ru/stomatologicheskie-polikliniki/,0.70
+78435203250,"Стоматологические клиники и центры в Казани - адреса, телефоны и отзывы",medical,spravker,kzn,https://kazan.spravker.ru/stomatologicheskie-kliniki-i-tsentryi/,0.70
+78435203251,"Стоматологические клиники и центры в Казани - адреса, телефоны и отзывы",medical,spravker,kzn,https://kazan.spravker.ru/stomatologicheskie-kliniki-i-tsentryi/,0.70
+78435212947,"Диагностические центры в Казани - адреса, телефоны и отзывы",medical,spravker,kzn,https://kazan.spravker.ru/diagnosticheskie-tsentryi/,0.70
+78435214107,"Стоматологические поликлиники в Казани - адреса, телефоны и отзывы",medical,spravker,kzn,https://kazan.spravker.ru/stomatologicheskie-polikliniki/,0.70
+78435215522,"Медцентры и клиники в Казани - адреса, телефоны и отзывы",medical,spravker,kzn,https://kazan.spravker.ru/medtsentryi-i-kliniki/,0.70
+78435217930,"Диагностические центры в Казани - адреса, телефоны и отзывы",medical,spravker,kzn,https://kazan.spravker.ru/diagnosticheskie-tsentryi/,0.70
+78435218595,"Стоматологические клиники и центры в Казани - адреса, телефоны и отзывы",medical,spravker,kzn,https://kazan.spravker.ru/stomatologicheskie-kliniki-i-tsentryi/,0.70
+78435242075,"Стоматологические поликлиники в Казани - адреса, телефоны и отзывы",medical,spravker,kzn,https://kazan.spravker.ru/stomatologicheskie-polikliniki/,0.70
+78435243040,"Стоматологические поликлиники в Казани - адреса, телефоны и отзывы",medical,spravker,kzn,https://kazan.spravker.ru/stomatologicheskie-polikliniki/,0.70
+78435261648,"Аптеки в Казани - адреса, телефоны и отзывы",medical,spravker,kzn,https://kazan.spravker.ru/apteki/,0.70
+78435265331,"Аптеки в Казани - адреса, телефоны и отзывы",medical,spravker,kzn,https://kazan.spravker.ru/apteki/,0.70
+78435275127,"Аптеки в Казани - адреса, телефоны и отзывы",medical,spravker,kzn,https://kazan.spravker.ru/apteki/,0.70
+78435330669,"Аптеки в Казани - адреса, телефоны и отзывы",medical,spravker,kzn,https://kazan.spravker.ru/apteki/,0.70
+78435333333,"Медцентры и клиники в Казани - адреса, телефоны и отзывы",medical,spravker,kzn,https://kazan.spravker.ru/medtsentryi-i-kliniki/,0.70
+78435372085,"Стоматологические клиники и центры в Казани - адреса, телефоны и отзывы",medical,spravker,kzn,https://kazan.spravker.ru/stomatologicheskie-kliniki-i-tsentryi/,0.70
+78435545454,"Аптеки в Казани - адреса, телефоны и отзывы",medical,spravker,kzn,https://kazan.spravker.ru/apteki/,0.70
+78435549167,"Аптеки в Казани - адреса, телефоны и отзывы",medical,spravker,kzn,https://kazan.spravker.ru/apteki/,0.70
+78435554444,"Стоматологические клиники и центры в Казани - адреса, телефоны и отзывы",medical,spravker,kzn,https://kazan.spravker.ru/stomatologicheskie-kliniki-i-tsentryi/,0.70
+78435565555,"Стоматологические клиники и центры в Казани - адреса, телефоны и отзывы",medical,spravker,kzn,https://kazan.spravker.ru/stomatologicheskie-kliniki-i-tsentryi/,0.70
+78435573350,"Аптеки в Казани - адреса, телефоны и отзывы",medical,spravker,kzn,https://kazan.spravker.ru/apteki/,0.70
+78435579192,"Аптеки в Казани - адреса, телефоны и отзывы",medical,spravker,kzn,https://kazan.spravker.ru/apteki/,0.70
+78435583591,"Медцентры и клиники в Казани - адреса, телефоны и отзывы",medical,spravker,kzn,https://kazan.spravker.ru/medtsentryi-i-kliniki/,0.70
+78435585814,"Медцентры и клиники в Казани - адреса, телефоны и отзывы",medical,spravker,kzn,https://kazan.spravker.ru/medtsentryi-i-kliniki/,0.70
+78435605250,"Аптеки в Казани - адреса, телефоны и отзывы",medical,spravker,kzn,https://kazan.spravker.ru/apteki/,0.70
+78435606582,"Стоматологические клиники и центры в Казани - адреса, телефоны и отзывы",medical,spravker,kzn,https://kazan.spravker.ru/stomatologicheskie-kliniki-i-tsentryi/,0.70
+78435613120,"Аптеки в Казани - адреса, телефоны и отзывы",medical,spravker,kzn,https://kazan.spravker.ru/apteki/,0.70
+78435641414,"Стоматологические клиники и центры в Казани - адреса, телефоны и отзывы",medical,spravker,kzn,https://kazan.spravker.ru/stomatologicheskie-kliniki-i-tsentryi/,0.70
+78435641667,"Аптеки в Казани - адреса, телефоны и отзывы",medical,spravker,kzn,https://kazan.spravker.ru/apteki/,0.70
+78435701382,"Стоматологические клиники и центры в Казани - адреса, телефоны и отзывы",medical,spravker,kzn,https://kazan.spravker.ru/stomatologicheskie-kliniki-i-tsentryi/,0.70
+78435706001,"Стоматологические клиники и центры в Казани - адреса, телефоны и отзывы",medical,spravker,kzn,https://kazan.spravker.ru/stomatologicheskie-kliniki-i-tsentryi/,0.70
+78435706070,"Стоматологические клиники и центры в Казани - адреса, телефоны и отзывы",medical,spravker,kzn,https://kazan.spravker.ru/stomatologicheskie-kliniki-i-tsentryi/,0.70
+78435800325,"Аптеки в Казани - адреса, телефоны и отзывы",medical,spravker,kzn,https://kazan.spravker.ru/apteki/,0.70
+78435900186,"Аптеки в Казани - адреса, телефоны и отзывы",medical,spravker,kzn,https://kazan.spravker.ru/apteki/,0.70
+78435900597,"Аптеки в Казани - адреса, телефоны и отзывы",medical,spravker,kzn,https://kazan.spravker.ru/apteki/,0.70
+78435901000,"Стоматологические клиники и центры в Казани - адреса, телефоны и отзывы",medical,spravker,kzn,https://kazan.spravker.ru/stomatologicheskie-kliniki-i-tsentryi/,0.70
+78435902602,"Аптеки в Казани - адреса, телефоны и отзывы",medical,spravker,kzn,https://kazan.spravker.ru/apteki/,0.70
+78435905911,"Медцентры и клиники в Казани - адреса, телефоны и отзывы",medical,spravker,kzn,https://kazan.spravker.ru/medtsentryi-i-kliniki/,0.70
+78612012222,"Аптеки в Краснодаре - адреса, телефоны и отзывы",medical,spravker,krasnodar,https://krasnodar.spravker.ru/apteki/,0.70
+78612012243,"Диагностические центры в Краснодаре - адреса, телефоны и отзывы",medical,spravker,krasnodar,https://krasnodar.spravker.ru/diagnosticheskie-tsentryi/,0.70
+78612012440,"Стоматологические клиники и центры в Краснодаре - адреса, телефоны и отзывы",medical,spravker,krasnodar,https://krasnodar.spravker.ru/stomatologicheskie-kliniki-i-tsentryi/,0.70
+78612012646,"Диагностические центры в Краснодаре - адреса, телефоны и отзывы",medical,spravker,krasnodar,https://krasnodar.spravker.ru/diagnosticheskie-tsentryi/,0.70
+78612020202,"Стоматологические клиники и центры в Краснодаре - адреса, телефоны и отзывы",medical,spravker,krasnodar,https://krasnodar.spravker.ru/stomatologicheskie-kliniki-i-tsentryi/,0.70
+78612025835,"Стоматологические клиники и центры в Краснодаре - адреса, телефоны и отзывы",medical,spravker,krasnodar,https://krasnodar.spravker.ru/stomatologicheskie-kliniki-i-tsentryi/,0.70
+78612025836,"Стоматологические клиники и центры в Краснодаре - адреса, телефоны и отзывы",medical,spravker,krasnodar,https://krasnodar.spravker.ru/stomatologicheskie-kliniki-i-tsentryi/,0.70
+78612025841,"Стоматологические клиники и центры в Краснодаре - адреса, телефоны и отзывы",medical,spravker,krasnodar,https://krasnodar.spravker.ru/stomatologicheskie-kliniki-i-tsentryi/,0.70
+78612025846,"Стоматологические поликлиники в Краснодаре - адреса, телефоны и отзывы",medical,spravker,krasnodar,https://krasnodar.spravker.ru/stomatologicheskie-polikliniki/,0.70
+78612025857,"Стоматологические клиники и центры в Краснодаре - адреса, телефоны и отзывы",medical,spravker,krasnodar,https://krasnodar.spravker.ru/stomatologicheskie-kliniki-i-tsentryi/,0.70
+78612033622,"Стоматологические клиники и центры в Краснодаре - адреса, телефоны и отзывы",medical,spravker,krasnodar,https://krasnodar.spravker.ru/stomatologicheskie-kliniki-i-tsentryi/,0.70
+78612040010,"Стоматологические поликлиники в Краснодаре - адреса, телефоны и отзывы",medical,spravker,krasnodar,https://krasnodar.spravker.ru/stomatologicheskie-polikliniki/,0.70
+78612040071,"Аптеки в Краснодаре - адреса, телефоны и отзывы",medical,spravker,krasnodar,https://krasnodar.spravker.ru/apteki/,0.70
+78612040192,"Аптеки в Краснодаре - адреса, телефоны и отзывы",medical,spravker,krasnodar,https://krasnodar.spravker.ru/apteki/,0.70
+78612040748,"Диагностические центры в Краснодаре - адреса, телефоны и отзывы",medical,spravker,krasnodar,https://krasnodar.spravker.ru/diagnosticheskie-tsentryi/,0.70
+78612040905,"Аптеки в Краснодаре - адреса, телефоны и отзывы",medical,spravker,krasnodar,https://krasnodar.spravker.ru/apteki/,0.70
+78612041421,"Диагностические центры в Краснодаре - адреса, телефоны и отзывы",medical,spravker,krasnodar,https://krasnodar.spravker.ru/diagnosticheskie-tsentryi/,0.70
+78612041525,"Стоматологические клиники и центры в Краснодаре - адреса, телефоны и отзывы",medical,spravker,krasnodar,https://krasnodar.spravker.ru/stomatologicheskie-kliniki-i-tsentryi/,0.70
+78612042617,"Диагностические центры в Краснодаре - адреса, телефоны и отзывы",medical,spravker,krasnodar,https://krasnodar.spravker.ru/diagnosticheskie-tsentryi/,0.70
+78612050911,"Стоматологические клиники и центры в Краснодаре - адреса, телефоны и отзывы",medical,spravker,krasnodar,https://krasnodar.spravker.ru/stomatologicheskie-kliniki-i-tsentryi/,0.70
+78612051032,"Диагностические центры в Краснодаре - адреса, телефоны и отзывы",medical,spravker,krasnodar,https://krasnodar.spravker.ru/diagnosticheskie-tsentryi/,0.70
+78612053582,"Диагностические центры в Краснодаре - адреса, телефоны и отзывы",medical,spravker,krasnodar,https://krasnodar.spravker.ru/diagnosticheskie-tsentryi/,0.70
+78612053584,"Диагностические центры в Краснодаре - адреса, телефоны и отзывы",medical,spravker,krasnodar,https://krasnodar.spravker.ru/diagnosticheskie-tsentryi/,0.70
+78612053585,"Диагностические центры в Краснодаре - адреса, телефоны и отзывы",medical,spravker,krasnodar,https://krasnodar.spravker.ru/diagnosticheskie-tsentryi/,0.70
+78612054780,"Стоматологические клиники и центры в Краснодаре - адреса, телефоны и отзывы",medical,spravker,krasnodar,https://krasnodar.spravker.ru/stomatologicheskie-kliniki-i-tsentryi/,0.70
+78612057500,"Аптеки в Краснодаре - адреса, телефоны и отзывы",medical,spravker,krasnodar,https://krasnodar.spravker.ru/apteki/,0.70
+78612060093,"Диагностические центры в Краснодаре - адреса, телефоны и отзывы",medical,spravker,krasnodar,https://krasnodar.spravker.ru/diagnosticheskie-tsentryi/,0.70
+78612060257,"Диагностические центры в Краснодаре - адреса, телефоны и отзывы",medical,spravker,krasnodar,https://krasnodar.spravker.ru/diagnosticheskie-tsentryi/,0.70
+78612060303,"Диагностические центры в Краснодаре - адреса, телефоны и отзывы",medical,spravker,krasnodar,https://krasnodar.spravker.ru/diagnosticheskie-tsentryi/,0.70
+78612060359,"Диагностические центры в Краснодаре - адреса, телефоны и отзывы",medical,spravker,krasnodar,https://krasnodar.spravker.ru/diagnosticheskie-tsentryi/,0.70
+78612063839,"Стоматологические клиники и центры в Краснодаре - адреса, телефоны и отзывы",medical,spravker,krasnodar,https://krasnodar.spravker.ru/stomatologicheskie-kliniki-i-tsentryi/,0.70
+78612066009,"Стоматологические поликлиники в Краснодаре - адреса, телефоны и отзывы",medical,spravker,krasnodar,https://krasnodar.spravker.ru/stomatologicheskie-polikliniki/,0.70
+78612066614,"Диагностические центры в Краснодаре - адреса, телефоны и отзывы",medical,spravker,krasnodar,https://krasnodar.spravker.ru/diagnosticheskie-tsentryi/,0.70
+78612072031,"Стоматологические клиники и центры в Краснодаре - адреса, телефоны и отзывы",medical,spravker,krasnodar,https://krasnodar.spravker.ru/stomatologicheskie-kliniki-i-tsentryi/,0.70
+78612114167,"Стоматологические клиники и центры в Краснодаре - адреса, телефоны и отзывы",medical,spravker,krasnodar,https://krasnodar.spravker.ru/stomatologicheskie-kliniki-i-tsentryi/,0.70
+78612114406,"Стоматологические клиники и центры в Краснодаре - адреса, телефоны и отзывы",medical,spravker,krasnodar,https://krasnodar.spravker.ru/stomatologicheskie-kliniki-i-tsentryi/,0.70
+78612120892,"Диагностические центры в Краснодаре - адреса, телефоны и отзывы",medical,spravker,krasnodar,https://krasnodar.spravker.ru/diagnosticheskie-tsentryi/,0.70
+78612121531,"Стоматологические клиники и центры в Краснодаре - адреса, телефоны и отзывы",medical,spravker,krasnodar,https://krasnodar.spravker.ru/stomatologicheskie-kliniki-i-tsentryi/,0.70
+78612121748,"Диагностические центры в Краснодаре - адреса, телефоны и отзывы",medical,spravker,krasnodar,https://krasnodar.spravker.ru/diagnosticheskie-tsentryi/,0.70
+78612123356,"Стоматологические поликлиники в Краснодаре - адреса, телефоны и отзывы",medical,spravker,krasnodar,https://krasnodar.spravker.ru/stomatologicheskie-polikliniki/,0.70
+78612123496,"Диагностические центры в Краснодаре - адреса, телефоны и отзывы",medical,spravker,krasnodar,https://krasnodar.spravker.ru/diagnosticheskie-tsentryi/,0.70
+78612123556,"Стоматологические клиники и центры в Краснодаре - адреса, телефоны и отзывы",medical,spravker,krasnodar,https://krasnodar.spravker.ru/stomatologicheskie-kliniki-i-tsentryi/,0.70
+78612123566,"Стоматологические клиники и центры в Краснодаре - адреса, телефоны и отзывы",medical,spravker,krasnodar,https://krasnodar.spravker.ru/stomatologicheskie-kliniki-i-tsentryi/,0.70
+78612132197,"Диагностические центры в Краснодаре - адреса, телефоны и отзывы",medical,spravker,krasnodar,https://krasnodar.spravker.ru/diagnosticheskie-tsentryi/,0.70
+78612132954,"Диагностические центры в Краснодаре - адреса, телефоны и отзывы",medical,spravker,krasnodar,https://krasnodar.spravker.ru/diagnosticheskie-tsentryi/,0.70
+78612169720,"Стоматологические поликлиники в Краснодаре - адреса, телефоны и отзывы",medical,spravker,krasnodar,https://krasnodar.spravker.ru/stomatologicheskie-polikliniki/,0.70
+78612187958,"Стоматологические клиники и центры в Краснодаре - адреса, телефоны и отзывы",medical,spravker,krasnodar,https://krasnodar.spravker.ru/stomatologicheskie-kliniki-i-tsentryi/,0.70
+78612199707,"Диагностические центры в Краснодаре - адреса, телефоны и отзывы",medical,spravker,krasnodar,https://krasnodar.spravker.ru/diagnosticheskie-tsentryi/,0.70
+78612216887,"Стоматологические клиники и центры в Краснодаре - адреса, телефоны и отзывы",medical,spravker,krasnodar,https://krasnodar.spravker.ru/stomatologicheskie-kliniki-i-tsentryi/,0.70
+78612222270,"Стоматологические клиники и центры в Краснодаре - адреса, телефоны и отзывы",medical,spravker,krasnodar,https://krasnodar.spravker.ru/stomatologicheskie-kliniki-i-tsentryi/,0.70
+78612222920,"Стоматологические клиники и центры в Краснодаре - адреса, телефоны и отзывы",medical,spravker,krasnodar,https://krasnodar.spravker.ru/stomatologicheskie-kliniki-i-tsentryi/,0.70
+78612271942,"Аптеки в Краснодаре - адреса, телефоны и отзывы",medical,spravker,krasnodar,https://krasnodar.spravker.ru/apteki/,0.70
+78612311231,"Диагностические центры в Краснодаре - адреса, телефоны и отзывы",medical,spravker,krasnodar,https://krasnodar.spravker.ru/diagnosticheskie-tsentryi/,0.70
+78612341305,"Аптеки в Краснодаре - адреса, телефоны и отзывы",medical,spravker,krasnodar,https://krasnodar.spravker.ru/apteki/,0.70
+78612361083,"Стоматологические поликлиники в Краснодаре - адреса, телефоны и отзывы",medical,spravker,krasnodar,https://krasnodar.spravker.ru/stomatologicheskie-polikliniki/,0.70
+78612387630,"Стоматологические поликлиники в Краснодаре - адреса, телефоны и отзывы",medical,spravker,krasnodar,https://krasnodar.spravker.ru/stomatologicheskie-polikliniki/,0.70
+78612393333,"Диагностические центры в Краснодаре - адреса, телефоны и отзывы",medical,spravker,krasnodar,https://krasnodar.spravker.ru/diagnosticheskie-tsentryi/,0.70
+78612431306,"Стоматологические поликлиники в Краснодаре - адреса, телефоны и отзывы",medical,spravker,krasnodar,https://krasnodar.spravker.ru/stomatologicheskie-polikliniki/,0.70
+78612451020,"Стоматологические клиники и центры в Краснодаре - адреса, телефоны и отзывы",medical,spravker,krasnodar,https://krasnodar.spravker.ru/stomatologicheskie-kliniki-i-tsentryi/,0.70
+78612459905,"Стоматологические клиники и центры в Краснодаре - адреса, телефоны и отзывы",medical,spravker,krasnodar,https://krasnodar.spravker.ru/stomatologicheskie-kliniki-i-tsentryi/,0.70
+78612488011,"Стоматологические клиники и центры в Краснодаре - адреса, телефоны и отзывы",medical,spravker,krasnodar,https://krasnodar.spravker.ru/stomatologicheskie-kliniki-i-tsentryi/,0.70
+78612489999,"Стоматологические клиники и центры в Краснодаре - адреса, телефоны и отзывы",medical,spravker,krasnodar,https://krasnodar.spravker.ru/stomatologicheskie-kliniki-i-tsentryi/,0.70
+78612536440,"Аптеки в Краснодаре - адреса, телефоны и отзывы",medical,spravker,krasnodar,https://krasnodar.spravker.ru/apteki/,0.70
+78612550403,"Стоматологические поликлиники в Краснодаре - адреса, телефоны и отзывы",medical,spravker,krasnodar,https://krasnodar.spravker.ru/stomatologicheskie-polikliniki/,0.70
+78612551056,"Аптеки в Краснодаре - адреса, телефоны и отзывы",medical,spravker,krasnodar,https://krasnodar.spravker.ru/apteki/,0.70
+78612558596,"Стоматологические клиники и центры в Краснодаре - адреса, телефоны и отзывы",medical,spravker,krasnodar,https://krasnodar.spravker.ru/stomatologicheskie-kliniki-i-tsentryi/,0.70
+78612571500,"Диагностические центры в Краснодаре - адреса, телефоны и отзывы",medical,spravker,krasnodar,https://krasnodar.spravker.ru/diagnosticheskie-tsentryi/,0.70
+78612592950,"Стоматологические клиники и центры в Краснодаре - адреса, телефоны и отзывы",medical,spravker,krasnodar,https://krasnodar.spravker.ru/stomatologicheskie-kliniki-i-tsentryi/,0.70
+78612597091,"Аптеки в Краснодаре - адреса, телефоны и отзывы",medical,spravker,krasnodar,https://krasnodar.spravker.ru/apteki/,0.70
+78612601542,"Стоматологические клиники и центры в Краснодаре - адреса, телефоны и отзывы",medical,spravker,krasnodar,https://krasnodar.spravker.ru/stomatologicheskie-kliniki-i-tsentryi/,0.70
+78612602227,"Диагностические центры в Краснодаре - адреса, телефоны и отзывы",medical,spravker,krasnodar,https://krasnodar.spravker.ru/diagnosticheskie-tsentryi/,0.70
+78612617777,"Стоматологические клиники и центры в Краснодаре - адреса, телефоны и отзывы",medical,spravker,krasnodar,https://krasnodar.spravker.ru/stomatologicheskie-kliniki-i-tsentryi/,0.70
+78612651616,"Стоматологические клиники и центры в Краснодаре - адреса, телефоны и отзывы",medical,spravker,krasnodar,https://krasnodar.spravker.ru/stomatologicheskie-kliniki-i-tsentryi/,0.70
+78612664411,"Стоматологические клиники и центры в Краснодаре - адреса, телефоны и отзывы",medical,spravker,krasnodar,https://krasnodar.spravker.ru/stomatologicheskie-kliniki-i-tsentryi/,0.70
+78612684236,"Стоматологические поликлиники в Краснодаре - адреса, телефоны и отзывы",medical,spravker,krasnodar,https://krasnodar.spravker.ru/stomatologicheskie-polikliniki/,0.70
+78612780383,"Аптеки в Краснодаре - адреса, телефоны и отзывы",medical,spravker,krasnodar,https://krasnodar.spravker.ru/apteki/,0.70
+78612901910,"Аптеки в Краснодаре - адреса, телефоны и отзывы",medical,spravker,krasnodar,https://krasnodar.spravker.ru/apteki/,0.70
+78612926244,"Аптеки в Краснодаре - адреса, телефоны и отзывы",medical,spravker,krasnodar,https://krasnodar.spravker.ru/apteki/,0.70
+78612973333,"Стоматологические клиники и центры в Краснодаре - адреса, телефоны и отзывы",medical,spravker,krasnodar,https://krasnodar.spravker.ru/stomatologicheskie-kliniki-i-tsentryi/,0.70
+78612982643,"Диагностические центры в Краснодаре - адреса, телефоны и отзывы",medical,spravker,krasnodar,https://krasnodar.spravker.ru/diagnosticheskie-tsentryi/,0.70
+78612983033,"Диагностические центры в Краснодаре - адреса, телефоны и отзывы",medical,spravker,krasnodar,https://krasnodar.spravker.ru/diagnosticheskie-tsentryi/,0.70
+78612983463,"Диагностические центры в Краснодаре - адреса, телефоны и отзывы",medical,spravker,krasnodar,https://krasnodar.spravker.ru/diagnosticheskie-tsentryi/,0.70
+78617309641,"Стоматологические клиники и центры в Краснодаре - адреса, телефоны и отзывы",medical,spravker,krasnodar,https://krasnodar.spravker.ru/stomatologicheskie-kliniki-i-tsentryi/,0.70
+78619447671,"Аптеки в Краснодаре - адреса, телефоны и отзывы",medical,spravker,krasnodar,https://krasnodar.spravker.ru/apteki/,0.70
+78619914711,"Аптеки в Краснодаре - адреса, телефоны и отзывы",medical,spravker,krasnodar,https://krasnodar.spravker.ru/apteki/,0.70
+78619914949,"Аптеки в Краснодаре - адреса, телефоны и отзывы",medical,spravker,krasnodar,https://krasnodar.spravker.ru/apteki/,0.70
+78619920245,"Стоматологические поликлиники в Краснодаре - адреса, телефоны и отзывы",medical,spravker,krasnodar,https://krasnodar.spravker.ru/stomatologicheskie-polikliniki/,0.70
+78619921005,"Стоматологические поликлиники в Краснодаре - адреса, телефоны и отзывы",medical,spravker,krasnodar,https://krasnodar.spravker.ru/stomatologicheskie-polikliniki/,0.70
+78619921007,"Аптеки в Краснодаре - адреса, телефоны и отзывы",medical,spravker,krasnodar,https://krasnodar.spravker.ru/apteki/,0.70
+78619922327,"Диагностические центры в Краснодаре - адреса, телефоны и отзывы",medical,spravker,krasnodar,https://krasnodar.spravker.ru/diagnosticheskie-tsentryi/,0.70
+78619922582,"Диагностические центры в Краснодаре - адреса, телефоны и отзывы",medical,spravker,krasnodar,https://krasnodar.spravker.ru/diagnosticheskie-tsentryi/,0.70
+78619922884,"Аптеки в Краснодаре - адреса, телефоны и отзывы",medical,spravker,krasnodar,https://krasnodar.spravker.ru/apteki/,0.70
+78619923222,"Стоматологические клиники и центры в Краснодаре - адреса, телефоны и отзывы",medical,spravker,krasnodar,https://krasnodar.spravker.ru/stomatologicheskie-kliniki-i-tsentryi/,0.70
+78619923241,"Диагностические центры в Краснодаре - адреса, телефоны и отзывы",medical,spravker,krasnodar,https://krasnodar.spravker.ru/diagnosticheskie-tsentryi/,0.70
+78619923585,"Аптеки в Краснодаре - адреса, телефоны и отзывы",medical,spravker,krasnodar,https://krasnodar.spravker.ru/apteki/,0.70
+78619923641,"Диагностические центры в Краснодаре - адреса, телефоны и отзывы",medical,spravker,krasnodar,https://krasnodar.spravker.ru/diagnosticheskie-tsentryi/,0.70
+78619924088,"Стоматологические клиники и центры в Краснодаре - адреса, телефоны и отзывы",medical,spravker,krasnodar,https://krasnodar.spravker.ru/stomatologicheskie-kliniki-i-tsentryi/,0.70
+78619926320,"Диагностические центры в Краснодаре - адреса, телефоны и отзывы",medical,spravker,krasnodar,https://krasnodar.spravker.ru/diagnosticheskie-tsentryi/,0.70
+78654740231,"ГАУЗ &quot;Городская Поликлиника №18&quot; Казань (ИНН 1659013349) адрес, официальный сайт и телефон",medical,rusprofile,,https://www.rusprofile.ru/id/587171,0.70
+78888888888,"Медцентры и клиники в Москве - адреса, телефоны и отзывы",medical,spravker,msk,https://msk.spravker.ru/medtsentryi-i-kliniki/,0.70
+79000703031,"Диагностические центры в Челябинске - адреса, телефоны и отзывы",medical,spravker,chelyabinsk,https://chelyabinsk.spravker.ru/diagnosticheskie-tsentryi/,0.70
+79000760016,"Диагностические центры в Челябинске - адреса, телефоны и отзывы",medical,spravker,chelyabinsk,https://chelyabinsk.spravker.ru/diagnosticheskie-tsentryi/,0.70
+79001971057,"Стоматологические клиники и центры в Екатеринбурге - адреса, телефоны и отзывы",medical,spravker,ekb,https://ekaterinburg.spravker.ru/stomatologicheskie-kliniki-i-tsentryi/,0.70
+79001974715,"Стоматологические клиники и центры в Екатеринбурге - адреса, телефоны и отзывы",medical,spravker,ekb,https://ekaterinburg.spravker.ru/stomatologicheskie-kliniki-i-tsentryi/,0.70
+79001978712,"Диагностические центры в Екатеринбурге - адреса, телефоны и отзывы",medical,spravker,ekb,https://ekaterinburg.spravker.ru/diagnosticheskie-tsentryi/,0.70
+79002023703,"Медцентры и клиники в Екатеринбурге - адреса, телефоны и отзывы",medical,spravker,ekb,https://ekaterinburg.spravker.ru/medtsentryi-i-kliniki/,0.70
+79002066044,"Стоматологические клиники и центры в Екатеринбурге - адреса, телефоны и отзывы",medical,spravker,ekb,https://ekaterinburg.spravker.ru/stomatologicheskie-kliniki-i-tsentryi/,0.70
+79002316436,"Аптеки в Краснодаре - адреса, телефоны и отзывы",medical,spravker,krasnodar,https://krasnodar.spravker.ru/apteki/,0.70
+79002342116,"Диагностические центры в Краснодаре - адреса, телефоны и отзывы",medical,spravker,krasnodar,https://krasnodar.spravker.ru/diagnosticheskie-tsentryi/,0.70
+79002342118,"Диагностические центры в Краснодаре - адреса, телефоны и отзывы",medical,spravker,krasnodar,https://krasnodar.spravker.ru/diagnosticheskie-tsentryi/,0.70
+79002373113,"Аптеки в Краснодаре - адреса, телефоны и отзывы",medical,spravker,krasnodar,https://krasnodar.spravker.ru/apteki/,0.70
+79002374888,"Аптеки в Краснодаре - адреса, телефоны и отзывы",medical,spravker,krasnodar,https://krasnodar.spravker.ru/apteki/,0.70
+79002401252,"Аптеки в Краснодаре - адреса, телефоны и отзывы",medical,spravker,krasnodar,https://krasnodar.spravker.ru/apteki/,0.70
+79002422342,"Стоматологические клиники и центры в Краснодаре - адреса, телефоны и отзывы",medical,spravker,krasnodar,https://krasnodar.spravker.ru/stomatologicheskie-kliniki-i-tsentryi/,0.70
+79002555851,"Аптеки в Краснодаре - адреса, телефоны и отзывы",medical,spravker,krasnodar,https://krasnodar.spravker.ru/apteki/,0.70
+79002632381,"Стоматологические клиники и центры в Краснодаре - адреса, телефоны и отзывы",medical,spravker,krasnodar,https://krasnodar.spravker.ru/stomatologicheskie-kliniki-i-tsentryi/,0.70
+79002729262,"Аптеки в Краснодаре - адреса, телефоны и отзывы",medical,spravker,krasnodar,https://krasnodar.spravker.ru/apteki/,0.70
+79002733700,"Стоматологические клиники и центры в Краснодаре - адреса, телефоны и отзывы",medical,spravker,krasnodar,https://krasnodar.spravker.ru/stomatologicheskie-kliniki-i-tsentryi/,0.70
+79002833535,"Стоматологические поликлиники в Краснодаре - адреса, телефоны и отзывы",medical,spravker,krasnodar,https://krasnodar.spravker.ru/stomatologicheskie-polikliniki/,0.70
+79003008285,"Медцентры и клиники в Воронеже - адреса, телефоны и отзывы",medical,spravker,voronezh,https://voronezh.spravker.ru/medtsentryi-i-kliniki/,0.70
+79003042600,"Стоматологические поликлиники в Воронеже - адреса, телефоны и отзывы",medical,spravker,voronezh,https://voronezh.spravker.ru/stomatologicheskie-polikliniki/,0.70
+79003074516,"Медцентры и клиники в Воронеже - адреса, телефоны и отзывы",medical,spravker,voronezh,https://voronezh.spravker.ru/medtsentryi-i-kliniki/,0.70
+79009332973,"Медцентры и клиники в Воронеже - адреса, телефоны и отзывы",medical,spravker,voronezh,https://voronezh.spravker.ru/medtsentryi-i-kliniki/,0.70
+79009473788,"Больницы в Челябинске - адреса, телефоны и отзывы",medical,spravker,chelyabinsk,https://chelyabinsk.spravker.ru/bolnicy/,0.70
+79011297700,"Медцентры и клиники в Воронеже - адреса, телефоны и отзывы",medical,spravker,voronezh,https://voronezh.spravker.ru/medtsentryi-i-kliniki/,0.70
+79011321680,"Стоматологические поликлиники в Санкт-Петербурге - адреса, телефоны и отзывы",medical,spravker,spb,https://spb.spravker.ru/stomatologicheskie-polikliniki/,0.70
+79011432658,"Стоматологические клиники и центры в Казани - адреса, телефоны и отзывы",medical,spravker,kzn,https://kazan.spravker.ru/stomatologicheskie-kliniki-i-tsentryi/,0.70
+79011432674,"Стоматологические поликлиники в Казани - адреса, телефоны и отзывы",medical,spravker,kzn,https://kazan.spravker.ru/stomatologicheskie-polikliniki/,0.70
+79011432761,"Стоматологические клиники и центры в Казани - адреса, телефоны и отзывы",medical,spravker,kzn,https://kazan.spravker.ru/stomatologicheskie-kliniki-i-tsentryi/,0.70
+79011433280,"Стоматологические клиники и центры в Казани - адреса, телефоны и отзывы",medical,spravker,kzn,https://kazan.spravker.ru/stomatologicheskie-kliniki-i-tsentryi/,0.70
+79011475623,"Больницы в Москве - адреса, телефоны и отзывы",medical,spravker,msk,https://msk.spravker.ru/bolnicy/,0.70
+79012304408,"Медцентры и клиники в Екатеринбурге - адреса, телефоны и отзывы",medical,spravker,ekb,https://ekaterinburg.spravker.ru/medtsentryi-i-kliniki/,0.70
+79012451357,"Медцентры и клиники в Челябинске - адреса, телефоны и отзывы",medical,spravker,chelyabinsk,https://chelyabinsk.spravker.ru/medtsentryi-i-kliniki/,0.70
+79012451420,Стоматология ЕвроСмайл,medical,zoon,chelyabinsk,https://zoon.ru/chelyabinsk/medical/,0.70
+79012452352,Стоматологическая клиника Дента на улице Молодогвардейцев,medical,zoon,chelyabinsk,https://zoon.ru/chelyabinsk/medical/,0.70
+79012452791,Офтальмологическая клиника Санта на улице Энгельса,medical,zoon,chelyabinsk,https://zoon.ru/chelyabinsk/medical/,0.70
+79012452875,"Стоматологическая клиника Скай-дент на улице Болейко, 2а",medical,zoon,chelyabinsk,https://zoon.ru/chelyabinsk/medical/,0.70
+79012453380,Клиника ММЦ Онкоцентр,medical,zoon,chelyabinsk,https://zoon.ru/chelyabinsk/medical/,0.70
+79012453683,Диагностическая клиника МРТ Поиск на улице Воровского,medical,zoon,chelyabinsk,https://zoon.ru/chelyabinsk/medical/,0.70
+79012455033,"Стоматологические поликлиники в Челябинске - адреса, телефоны и отзывы",medical,spravker,chelyabinsk,https://chelyabinsk.spravker.ru/stomatologicheskie-polikliniki/,0.70
+79012455046,Центр МРТ-диагностики ЛДЦ МИБС,medical,zoon,chelyabinsk,https://zoon.ru/chelyabinsk/medical/,0.70
+79012455824,"Больницы в Челябинске - адреса, телефоны и отзывы",medical,spravker,chelyabinsk,https://chelyabinsk.spravker.ru/bolnicy/,0.70
+79012455884,"Медцентры и клиники в Челябинске - адреса, телефоны и отзывы",medical,spravker,chelyabinsk,https://chelyabinsk.spravker.ru/medtsentryi-i-kliniki/,0.70
+79012457187,Стоматология Дантист на Комсомольском проспекте,medical,zoon,chelyabinsk,https://zoon.ru/chelyabinsk/medical/,0.70
+79012457387,"Больницы в Челябинске - адреса, телефоны и отзывы",medical,spravker,chelyabinsk,https://chelyabinsk.spravker.ru/bolnicy/,0.70
+79012457935,"Больницы в Челябинске - адреса, телефоны и отзывы",medical,spravker,chelyabinsk,https://chelyabinsk.spravker.ru/bolnicy/,0.70
+79012458067,Стоматологическая клиника Sola,medical,zoon,chelyabinsk,https://zoon.ru/chelyabinsk/medical/,0.70
+79012459355,Стоматологическая клиника ОртоБьюти на Комсомольском проспекте,medical,zoon,chelyabinsk,https://zoon.ru/chelyabinsk/medical/,0.70
+79012462051,"Стоматологические клиники и центры в Краснодаре - адреса, телефоны и отзывы",medical,spravker,krasnodar,https://krasnodar.spravker.ru/stomatologicheskie-kliniki-i-tsentryi/,0.70
+79012462284,Семейная стоматология ДЕЛЬФИН на улице Тюляева,medical,zoon,krasnodar,https://zoon.ru/krasnodar/medical/,0.70
+79012462431,Стоматологическая клиника Аристидис Дентал в Прикубанском округе,medical,zoon,krasnodar,https://zoon.ru/krasnodar/medical/,0.70
+79012463107,Стоматология Buga Dental Clinic на улице Пушкина,medical,zoon,krasnodar,https://zoon.ru/krasnodar/medical/,0.70
+79012463261,Стоматология Новая Эра,medical,zoon,krasnodar,https://zoon.ru/krasnodar/medical/,0.70
+79012463421,Стоматология ОРТОДОНТиЯ в Центральном округе,medical,zoon,krasnodar,https://zoon.ru/krasnodar/medical/,0.70
+79012463897,Многопрофильный медицинский центр Академик,medical,zoon,krasnodar,https://zoon.ru/krasnodar/medical/,0.70
+79012464299,Стоматологическая клиника Веста-Дент,medical,zoon,krasnodar,https://zoon.ru/krasnodar/medical/,0.70
+79012497886,Эстетическая стоматология ЭстетикАрт на улице Учителей на метро Машиностроителей,medical,zoon,ekb,https://zoon.ru/ekb/medical/,0.70
+79012497920,Центр китайской медицины на метро Ботаническая,medical,zoon,ekb,https://zoon.ru/ekb/medical/,0.70
+79012497988,"Стоматологические поликлиники в Екатеринбурге - адреса, телефоны и отзывы",medical,spravker,ekb,https://ekaterinburg.spravker.ru/stomatologicheskie-polikliniki/,0.70
+79012498068,Стоматология Фарма-Дент на улице 40-летия Октября,medical,zoon,ekb,https://zoon.ru/ekb/medical/,0.70
+79012498298,"Клиника остеопатии, неврологии и психологии на Московской улице, 37",medical,zoon,ekb,https://zoon.ru/ekb/medical/,0.70
+79012498359,ЕВРОПЕЙСКИЙ СТОМАТОЛОГИЧЕСКИЙ ЦЕНТР на улице 8 Марта,medical,zoon,ekb,https://zoon.ru/ekb/medical/,0.70
+79012498378,Стоматологическая студия Скульптура Чарли в ТДЦ Европа,medical,zoon,ekb,https://zoon.ru/ekb/medical/,0.70
+79012498460,"Стоматологические клиники и центры в Екатеринбурге - адреса, телефоны и отзывы",medical,spravker,ekb,https://ekaterinburg.spravker.ru/stomatologicheskie-kliniki-i-tsentryi/,0.70
+79012498519,Наркологическая клиника Neoplus,medical,zoon,ekb,https://zoon.ru/ekb/medical/,0.70
+79012498591,Медицинский диагностический центр МРТ-Урал,medical,zoon,ekb,https://zoon.ru/ekb/medical/,0.70
+79012498870,Многопрофильный медицинский центр Кабинет врача,medical,zoon,ekb,https://zoon.ru/ekb/medical/,0.70
+79012498872,Стоматологическая клиника РА на улице Бородина,medical,zoon,ekb,https://zoon.ru/ekb/medical/,0.70
+79012499025,"Медицинский центр Диагностика плюс на улице Соболева, 19",medical,zoon,ekb,https://zoon.ru/ekb/medical/,0.70
+79012499483,Стоматологическая клиника Континент-дент,medical,zoon,ekb,https://zoon.ru/ekb/medical/,0.70
+79012499785,"Стоматологические поликлиники в Екатеринбурге - адреса, телефоны и отзывы",medical,spravker,ekb,https://ekaterinburg.spravker.ru/stomatologicheskie-polikliniki/,0.70
+79012564887,Центр традиционного акушерства и семейной медицины на метро Октябрьское поле,medical,zoon,msk,https://zoon.ru/msk/medical/,0.70
+79012566240,Лаборатория возможностей тела BODYES на метро ВДНХ,medical,zoon,msk,https://zoon.ru/msk/fitness/,0.70
+79012566322,Клиника Доктора Назимовой на проспекте Вернадского,medical,zoon,msk,https://zoon.ru/msk/medical/,0.70
+79012566331,Стоматология АНИДЕНТ на метро Измайловская,medical,zoon,msk,https://zoon.ru/msk/medical/,0.70
+79012567906,Клиника Омниус на Мосфильмовской улице,medical,zoon,msk,https://zoon.ru/msk/medical/,0.70
+79012568025,Стоматологическая клиника BrainMark Dental Studio на Щёлковском шоссе,medical,zoon,msk,https://zoon.ru/msk/medical/,0.70
+79012584326,Стоматологическая клиника Балестом на Липецкой улице,medical,zoon,msk,https://zoon.ru/msk/medical/,0.70
+79012585802,"Стоматологические поликлиники в Москве - адреса, телефоны и отзывы",medical,spravker,msk,https://msk.spravker.ru/stomatologicheskie-polikliniki/,0.70
+79014370949,"Стоматологические клиники и центры в Екатеринбурге - адреса, телефоны и отзывы",medical,spravker,ekb,https://ekaterinburg.spravker.ru/stomatologicheskie-kliniki-i-tsentryi/,0.70
+79014941053,"Диагностические центры в Краснодаре - адреса, телефоны и отзывы",medical,spravker,krasnodar,https://krasnodar.spravker.ru/diagnosticheskie-tsentryi/,0.70
+79015766570,"Стоматологические поликлиники в Москве - адреса, телефоны и отзывы",medical,spravker,msk,https://msk.spravker.ru/stomatologicheskie-polikliniki/,0.70
+79017794704,"Диагностические центры в Москве - адреса, телефоны и отзывы",medical,spravker,msk,https://msk.spravker.ru/diagnosticheskie-tsentryi/,0.70
+79017794747,"Диагностические центры в Москве - адреса, телефоны и отзывы",medical,spravker,msk,https://msk.spravker.ru/diagnosticheskie-tsentryi/,0.70
+79018119988,"Медцентры и клиники в Уфе - адреса, телефоны и отзывы",medical,spravker,ufa,https://ufa.spravker.ru/medtsentryi-i-kliniki/,0.70
+79018120303,"Медцентры и клиники в Уфе - адреса, телефоны и отзывы",medical,spravker,ufa,https://ufa.spravker.ru/medtsentryi-i-kliniki/,0.70
+79018170303,"Медцентры и клиники в Уфе - адреса, телефоны и отзывы",medical,spravker,ufa,https://ufa.spravker.ru/medtsentryi-i-kliniki/,0.70
+79024693896,"Клиника косметологии и эпиляции ЭпилХаус на улице Коминтерна, 12 в Королёве",medical,zoon,msk,https://zoon.ru/msk/beauty/,0.70
+79024695316,Стоматологическая клиника Столица,medical,zoon,msk,https://zoon.ru/msk/medical/,0.70
+79024698915,Клиника косметологии «Эксперт» в Южном Бутово,medical,zoon,msk,https://zoon.ru/msk/medical/,0.70
+79026085126,"Больницы в Челябинске - адреса, телефоны и отзывы",medical,spravker,chelyabinsk,https://chelyabinsk.spravker.ru/bolnicy/,0.70
+79028716473,"Стоматологические поликлиники в Екатеринбурге - адреса, телефоны и отзывы",medical,spravker,ekb,https://ekaterinburg.spravker.ru/stomatologicheskie-polikliniki/,0.70
+79030864155,"Стоматологические клиники и центры в Екатеринбурге - адреса, телефоны и отзывы",medical,spravker,ekb,https://ekaterinburg.spravker.ru/stomatologicheskie-kliniki-i-tsentryi/,0.70
+79030886088,Клиника косметологии Ксении Игонченковой,medical,zoon,chelyabinsk,https://zoon.ru/chelyabinsk/beauty/,0.70
+79030893440,"Больницы в Челябинске - адреса, телефоны и отзывы",medical,spravker,chelyabinsk,https://chelyabinsk.spravker.ru/bolnicy/,0.70
+79031306194,"Аптеки в Краснодаре - адреса, телефоны и отзывы",medical,spravker,krasnodar,https://krasnodar.spravker.ru/apteki/,0.70
+79031360033,"Диагностические центры в Москве - адреса, телефоны и отзывы",medical,spravker,msk,https://msk.spravker.ru/diagnosticheskie-tsentryi/,0.70
+79033100033,"Стоматологические клиники и центры в Уфе - адреса, телефоны и отзывы",medical,spravker,ufa,https://ufa.spravker.ru/stomatologicheskie-kliniki-i-tsentryi/,0.70
+79034207665,"Медцентры и клиники в Воронеже - адреса, телефоны и отзывы",medical,spravker,voronezh,https://voronezh.spravker.ru/medtsentryi-i-kliniki/,0.70
+79034507272,"Стоматологические клиники и центры в Краснодаре - адреса, телефоны и отзывы",medical,spravker,krasnodar,https://krasnodar.spravker.ru/stomatologicheskie-kliniki-i-tsentryi/,0.70
+79034666131,"Стоматологические клиники и центры в Краснодаре - адреса, телефоны и отзывы",medical,spravker,krasnodar,https://krasnodar.spravker.ru/stomatologicheskie-kliniki-i-tsentryi/,0.70
+79036512000,"Медцентры и клиники в Воронеже - адреса, телефоны и отзывы",medical,spravker,voronezh,https://voronezh.spravker.ru/medtsentryi-i-kliniki/,0.70
+79036536900,"Стоматологические поликлиники в Воронеже - адреса, телефоны и отзывы",medical,spravker,voronezh,https://voronezh.spravker.ru/stomatologicheskie-polikliniki/,0.70
+79037248281,"Диагностические центры в Москве - адреса, телефоны и отзывы",medical,spravker,msk,https://msk.spravker.ru/diagnosticheskie-tsentryi/,0.70
+79037280278,"Больницы в Москве - адреса, телефоны и отзывы",medical,spravker,msk,https://msk.spravker.ru/bolnicy/,0.70
+79037533336,"Стоматологические клиники и центры в Москве - адреса, телефоны и отзывы",medical,spravker,msk,https://msk.spravker.ru/stomatologicheskie-kliniki-i-tsentryi/,0.70
+79037900779,"Медцентры и клиники в Москве - адреса, телефоны и отзывы",medical,spravker,msk,https://msk.spravker.ru/medtsentryi-i-kliniki/,0.70
+79038585108,"Диагностические центры в Воронеже - адреса, телефоны и отзывы",medical,spravker,voronezh,https://voronezh.spravker.ru/diagnosticheskie-tsentryi/,0.70
+79038586117,"Медцентры и клиники в Воронеже - адреса, телефоны и отзывы",medical,spravker,voronezh,https://voronezh.spravker.ru/medtsentryi-i-kliniki/,0.70
+79038586871,"Диагностические центры в Воронеже - адреса, телефоны и отзывы",medical,spravker,voronezh,https://voronezh.spravker.ru/diagnosticheskie-tsentryi/,0.70
+79041600052,"Стоматологические клиники и центры в Екатеринбурге - адреса, телефоны и отзывы",medical,spravker,ekb,https://ekaterinburg.spravker.ru/stomatologicheskie-kliniki-i-tsentryi/,0.70
+79041717641,"Стоматологические клиники и центры в Екатеринбурге - адреса, телефоны и отзывы",medical,spravker,ekb,https://ekaterinburg.spravker.ru/stomatologicheskie-kliniki-i-tsentryi/,0.70
+79041772244,"Стоматологические поликлиники в Екатеринбурге - адреса, телефоны и отзывы",medical,spravker,ekb,https://ekaterinburg.spravker.ru/stomatologicheskie-polikliniki/,0.70
+79041784187,"Стоматологические клиники и центры в Екатеринбурге - адреса, телефоны и отзывы",medical,spravker,ekb,https://ekaterinburg.spravker.ru/stomatologicheskie-kliniki-i-tsentryi/,0.70
+79045446045,"Стоматологические клиники и центры в Екатеринбурге - адреса, телефоны и отзывы",medical,spravker,ekb,https://ekaterinburg.spravker.ru/stomatologicheskie-kliniki-i-tsentryi/,0.70
+79045491154,"Стоматологические клиники и центры в Екатеринбурге - адреса, телефоны и отзывы",medical,spravker,ekb,https://ekaterinburg.spravker.ru/stomatologicheskie-kliniki-i-tsentryi/,0.70
+79045670824,Наркологическая клиника АЛКОМЕД на метро Волгоградский проспект в Таганском районе,medical,zoon,msk,https://zoon.ru/msk/medical/,0.70
+79045670892,Стоматология Про Фэмили Дент на Кутузовской улице в Одинцово,medical,zoon,msk,https://zoon.ru/msk/medical/,0.70
+79045672188,Стоматологический центр СтомТайм на метро Нахимовский проспект,medical,zoon,msk,https://zoon.ru/msk/medical/,0.70
+79045675641,Стоматологическая клиника ПрофиСмайл на Бородинском бульваре в Подольске,medical,zoon,msk,https://zoon.ru/msk/medical/,0.70
+79045676705,"Стоматологические поликлиники в Москве - адреса, телефоны и отзывы",medical,spravker,msk,https://msk.spravker.ru/stomatologicheskie-polikliniki/,0.70
+79045678907,Медицинский центр Здоровье плюс на Варшавском шоссе,medical,zoon,msk,https://zoon.ru/msk/medical/,0.70
+79045679206,Стоматология Доктор Хардиков,medical,zoon,msk,https://zoon.ru/msk/medical/,0.70
+79045679349,Медицинский центр Золотые руки на Привокзальной площади в Зеленограде,medical,zoon,msk,https://zoon.ru/msk/medical/,0.70
+79045679438,Клиника лечения и реабилитации спины и суставов Золотые руки в Митино,medical,zoon,msk,https://zoon.ru/msk/medical/,0.70
+79045679609,"Медцентры и клиники в Москве - адреса, телефоны и отзывы",medical,spravker,msk,https://msk.spravker.ru/medtsentryi-i-kliniki/,0.70
+79045679951,Клиника АО «Медицина» (клиника академика Ройтберга) на метро Маяковская,medical,zoon,msk,https://zoon.ru/msk/medical/,0.70
+79045679965,Центр стоматологии для детей и взрослых Добрый Крокодил,medical,zoon,msk,https://zoon.ru/msk/medical/,0.70
+79045680120,Стоматология Жемчужина в Электростали,medical,zoon,msk,https://zoon.ru/msk/medical/,0.70
+79045680843,Клиника здоровья суставов и позвоночника доктора Карева на метро Бульвар Дмитрия Донского,medical,zoon,msk,https://zoon.ru/msk/medical/,0.70
+79045680976,Центр дентальной имплантологии и семейной стоматологии МС-ДентаКлиник на Центральной улице в Долгопрудном,medical,zoon,msk,https://zoon.ru/msk/medical/,0.70
+79045692460,Лаборатория возможностей тела BODYES в Мытищах,medical,zoon,msk,https://zoon.ru/msk/fitness/,0.70
+79046620408,"Стоматологические поликлиники в Казани - адреса, телефоны и отзывы",medical,spravker,kzn,https://kazan.spravker.ru/stomatologicheskie-polikliniki/,0.70
+79046703343,"Стоматологические клиники и центры в Казани - адреса, телефоны и отзывы",medical,spravker,kzn,https://kazan.spravker.ru/stomatologicheskie-kliniki-i-tsentryi/,0.70
+79047143540,"Стоматологические клиники и центры в Казани - адреса, телефоны и отзывы",medical,spravker,kzn,https://kazan.spravker.ru/stomatologicheskie-kliniki-i-tsentryi/,0.70
+79047355813,"Стоматологические клиники и центры в Уфе - адреса, телефоны и отзывы",medical,spravker,ufa,https://ufa.spravker.ru/stomatologicheskie-kliniki-i-tsentryi/,0.70
+79047374127,"Медцентры и клиники в Уфе - адреса, телефоны и отзывы",medical,spravker,ufa,https://ufa.spravker.ru/medtsentryi-i-kliniki/,0.70
+79047662371,"Стоматологические поликлиники в Казани - адреса, телефоны и отзывы",medical,spravker,kzn,https://kazan.spravker.ru/stomatologicheskie-polikliniki/,0.70
+79048062728,"Стоматологические клиники и центры в Челябинске - адреса, телефоны и отзывы",medical,spravker,chelyabinsk,https://chelyabinsk.spravker.ru/stomatologicheskie-kliniki-i-tsentryi/,0.70
+79049392020,"Медцентры и клиники в Челябинске - адреса, телефоны и отзывы",medical,spravker,chelyabinsk,https://chelyabinsk.spravker.ru/medtsentryi-i-kliniki/,0.70
+79049477084,"Больницы в Челябинске - адреса, телефоны и отзывы",medical,spravker,chelyabinsk,https://chelyabinsk.spravker.ru/bolnicy/,0.70
+79049483313,"Стоматологические клиники и центры в Челябинске - адреса, телефоны и отзывы",medical,spravker,chelyabinsk,https://chelyabinsk.spravker.ru/stomatologicheskie-kliniki-i-tsentryi/,0.70
+79050011889,"Стоматологические клиники и центры в Уфе - адреса, телефоны и отзывы",medical,spravker,ufa,https://ufa.spravker.ru/stomatologicheskie-kliniki-i-tsentryi/,0.70
+79050512228,"Медцентры и клиники в Воронеже - адреса, телефоны и отзывы",medical,spravker,voronezh,https://voronezh.spravker.ru/medtsentryi-i-kliniki/,0.70
+79051226959,"Медцентры и клиники в Воронеже - адреса, телефоны и отзывы",medical,spravker,voronezh,https://voronezh.spravker.ru/medtsentryi-i-kliniki/,0.70
+79052229557,"Стоматологические поликлиники в Санкт-Петербурге - адреса, телефоны и отзывы",medical,spravker,spb,https://spb.spravker.ru/stomatologicheskie-polikliniki/,0.70
+79053098743,"Стоматологические клиники и центры в Уфе - адреса, телефоны и отзывы",medical,spravker,ufa,https://ufa.spravker.ru/stomatologicheskie-kliniki-i-tsentryi/,0.70
+79053164334,"Стоматологические клиники и центры в Казани - адреса, телефоны и отзывы",medical,spravker,kzn,https://kazan.spravker.ru/stomatologicheskie-kliniki-i-tsentryi/,0.70
+79057715773,"Больницы в Москве - адреса, телефоны и отзывы",medical,spravker,msk,https://msk.spravker.ru/bolnicy/,0.70
+79058031111,"Стоматологические клиники и центры в Екатеринбурге - адреса, телефоны и отзывы",medical,spravker,ekb,https://ekaterinburg.spravker.ru/stomatologicheskie-kliniki-i-tsentryi/,0.70
+79058304091,"Аптеки в Челябинске - адреса, телефоны и отзывы",medical,spravker,chelyabinsk,https://chelyabinsk.spravker.ru/apteki/,0.70
+79061081373,"Медцентры и клиники в Уфе - адреса, телефоны и отзывы",medical,spravker,ufa,https://ufa.spravker.ru/medtsentryi-i-kliniki/,0.70
+79063777799,"Диагностические центры в Уфе - адреса, телефоны и отзывы",medical,spravker,ufa,https://ufa.spravker.ru/diagnosticheskie-tsentryi/,0.70
+79068693974,Медицинский центр Прогрессивная диагностика,medical,zoon,chelyabinsk,https://zoon.ru/chelyabinsk/medical/,0.70
+79080657546,"Аптеки в Челябинске - адреса, телефоны и отзывы",medical,spravker,chelyabinsk,https://chelyabinsk.spravker.ru/apteki/,0.70
+79080697000,"Стоматологические клиники и центры в Челябинске - адреса, телефоны и отзывы",medical,spravker,chelyabinsk,https://chelyabinsk.spravker.ru/stomatologicheskie-kliniki-i-tsentryi/,0.70
+79080818548,"Диагностические центры в Челябинске - адреса, телефоны и отзывы",medical,spravker,chelyabinsk,https://chelyabinsk.spravker.ru/diagnosticheskie-tsentryi/,0.70
+79080890025,"Стоматологические поликлиники в Челябинске - адреса, телефоны и отзывы",medical,spravker,chelyabinsk,https://chelyabinsk.spravker.ru/stomatologicheskie-polikliniki/,0.70
+79080911312,"Медцентры и клиники в Челябинске - адреса, телефоны и отзывы",medical,spravker,chelyabinsk,https://chelyabinsk.spravker.ru/medtsentryi-i-kliniki/,0.70
+79081467963,"Стоматологические поликлиники в Воронеже - адреса, телефоны и отзывы",medical,spravker,voronezh,https://voronezh.spravker.ru/stomatologicheskie-polikliniki/,0.70
+79085817697,"Медцентры и клиники в Челябинске - адреса, телефоны и отзывы",medical,spravker,chelyabinsk,https://chelyabinsk.spravker.ru/medtsentryi-i-kliniki/,0.70
+79085836774,"Стоматологические поликлиники в Челябинске - адреса, телефоны и отзывы",medical,spravker,chelyabinsk,https://chelyabinsk.spravker.ru/stomatologicheskie-polikliniki/,0.70
+79085869090,"Стоматологические клиники и центры в Челябинске - адреса, телефоны и отзывы",medical,spravker,chelyabinsk,https://chelyabinsk.spravker.ru/stomatologicheskie-kliniki-i-tsentryi/,0.70
+79086301051,"Стоматологические клиники и центры в Екатеринбурге - адреса, телефоны и отзывы",medical,spravker,ekb,https://ekaterinburg.spravker.ru/stomatologicheskie-kliniki-i-tsentryi/,0.70
+79087006068,"Больницы в Челябинске - адреса, телефоны и отзывы",medical,spravker,chelyabinsk,https://chelyabinsk.spravker.ru/bolnicy/,0.70
+79087056250,"Стоматологические клиники и центры в Челябинске - адреса, телефоны и отзывы",medical,spravker,chelyabinsk,https://chelyabinsk.spravker.ru/stomatologicheskie-kliniki-i-tsentryi/,0.70
+79089142806,"Медцентры и клиники в Екатеринбурге - адреса, телефоны и отзывы",medical,spravker,ekb,https://ekaterinburg.spravker.ru/medtsentryi-i-kliniki/,0.70
+79090050002,"Медцентры и клиники в Екатеринбурге - адреса, телефоны и отзывы",medical,spravker,ekb,https://ekaterinburg.spravker.ru/medtsentryi-i-kliniki/,0.70
+79090188675,Эстетическая стоматология ЭстетикАрт на Родонитовой улице,medical,zoon,ekb,https://zoon.ru/ekb/medical/,0.70
+79090779090,"Больницы в Челябинске - адреса, телефоны и отзывы",medical,spravker,chelyabinsk,https://chelyabinsk.spravker.ru/bolnicy/,0.70
+79094538923,"Стоматологические поликлиники в Краснодаре - адреса, телефоны и отзывы",medical,spravker,krasnodar,https://krasnodar.spravker.ru/stomatologicheskie-polikliniki/,0.70
+79099815926,"Стоматологические клиники и центры в Москве - адреса, телефоны и отзывы",medical,spravker,msk,https://msk.spravker.ru/stomatologicheskie-kliniki-i-tsentryi/,0.70
+79100390777,"Медцентры и клиники в Воронеже - адреса, телефоны и отзывы",medical,spravker,voronezh,https://voronezh.spravker.ru/medtsentryi-i-kliniki/,0.70
+79100414064,"Диагностические центры в Воронеже - адреса, телефоны и отзывы",medical,spravker,voronezh,https://voronezh.spravker.ru/diagnosticheskie-tsentryi/,0.70
+79101010434,"Аптеки в Москве - адреса, телефоны и отзывы",medical,spravker,msk,https://msk.spravker.ru/apteki/,0.70
+79102407912,"Диагностические центры в Воронеже - адреса, телефоны и отзывы",medical,spravker,voronezh,https://voronezh.spravker.ru/diagnosticheskie-tsentryi/,0.70
+79102872394,"Диагностические центры в Воронеже - адреса, телефоны и отзывы",medical,spravker,voronezh,https://voronezh.spravker.ru/diagnosticheskie-tsentryi/,0.70
+79103407709,Частная стоматология Малина в Новой Усмани,medical,zoon,voronezh,https://zoon.ru/voronezh/medical/,0.70
+79104570303,"Стоматологические клиники и центры в Москве - адреса, телефоны и отзывы",medical,spravker,msk,https://msk.spravker.ru/stomatologicheskie-kliniki-i-tsentryi/,0.70
+79104925511,"Больницы в Москве - адреса, телефоны и отзывы",medical,spravker,msk,https://msk.spravker.ru/bolnicy/,0.70
+79107497078,"Стоматологические поликлиники в Воронеже - адреса, телефоны и отзывы",medical,spravker,voronezh,https://voronezh.spravker.ru/stomatologicheskie-polikliniki/,0.70
+79110027885,"Диагностические центры в Санкт-Петербурге - адреса, телефоны и отзывы",medical,spravker,spb,https://spb.spravker.ru/diagnosticheskie-tsentryi/,0.70
+79110030101,"Стоматологические поликлиники в Санкт-Петербурге - адреса, телефоны и отзывы",medical,spravker,spb,https://spb.spravker.ru/stomatologicheskie-polikliniki/,0.70
+79111224372,"Стоматологические поликлиники в Санкт-Петербурге - адреса, телефоны и отзывы",medical,spravker,spb,https://spb.spravker.ru/stomatologicheskie-polikliniki/,0.70
+79112421777,"Стоматологические поликлиники в Санкт-Петербурге - адреса, телефоны и отзывы",medical,spravker,spb,https://spb.spravker.ru/stomatologicheskie-polikliniki/,0.70
+79112713866,"Стоматологические поликлиники в Санкт-Петербурге - адреса, телефоны и отзывы",medical,spravker,spb,https://spb.spravker.ru/stomatologicheskie-polikliniki/,0.70
+79112772141,"Диагностические центры в Санкт-Петербурге - адреса, телефоны и отзывы",medical,spravker,spb,https://spb.spravker.ru/diagnosticheskie-tsentryi/,0.70
+79112937969,"Стоматологические поликлиники в Санкт-Петербурге - адреса, телефоны и отзывы",medical,spravker,spb,https://spb.spravker.ru/stomatologicheskie-polikliniki/,0.70
+79117579347,"Диагностические центры в Санкт-Петербурге - адреса, телефоны и отзывы",medical,spravker,spb,https://spb.spravker.ru/diagnosticheskie-tsentryi/,0.70
+79118335158,"Стоматологические поликлиники в Санкт-Петербурге - адреса, телефоны и отзывы",medical,spravker,spb,https://spb.spravker.ru/stomatologicheskie-polikliniki/,0.70
+79119220932,"Стоматологические поликлиники в Санкт-Петербурге - адреса, телефоны и отзывы",medical,spravker,spb,https://spb.spravker.ru/stomatologicheskie-polikliniki/,0.70
+79119232503,"Диагностические центры в Санкт-Петербурге - адреса, телефоны и отзывы",medical,spravker,spb,https://spb.spravker.ru/diagnosticheskie-tsentryi/,0.70
+79119649617,"Стоматологические поликлиники в Санкт-Петербурге - адреса, телефоны и отзывы",medical,spravker,spb,https://spb.spravker.ru/stomatologicheskie-polikliniki/,0.70
+79120367628,"Стоматологические клиники и центры в Екатеринбурге - адреса, телефоны и отзывы",medical,spravker,ekb,https://ekaterinburg.spravker.ru/stomatologicheskie-kliniki-i-tsentryi/,0.70
+79120455575,"Стоматологические клиники и центры в Екатеринбурге - адреса, телефоны и отзывы",medical,spravker,ekb,https://ekaterinburg.spravker.ru/stomatologicheskie-kliniki-i-tsentryi/,0.70
+79120455945,"Медцентры и клиники в Екатеринбурге - адреса, телефоны и отзывы",medical,spravker,ekb,https://ekaterinburg.spravker.ru/medtsentryi-i-kliniki/,0.70
+79120470479,"Аптеки в Екатеринбурге - адреса, телефоны и отзывы",medical,spravker,ekb,https://ekaterinburg.spravker.ru/apteki/,0.70
+79122049920,"Стоматологические поликлиники в Екатеринбурге - адреса, телефоны и отзывы",medical,spravker,ekb,https://ekaterinburg.spravker.ru/stomatologicheskie-polikliniki/,0.70
+79122336555,"Медцентры и клиники в Екатеринбурге - адреса, телефоны и отзывы",medical,spravker,ekb,https://ekaterinburg.spravker.ru/medtsentryi-i-kliniki/,0.70
+79122464919,"Стоматологические клиники и центры в Екатеринбурге - адреса, телефоны и отзывы",medical,spravker,ekb,https://ekaterinburg.spravker.ru/stomatologicheskie-kliniki-i-tsentryi/,0.70
+79122702385,"Стоматологические поликлиники в Екатеринбурге - адреса, телефоны и отзывы",medical,spravker,ekb,https://ekaterinburg.spravker.ru/stomatologicheskie-polikliniki/,0.70
+79122861216,"Медцентры и клиники в Екатеринбурге - адреса, телефоны и отзывы",medical,spravker,ekb,https://ekaterinburg.spravker.ru/medtsentryi-i-kliniki/,0.70
+79124065656,"Медцентры и клиники в Челябинске - адреса, телефоны и отзывы",medical,spravker,chelyabinsk,https://chelyabinsk.spravker.ru/medtsentryi-i-kliniki/,0.70
+79126003099,"Стоматологические клиники и центры в Екатеринбурге - адреса, телефоны и отзывы",medical,spravker,ekb,https://ekaterinburg.spravker.ru/stomatologicheskie-kliniki-i-tsentryi/,0.70
+79126051955,"Стоматологические клиники и центры в Екатеринбурге - адреса, телефоны и отзывы",medical,spravker,ekb,https://ekaterinburg.spravker.ru/stomatologicheskie-kliniki-i-tsentryi/,0.70
+79126206873,"Медцентры и клиники в Екатеринбурге - адреса, телефоны и отзывы",medical,spravker,ekb,https://ekaterinburg.spravker.ru/medtsentryi-i-kliniki/,0.70
+79126309601,Клиника неврологии Первоздрав на улице Шейнкмана,medical,zoon,ekb,https://zoon.ru/ekb/medical/,0.70
+79126399541,"Диагностические центры в Краснодаре - адреса, телефоны и отзывы",medical,spravker,krasnodar,https://krasnodar.spravker.ru/diagnosticheskie-tsentryi/,0.70
+79126616648,"Стоматологические поликлиники в Екатеринбурге - адреса, телефоны и отзывы",medical,spravker,ekb,https://ekaterinburg.spravker.ru/stomatologicheskie-polikliniki/,0.70
+79126710099,"Стоматологические клиники и центры в Екатеринбурге - адреса, телефоны и отзывы",medical,spravker,ekb,https://ekaterinburg.spravker.ru/stomatologicheskie-kliniki-i-tsentryi/,0.70
+79126867163,"Стоматологические клиники и центры в Екатеринбурге - адреса, телефоны и отзывы",medical,spravker,ekb,https://ekaterinburg.spravker.ru/stomatologicheskie-kliniki-i-tsentryi/,0.70
+79127701087,"Стоматологические поликлиники в Челябинске - адреса, телефоны и отзывы",medical,spravker,chelyabinsk,https://chelyabinsk.spravker.ru/stomatologicheskie-polikliniki/,0.70
+79127902772,"Медцентры и клиники в Челябинске - адреса, телефоны и отзывы",medical,spravker,chelyabinsk,https://chelyabinsk.spravker.ru/medtsentryi-i-kliniki/,0.70
+79151067495,"Медцентры и клиники в Москве - адреса, телефоны и отзывы",medical,spravker,msk,https://msk.spravker.ru/medtsentryi-i-kliniki/,0.70
+79151458888,"Больницы в Москве - адреса, телефоны и отзывы",medical,spravker,msk,https://msk.spravker.ru/bolnicy/,0.70
+79153244554,"Диагностические центры в Москве - адреса, телефоны и отзывы",medical,spravker,msk,https://msk.spravker.ru/diagnosticheskie-tsentryi/,0.70
+79161423344,"Больницы в Москве - адреса, телефоны и отзывы",medical,spravker,msk,https://msk.spravker.ru/bolnicy/,0.70
+79164401139,"Стоматологические клиники и центры в Москве - адреса, телефоны и отзывы",medical,spravker,msk,https://msk.spravker.ru/stomatologicheskie-kliniki-i-tsentryi/,0.70
+79164697748,"Больницы в Москве - адреса, телефоны и отзывы",medical,spravker,msk,https://msk.spravker.ru/bolnicy/,0.70
+79168056314,"Аптеки в Москве - адреса, телефоны и отзывы",medical,spravker,msk,https://msk.spravker.ru/apteki/,0.70
+79168523040,"Больницы в Москве - адреса, телефоны и отзывы",medical,spravker,msk,https://msk.spravker.ru/bolnicy/,0.70
+79169427201,"Стоматологические клиники и центры в Москве - адреса, телефоны и отзывы",medical,spravker,msk,https://msk.spravker.ru/stomatologicheskie-kliniki-i-tsentryi/,0.70
+79170437963,"Стоматологические клиники и центры в Уфе - адреса, телефоны и отзывы",medical,spravker,ufa,https://ufa.spravker.ru/stomatologicheskie-kliniki-i-tsentryi/,0.70
+79170471777,"Медцентры и клиники в Уфе - адреса, телефоны и отзывы",medical,spravker,ufa,https://ufa.spravker.ru/medtsentryi-i-kliniki/,0.70
+79170481717,"Стоматологические клиники и центры в Уфе - адреса, телефоны и отзывы",medical,spravker,ufa,https://ufa.spravker.ru/stomatologicheskie-kliniki-i-tsentryi/,0.70
+79172250003,"Диагностические центры в Казани - адреса, телефоны и отзывы",medical,spravker,kzn,https://kazan.spravker.ru/diagnosticheskie-tsentryi/,0.70
+79172463776,"Медцентры и клиники в Казани - адреса, телефоны и отзывы",medical,spravker,kzn,https://kazan.spravker.ru/medtsentryi-i-kliniki/,0.70
+79172476688,"Стоматологические клиники и центры в Казани - адреса, телефоны и отзывы",medical,spravker,kzn,https://kazan.spravker.ru/stomatologicheskie-kliniki-i-tsentryi/,0.70
+79172844444,"Стоматологические клиники и центры в Казани - адреса, телефоны и отзывы",medical,spravker,kzn,https://kazan.spravker.ru/stomatologicheskie-kliniki-i-tsentryi/,0.70
+79172963545,"Стоматологические клиники и центры в Казани - адреса, телефоны и отзывы",medical,spravker,kzn,https://kazan.spravker.ru/stomatologicheskie-kliniki-i-tsentryi/,0.70
+79173417142,Клиника Шифалы,medical,zoon,ufa,https://zoon.ru/ufa/medical/,0.70
+79173436243,"Медцентры и клиники в Уфе - адреса, телефоны и отзывы",medical,spravker,ufa,https://ufa.spravker.ru/medtsentryi-i-kliniki/,0.70
+79173458001,"Стоматологические клиники и центры в Уфе - адреса, телефоны и отзывы",medical,spravker,ufa,https://ufa.spravker.ru/stomatologicheskie-kliniki-i-tsentryi/,0.70
+79173533969,"Стоматологические клиники и центры в Уфе - адреса, телефоны и отзывы",medical,spravker,ufa,https://ufa.spravker.ru/stomatologicheskie-kliniki-i-tsentryi/,0.70
+79173599039,"Диагностические центры в Уфе - адреса, телефоны и отзывы",medical,spravker,ufa,https://ufa.spravker.ru/diagnosticheskie-tsentryi/,0.70
+79173663900,"Стоматологические клиники и центры в Уфе - адреса, телефоны и отзывы",medical,spravker,ufa,https://ufa.spravker.ru/stomatologicheskie-kliniki-i-tsentryi/,0.70
+79173687121,"Стоматологические клиники и центры в Уфе - адреса, телефоны и отзывы",medical,spravker,ufa,https://ufa.spravker.ru/stomatologicheskie-kliniki-i-tsentryi/,0.70
+79173817268,"Стоматологические клиники и центры в Уфе - адреса, телефоны и отзывы",medical,spravker,ufa,https://ufa.spravker.ru/stomatologicheskie-kliniki-i-tsentryi/,0.70
+79173819633,Стоматологическая клиника Dental Hall на Комсомольской улице,medical,zoon,ufa,https://zoon.ru/ufa/medical/,0.70
+79173819875,Стоматология Витадент на улице Бабушкина,medical,zoon,ufa,https://zoon.ru/ufa/medical/,0.70
+79173820227,Стоматология Мастер ЗТЛ МП на улице Энгельса,medical,zoon,ufa,https://zoon.ru/ufa/medical/,0.70
+79173820266,Стоматологический кабинет ОртоМикс,medical,zoon,ufa,https://zoon.ru/ufa/medical/,0.70
+79174274921,"Стоматологические клиники и центры в Уфе - адреса, телефоны и отзывы",medical,spravker,ufa,https://ufa.spravker.ru/stomatologicheskie-kliniki-i-tsentryi/,0.70
+79174301515,"Медцентры и клиники в Уфе - адреса, телефоны и отзывы",medical,spravker,ufa,https://ufa.spravker.ru/medtsentryi-i-kliniki/,0.70
+79174304848,Стоматология Уфимская фабрика улыбок,medical,zoon,ufa,https://zoon.ru/ufa/medical/,0.70
+79174305359,Медицинский центр СЭЛ на Бакалинской улице,medical,zoon,ufa,https://zoon.ru/ufa/medical/,0.70
+79174305643,Клиника косметологии и салон красоты Woman Sens,medical,zoon,ufa,https://zoon.ru/ufa/beauty/,0.70
+79174307885,Стоматологическая клиника Exiline,medical,zoon,ufa,https://zoon.ru/ufa/medical/,0.70
+79174308036,"Центр семейной медицины на улице Куйбышева, 1 в Туймазах",medical,zoon,ufa,https://zoon.ru/ufa/medical/,0.70
+79174308134,Стоматология Мастер-Дент на улице Коммунаров,medical,zoon,ufa,https://zoon.ru/ufa/medical/,0.70
+79174318130,Стоматологическая клиника доктора Аитова в Советском районе,medical,zoon,ufa,https://zoon.ru/ufa/medical/,0.70
+79174324680,"Медцентры и клиники в Уфе - адреса, телефоны и отзывы",medical,spravker,ufa,https://ufa.spravker.ru/medtsentryi-i-kliniki/,0.70
+79174700404,"Стоматологические клиники и центры в Уфе - адреса, телефоны и отзывы",medical,spravker,ufa,https://ufa.spravker.ru/stomatologicheskie-kliniki-i-tsentryi/,0.70
+79174780860,"Стоматологические клиники и центры в Уфе - адреса, телефоны и отзывы",medical,spravker,ufa,https://ufa.spravker.ru/stomatologicheskie-kliniki-i-tsentryi/,0.70
+79174833003,"Стоматологические клиники и центры в Уфе - адреса, телефоны и отзывы",medical,spravker,ufa,https://ufa.spravker.ru/stomatologicheskie-kliniki-i-tsentryi/,0.70
+79174837410,"Стоматологические клиники и центры в Уфе - адреса, телефоны и отзывы",medical,spravker,ufa,https://ufa.spravker.ru/stomatologicheskie-kliniki-i-tsentryi/,0.70
+79174978272,"Стоматологические клиники и центры в Уфе - адреса, телефоны и отзывы",medical,spravker,ufa,https://ufa.spravker.ru/stomatologicheskie-kliniki-i-tsentryi/,0.70
+79177330303,"Стоматологические клиники и центры в Уфе - адреса, телефоны и отзывы",medical,spravker,ufa,https://ufa.spravker.ru/stomatologicheskie-kliniki-i-tsentryi/,0.70
+79177356888,"Диагностические центры в Уфе - адреса, телефоны и отзывы",medical,spravker,ufa,https://ufa.spravker.ru/diagnosticheskie-tsentryi/,0.70
+79177413589,"Стоматологические клиники и центры в Уфе - адреса, телефоны и отзывы",medical,spravker,ufa,https://ufa.spravker.ru/stomatologicheskie-kliniki-i-tsentryi/,0.70
+79177418371,Клиника реабилитации VALVERDE CLINIC,medical,zoon,ufa,https://zoon.ru/ufa/medical/,0.70
+79177562480,"Медцентры и клиники в Уфе - адреса, телефоны и отзывы",medical,spravker,ufa,https://ufa.spravker.ru/medtsentryi-i-kliniki/,0.70
+79177632233,"Диагностические центры в Уфе - адреса, телефоны и отзывы",medical,spravker,ufa,https://ufa.spravker.ru/diagnosticheskie-tsentryi/,0.70
+79177818624,Стоматологическая клиника А-стоматология,medical,zoon,ufa,https://zoon.ru/ufa/medical/,0.70
+79177949816,"Стоматологические клиники и центры в Уфе - адреса, телефоны и отзывы",medical,spravker,ufa,https://ufa.spravker.ru/stomatologicheskie-kliniki-i-tsentryi/,0.70
+79178000191,"Диагностические центры в Уфе - адреса, телефоны и отзывы",medical,spravker,ufa,https://ufa.spravker.ru/diagnosticheskie-tsentryi/,0.70
+79178000212,"Диагностические центры в Уфе - адреса, телефоны и отзывы",medical,spravker,ufa,https://ufa.spravker.ru/diagnosticheskie-tsentryi/,0.70
+79178097602,"Медцентры и клиники в Уфе - адреса, телефоны и отзывы",medical,spravker,ufa,https://ufa.spravker.ru/medtsentryi-i-kliniki/,0.70
+79178637339,"Стоматологические клиники и центры в Казани - адреса, телефоны и отзывы",medical,spravker,kzn,https://kazan.spravker.ru/stomatologicheskie-kliniki-i-tsentryi/,0.70
+79179319677,"Стоматологические клиники и центры в Казани - адреса, телефоны и отзывы",medical,spravker,kzn,https://kazan.spravker.ru/stomatologicheskie-kliniki-i-tsentryi/,0.70
+79180014062,Медицинский центр Helix,medical,zoon,krasnodar,https://zoon.ru/krasnodar/medical/,0.70
+79180014065,Стоматология Атам,medical,zoon,krasnodar,https://zoon.ru/krasnodar/medical/,0.70
+79180014308,Клиника МедСит на Душистой улице,medical,zoon,krasnodar,https://zoon.ru/krasnodar/medical/,0.70
+79180014335,Стоматология Дентал-сервис на Северной улице,medical,zoon,krasnodar,https://zoon.ru/krasnodar/medical/,0.70
+79180181222,"Стоматологические клиники и центры в Краснодаре - адреса, телефоны и отзывы",medical,spravker,krasnodar,https://krasnodar.spravker.ru/stomatologicheskie-kliniki-i-tsentryi/,0.70
+79180203090,"Стоматологические поликлиники в Краснодаре - адреса, телефоны и отзывы",medical,spravker,krasnodar,https://krasnodar.spravker.ru/stomatologicheskie-polikliniki/,0.70
+79180242272,"Стоматологические поликлиники в Краснодаре - адреса, телефоны и отзывы",medical,spravker,krasnodar,https://krasnodar.spravker.ru/stomatologicheskie-polikliniki/,0.70
+79180275599,"Аптеки в Краснодаре - адреса, телефоны и отзывы",medical,spravker,krasnodar,https://krasnodar.spravker.ru/apteki/,0.70
+79180460533,Центр Профессиональной Стоматологии,medical,zoon,krasnodar,https://zoon.ru/krasnodar/medical/,0.70
+79180481199,"Аптеки в Челябинске - адреса, телефоны и отзывы",medical,spravker,chelyabinsk,https://chelyabinsk.spravker.ru/apteki/,0.70
+79180900948,"Диагностические центры в Краснодаре - адреса, телефоны и отзывы",medical,spravker,krasnodar,https://krasnodar.spravker.ru/diagnosticheskie-tsentryi/,0.70
+79180981010,"Диагностические центры в Краснодаре - адреса, телефоны и отзывы",medical,spravker,krasnodar,https://krasnodar.spravker.ru/diagnosticheskie-tsentryi/,0.70
+79181155511,"Стоматологические поликлиники в Краснодаре - адреса, телефоны и отзывы",medical,spravker,krasnodar,https://krasnodar.spravker.ru/stomatologicheskie-polikliniki/,0.70
+79181169290,"Стоматологические клиники и центры в Краснодаре - адреса, телефоны и отзывы",medical,spravker,krasnodar,https://krasnodar.spravker.ru/stomatologicheskie-kliniki-i-tsentryi/,0.70
+79181180818,"Стоматологические поликлиники в Краснодаре - адреса, телефоны и отзывы",medical,spravker,krasnodar,https://krasnodar.spravker.ru/stomatologicheskie-polikliniki/,0.70
+79181247996,"Стоматологические поликлиники в Краснодаре - адреса, телефоны и отзывы",medical,spravker,krasnodar,https://krasnodar.spravker.ru/stomatologicheskie-polikliniki/,0.70
+79181250005,"Стоматологические поликлиники в Краснодаре - адреса, телефоны и отзывы",medical,spravker,krasnodar,https://krasnodar.spravker.ru/stomatologicheskie-polikliniki/,0.70
+79181282531,"Стоматологические поликлиники в Краснодаре - адреса, телефоны и отзывы",medical,spravker,krasnodar,https://krasnodar.spravker.ru/stomatologicheskie-polikliniki/,0.70
+79181284848,"Стоматологические клиники и центры в Краснодаре - адреса, телефоны и отзывы",medical,spravker,krasnodar,https://krasnodar.spravker.ru/stomatologicheskie-kliniki-i-tsentryi/,0.70
+79181461131,"Стоматологические поликлиники в Краснодаре - адреса, телефоны и отзывы",medical,spravker,krasnodar,https://krasnodar.spravker.ru/stomatologicheskie-polikliniki/,0.70
+79181712035,"Стоматологические поликлиники в Краснодаре - адреса, телефоны и отзывы",medical,spravker,krasnodar,https://krasnodar.spravker.ru/stomatologicheskie-polikliniki/,0.70
+79181899988,"Стоматологические клиники и центры в Краснодаре - адреса, телефоны и отзывы",medical,spravker,krasnodar,https://krasnodar.spravker.ru/stomatologicheskie-kliniki-i-tsentryi/,0.70
+79182009001,"Аптеки в Москве - адреса, телефоны и отзывы",medical,spravker,msk,https://msk.spravker.ru/apteki/,0.70
+79182012222,"Аптеки в Краснодаре - адреса, телефоны и отзывы",medical,spravker,krasnodar,https://krasnodar.spravker.ru/apteki/,0.70
+79182311999,"Стоматологические поликлиники в Краснодаре - адреса, телефоны и отзывы",medical,spravker,krasnodar,https://krasnodar.spravker.ru/stomatologicheskie-polikliniki/,0.70
+79182339900,"Стоматологические поликлиники в Краснодаре - адреса, телефоны и отзывы",medical,spravker,krasnodar,https://krasnodar.spravker.ru/stomatologicheskie-polikliniki/,0.70
+79182503311,"Стоматологические поликлиники в Краснодаре - адреса, телефоны и отзывы",medical,spravker,krasnodar,https://krasnodar.spravker.ru/stomatologicheskie-polikliniki/,0.70
+79182769922,"Стоматологические клиники и центры в Краснодаре - адреса, телефоны и отзывы",medical,spravker,krasnodar,https://krasnodar.spravker.ru/stomatologicheskie-kliniki-i-tsentryi/,0.70
+79183108624,"Стоматологические поликлиники в Краснодаре - адреса, телефоны и отзывы",medical,spravker,krasnodar,https://krasnodar.spravker.ru/stomatologicheskie-polikliniki/,0.70
+79183460231,"Стоматологические клиники и центры в Краснодаре - адреса, телефоны и отзывы",medical,spravker,krasnodar,https://krasnodar.spravker.ru/stomatologicheskie-kliniki-i-tsentryi/,0.70
+79183557255,"Стоматологические клиники и центры в Краснодаре - адреса, телефоны и отзывы",medical,spravker,krasnodar,https://krasnodar.spravker.ru/stomatologicheskie-kliniki-i-tsentryi/,0.70
+79184317329,"Стоматологические поликлиники в Краснодаре - адреса, телефоны и отзывы",medical,spravker,krasnodar,https://krasnodar.spravker.ru/stomatologicheskie-polikliniki/,0.70
+79184374372,"Стоматологические поликлиники в Краснодаре - адреса, телефоны и отзывы",medical,spravker,krasnodar,https://krasnodar.spravker.ru/stomatologicheskie-polikliniki/,0.70
+79184376450,"Стоматологические клиники и центры в Краснодаре - адреса, телефоны и отзывы",medical,spravker,krasnodar,https://krasnodar.spravker.ru/stomatologicheskie-kliniki-i-tsentryi/,0.70
+79184458032,"Стоматологические поликлиники в Краснодаре - адреса, телефоны и отзывы",medical,spravker,krasnodar,https://krasnodar.spravker.ru/stomatologicheskie-polikliniki/,0.70
+79184700479,"Аптеки в Краснодаре - адреса, телефоны и отзывы",medical,spravker,krasnodar,https://krasnodar.spravker.ru/apteki/,0.70
+79184759877,"Стоматологические клиники и центры в Краснодаре - адреса, телефоны и отзывы",medical,spravker,krasnodar,https://krasnodar.spravker.ru/stomatologicheskie-kliniki-i-tsentryi/,0.70
+79184999010,"Стоматологические клиники и центры в Краснодаре - адреса, телефоны и отзывы",medical,spravker,krasnodar,https://krasnodar.spravker.ru/stomatologicheskie-kliniki-i-tsentryi/,0.70
+79186101112,"Стоматологические поликлиники в Краснодаре - адреса, телефоны и отзывы",medical,spravker,krasnodar,https://krasnodar.spravker.ru/stomatologicheskie-polikliniki/,0.70
+79186217002,"Диагностические центры в Краснодаре - адреса, телефоны и отзывы",medical,spravker,krasnodar,https://krasnodar.spravker.ru/diagnosticheskie-tsentryi/,0.70
+79186227553,"Стоматологические клиники и центры в Краснодаре - адреса, телефоны и отзывы",medical,spravker,krasnodar,https://krasnodar.spravker.ru/stomatologicheskie-kliniki-i-tsentryi/,0.70
+79186495525,"Аптеки в Краснодаре - адреса, телефоны и отзывы",medical,spravker,krasnodar,https://krasnodar.spravker.ru/apteki/,0.70
+79186574747,Краснодарский краевой базовый медицинский колледж на Таманской улице,medical,zoon,krasnodar,https://zoon.ru/krasnodar/education/,0.70
+79186652040,"Стоматологические клиники и центры в Краснодаре - адреса, телефоны и отзывы",medical,spravker,krasnodar,https://krasnodar.spravker.ru/stomatologicheskie-kliniki-i-tsentryi/,0.70
+79186855553,"Стоматологические клиники и центры в Краснодаре - адреса, телефоны и отзывы",medical,spravker,krasnodar,https://krasnodar.spravker.ru/stomatologicheskie-kliniki-i-tsentryi/,0.70
+79189381920,"Диагностические центры в Краснодаре - адреса, телефоны и отзывы",medical,spravker,krasnodar,https://krasnodar.spravker.ru/diagnosticheskie-tsentryi/,0.70
+79189404020,"Диагностические центры в Краснодаре - адреса, телефоны и отзывы",medical,spravker,krasnodar,https://krasnodar.spravker.ru/diagnosticheskie-tsentryi/,0.70
+79189996998,"Стоматологические поликлиники в Краснодаре - адреса, телефоны и отзывы",medical,spravker,krasnodar,https://krasnodar.spravker.ru/stomatologicheskie-polikliniki/,0.70
+79191230917,"Диагностические центры в Челябинске - адреса, телефоны и отзывы",medical,spravker,chelyabinsk,https://chelyabinsk.spravker.ru/diagnosticheskie-tsentryi/,0.70
+79191231503,"Стоматологические клиники и центры в Челябинске - адреса, телефоны и отзывы",medical,spravker,chelyabinsk,https://chelyabinsk.spravker.ru/stomatologicheskie-kliniki-i-tsentryi/,0.70
+79191232984,"Медицинский центр Резонанс-Мед на улице Машиностроителей, 10б",medical,zoon,chelyabinsk,https://zoon.ru/chelyabinsk/medical/,0.70
+79191233202,"Диагностические центры в Челябинске - адреса, телефоны и отзывы",medical,spravker,chelyabinsk,https://chelyabinsk.spravker.ru/diagnosticheskie-tsentryi/,0.70
+79191234206,"Диагностические центры в Челябинске - адреса, телефоны и отзывы",medical,spravker,chelyabinsk,https://chelyabinsk.spravker.ru/diagnosticheskie-tsentryi/,0.70
+79191234773,"Больницы в Челябинске - адреса, телефоны и отзывы",medical,spravker,chelyabinsk,https://chelyabinsk.spravker.ru/bolnicy/,0.70
+79191238403,"Больницы в Челябинске - адреса, телефоны и отзывы",medical,spravker,chelyabinsk,https://chelyabinsk.spravker.ru/bolnicy/,0.70
+79191239323,"Стоматологические клиники и центры в Челябинске - адреса, телефоны и отзывы",medical,spravker,chelyabinsk,https://chelyabinsk.spravker.ru/stomatologicheskie-kliniki-i-tsentryi/,0.70
+79191503227,Стоматологическая клиника Дентапрофиль,medical,zoon,ufa,https://zoon.ru/ufa/medical/,0.70
+79192403877,Медицинский центр МедикАСС на улице Бахметьева,medical,zoon,voronezh,https://zoon.ru/voronezh/medical/,0.70
+79193117558,"Стоматологические поликлиники в Челябинске - адреса, телефоны и отзывы",medical,spravker,chelyabinsk,https://chelyabinsk.spravker.ru/stomatologicheskie-polikliniki/,0.70
+79193205965,"Больницы в Челябинске - адреса, телефоны и отзывы",medical,spravker,chelyabinsk,https://chelyabinsk.spravker.ru/bolnicy/,0.70
+79193619000,"Стоматологические клиники и центры в Екатеринбурге - адреса, телефоны и отзывы",medical,spravker,ekb,https://ekaterinburg.spravker.ru/stomatologicheskie-kliniki-i-tsentryi/,0.70
+79193695050,"Стоматологические клиники и центры в Екатеринбурге - адреса, телефоны и отзывы",medical,spravker,ekb,https://ekaterinburg.spravker.ru/stomatologicheskie-kliniki-i-tsentryi/,0.70
+79193840101,"Стоматологические поликлиники в Екатеринбурге - адреса, телефоны и отзывы",medical,spravker,ekb,https://ekaterinburg.spravker.ru/stomatologicheskie-polikliniki/,0.70
+79193963096,"Медцентры и клиники в Екатеринбурге - адреса, телефоны и отзывы",medical,spravker,ekb,https://ekaterinburg.spravker.ru/medtsentryi-i-kliniki/,0.70
+79194023141,"Больницы в Челябинске - адреса, телефоны и отзывы",medical,spravker,chelyabinsk,https://chelyabinsk.spravker.ru/bolnicy/,0.70
+79194023845,"Стоматологические клиники и центры в Челябинске - адреса, телефоны и отзывы",medical,spravker,chelyabinsk,https://chelyabinsk.spravker.ru/stomatologicheskie-kliniki-i-tsentryi/,0.70
+79196153349,"Медцентры и клиники в Уфе - адреса, телефоны и отзывы",medical,spravker,ufa,https://ufa.spravker.ru/medtsentryi-i-kliniki/,0.70
+79196266196,"Диагностические центры в Казани - адреса, телефоны и отзывы",medical,spravker,kzn,https://kazan.spravker.ru/diagnosticheskie-tsentryi/,0.70
+79196291028,"Стоматологические клиники и центры в Казани - адреса, телефоны и отзывы",medical,spravker,kzn,https://kazan.spravker.ru/stomatologicheskie-kliniki-i-tsentryi/,0.70
+79196940609,"Стоматологические клиники и центры в Казани - адреса, телефоны и отзывы",medical,spravker,kzn,https://kazan.spravker.ru/stomatologicheskie-kliniki-i-tsentryi/,0.70
+79202134888,"Стоматологические поликлиники в Воронеже - адреса, телефоны и отзывы",medical,spravker,voronezh,https://voronezh.spravker.ru/stomatologicheskie-polikliniki/,0.70
+79202230330,"Медцентры и клиники в Воронеже - адреса, телефоны и отзывы",medical,spravker,voronezh,https://voronezh.spravker.ru/medtsentryi-i-kliniki/,0.70
+79202248220,"Медцентры и клиники в Воронеже - адреса, телефоны и отзывы",medical,spravker,voronezh,https://voronezh.spravker.ru/medtsentryi-i-kliniki/,0.70
+79202275577,"Стоматологические поликлиники в Воронеже - адреса, телефоны и отзывы",medical,spravker,voronezh,https://voronezh.spravker.ru/stomatologicheskie-polikliniki/,0.70
+79204201212,"Стоматологические поликлиники в Воронеже - адреса, телефоны и отзывы",medical,spravker,voronezh,https://voronezh.spravker.ru/stomatologicheskie-polikliniki/,0.70
+79204269332,"Медцентры и клиники в Воронеже - адреса, телефоны и отзывы",medical,spravker,voronezh,https://voronezh.spravker.ru/medtsentryi-i-kliniki/,0.70
+79204297499,"Стоматологические поликлиники в Воронеже - адреса, телефоны и отзывы",medical,spravker,voronezh,https://voronezh.spravker.ru/stomatologicheskie-polikliniki/,0.70
+79204302088,"Медцентры и клиники в Воронеже - адреса, телефоны и отзывы",medical,spravker,voronezh,https://voronezh.spravker.ru/medtsentryi-i-kliniki/,0.70
+79213803380,"Стоматологические поликлиники в Санкт-Петербурге - адреса, телефоны и отзывы",medical,spravker,spb,https://spb.spravker.ru/stomatologicheskie-polikliniki/,0.70
+79214005004,"Стоматологические поликлиники в Санкт-Петербурге - адреса, телефоны и отзывы",medical,spravker,spb,https://spb.spravker.ru/stomatologicheskie-polikliniki/,0.70
+79214267442,"Стоматологические поликлиники в Санкт-Петербурге - адреса, телефоны и отзывы",medical,spravker,spb,https://spb.spravker.ru/stomatologicheskie-polikliniki/,0.70
+79215550550,"Стоматологические поликлиники в Санкт-Петербурге - адреса, телефоны и отзывы",medical,spravker,spb,https://spb.spravker.ru/stomatologicheskie-polikliniki/,0.70
+79215621627,"Стоматологические поликлиники в Санкт-Петербурге - адреса, телефоны и отзывы",medical,spravker,spb,https://spb.spravker.ru/stomatologicheskie-polikliniki/,0.70
+79216404019,"Диагностические центры в Санкт-Петербурге - адреса, телефоны и отзывы",medical,spravker,spb,https://spb.spravker.ru/diagnosticheskie-tsentryi/,0.70
+79219066874,"Диагностические центры в Санкт-Петербурге - адреса, телефоны и отзывы",medical,spravker,spb,https://spb.spravker.ru/diagnosticheskie-tsentryi/,0.70
+79219100742,"Диагностические центры в Санкт-Петербурге - адреса, телефоны и отзывы",medical,spravker,spb,https://spb.spravker.ru/diagnosticheskie-tsentryi/,0.70
+79219439244,"Диагностические центры в Санкт-Петербурге - адреса, телефоны и отзывы",medical,spravker,spb,https://spb.spravker.ru/diagnosticheskie-tsentryi/,0.70
+79219443812,"Стоматологические поликлиники в Санкт-Петербурге - адреса, телефоны и отзывы",medical,spravker,spb,https://spb.spravker.ru/stomatologicheskie-polikliniki/,0.70
+79219472261,"Диагностические центры в Санкт-Петербурге - адреса, телефоны и отзывы",medical,spravker,spb,https://spb.spravker.ru/diagnosticheskie-tsentryi/,0.70
+79219476538,"Диагностические центры в Санкт-Петербурге - адреса, телефоны и отзывы",medical,spravker,spb,https://spb.spravker.ru/diagnosticheskie-tsentryi/,0.70
+79220188882,"Медцентры и клиники в Челябинске - адреса, телефоны и отзывы",medical,spravker,chelyabinsk,https://chelyabinsk.spravker.ru/medtsentryi-i-kliniki/,0.70
+79220383415,"Диагностические центры в Екатеринбурге - адреса, телефоны и отзывы",medical,spravker,ekb,https://ekaterinburg.spravker.ru/diagnosticheskie-tsentryi/,0.70
+79221049080,"Стоматологические клиники и центры в Екатеринбурге - адреса, телефоны и отзывы",medical,spravker,ekb,https://ekaterinburg.spravker.ru/stomatologicheskie-kliniki-i-tsentryi/,0.70
+79221213471,Клиника Фамилия на улице 1 Мая в Арамиле,medical,zoon,ekb,https://zoon.ru/ekb/medical/,0.70
+79221531377,"Стоматологические клиники и центры в Екатеринбурге - адреса, телефоны и отзывы",medical,spravker,ekb,https://ekaterinburg.spravker.ru/stomatologicheskie-kliniki-i-tsentryi/,0.70
+79221668289,"Стоматологические клиники и центры в Екатеринбурге - адреса, телефоны и отзывы",medical,spravker,ekb,https://ekaterinburg.spravker.ru/stomatologicheskie-kliniki-i-tsentryi/,0.70
+79221817463,"Стоматологические клиники и центры в Екатеринбурге - адреса, телефоны и отзывы",medical,spravker,ekb,https://ekaterinburg.spravker.ru/stomatologicheskie-kliniki-i-tsentryi/,0.70
+79221991730,"Стоматологические поликлиники в Екатеринбурге - адреса, телефоны и отзывы",medical,spravker,ekb,https://ekaterinburg.spravker.ru/stomatologicheskie-polikliniki/,0.70
+79222094496,"Диагностические центры в Екатеринбурге - адреса, телефоны и отзывы",medical,spravker,ekb,https://ekaterinburg.spravker.ru/diagnosticheskie-tsentryi/,0.70
+79222222252,"Медцентры и клиники в Екатеринбурге - адреса, телефоны и отзывы",medical,spravker,ekb,https://ekaterinburg.spravker.ru/medtsentryi-i-kliniki/,0.70
+79222328423,"Стоматологические клиники и центры в Челябинске - адреса, телефоны и отзывы",medical,spravker,chelyabinsk,https://chelyabinsk.spravker.ru/stomatologicheskie-kliniki-i-tsentryi/,0.70
+79222333828,"Стоматологические клиники и центры в Челябинске - адреса, телефоны и отзывы",medical,spravker,chelyabinsk,https://chelyabinsk.spravker.ru/stomatologicheskie-kliniki-i-tsentryi/,0.70
+79226113001,"Медцентры и клиники в Екатеринбурге - адреса, телефоны и отзывы",medical,spravker,ekb,https://ekaterinburg.spravker.ru/medtsentryi-i-kliniki/,0.70
+79227060412,"Аптеки в Челябинске - адреса, телефоны и отзывы",medical,spravker,chelyabinsk,https://chelyabinsk.spravker.ru/apteki/,0.70
+79227060492,"Аптеки в Челябинске - адреса, телефоны и отзывы",medical,spravker,chelyabinsk,https://chelyabinsk.spravker.ru/apteki/,0.70
+79227108709,"Аптеки в Челябинске - адреса, телефоны и отзывы",medical,spravker,chelyabinsk,https://chelyabinsk.spravker.ru/apteki/,0.70
+79227210141,Центр косметологии Академ Клиник,medical,zoon,chelyabinsk,https://zoon.ru/chelyabinsk/beauty/,0.70
+79227411021,"Больницы в Челябинске - адреса, телефоны и отзывы",medical,spravker,chelyabinsk,https://chelyabinsk.spravker.ru/bolnicy/,0.70
+79227424442,"Диагностические центры в Челябинске - адреса, телефоны и отзывы",medical,spravker,chelyabinsk,https://chelyabinsk.spravker.ru/diagnosticheskie-tsentryi/,0.70
+79227431351,"Диагностические центры в Челябинске - адреса, телефоны и отзывы",medical,spravker,chelyabinsk,https://chelyabinsk.spravker.ru/diagnosticheskie-tsentryi/,0.70
+79227479788,Многопрофильный медицинский центр Кемма на улице Академика Макеева,medical,zoon,chelyabinsk,https://zoon.ru/chelyabinsk/medical/,0.70
+79227495574,"Диагностические центры в Челябинске - адреса, телефоны и отзывы",medical,spravker,chelyabinsk,https://chelyabinsk.spravker.ru/diagnosticheskie-tsentryi/,0.70
+79227504767,"Медцентры и клиники в Челябинске - адреса, телефоны и отзывы",medical,spravker,chelyabinsk,https://chelyabinsk.spravker.ru/medtsentryi-i-kliniki/,0.70
+79227506047,"Диагностические центры в Челябинске - адреса, телефоны и отзывы",medical,spravker,chelyabinsk,https://chelyabinsk.spravker.ru/diagnosticheskie-tsentryi/,0.70
+79227507198,"Аптеки в Челябинске - адреса, телефоны и отзывы",medical,spravker,chelyabinsk,https://chelyabinsk.spravker.ru/apteki/,0.70
+79227507245,"Аптеки в Челябинске - адреса, телефоны и отзывы",medical,spravker,chelyabinsk,https://chelyabinsk.spravker.ru/apteki/,0.70
+79227507303,"Аптеки в Челябинске - адреса, телефоны и отзывы",medical,spravker,chelyabinsk,https://chelyabinsk.spravker.ru/apteki/,0.70
+79230574674,"Диагностические центры в Краснодаре - адреса, телефоны и отзывы",medical,spravker,krasnodar,https://krasnodar.spravker.ru/diagnosticheskie-tsentryi/,0.70
+79230596791,"Стоматологические поликлиники в Челябинске - адреса, телефоны и отзывы",medical,spravker,chelyabinsk,https://chelyabinsk.spravker.ru/stomatologicheskie-polikliniki/,0.70
+79240282982,"Стоматологические поликлиники в Казани - адреса, телефоны и отзывы",medical,spravker,kzn,https://kazan.spravker.ru/stomatologicheskie-polikliniki/,0.70
+79252104433,"Аптеки в Москве - адреса, телефоны и отзывы",medical,spravker,msk,https://msk.spravker.ru/apteki/,0.70
+79252116030,"Диагностические центры в Москве - адреса, телефоны и отзывы",medical,spravker,msk,https://msk.spravker.ru/diagnosticheskie-tsentryi/,0.70
+79253205849,"Больницы в Москве - адреса, телефоны и отзывы",medical,spravker,msk,https://msk.spravker.ru/bolnicy/,0.70
+79255447187,"Медцентры и клиники в Москве - адреса, телефоны и отзывы",medical,spravker,msk,https://msk.spravker.ru/medtsentryi-i-kliniki/,0.70
+79255856015,"Аптеки в Москве - адреса, телефоны и отзывы",medical,spravker,msk,https://msk.spravker.ru/apteki/,0.70
+79258634050,"Больницы в Москве - адреса, телефоны и отзывы",medical,spravker,msk,https://msk.spravker.ru/bolnicy/,0.70
+79264150708,"Больницы в Москве - адреса, телефоны и отзывы",medical,spravker,msk,https://msk.spravker.ru/bolnicy/,0.70
+79265124374,"Стоматологические клиники и центры в Москве - адреса, телефоны и отзывы",medical,spravker,msk,https://msk.spravker.ru/stomatologicheskie-kliniki-i-tsentryi/,0.70
+79265271118,"Стоматологические клиники и центры в Москве - адреса, телефоны и отзывы",medical,spravker,msk,https://msk.spravker.ru/stomatologicheskie-kliniki-i-tsentryi/,0.70
+79265800487,"Стоматологические поликлиники в Москве - адреса, телефоны и отзывы",medical,spravker,msk,https://msk.spravker.ru/stomatologicheskie-polikliniki/,0.70
+79266533253,Семейный медицинский центр Здоровье на улице Ленина в Лобне,medical,zoon,msk,https://zoon.ru/msk/medical/,0.70
+79269072941,"Больницы в Москве - адреса, телефоны и отзывы",medical,spravker,msk,https://msk.spravker.ru/bolnicy/,0.70
+79272360544,"Стоматологические клиники и центры в Уфе - адреса, телефоны и отзывы",medical,spravker,ufa,https://ufa.spravker.ru/stomatologicheskie-kliniki-i-tsentryi/,0.70
+79272368530,"Стоматологические клиники и центры в Уфе - адреса, телефоны и отзывы",medical,spravker,ufa,https://ufa.spravker.ru/stomatologicheskie-kliniki-i-tsentryi/,0.70
+79272368886,"Медцентры и клиники в Уфе - адреса, телефоны и отзывы",medical,spravker,ufa,https://ufa.spravker.ru/medtsentryi-i-kliniki/,0.70
+79272379687,"Медцентры и клиники в Уфе - адреса, телефоны и отзывы",medical,spravker,ufa,https://ufa.spravker.ru/medtsentryi-i-kliniki/,0.70
+79273000442,"Стоматологические клиники и центры в Уфе - адреса, телефоны и отзывы",medical,spravker,ufa,https://ufa.spravker.ru/stomatologicheskie-kliniki-i-tsentryi/,0.70
+79273247063,Клиника современной косметологии Esteeskin Clinic,medical,zoon,ufa,https://zoon.ru/ufa/beauty/,0.70
+79273252497,"Медцентры и клиники в Уфе - адреса, телефоны и отзывы",medical,spravker,ufa,https://ufa.spravker.ru/medtsentryi-i-kliniki/,0.70
+79273467103,"Медцентры и клиники в Уфе - адреса, телефоны и отзывы",medical,spravker,ufa,https://ufa.spravker.ru/medtsentryi-i-kliniki/,0.70
+79274005302,"Аптеки в Казани - адреса, телефоны и отзывы",medical,spravker,kzn,https://kazan.spravker.ru/apteki/,0.70
+79274078055,"Стоматологические поликлиники в Казани - адреса, телефоны и отзывы",medical,spravker,kzn,https://kazan.spravker.ru/stomatologicheskie-polikliniki/,0.70
+79274113102,"Аптеки в Казани - адреса, телефоны и отзывы",medical,spravker,kzn,https://kazan.spravker.ru/apteki/,0.70
+79274455002,"Стоматологические клиники и центры в Казани - адреса, телефоны и отзывы",medical,spravker,kzn,https://kazan.spravker.ru/stomatologicheskie-kliniki-i-tsentryi/,0.70
+79274969529,"Стоматологические поликлиники в Казани - адреса, телефоны и отзывы",medical,spravker,kzn,https://kazan.spravker.ru/stomatologicheskie-polikliniki/,0.70
+79276377040,"Диагностические центры в Уфе - адреса, телефоны и отзывы",medical,spravker,ufa,https://ufa.spravker.ru/diagnosticheskie-tsentryi/,0.70
+79279231557,"Стоматологические клиники и центры в Уфе - адреса, телефоны и отзывы",medical,spravker,ufa,https://ufa.spravker.ru/stomatologicheskie-kliniki-i-tsentryi/,0.70
+79279235060,"Стоматологические клиники и центры в Уфе - адреса, телефоны и отзывы",medical,spravker,ufa,https://ufa.spravker.ru/stomatologicheskie-kliniki-i-tsentryi/,0.70
+79279300303,"Диагностические центры в Уфе - адреса, телефоны и отзывы",medical,spravker,ufa,https://ufa.spravker.ru/diagnosticheskie-tsentryi/,0.70
+79279320009,Клиника эстетической медицины Эстелайт,medical,zoon,ufa,https://zoon.ru/ufa/medical/,0.70
+79279385176,"Стоматологические клиники и центры в Краснодаре - адреса, телефоны и отзывы",medical,spravker,krasnodar,https://krasnodar.spravker.ru/stomatologicheskie-kliniki-i-tsentryi/,0.70
+79279396606,"Стоматологические клиники и центры в Уфе - адреса, телефоны и отзывы",medical,spravker,ufa,https://ufa.spravker.ru/stomatologicheskie-kliniki-i-tsentryi/,0.70
+79279535438,Стоматология Мастердент на улице Конституции,medical,zoon,ufa,https://zoon.ru/ufa/medical/,0.70
+79279535604,Клиника косметологии НP Косметология в Сипайлово,medical,zoon,ufa,https://zoon.ru/ufa/beauty/,0.70
+79279644194,Стоматологическая клиника Мастердент на улице ул. М. Губайдуллина,medical,zoon,ufa,https://zoon.ru/ufa/medical/,0.70
+79282031003,"Стоматологические клиники и центры в Краснодаре - адреса, телефоны и отзывы",medical,spravker,krasnodar,https://krasnodar.spravker.ru/stomatologicheskie-kliniki-i-tsentryi/,0.70
+79282076299,"Диагностические центры в Краснодаре - адреса, телефоны и отзывы",medical,spravker,krasnodar,https://krasnodar.spravker.ru/diagnosticheskie-tsentryi/,0.70
+79282311644,"Стоматологические поликлиники в Краснодаре - адреса, телефоны и отзывы",medical,spravker,krasnodar,https://krasnodar.spravker.ru/stomatologicheskie-polikliniki/,0.70
+79282323242,"Стоматологические клиники и центры в Краснодаре - адреса, телефоны и отзывы",medical,spravker,krasnodar,https://krasnodar.spravker.ru/stomatologicheskie-kliniki-i-tsentryi/,0.70
+79282463402,"Диагностические центры в Краснодаре - адреса, телефоны и отзывы",medical,spravker,krasnodar,https://krasnodar.spravker.ru/diagnosticheskie-tsentryi/,0.70
+79283338814,"Стоматологические клиники и центры в Краснодаре - адреса, телефоны и отзывы",medical,spravker,krasnodar,https://krasnodar.spravker.ru/stomatologicheskie-kliniki-i-tsentryi/,0.70
+79284156686,"Стоматологические клиники и центры в Краснодаре - адреса, телефоны и отзывы",medical,spravker,krasnodar,https://krasnodar.spravker.ru/stomatologicheskie-kliniki-i-tsentryi/,0.70
+79284176888,"Стоматологические клиники и центры в Краснодаре - адреса, телефоны и отзывы",medical,spravker,krasnodar,https://krasnodar.spravker.ru/stomatologicheskie-kliniki-i-tsentryi/,0.70
+79284403535,"Диагностические центры в Краснодаре - адреса, телефоны и отзывы",medical,spravker,krasnodar,https://krasnodar.spravker.ru/diagnosticheskie-tsentryi/,0.70
+79284683668,"Стоматологические клиники и центры в Краснодаре - адреса, телефоны и отзывы",medical,spravker,krasnodar,https://krasnodar.spravker.ru/stomatologicheskie-kliniki-i-tsentryi/,0.70
+79286903603,"Диагностические центры в Краснодаре - адреса, телефоны и отзывы",medical,spravker,krasnodar,https://krasnodar.spravker.ru/diagnosticheskie-tsentryi/,0.70
+79288408020,"Стоматологические клиники и центры в Краснодаре - адреса, телефоны и отзывы",medical,spravker,krasnodar,https://krasnodar.spravker.ru/stomatologicheskie-kliniki-i-tsentryi/,0.70
+79295495685,"Диагностические центры в Москве - адреса, телефоны и отзывы",medical,spravker,msk,https://msk.spravker.ru/diagnosticheskie-tsentryi/,0.70
+79297556878,Клиника Здоровье+ на проспекте Октября,medical,zoon,ufa,https://zoon.ru/ufa/medical/,0.70
+79297584441,"Стоматологические клиники и центры в Уфе - адреса, телефоны и отзывы",medical,spravker,ufa,https://ufa.spravker.ru/stomatologicheskie-kliniki-i-tsentryi/,0.70
+79298254555,"Стоматологические поликлиники в Краснодаре - адреса, телефоны и отзывы",medical,spravker,krasnodar,https://krasnodar.spravker.ru/stomatologicheskie-polikliniki/,0.70
+79300123355,"Медцентры и клиники в Воронеже - адреса, телефоны и отзывы",medical,spravker,voronezh,https://voronezh.spravker.ru/medtsentryi-i-kliniki/,0.70
+79303332519,"Аптеки в Москве - адреса, телефоны и отзывы",medical,spravker,msk,https://msk.spravker.ru/apteki/,0.70
+79303332534,"Стоматологические клиники и центры в Краснодаре - адреса, телефоны и отзывы",medical,spravker,krasnodar,https://krasnodar.spravker.ru/stomatologicheskie-kliniki-i-tsentryi/,0.70
+79303334171,"Стоматологические поликлиники в Казани - адреса, телефоны и отзывы",medical,spravker,kzn,https://kazan.spravker.ru/stomatologicheskie-polikliniki/,0.70
+79310092010,"Медцентры и клиники в Воронеже - адреса, телефоны и отзывы",medical,spravker,voronezh,https://voronezh.spravker.ru/medtsentryi-i-kliniki/,0.70
+79311021800,"Стоматологические поликлиники в Санкт-Петербурге - адреса, телефоны и отзывы",medical,spravker,spb,https://spb.spravker.ru/stomatologicheskie-polikliniki/,0.70
+79311062314,"Медцентры и клиники в Казани - адреса, телефоны и отзывы",medical,spravker,kzn,https://kazan.spravker.ru/medtsentryi-i-kliniki/,0.70
+79312925577,"Стоматологические поликлиники в Санкт-Петербурге - адреса, телефоны и отзывы",medical,spravker,spb,https://spb.spravker.ru/stomatologicheskie-polikliniki/,0.70
+79313057758,Клиника стоматологии Медея на улице Молодцова в Сертолово,medical,zoon,spb,https://zoon.ru/spb/medical/,0.70
+79313897777,"Диагностические центры в Санкт-Петербурге - адреса, телефоны и отзывы",medical,spravker,spb,https://spb.spravker.ru/diagnosticheskie-tsentryi/,0.70
+79319959338,"Диагностические центры в Санкт-Петербурге - адреса, телефоны и отзывы",medical,spravker,spb,https://spb.spravker.ru/diagnosticheskie-tsentryi/,0.70
+79322323230,"Больницы в Челябинске - адреса, телефоны и отзывы",medical,spravker,chelyabinsk,https://chelyabinsk.spravker.ru/bolnicy/,0.70
+79323051679,Стоматологический салон Smile на улице Елькина,medical,zoon,chelyabinsk,https://zoon.ru/chelyabinsk/medical/,0.70
+79323088609,"Стоматологические поликлиники в Челябинске - адреса, телефоны и отзывы",medical,spravker,chelyabinsk,https://chelyabinsk.spravker.ru/stomatologicheskie-polikliniki/,0.70
+79325067321,"Стоматологические поликлиники в Краснодаре - адреса, телефоны и отзывы",medical,spravker,krasnodar,https://krasnodar.spravker.ru/stomatologicheskie-polikliniki/,0.70
+79326941728,"Больницы в Москве - адреса, телефоны и отзывы",medical,spravker,msk,https://msk.spravker.ru/bolnicy/,0.70
+79333991692,"Стоматологические клиники и центры в Уфе - адреса, телефоны и отзывы",medical,spravker,ufa,https://ufa.spravker.ru/stomatologicheskie-kliniki-i-tsentryi/,0.70
+79360046362,"Стоматологические поликлиники в Москве - адреса, телефоны и отзывы",medical,spravker,msk,https://msk.spravker.ru/stomatologicheskie-polikliniki/,0.70
+79371549912,"Медцентры и клиники в Уфе - адреса, телефоны и отзывы",medical,spravker,ufa,https://ufa.spravker.ru/medtsentryi-i-kliniki/,0.70
+79372936886,"Стоматологические клиники и центры в Казани - адреса, телефоны и отзывы",medical,spravker,kzn,https://kazan.spravker.ru/stomatologicheskie-kliniki-i-tsentryi/,0.70
+79373082267,Клиника Будь Здоров на проспекте Октября,medical,zoon,ufa,https://zoon.ru/ufa/medical/,0.70
+79373200226,"Диагностические центры в Уфе - адреса, телефоны и отзывы",medical,spravker,ufa,https://ufa.spravker.ru/diagnosticheskie-tsentryi/,0.70
+79373224424,"Стоматологические клиники и центры в Уфе - адреса, телефоны и отзывы",medical,spravker,ufa,https://ufa.spravker.ru/stomatologicheskie-kliniki-i-tsentryi/,0.70
+79373377739,Многопрофильный медицинский центр GIM-clinic,medical,zoon,ufa,https://zoon.ru/ufa/medical/,0.70
+79373439131,"Стоматологические клиники и центры в Уфе - адреса, телефоны и отзывы",medical,spravker,ufa,https://ufa.spravker.ru/stomatologicheskie-kliniki-i-tsentryi/,0.70
+79373636459,"Диагностические центры в Уфе - адреса, телефоны и отзывы",medical,spravker,ufa,https://ufa.spravker.ru/diagnosticheskie-tsentryi/,0.70
+79374126212,"Стоматологические поликлиники в Казани - адреса, телефоны и отзывы",medical,spravker,kzn,https://kazan.spravker.ru/stomatologicheskie-polikliniki/,0.70
+79374700404,"Стоматологические клиники и центры в Уфе - адреса, телефоны и отзывы",medical,spravker,ufa,https://ufa.spravker.ru/stomatologicheskie-kliniki-i-tsentryi/,0.70
+79374706003,"Стоматологические клиники и центры в Уфе - адреса, телефоны и отзывы",medical,spravker,ufa,https://ufa.spravker.ru/stomatologicheskie-kliniki-i-tsentryi/,0.70
+79374759900,"Диагностические центры в Уфе - адреса, телефоны и отзывы",medical,spravker,ufa,https://ufa.spravker.ru/diagnosticheskie-tsentryi/,0.70
+79374793748,"Стоматологические клиники и центры в Уфе - адреса, телефоны и отзывы",medical,spravker,ufa,https://ufa.spravker.ru/stomatologicheskie-kliniki-i-tsentryi/,0.70
+79374862626,"Диагностические центры в Уфе - адреса, телефоны и отзывы",medical,spravker,ufa,https://ufa.spravker.ru/diagnosticheskie-tsentryi/,0.70
+79376151000,"Стоматологические клиники и центры в Казани - адреса, телефоны и отзывы",medical,spravker,kzn,https://kazan.spravker.ru/stomatologicheskie-kliniki-i-tsentryi/,0.70
+79376151327,"Медцентры и клиники в Казани - адреса, телефоны и отзывы",medical,spravker,kzn,https://kazan.spravker.ru/medtsentryi-i-kliniki/,0.70
+79376152112,"Стоматологические клиники и центры в Казани - адреса, телефоны и отзывы",medical,spravker,kzn,https://kazan.spravker.ru/stomatologicheskie-kliniki-i-tsentryi/,0.70
+79376152675,"Медцентры и клиники в Казани - адреса, телефоны и отзывы",medical,spravker,kzn,https://kazan.spravker.ru/medtsentryi-i-kliniki/,0.70
+79376154845,"Стоматологические поликлиники в Казани - адреса, телефоны и отзывы",medical,spravker,kzn,https://kazan.spravker.ru/stomatologicheskie-polikliniki/,0.70
+79376176507,"Стоматологические клиники и центры в Казани - адреса, телефоны и отзывы",medical,spravker,kzn,https://kazan.spravker.ru/stomatologicheskie-kliniki-i-tsentryi/,0.70
+79376254101,"Стоматологические клиники и центры в Казани - адреса, телефоны и отзывы",medical,spravker,kzn,https://kazan.spravker.ru/stomatologicheskie-kliniki-i-tsentryi/,0.70
+79376289994,"Стоматологические поликлиники в Казани - адреса, телефоны и отзывы",medical,spravker,kzn,https://kazan.spravker.ru/stomatologicheskie-polikliniki/,0.70
+79377841944,"Стоматологические клиники и центры в Уфе - адреса, телефоны и отзывы",medical,spravker,ufa,https://ufa.spravker.ru/stomatologicheskie-kliniki-i-tsentryi/,0.70
+79377877733,"Стоматологические поликлиники в Казани - адреса, телефоны и отзывы",medical,spravker,kzn,https://kazan.spravker.ru/stomatologicheskie-polikliniki/,0.70
+79378393500,"Стоматологические клиники и центры в Уфе - адреса, телефоны и отзывы",medical,spravker,ufa,https://ufa.spravker.ru/stomatologicheskie-kliniki-i-tsentryi/,0.70
+79378481099,Стоматологическая клиника Маэстро на улице Пушкина,medical,zoon,ufa,https://zoon.ru/ufa/medical/,0.70
+79378588719,"Стоматологические клиники и центры в Уфе - адреса, телефоны и отзывы",medical,spravker,ufa,https://ufa.spravker.ru/stomatologicheskie-kliniki-i-tsentryi/,0.70
+79381115111,"Аптеки в Краснодаре - адреса, телефоны и отзывы",medical,spravker,krasnodar,https://krasnodar.spravker.ru/apteki/,0.70
+79383157466,"Стоматологические клиники и центры в Краснодаре - адреса, телефоны и отзывы",medical,spravker,krasnodar,https://krasnodar.spravker.ru/stomatologicheskie-kliniki-i-tsentryi/,0.70
+79384068418,Клиника доктора Вилкова эстетический центр в Карасунском округе,medical,zoon,krasnodar,https://zoon.ru/krasnodar/medical/,0.70
+79384310052,"Стоматологические поликлиники в Краснодаре - адреса, телефоны и отзывы",medical,spravker,krasnodar,https://krasnodar.spravker.ru/stomatologicheskie-polikliniki/,0.70
+79385108807,Медицинская клиника в Белореченске,medical,zoon,krasnodar,https://zoon.ru/krasnodar/medical/,0.70
+79385440934,"Аптеки в Краснодаре - адреса, телефоны и отзывы",medical,spravker,krasnodar,https://krasnodar.spravker.ru/apteki/,0.70
+79388748851,"Наркологическая клиника ""СОГЛАСИЕ""",medical,zoon,krasnodar,https://zoon.ru/krasnodar/medical/,0.70
+79388770000,"Стоматологические клиники и центры в Краснодаре - адреса, телефоны и отзывы",medical,spravker,krasnodar,https://krasnodar.spravker.ru/stomatologicheskie-kliniki-i-tsentryi/,0.70
+79393936884,"Медцентры и клиники в Казани - адреса, телефоны и отзывы",medical,spravker,kzn,https://kazan.spravker.ru/medtsentryi-i-kliniki/,0.70
+79456486945,"Больницы в Москве - адреса, телефоны и отзывы",medical,spravker,msk,https://msk.spravker.ru/bolnicy/,0.70
+79502092027,"Стоматологические клиники и центры в Екатеринбурге - адреса, телефоны и отзывы",medical,spravker,ekb,https://ekaterinburg.spravker.ru/stomatologicheskie-kliniki-i-tsentryi/,0.70
+79505501850,"Диагностические центры в Екатеринбурге - адреса, телефоны и отзывы",medical,spravker,ekb,https://ekaterinburg.spravker.ru/diagnosticheskie-tsentryi/,0.70
+79506332318,"Стоматологические клиники и центры в Екатеринбурге - адреса, телефоны и отзывы",medical,spravker,ekb,https://ekaterinburg.spravker.ru/stomatologicheskie-kliniki-i-tsentryi/,0.70
+79506555845,"Стоматологические клиники и центры в Екатеринбурге - адреса, телефоны и отзывы",medical,spravker,ekb,https://ekaterinburg.spravker.ru/stomatologicheskie-kliniki-i-tsentryi/,0.70
+79506558037,"Стоматологические поликлиники в Екатеринбурге - адреса, телефоны и отзывы",medical,spravker,ekb,https://ekaterinburg.spravker.ru/stomatologicheskie-polikliniki/,0.70
+79506599887,"Медцентры и клиники в Екатеринбурге - адреса, телефоны и отзывы",medical,spravker,ekb,https://ekaterinburg.spravker.ru/medtsentryi-i-kliniki/,0.70
+79507500297,"Стоматологические поликлиники в Воронеже - адреса, телефоны и отзывы",medical,spravker,voronezh,https://voronezh.spravker.ru/stomatologicheskie-polikliniki/,0.70
+79507583468,"Стоматологические поликлиники в Воронеже - адреса, телефоны и отзывы",medical,spravker,voronezh,https://voronezh.spravker.ru/stomatologicheskie-polikliniki/,0.70
+79510413975,"Стоматологические поликлиники в Санкт-Петербурге - адреса, телефоны и отзывы",medical,spravker,spb,https://spb.spravker.ru/stomatologicheskie-polikliniki/,0.70
+79511165113,"Больницы в Челябинске - адреса, телефоны и отзывы",medical,spravker,chelyabinsk,https://chelyabinsk.spravker.ru/bolnicy/,0.70
+79511170303,"Медцентры и клиники в Челябинске - адреса, телефоны и отзывы",medical,spravker,chelyabinsk,https://chelyabinsk.spravker.ru/medtsentryi-i-kliniki/,0.70
+79512349532,"Медцентры и клиники в Челябинске - адреса, телефоны и отзывы",medical,spravker,chelyabinsk,https://chelyabinsk.spravker.ru/medtsentryi-i-kliniki/,0.70
+79514472060,"Диагностические центры в Челябинске - адреса, телефоны и отзывы",medical,spravker,chelyabinsk,https://chelyabinsk.spravker.ru/diagnosticheskie-tsentryi/,0.70
+79514563680,"Стоматологические клиники и центры в Челябинске - адреса, телефоны и отзывы",medical,spravker,chelyabinsk,https://chelyabinsk.spravker.ru/stomatologicheskie-kliniki-i-tsentryi/,0.70
+79514563682,"Стоматологические клиники и центры в Челябинске - адреса, телефоны и отзывы",medical,spravker,chelyabinsk,https://chelyabinsk.spravker.ru/stomatologicheskie-kliniki-i-tsentryi/,0.70
+79515570654,"Диагностические центры в Воронеже - адреса, телефоны и отзывы",medical,spravker,voronezh,https://voronezh.spravker.ru/diagnosticheskie-tsentryi/,0.70
+79515583031,"Диагностические центры в Воронеже - адреса, телефоны и отзывы",medical,spravker,voronezh,https://voronezh.spravker.ru/diagnosticheskie-tsentryi/,0.70
+79515692823,"Медцентры и клиники в Воронеже - адреса, телефоны и отзывы",medical,spravker,voronezh,https://voronezh.spravker.ru/medtsentryi-i-kliniki/,0.70
+79516587384,"Диагностические центры в Санкт-Петербурге - адреса, телефоны и отзывы",medical,spravker,spb,https://spb.spravker.ru/diagnosticheskie-tsentryi/,0.70
+79517900055,"Больницы в Челябинске - адреса, телефоны и отзывы",medical,spravker,chelyabinsk,https://chelyabinsk.spravker.ru/bolnicy/,0.70
+79517932318,"Стоматологические клиники и центры в Челябинске - адреса, телефоны и отзывы",medical,spravker,chelyabinsk,https://chelyabinsk.spravker.ru/stomatologicheskie-kliniki-i-tsentryi/,0.70
+79518093886,"Диагностические центры в Челябинске - адреса, телефоны и отзывы",medical,spravker,chelyabinsk,https://chelyabinsk.spravker.ru/diagnosticheskie-tsentryi/,0.70
+79518097117,"Стоматологические клиники и центры в Челябинске - адреса, телефоны и отзывы",medical,spravker,chelyabinsk,https://chelyabinsk.spravker.ru/stomatologicheskie-kliniki-i-tsentryi/,0.70
+79518555555,"Медцентры и клиники в Воронеже - адреса, телефоны и отзывы",medical,spravker,voronezh,https://voronezh.spravker.ru/medtsentryi-i-kliniki/,0.70
+79518556066,"Клиника Спасибо, Доктор! на улице Кропоткина",medical,zoon,voronezh,https://zoon.ru/voronezh/medical/,0.70
+79518761522,"Стоматологические поликлиники в Воронеже - адреса, телефоны и отзывы",medical,spravker,voronezh,https://voronezh.spravker.ru/stomatologicheskie-polikliniki/,0.70
+79521004750,"Медцентры и клиники в Воронеже - адреса, телефоны и отзывы",medical,spravker,voronezh,https://voronezh.spravker.ru/medtsentryi-i-kliniki/,0.70
+79521052772,"Стоматологические поликлиники в Воронеже - адреса, телефоны и отзывы",medical,spravker,voronezh,https://voronezh.spravker.ru/stomatologicheskie-polikliniki/,0.70
+79522492779,"Диагностические центры в Санкт-Петербурге - адреса, телефоны и отзывы",medical,spravker,spb,https://spb.spravker.ru/diagnosticheskie-tsentryi/,0.70
+79525088222,"Стоматологические клиники и центры в Челябинске - адреса, телефоны и отзывы",medical,spravker,chelyabinsk,https://chelyabinsk.spravker.ru/stomatologicheskie-kliniki-i-tsentryi/,0.70
+79525196058,"Стоматологические клиники и центры в Челябинске - адреса, телефоны и отзывы",medical,spravker,chelyabinsk,https://chelyabinsk.spravker.ru/stomatologicheskie-kliniki-i-tsentryi/,0.70
+79525465405,"Стоматологические поликлиники в Воронеже - адреса, телефоны и отзывы",medical,spravker,voronezh,https://voronezh.spravker.ru/stomatologicheskie-polikliniki/,0.70
+79525557737,"Медцентры и клиники в Воронеже - адреса, телефоны и отзывы",medical,spravker,voronezh,https://voronezh.spravker.ru/medtsentryi-i-kliniki/,0.70
+79525583322,"Стоматологические поликлиники в Воронеже - адреса, телефоны и отзывы",medical,spravker,voronezh,https://voronezh.spravker.ru/stomatologicheskie-polikliniki/,0.70
+79526686090,"Диагностические центры в Санкт-Петербурге - адреса, телефоны и отзывы",medical,spravker,spb,https://spb.spravker.ru/diagnosticheskie-tsentryi/,0.70
+79528145233,"Аптеки в Краснодаре - адреса, телефоны и отзывы",medical,spravker,krasnodar,https://krasnodar.spravker.ru/apteki/,0.70
+79528554250,"Диагностические центры в Краснодаре - адреса, телефоны и отзывы",medical,spravker,krasnodar,https://krasnodar.spravker.ru/diagnosticheskie-tsentryi/,0.70
+79529539575,"Стоматологические поликлиники в Воронеже - адреса, телефоны и отзывы",medical,spravker,voronezh,https://voronezh.spravker.ru/stomatologicheskie-polikliniki/,0.70
+79529566958,"Стоматологические поликлиники в Воронеже - адреса, телефоны и отзывы",medical,spravker,voronezh,https://voronezh.spravker.ru/stomatologicheskie-polikliniki/,0.70
+79530433999,"Стоматологические клиники и центры в Екатеринбурге - адреса, телефоны и отзывы",medical,spravker,ekb,https://ekaterinburg.spravker.ru/stomatologicheskie-kliniki-i-tsentryi/,0.70
+79531190904,"Диагностические центры в Воронеже - адреса, телефоны и отзывы",medical,spravker,voronezh,https://voronezh.spravker.ru/diagnosticheskie-tsentryi/,0.70
+79533781702,"Стоматологические поликлиники в Санкт-Петербурге - адреса, телефоны и отзывы",medical,spravker,spb,https://spb.spravker.ru/stomatologicheskie-polikliniki/,0.70
+79533830728,"Стоматологические поликлиники в Екатеринбурге - адреса, телефоны и отзывы",medical,spravker,ekb,https://ekaterinburg.spravker.ru/stomatologicheskie-polikliniki/,0.70
+79581117918,"Аптеки в Москве - адреса, телефоны и отзывы",medical,spravker,msk,https://msk.spravker.ru/apteki/,0.70
+79581119337,"Стоматологические поликлиники в Санкт-Петербурге - адреса, телефоны и отзывы",medical,spravker,spb,https://spb.spravker.ru/stomatologicheskie-polikliniki/,0.70
+79582331094,"Стоматологические клиники и центры в Екатеринбурге - адреса, телефоны и отзывы",medical,spravker,ekb,https://ekaterinburg.spravker.ru/stomatologicheskie-kliniki-i-tsentryi/,0.70
+79584175978,ДНК клиника на улице 40-летия Победы,medical,zoon,chelyabinsk,https://zoon.ru/chelyabinsk/medical/,0.70
+79584177511,Стоматологическая клиника Дентакласс на улице Ворошилова,medical,zoon,chelyabinsk,https://zoon.ru/chelyabinsk/medical/,0.70
+79584183273,"Медцентры и клиники в Воронеже - адреса, телефоны и отзывы",medical,spravker,voronezh,https://voronezh.spravker.ru/medtsentryi-i-kliniki/,0.70
+79584994790,"Медцентры и клиники в Екатеринбурге - адреса, телефоны и отзывы",medical,spravker,ekb,https://ekaterinburg.spravker.ru/medtsentryi-i-kliniki/,0.70
+79587355032,Клиника ортопедии и травматологии Доктора Оганесяна С.С.,medical,zoon,voronezh,https://zoon.ru/voronezh/medical/,0.70
+79587356396,Центр эстетической стоматологии Осадофф,medical,zoon,voronezh,https://zoon.ru/voronezh/medical/,0.70
+79587356615,Стоматология Зазеркалье,medical,zoon,voronezh,https://zoon.ru/voronezh/medical/,0.70
+79587356648,"Стоматологические поликлиники в Воронеже - адреса, телефоны и отзывы",medical,spravker,voronezh,https://voronezh.spravker.ru/stomatologicheskie-polikliniki/,0.70
+79587357453,Стоматологическая клиника Demokrat,medical,zoon,voronezh,https://zoon.ru/voronezh/medical/,0.70
+79587357482,Стоматология Ваш Стоматолог на Бульваре Пионеров,medical,zoon,voronezh,https://zoon.ru/voronezh/medical/,0.70
+79587357501,"Стоматологические поликлиники в Воронеже - адреса, телефоны и отзывы",medical,spravker,voronezh,https://voronezh.spravker.ru/stomatologicheskie-polikliniki/,0.70
+79587357541,Детская стоматология Эльфея на бульваре Пионеров,medical,zoon,voronezh,https://zoon.ru/voronezh/medical/,0.70
+79587359255,Стоматологический центр Дельта,medical,zoon,voronezh,https://zoon.ru/voronezh/medical/,0.70
+79587364462,"Медцентры и клиники в Воронеже - адреса, телефоны и отзывы",medical,spravker,voronezh,https://voronezh.spravker.ru/medtsentryi-i-kliniki/,0.70
+79587405310,Многопрофильный медицинский центр Кемма на Российской улице,medical,zoon,chelyabinsk,https://zoon.ru/chelyabinsk/medical/,0.70
+79587442194,Стоматология Аура на проспекте Победы,medical,zoon,chelyabinsk,https://zoon.ru/chelyabinsk/medical/,0.70
+79587445381,"Больницы в Челябинске - адреса, телефоны и отзывы",medical,spravker,chelyabinsk,https://chelyabinsk.spravker.ru/bolnicy/,0.70
+79587543511,Стоматологический центр Пломбир на улице Молодогвардейцев,medical,zoon,chelyabinsk,https://zoon.ru/chelyabinsk/medical/,0.70
+79587544310,Медицинская компания Скинор,medical,zoon,chelyabinsk,https://zoon.ru/chelyabinsk/medical/,0.70
+79587544955,Глазная клиника Центр Зрения,medical,zoon,chelyabinsk,https://zoon.ru/chelyabinsk/medical/,0.70
+79587633589,Стоматологическая клиника Зубок,medical,zoon,chelyabinsk,https://zoon.ru/chelyabinsk/medical/,0.70
+79588058578,"Больницы в Москве - адреса, телефоны и отзывы",medical,spravker,msk,https://msk.spravker.ru/bolnicy/,0.70
+79600443044,"Стоматологические клиники и центры в Казани - адреса, телефоны и отзывы",medical,spravker,kzn,https://kazan.spravker.ru/stomatologicheskie-kliniki-i-tsentryi/,0.70
+79601006030,"Стоматологические поликлиники в Воронеже - адреса, телефоны и отзывы",medical,spravker,voronezh,https://voronezh.spravker.ru/stomatologicheskie-polikliniki/,0.70
+79601033338,"Стоматологические поликлиники в Воронеже - адреса, телефоны и отзывы",medical,spravker,voronezh,https://voronezh.spravker.ru/stomatologicheskie-polikliniki/,0.70
+79603876233,Стоматология Мастердент на улице Гоголя,medical,zoon,ufa,https://zoon.ru/ufa/medical/,0.70
+79608003344,"Стоматологические клиники и центры в Уфе - адреса, телефоны и отзывы",medical,spravker,ufa,https://ufa.spravker.ru/stomatologicheskie-kliniki-i-tsentryi/,0.70
+79610290807,"Диагностические центры в Воронеже - адреса, телефоны и отзывы",medical,spravker,voronezh,https://voronezh.spravker.ru/diagnosticheskie-tsentryi/,0.70
+79615888514,"Стоматологические поликлиники в Краснодаре - адреса, телефоны и отзывы",medical,spravker,krasnodar,https://krasnodar.spravker.ru/stomatologicheskie-polikliniki/,0.70
+79616165405,Стоматология Редент на Кольцовской улице,medical,zoon,voronezh,https://zoon.ru/voronezh/medical/,0.70
+79616165473,Немецкий Медицинский Центр DMZ на Дорожной улице,medical,zoon,voronezh,https://zoon.ru/voronezh/medical/,0.70
+79617727544,"Стоматологические поликлиники в Екатеринбурге - адреса, телефоны и отзывы",medical,spravker,ekb,https://ekaterinburg.spravker.ru/stomatologicheskie-polikliniki/,0.70
+79624876416,"Медцентры и клиники в Челябинске - адреса, телефоны и отзывы",medical,spravker,chelyabinsk,https://chelyabinsk.spravker.ru/medtsentryi-i-kliniki/,0.70
+79625567030,"Медцентры и клиники в Казани - адреса, телефоны и отзывы",medical,spravker,kzn,https://kazan.spravker.ru/medtsentryi-i-kliniki/,0.70
+79625595579,"Медцентры и клиники в Казани - адреса, телефоны и отзывы",medical,spravker,kzn,https://kazan.spravker.ru/medtsentryi-i-kliniki/,0.70
+79625637926,"Стоматологические поликлиники в Казани - адреса, телефоны и отзывы",medical,spravker,kzn,https://kazan.spravker.ru/stomatologicheskie-polikliniki/,0.70
+79625777841,"Медцентры и клиники в Казани - адреса, телефоны и отзывы",medical,spravker,kzn,https://kazan.spravker.ru/medtsentryi-i-kliniki/,0.70
+79626961773,Стоматологическая клиника Дентал Клиник на Русановской улице,medical,zoon,spb,https://zoon.ru/spb/medical/,0.70
+79626964232,Стоматология Розиной Натальи на Тимуровской улице,medical,zoon,spb,https://zoon.ru/spb/medical/,0.70
+79627124537,Медицинский центр Диона на проспекте Луначарского,medical,zoon,spb,https://zoon.ru/spb/medical/,0.70
+79628647303,"Диагностические центры в Краснодаре - адреса, телефоны и отзывы",medical,spravker,krasnodar,https://krasnodar.spravker.ru/diagnosticheskie-tsentryi/,0.70
+79628704737,"Диагностические центры в Краснодаре - адреса, телефоны и отзывы",medical,spravker,krasnodar,https://krasnodar.spravker.ru/diagnosticheskie-tsentryi/,0.70
+79628731794,Клиника когнитивного и эмоционального здоровья DocBrain на улице Бабушкина,medical,zoon,krasnodar,https://zoon.ru/krasnodar/medical/,0.70
+79628785520,"Аптеки в Краснодаре - адреса, телефоны и отзывы",medical,spravker,krasnodar,https://krasnodar.spravker.ru/apteki/,0.70
+79629625117,"Диагностические центры в Воронеже - адреса, телефоны и отзывы",medical,spravker,voronezh,https://voronezh.spravker.ru/diagnosticheskie-tsentryi/,0.70
+79630446639,Клиника подологии на улице 8 Марта,medical,zoon,ekb,https://zoon.ru/ekb/beauty/,0.70
+79630472757,"Медцентры и клиники в Екатеринбурге - адреса, телефоны и отзывы",medical,spravker,ekb,https://ekaterinburg.spravker.ru/medtsentryi-i-kliniki/,0.70
+79630553888,"Диагностические центры в Екатеринбурге - адреса, телефоны и отзывы",medical,spravker,ekb,https://ekaterinburg.spravker.ru/diagnosticheskie-tsentryi/,0.70
+79630801440,"Стоматологические клиники и центры в Челябинске - адреса, телефоны и отзывы",medical,spravker,chelyabinsk,https://chelyabinsk.spravker.ru/stomatologicheskie-kliniki-i-tsentryi/,0.70
+79631554545,"Больницы в Челябинске - адреса, телефоны и отзывы",medical,spravker,chelyabinsk,https://chelyabinsk.spravker.ru/bolnicy/,0.70
+79633440998,"Стоматологические поликлиники в Санкт-Петербурге - адреса, телефоны и отзывы",medical,spravker,spb,https://spb.spravker.ru/stomatologicheskie-polikliniki/,0.70
+79634448833,"Медцентры и клиники в Екатеринбурге - адреса, телефоны и отзывы",medical,spravker,ekb,https://ekaterinburg.spravker.ru/medtsentryi-i-kliniki/,0.70
+79635615147,"Медцентры и клиники в Воронеже - адреса, телефоны и отзывы",medical,spravker,voronezh,https://voronezh.spravker.ru/medtsentryi-i-kliniki/,0.70
+79635618967,"Медцентры и клиники в Воронеже - адреса, телефоны и отзывы",medical,spravker,voronezh,https://voronezh.spravker.ru/medtsentryi-i-kliniki/,0.70
+79642445422,"Стоматологические клиники и центры в Челябинске - адреса, телефоны и отзывы",medical,spravker,chelyabinsk,https://chelyabinsk.spravker.ru/stomatologicheskie-kliniki-i-tsentryi/,0.70
+79644860006,"Стоматологические поликлиники в Екатеринбурге - адреса, телефоны и отзывы",medical,spravker,ekb,https://ekaterinburg.spravker.ru/stomatologicheskie-polikliniki/,0.70
+79649003333,"Стоматологические клиники и центры в Краснодаре - адреса, телефоны и отзывы",medical,spravker,krasnodar,https://krasnodar.spravker.ru/stomatologicheskie-kliniki-i-tsentryi/,0.70
+79649011147,"Стоматологические клиники и центры в Краснодаре - адреса, телефоны и отзывы",medical,spravker,krasnodar,https://krasnodar.spravker.ru/stomatologicheskie-kliniki-i-tsentryi/,0.70
+79649222228,"Стоматологические поликлиники в Краснодаре - адреса, телефоны и отзывы",medical,spravker,krasnodar,https://krasnodar.spravker.ru/stomatologicheskie-polikliniki/,0.70
+79650942939,"Диагностические центры в Санкт-Петербурге - адреса, телефоны и отзывы",medical,spravker,spb,https://spb.spravker.ru/diagnosticheskie-tsentryi/,0.70
+79652472065,"Стоматологические поликлиники в Москве - адреса, телефоны и отзывы",medical,spravker,msk,https://msk.spravker.ru/stomatologicheskie-polikliniki/,0.70
+79652472066,"Стоматологические поликлиники в Москве - адреса, телефоны и отзывы",medical,spravker,msk,https://msk.spravker.ru/stomatologicheskie-polikliniki/,0.70
+79654575185,"Стоматологические клиники и центры в Краснодаре - адреса, телефоны и отзывы",medical,spravker,krasnodar,https://krasnodar.spravker.ru/stomatologicheskie-kliniki-i-tsentryi/,0.70
+79655033993,"Медцентры и клиники в Екатеринбурге - адреса, телефоны и отзывы",medical,spravker,ekb,https://ekaterinburg.spravker.ru/medtsentryi-i-kliniki/,0.70
+79655315555,"Стоматологические клиники и центры в Екатеринбурге - адреса, телефоны и отзывы",medical,spravker,ekb,https://ekaterinburg.spravker.ru/stomatologicheskie-kliniki-i-tsentryi/,0.70
+79655975890,"Медцентры и клиники в Казани - адреса, телефоны и отзывы",medical,spravker,kzn,https://kazan.spravker.ru/medtsentryi-i-kliniki/,0.70
+79661490420,"Стоматологические клиники и центры в Москве - адреса, телефоны и отзывы",medical,spravker,msk,https://msk.spravker.ru/stomatologicheskie-kliniki-i-tsentryi/,0.70
+79662401036,"Медцентры и клиники в Казани - адреса, телефоны и отзывы",medical,spravker,kzn,https://kazan.spravker.ru/medtsentryi-i-kliniki/,0.70
+79662402195,"Стоматологические поликлиники в Казани - адреса, телефоны и отзывы",medical,spravker,kzn,https://kazan.spravker.ru/stomatologicheskie-polikliniki/,0.70
+79662405533,"Стоматологические поликлиники в Казани - адреса, телефоны и отзывы",medical,spravker,kzn,https://kazan.spravker.ru/stomatologicheskie-polikliniki/,0.70
+79662506161,"Стоматологические поликлиники в Казани - адреса, телефоны и отзывы",medical,spravker,kzn,https://kazan.spravker.ru/stomatologicheskie-polikliniki/,0.70
+79662506991,"Стоматологические поликлиники в Казани - адреса, телефоны и отзывы",medical,spravker,kzn,https://kazan.spravker.ru/stomatologicheskie-polikliniki/,0.70
+79662602221,"Стоматологические клиники и центры в Казани - адреса, телефоны и отзывы",medical,spravker,kzn,https://kazan.spravker.ru/stomatologicheskie-kliniki-i-tsentryi/,0.70
+79667492793,"Аптеки в Краснодаре - адреса, телефоны и отзывы",medical,spravker,krasnodar,https://krasnodar.spravker.ru/apteki/,0.70
+79667520877,"Диагностические центры в Санкт-Петербурге - адреса, телефоны и отзывы",medical,spravker,spb,https://spb.spravker.ru/diagnosticheskie-tsentryi/,0.70
+79667780015,"Медцентры и клиники в Воронеже - адреса, телефоны и отзывы",medical,spravker,voronezh,https://voronezh.spravker.ru/medtsentryi-i-kliniki/,0.70
+79667780039,Медицинский центр ПЕРЕСВЕТ на Ленинском проспекте,medical,zoon,voronezh,https://zoon.ru/voronezh/medical/,0.70
+79667780054,Наркологическая клиника АСК Вера,medical,zoon,voronezh,https://zoon.ru/voronezh/medical/,0.70
+79667780064,Медицинский центр ПЕРЕСВЕТ на улице Шишкова,medical,zoon,voronezh,https://zoon.ru/voronezh/medical/,0.70
+79667780065,"Стоматологические поликлиники в Воронеже - адреса, телефоны и отзывы",medical,spravker,voronezh,https://voronezh.spravker.ru/stomatologicheskie-polikliniki/,0.70
+79667781623,Стоматология Пломбир на улице Хользунова,medical,zoon,voronezh,https://zoon.ru/voronezh/medical/,0.70
+79667786104,"Стоматологические поликлиники в Воронеже - адреса, телефоны и отзывы",medical,spravker,voronezh,https://voronezh.spravker.ru/stomatologicheskie-polikliniki/,0.70
+79667787354,Стоматологическая клиника Аль Денте,medical,zoon,voronezh,https://zoon.ru/voronezh/medical/,0.70
+79667788514,Стоматология Асториа,medical,zoon,voronezh,https://zoon.ru/voronezh/medical/,0.70
+79667788913,Центр стоматологии МигЛайн,medical,zoon,voronezh,https://zoon.ru/voronezh/medical/,0.70
+79668884902,"Аптеки в Москве - адреса, телефоны и отзывы",medical,spravker,msk,https://msk.spravker.ru/apteki/,0.70
+79673110077,"Стоматологические клиники и центры в Краснодаре - адреса, телефоны и отзывы",medical,spravker,krasnodar,https://krasnodar.spravker.ru/stomatologicheskie-kliniki-i-tsentryi/,0.70
+79673170000,"Стоматологические клиники и центры в Краснодаре - адреса, телефоны и отзывы",medical,spravker,krasnodar,https://krasnodar.spravker.ru/stomatologicheskie-kliniki-i-tsentryi/,0.70
+79673421311,"Диагностические центры в Санкт-Петербурге - адреса, телефоны и отзывы",medical,spravker,spb,https://spb.spravker.ru/diagnosticheskie-tsentryi/,0.70
+79674372587,"Диагностические центры в Москве - адреса, телефоны и отзывы",medical,spravker,msk,https://msk.spravker.ru/diagnosticheskie-tsentryi/,0.70
+79674612115,"Стоматологические поликлиники в Казани - адреса, телефоны и отзывы",medical,spravker,kzn,https://kazan.spravker.ru/stomatologicheskie-polikliniki/,0.70
+79676309397,"Стоматологические поликлиники в Екатеринбурге - адреса, телефоны и отзывы",medical,spravker,ekb,https://ekaterinburg.spravker.ru/stomatologicheskie-polikliniki/,0.70
+79676501006,Медицинский центр ВеликМед,medical,zoon,krasnodar,https://zoon.ru/krasnodar/medical/,0.70
+79677703003,"Стоматологические клиники и центры в Казани - адреса, телефоны и отзывы",medical,spravker,kzn,https://kazan.spravker.ru/stomatologicheskie-kliniki-i-tsentryi/,0.70
+79681448035,Стоматология ФэмилиДент на улице Недорубова,medical,zoon,msk,https://zoon.ru/msk/medical/,0.70
+79681828620,"Стоматологические поликлиники в Санкт-Петербурге - адреса, телефоны и отзывы",medical,spravker,spb,https://spb.spravker.ru/stomatologicheskie-polikliniki/,0.70
+79681876936,"Диагностические центры в Санкт-Петербурге - адреса, телефоны и отзывы",medical,spravker,spb,https://spb.spravker.ru/diagnosticheskie-tsentryi/,0.70
+79683070751,"Больницы в Москве - адреса, телефоны и отзывы",medical,spravker,msk,https://msk.spravker.ru/bolnicy/,0.70
+79689631768,"Медцентры и клиники в Москве - адреса, телефоны и отзывы",medical,spravker,msk,https://msk.spravker.ru/medtsentryi-i-kliniki/,0.70
+79693021635,"Аптеки в Краснодаре - адреса, телефоны и отзывы",medical,spravker,krasnodar,https://krasnodar.spravker.ru/apteki/,0.70
+79693021637,"Диагностические центры в Краснодаре - адреса, телефоны и отзывы",medical,spravker,krasnodar,https://krasnodar.spravker.ru/diagnosticheskie-tsentryi/,0.70
+79697778340,"Аптеки в Москве - адреса, телефоны и отзывы",medical,spravker,msk,https://msk.spravker.ru/apteki/,0.70
+79699668242,"Медцентры и клиники в Челябинске - адреса, телефоны и отзывы",medical,spravker,chelyabinsk,https://chelyabinsk.spravker.ru/medtsentryi-i-kliniki/,0.70
+79699674050,"Диагностические центры в Екатеринбурге - адреса, телефоны и отзывы",medical,spravker,ekb,https://ekaterinburg.spravker.ru/diagnosticheskie-tsentryi/,0.70
+79699991425,"Аптеки в Москве - адреса, телефоны и отзывы",medical,spravker,msk,https://msk.spravker.ru/apteki/,0.70
+79699992180,"Аптеки в Москве - адреса, телефоны и отзывы",medical,spravker,msk,https://msk.spravker.ru/apteki/,0.70
+79770910261,Медицинский центр МЕДСОНАР на улице имени Героя Георгия Бочарникова,medical,zoon,krasnodar,https://zoon.ru/krasnodar/medical/,0.70
+79770911047,Центр эстетической стоматологии и имплантации Dr.Kamaev (SL Dental Clinic),medical,zoon,krasnodar,https://zoon.ru/krasnodar/medical/,0.70
+79770913371,Стоматология Вега+,medical,zoon,krasnodar,https://zoon.ru/krasnodar/medical/,0.70
+79770914296,Стоматология Buga Dental Clinic на улице МК-62,medical,zoon,krasnodar,https://zoon.ru/krasnodar/medical/,0.70
+79770922836,"Стоматологические поликлиники в Казани - адреса, телефоны и отзывы",medical,spravker,kzn,https://kazan.spravker.ru/stomatologicheskie-polikliniki/,0.70
+79770925809,"Стоматологические поликлиники в Казани - адреса, телефоны и отзывы",medical,spravker,kzn,https://kazan.spravker.ru/stomatologicheskie-polikliniki/,0.70
+79774810708,"Больницы в Москве - адреса, телефоны и отзывы",medical,spravker,msk,https://msk.spravker.ru/bolnicy/,0.70
+79776230321,"Стоматологические поликлиники в Москве - адреса, телефоны и отзывы",medical,spravker,msk,https://msk.spravker.ru/stomatologicheskie-polikliniki/,0.70
+79801130654,Клиника Медицина 21 век на улице Димитрова,medical,zoon,voronezh,https://zoon.ru/voronezh/medical/,0.70
+79802030303,"Стоматологические поликлиники в Москве - адреса, телефоны и отзывы",medical,spravker,msk,https://msk.spravker.ru/stomatologicheskie-polikliniki/,0.70
+79802225055,"Стоматологические поликлиники в Москве - адреса, телефоны и отзывы",medical,spravker,msk,https://msk.spravker.ru/stomatologicheskie-polikliniki/,0.70
+79802404888,"Диагностические центры в Воронеже - адреса, телефоны и отзывы",medical,spravker,voronezh,https://voronezh.spravker.ru/diagnosticheskie-tsentryi/,0.70
+79802446650,"Медцентры и клиники в Воронеже - адреса, телефоны и отзывы",medical,spravker,voronezh,https://voronezh.spravker.ru/medtsentryi-i-kliniki/,0.70
+79802700119,"Стоматологические поликлиники в Воронеже - адреса, телефоны и отзывы",medical,spravker,voronezh,https://voronezh.spravker.ru/stomatologicheskie-polikliniki/,0.70
+79803405767,"Медцентры и клиники в Воронеже - адреса, телефоны и отзывы",medical,spravker,voronezh,https://voronezh.spravker.ru/medtsentryi-i-kliniki/,0.70
+79805521955,Клиника косметологии Нега,medical,zoon,voronezh,https://zoon.ru/voronezh/beauty/,0.70
+79805522043,Медицинский центр Атлант Клиник на Ростовской улице,medical,zoon,voronezh,https://zoon.ru/voronezh/medical/,0.70
+79810789610,"Стоматологические поликлиники в Екатеринбурге - адреса, телефоны и отзывы",medical,spravker,ekb,https://ekaterinburg.spravker.ru/stomatologicheskie-polikliniki/,0.70
+79813352071,Стоматология Зубастик на Разъезжей,medical,zoon,spb,https://zoon.ru/spb/medical/,0.70
+79813353429,Стоматологический центр GIONIX на Пулковской улице,medical,zoon,spb,https://zoon.ru/spb/medical/,0.70
+79813353724,Клиника Доктор на проспекте Энтузиастов,medical,zoon,spb,https://zoon.ru/spb/medical/,0.70
+79813355675,Центр стоматологии и имплантации Дент Сити на проспекте Просвещения,medical,zoon,spb,https://zoon.ru/spb/medical/,0.70
+79813356930,"Диагностические центры в Санкт-Петербурге - адреса, телефоны и отзывы",medical,spravker,spb,https://spb.spravker.ru/diagnosticheskie-tsentryi/,0.70
+79813357723,Стоматология Честный доктор,medical,zoon,spb,https://zoon.ru/spb/medical/,0.70
+79813358406,Семейная стоматология №1 на Будапештской улице,medical,zoon,spb,https://zoon.ru/spb/medical/,0.70
+79813358431,Стоматологическая клиника Дентал Студио на Туристской улице,medical,zoon,spb,https://zoon.ru/spb/medical/,0.70
+79813358632,Медицинский центр косметологии Аэлита на проспекте Энгельса,medical,zoon,spb,https://zoon.ru/spb/beauty/,0.70
+79813359355,Стоматологическая клиника Веа-Дент на проспекте Ветеранов,medical,zoon,spb,https://zoon.ru/spb/medical/,0.70
+79813361034,Стоматология СпаДент на Дунайском проспекте,medical,zoon,spb,https://zoon.ru/spb/medical/,0.70
+79813362637,Стоматология АлевДент,medical,zoon,spb,https://zoon.ru/spb/medical/,0.70
+79813362964,Стоматологический центр ПримаСтом в Балтийской жемчужине,medical,zoon,spb,https://zoon.ru/spb/medical/,0.70
+79813363569,Медицинский центр Диона на улице Коллонтай,medical,zoon,spb,https://zoon.ru/spb/medical/,0.70
+79813364199,"Стоматология ЛМ Клиника на улице Николая Рубцова, 3 в Парголово",medical,zoon,spb,https://zoon.ru/spb/medical/,0.70
+79813364284,"Стоматологические поликлиники в Санкт-Петербурге - адреса, телефоны и отзывы",medical,spravker,spb,https://spb.spravker.ru/stomatologicheskie-polikliniki/,0.70
+79813364350,"Стоматологические поликлиники в Санкт-Петербурге - адреса, телефоны и отзывы",medical,spravker,spb,https://spb.spravker.ru/stomatologicheskie-polikliniki/,0.70
+79813364763,Первая Медицинская Клиника на Рузовской улице,medical,zoon,spb,https://zoon.ru/spb/medical/,0.70
+79813365304,"Диагностические центры в Санкт-Петербурге - адреса, телефоны и отзывы",medical,spravker,spb,https://spb.spravker.ru/diagnosticheskie-tsentryi/,0.70
+79813365416,Многопрофильная клиника ОстМедКонсалт на метро Чернышевская,medical,zoon,spb,https://zoon.ru/spb/medical/,0.70
+79813365546,Медицинский центр Круг Докторов,medical,zoon,spb,https://zoon.ru/spb/medical/,0.70
+79813366801,Стоматологическая клиника Dental Evolution на Дивенской улице,medical,zoon,spb,https://zoon.ru/spb/medical/,0.70
+79813367560,Стоматологическая клиника StomRetreat,medical,zoon,spb,https://zoon.ru/spb/medical/,0.70
+79813369117,СТОМАТОЛОГИЧЕСКИЙ ЦЕНТР города Пушкина на улице Глинки,medical,zoon,spb,https://zoon.ru/spb/medical/,0.70
+79813369608,Клиника «Семейный Доктор» на Парашютной улице,medical,zoon,spb,https://zoon.ru/spb/medical/,0.70
+79813370967,Семейная стоматология №1 на Караваевской улице,medical,zoon,spb,https://zoon.ru/spb/medical/,0.70
+79813371183,Стоматологическая клиника Fusiondent,medical,zoon,spb,https://zoon.ru/spb/medical/,0.70
+79813372691,Стоматология СпаДент на Искровском проспекте,medical,zoon,spb,https://zoon.ru/spb/medical/,0.70
+79817268646,"Диагностические центры в Санкт-Петербурге - адреса, телефоны и отзывы",medical,spravker,spb,https://spb.spravker.ru/diagnosticheskie-tsentryi/,0.70
+79817487788,"Диагностические центры в Санкт-Петербурге - адреса, телефоны и отзывы",medical,spravker,spb,https://spb.spravker.ru/diagnosticheskie-tsentryi/,0.70
+79818658190,"Стоматологические поликлиники в Москве - адреса, телефоны и отзывы",medical,spravker,msk,https://msk.spravker.ru/stomatologicheskie-polikliniki/,0.70
+79820077302,"Больницы в Москве - адреса, телефоны и отзывы",medical,spravker,msk,https://msk.spravker.ru/bolnicy/,0.70
+79826675802,"Стоматологические поликлиники в Екатеринбурге - адреса, телефоны и отзывы",medical,spravker,ekb,https://ekaterinburg.spravker.ru/stomatologicheskie-polikliniki/,0.70
+79826677560,"Медцентры и клиники в Екатеринбурге - адреса, телефоны и отзывы",medical,spravker,ekb,https://ekaterinburg.spravker.ru/medtsentryi-i-kliniki/,0.70
+79826756588,"Стоматологические клиники и центры в Екатеринбурге - адреса, телефоны и отзывы",medical,spravker,ekb,https://ekaterinburg.spravker.ru/stomatologicheskie-kliniki-i-tsentryi/,0.70
+79826773800,"Медцентры и клиники в Екатеринбурге - адреса, телефоны и отзывы",medical,spravker,ekb,https://ekaterinburg.spravker.ru/medtsentryi-i-kliniki/,0.70
+79826881727,"Стоматологические поликлиники в Екатеринбурге - адреса, телефоны и отзывы",medical,spravker,ekb,https://ekaterinburg.spravker.ru/stomatologicheskie-polikliniki/,0.70
+79826945220,"Диагностические центры в Екатеринбурге - адреса, телефоны и отзывы",medical,spravker,ekb,https://ekaterinburg.spravker.ru/diagnosticheskie-tsentryi/,0.70
+79827371930,"Медцентры и клиники в Екатеринбурге - адреса, телефоны и отзывы",medical,spravker,ekb,https://ekaterinburg.spravker.ru/medtsentryi-i-kliniki/,0.70
+79827417098,"Стоматологические клиники и центры в Екатеринбурге - адреса, телефоны и отзывы",medical,spravker,ekb,https://ekaterinburg.spravker.ru/stomatologicheskie-kliniki-i-tsentryi/,0.70
+79827512000,"Стоматологические клиники и центры в Екатеринбурге - адреса, телефоны и отзывы",medical,spravker,ekb,https://ekaterinburg.spravker.ru/stomatologicheskie-kliniki-i-tsentryi/,0.70
+79827688322,"Аптеки в Челябинске - адреса, телефоны и отзывы",medical,spravker,chelyabinsk,https://chelyabinsk.spravker.ru/apteki/,0.70
+79851345658,"Больницы в Москве - адреса, телефоны и отзывы",medical,spravker,msk,https://msk.spravker.ru/bolnicy/,0.70
+79853040957,"Стоматологические клиники и центры в Москве - адреса, телефоны и отзывы",medical,spravker,msk,https://msk.spravker.ru/stomatologicheskie-kliniki-i-tsentryi/,0.70
+79853567346,"Стоматологические поликлиники в Москве - адреса, телефоны и отзывы",medical,spravker,msk,https://msk.spravker.ru/stomatologicheskie-polikliniki/,0.70
+79855055776,"Диагностические центры в Москве - адреса, телефоны и отзывы",medical,spravker,msk,https://msk.spravker.ru/diagnosticheskie-tsentryi/,0.70
+79857640004,"Диагностические центры в Москве - адреса, телефоны и отзывы",medical,spravker,msk,https://msk.spravker.ru/diagnosticheskie-tsentryi/,0.70
+79859311090,"Больницы в Москве - адреса, телефоны и отзывы",medical,spravker,msk,https://msk.spravker.ru/bolnicy/,0.70
+79859876701,"Больницы в Москве - адреса, телефоны и отзывы",medical,spravker,msk,https://msk.spravker.ru/bolnicy/,0.70
+79859995580,"Больницы в Москве - адреса, телефоны и отзывы",medical,spravker,msk,https://msk.spravker.ru/bolnicy/,0.70
+79869232270,"Стоматологические клиники и центры в Казани - адреса, телефоны и отзывы",medical,spravker,kzn,https://kazan.spravker.ru/stomatologicheskie-kliniki-i-tsentryi/,0.70
+79869794959,"Стоматологические клиники и центры в Уфе - адреса, телефоны и отзывы",medical,spravker,ufa,https://ufa.spravker.ru/stomatologicheskie-kliniki-i-tsentryi/,0.70
+79870200241,"Медцентры и клиники в Уфе - адреса, телефоны и отзывы",medical,spravker,ufa,https://ufa.spravker.ru/medtsentryi-i-kliniki/,0.70
+79870230786,"Стоматологические клиники и центры в Уфе - адреса, телефоны и отзывы",medical,spravker,ufa,https://ufa.spravker.ru/stomatologicheskie-kliniki-i-tsentryi/,0.70
+79870236136,"Диагностические центры в Уфе - адреса, телефоны и отзывы",medical,spravker,ufa,https://ufa.spravker.ru/diagnosticheskie-tsentryi/,0.70
+79870293395,"Медцентры и клиники в Уфе - адреса, телефоны и отзывы",medical,spravker,ufa,https://ufa.spravker.ru/medtsentryi-i-kliniki/,0.70
+79870307551,"Стоматологические клиники и центры в Уфе - адреса, телефоны и отзывы",medical,spravker,ufa,https://ufa.spravker.ru/stomatologicheskie-kliniki-i-tsentryi/,0.70
+79870390369,"Медцентры и клиники в Уфе - адреса, телефоны и отзывы",medical,spravker,ufa,https://ufa.spravker.ru/medtsentryi-i-kliniki/,0.70
+79870418921,"Медцентры и клиники в Уфе - адреса, телефоны и отзывы",medical,spravker,ufa,https://ufa.spravker.ru/medtsentryi-i-kliniki/,0.70
+79870460480,"Стоматологические клиники и центры в Уфе - адреса, телефоны и отзывы",medical,spravker,ufa,https://ufa.spravker.ru/stomatologicheskie-kliniki-i-tsentryi/,0.70
+79870684344,"Стоматологические клиники и центры в Казани - адреса, телефоны и отзывы",medical,spravker,kzn,https://kazan.spravker.ru/stomatologicheskie-kliniki-i-tsentryi/,0.70
+79871845202,"Стоматологические клиники и центры в Казани - адреса, телефоны и отзывы",medical,spravker,kzn,https://kazan.spravker.ru/stomatologicheskie-kliniki-i-tsentryi/,0.70
+79871852593,"Медцентры и клиники в Казани - адреса, телефоны и отзывы",medical,spravker,kzn,https://kazan.spravker.ru/medtsentryi-i-kliniki/,0.70
+79872136648,"Стоматологические клиники и центры в Казани - адреса, телефоны и отзывы",medical,spravker,kzn,https://kazan.spravker.ru/stomatologicheskie-kliniki-i-tsentryi/,0.70
+79872154848,"Стоматологические поликлиники в Казани - адреса, телефоны и отзывы",medical,spravker,kzn,https://kazan.spravker.ru/stomatologicheskie-polikliniki/,0.70
+79872157929,"Стоматологические поликлиники в Казани - адреса, телефоны и отзывы",medical,spravker,kzn,https://kazan.spravker.ru/stomatologicheskie-polikliniki/,0.70
+79872213535,"Стоматологические клиники и центры в Казани - адреса, телефоны и отзывы",medical,spravker,kzn,https://kazan.spravker.ru/stomatologicheskie-kliniki-i-tsentryi/,0.70
+79872242555,"Стоматологические клиники и центры в Казани - адреса, телефоны и отзывы",medical,spravker,kzn,https://kazan.spravker.ru/stomatologicheskie-kliniki-i-tsentryi/,0.70
+79872300770,"Стоматологические клиники и центры в Казани - адреса, телефоны и отзывы",medical,spravker,kzn,https://kazan.spravker.ru/stomatologicheskie-kliniki-i-tsentryi/,0.70
+79872352121,"Медцентры и клиники в Казани - адреса, телефоны и отзывы",medical,spravker,kzn,https://kazan.spravker.ru/medtsentryi-i-kliniki/,0.70
+79872381347,"Стоматологические клиники и центры в Казани - адреса, телефоны и отзывы",medical,spravker,kzn,https://kazan.spravker.ru/stomatologicheskie-kliniki-i-tsentryi/,0.70
+79872488087,"Медцентры и клиники в Уфе - адреса, телефоны и отзывы",medical,spravker,ufa,https://ufa.spravker.ru/medtsentryi-i-kliniki/,0.70
+79872500739,"Медцентры и клиники в Уфе - адреса, телефоны и отзывы",medical,spravker,ufa,https://ufa.spravker.ru/medtsentryi-i-kliniki/,0.70
+79872540108,"Стоматологические клиники и центры в Уфе - адреса, телефоны и отзывы",medical,spravker,ufa,https://ufa.spravker.ru/stomatologicheskie-kliniki-i-tsentryi/,0.70
+79872540909,"Медцентры и клиники в Уфе - адреса, телефоны и отзывы",medical,spravker,ufa,https://ufa.spravker.ru/medtsentryi-i-kliniki/,0.70
+79872541594,"Медцентры и клиники в Уфе - адреса, телефоны и отзывы",medical,spravker,ufa,https://ufa.spravker.ru/medtsentryi-i-kliniki/,0.70
+79872547779,"Стоматологические клиники и центры в Уфе - адреса, телефоны и отзывы",medical,spravker,ufa,https://ufa.spravker.ru/stomatologicheskie-kliniki-i-tsentryi/,0.70
+79872900397,"Медцентры и клиники в Казани - адреса, телефоны и отзывы",medical,spravker,kzn,https://kazan.spravker.ru/medtsentryi-i-kliniki/,0.70
+79872960930,"Медцентры и клиники в Казани - адреса, телефоны и отзывы",medical,spravker,kzn,https://kazan.spravker.ru/medtsentryi-i-kliniki/,0.70
+79872969900,"Медцентры и клиники в Казани - адреса, телефоны и отзывы",medical,spravker,kzn,https://kazan.spravker.ru/medtsentryi-i-kliniki/,0.70
+79872988991,"Стоматологические поликлиники в Казани - адреса, телефоны и отзывы",medical,spravker,kzn,https://kazan.spravker.ru/stomatologicheskie-polikliniki/,0.70
+79874986022,"Стоматологические клиники и центры в Уфе - адреса, телефоны и отзывы",medical,spravker,ufa,https://ufa.spravker.ru/stomatologicheskie-kliniki-i-tsentryi/,0.70
+79876146267,"Стоматологические клиники и центры в Уфе - адреса, телефоны и отзывы",medical,spravker,ufa,https://ufa.spravker.ru/stomatologicheskie-kliniki-i-tsentryi/,0.70
+79881990174,Медицинский центр Здоровье на улице Ленина в Динской,medical,zoon,krasnodar,https://zoon.ru/krasnodar/medical/,0.70
+79881997706,Стоматологическая клиника ОРТОДОНТиЯ на улице имени 40-летия Победы,medical,zoon,krasnodar,https://zoon.ru/krasnodar/medical/,0.70
+79881998457,Медицинский центр МедЭксперт на улице Коммунаров,medical,zoon,krasnodar,https://zoon.ru/krasnodar/medical/,0.70
+79882403311,"Стоматологические поликлиники в Краснодаре - адреса, телефоны и отзывы",medical,spravker,krasnodar,https://krasnodar.spravker.ru/stomatologicheskie-polikliniki/,0.70
+79882403339,"Диагностические центры в Краснодаре - адреса, телефоны и отзывы",medical,spravker,krasnodar,https://krasnodar.spravker.ru/diagnosticheskie-tsentryi/,0.70
+79882422911,"Диагностические центры в Краснодаре - адреса, телефоны и отзывы",medical,spravker,krasnodar,https://krasnodar.spravker.ru/diagnosticheskie-tsentryi/,0.70
+79882451020,"Стоматологические клиники и центры в Краснодаре - адреса, телефоны и отзывы",medical,spravker,krasnodar,https://krasnodar.spravker.ru/stomatologicheskie-kliniki-i-tsentryi/,0.70
+79882474788,"Диагностические центры в Краснодаре - адреса, телефоны и отзывы",medical,spravker,krasnodar,https://krasnodar.spravker.ru/diagnosticheskie-tsentryi/,0.70
+79882485875,Центр имплантации и стоматологии МИА.РФ на улице имени Калинина,medical,zoon,krasnodar,https://zoon.ru/krasnodar/medical/,0.70
+79882488011,"Стоматологические клиники и центры в Краснодаре - адреса, телефоны и отзывы",medical,spravker,krasnodar,https://krasnodar.spravker.ru/stomatologicheskie-kliniki-i-tsentryi/,0.70
+79882489999,"Стоматологические клиники и центры в Краснодаре - адреса, телефоны и отзывы",medical,spravker,krasnodar,https://krasnodar.spravker.ru/stomatologicheskie-kliniki-i-tsentryi/,0.70
+79883200909,"Аптеки в Краснодаре - адреса, телефоны и отзывы",medical,spravker,krasnodar,https://krasnodar.spravker.ru/apteki/,0.70
+79883495931,"Аптеки в Краснодаре - адреса, телефоны и отзывы",medical,spravker,krasnodar,https://krasnodar.spravker.ru/apteki/,0.70
+79883657345,"Стоматологические поликлиники в Краснодаре - адреса, телефоны и отзывы",medical,spravker,krasnodar,https://krasnodar.spravker.ru/stomatologicheskie-polikliniki/,0.70
+79885099003,"Стоматологические клиники и центры в Краснодаре - адреса, телефоны и отзывы",medical,spravker,krasnodar,https://krasnodar.spravker.ru/stomatologicheskie-kliniki-i-tsentryi/,0.70
+79886036888,"Аптеки в Краснодаре - адреса, телефоны и отзывы",medical,spravker,krasnodar,https://krasnodar.spravker.ru/apteki/,0.70
+79888888558,"Стоматологические клиники и центры в Краснодаре - адреса, телефоны и отзывы",medical,spravker,krasnodar,https://krasnodar.spravker.ru/stomatologicheskie-kliniki-i-tsentryi/,0.70
+79891031967,"Стоматологические поликлиники в Москве - адреса, телефоны и отзывы",medical,spravker,msk,https://msk.spravker.ru/stomatologicheskie-polikliniki/,0.70
+79891220065,"Стоматологические клиники и центры в Краснодаре - адреса, телефоны и отзывы",medical,spravker,krasnodar,https://krasnodar.spravker.ru/stomatologicheskie-kliniki-i-tsentryi/,0.70
+79891988835,"Стоматологические клиники и центры в Краснодаре - адреса, телефоны и отзывы",medical,spravker,krasnodar,https://krasnodar.spravker.ru/stomatologicheskie-kliniki-i-tsentryi/,0.70
+79892030303,"Стоматологические поликлиники в Москве - адреса, телефоны и отзывы",medical,spravker,msk,https://msk.spravker.ru/stomatologicheskie-polikliniki/,0.70
+79892300330,"Стоматологические поликлиники в Краснодаре - адреса, телефоны и отзывы",medical,spravker,krasnodar,https://krasnodar.spravker.ru/stomatologicheskie-polikliniki/,0.70
+79892339998,"Стоматологические клиники и центры в Краснодаре - адреса, телефоны и отзывы",medical,spravker,krasnodar,https://krasnodar.spravker.ru/stomatologicheskie-kliniki-i-tsentryi/,0.70
+79892794633,"Стоматологические поликлиники в Краснодаре - адреса, телефоны и отзывы",medical,spravker,krasnodar,https://krasnodar.spravker.ru/stomatologicheskie-polikliniki/,0.70
+79892809922,"Стоматологические поликлиники в Краснодаре - адреса, телефоны и отзывы",medical,spravker,krasnodar,https://krasnodar.spravker.ru/stomatologicheskie-polikliniki/,0.70
+79892853355,"Стоматологические клиники и центры в Краснодаре - адреса, телефоны и отзывы",medical,spravker,krasnodar,https://krasnodar.spravker.ru/stomatologicheskie-kliniki-i-tsentryi/,0.70
+79898088802,"Стоматологические поликлиники в Краснодаре - адреса, телефоны и отзывы",medical,spravker,krasnodar,https://krasnodar.spravker.ru/stomatologicheskie-polikliniki/,0.70
+79898150717,Клиника эстетической медицины и косметологии Родинка,medical,zoon,krasnodar,https://zoon.ru/krasnodar/beauty/,0.70
+79898362385,"Стоматологические клиники и центры в Краснодаре - адреса, телефоны и отзывы",medical,spravker,krasnodar,https://krasnodar.spravker.ru/stomatologicheskie-kliniki-i-tsentryi/,0.70
+79910180733,Эстетическая стоматология ЭстетикАрт на улице Чапаева на метро Чкаловская,medical,zoon,ekb,https://zoon.ru/ekb/medical/,0.70
+79912003916,"Стоматологические поликлиники в Челябинске - адреса, телефоны и отзывы",medical,spravker,chelyabinsk,https://chelyabinsk.spravker.ru/stomatologicheskie-polikliniki/,0.70
+79913925544,"Стоматологические поликлиники в Казани - адреса, телефоны и отзывы",medical,spravker,kzn,https://kazan.spravker.ru/stomatologicheskie-polikliniki/,0.70
+79918013833,"Медцентры и клиники в Екатеринбурге - адреса, телефоны и отзывы",medical,spravker,ekb,https://ekaterinburg.spravker.ru/medtsentryi-i-kliniki/,0.70
+79918538607,"Стоматологические поликлиники в Челябинске - адреса, телефоны и отзывы",medical,spravker,chelyabinsk,https://chelyabinsk.spravker.ru/stomatologicheskie-polikliniki/,0.70
+79918538918,"Стоматологические поликлиники в Челябинске - адреса, телефоны и отзывы",medical,spravker,chelyabinsk,https://chelyabinsk.spravker.ru/stomatologicheskie-polikliniki/,0.70
+79918539109,Медицинский центр Familia на улице Молодогвардейцев,medical,zoon,chelyabinsk,https://zoon.ru/chelyabinsk/medical/,0.70
+79923200836,"Диагностические центры в Краснодаре - адреса, телефоны и отзывы",medical,spravker,krasnodar,https://krasnodar.spravker.ru/diagnosticheskie-tsentryi/,0.70
+79923333430,"Стоматологические поликлиники в Екатеринбурге - адреса, телефоны и отзывы",medical,spravker,ekb,https://ekaterinburg.spravker.ru/stomatologicheskie-polikliniki/,0.70
+79925221939,"Больницы в Челябинске - адреса, телефоны и отзывы",medical,spravker,chelyabinsk,https://chelyabinsk.spravker.ru/bolnicy/,0.70
+79930404546,"Стоматологические клиники и центры в Уфе - адреса, телефоны и отзывы",medical,spravker,ufa,https://ufa.spravker.ru/stomatologicheskie-kliniki-i-tsentryi/,0.70
+79932093717,"Стоматологические поликлиники в Санкт-Петербурге - адреса, телефоны и отзывы",medical,spravker,spb,https://spb.spravker.ru/stomatologicheskie-polikliniki/,0.70
+79932208787,"Стоматологические поликлиники в Санкт-Петербурге - адреса, телефоны и отзывы",medical,spravker,spb,https://spb.spravker.ru/stomatologicheskie-polikliniki/,0.70
+79932973477,"Стоматологические поликлиники в Воронеже - адреса, телефоны и отзывы",medical,spravker,voronezh,https://voronezh.spravker.ru/stomatologicheskie-polikliniki/,0.70
+79939925827,"Стоматологические клиники и центры в Краснодаре - адреса, телефоны и отзывы",medical,spravker,krasnodar,https://krasnodar.spravker.ru/stomatologicheskie-kliniki-i-tsentryi/,0.70
+79942514523,"Стоматологические клиники и центры в Краснодаре - адреса, телефоны и отзывы",medical,spravker,krasnodar,https://krasnodar.spravker.ru/stomatologicheskie-kliniki-i-tsentryi/,0.70
+79945002470,Стоматологическая клиника ЭстетикАрт на улице Викулова,medical,zoon,ekb,https://zoon.ru/ekb/medical/,0.70
+79945037589,"Стоматологические поликлиники в Москве - адреса, телефоны и отзывы",medical,spravker,msk,https://msk.spravker.ru/stomatologicheskie-polikliniki/,0.70
+79945057297,"Стоматологические клиники и центры в Москве - адреса, телефоны и отзывы",medical,spravker,msk,https://msk.spravker.ru/stomatologicheskie-kliniki-i-tsentryi/,0.70
+79952224224,"Больницы в Москве - адреса, телефоны и отзывы",medical,spravker,msk,https://msk.spravker.ru/bolnicy/,0.70
+79953338105,"Аптеки в Москве - адреса, телефоны и отзывы",medical,spravker,msk,https://msk.spravker.ru/apteki/,0.70
+79953348139,"Медцентры и клиники в Челябинске - адреса, телефоны и отзывы",medical,spravker,chelyabinsk,https://chelyabinsk.spravker.ru/medtsentryi-i-kliniki/,0.70
+79955395539,"Стоматологические поликлиники в Воронеже - адреса, телефоны и отзывы",medical,spravker,voronezh,https://voronezh.spravker.ru/stomatologicheskie-polikliniki/,0.70
+79961052257,"Медцентры и клиники в Уфе - адреса, телефоны и отзывы",medical,spravker,ufa,https://ufa.spravker.ru/medtsentryi-i-kliniki/,0.70
+79961646060,"Диагностические центры в Воронеже - адреса, телефоны и отзывы",medical,spravker,voronezh,https://voronezh.spravker.ru/diagnosticheskie-tsentryi/,0.70
+79961808028,"Диагностические центры в Екатеринбурге - адреса, телефоны и отзывы",medical,spravker,ekb,https://ekaterinburg.spravker.ru/diagnosticheskie-tsentryi/,0.70
+79961883090,"Стоматологические поликлиники в Екатеринбурге - адреса, телефоны и отзывы",medical,spravker,ekb,https://ekaterinburg.spravker.ru/stomatologicheskie-polikliniki/,0.70
+79992926500,"Больницы в Челябинске - адреса, телефоны и отзывы",medical,spravker,chelyabinsk,https://chelyabinsk.spravker.ru/bolnicy/,0.70
+79993957788,"Стоматологические клиники и центры в Москве - адреса, телефоны и отзывы",medical,spravker,msk,https://msk.spravker.ru/stomatologicheskie-kliniki-i-tsentryi/,0.70
+79994149949,"Стоматологические клиники и центры в Краснодаре - адреса, телефоны и отзывы",medical,spravker,krasnodar,https://krasnodar.spravker.ru/stomatologicheskie-kliniki-i-tsentryi/,0.70
+79994280433,Многопрофильная клиника Medeast,medical,zoon,krasnodar,https://zoon.ru/krasnodar/medical/,0.70
+79994449708,"Аптеки в Москве - адреса, телефоны и отзывы",medical,spravker,msk,https://msk.spravker.ru/apteki/,0.70
+79995600465,"Стоматологические поликлиники в Екатеринбурге - адреса, телефоны и отзывы",medical,spravker,ekb,https://ekaterinburg.spravker.ru/stomatologicheskie-polikliniki/,0.70
+79995601123,"Стоматологические клиники и центры в Екатеринбурге - адреса, телефоны и отзывы",medical,spravker,ekb,https://ekaterinburg.spravker.ru/stomatologicheskie-kliniki-i-tsentryi/,0.70
+79996226734,"Стоматологические клиники и центры в Уфе - адреса, телефоны и отзывы",medical,spravker,ufa,https://ufa.spravker.ru/stomatologicheskie-kliniki-i-tsentryi/,0.70
+79996363387,"Стоматологические клиники и центры в Краснодаре - адреса, телефоны и отзывы",medical,spravker,krasnodar,https://krasnodar.spravker.ru/stomatologicheskie-kliniki-i-tsentryi/,0.70
+79997632233,"Диагностические центры в Уфе - адреса, телефоны и отзывы",medical,spravker,ufa,https://ufa.spravker.ru/diagnosticheskie-tsentryi/,0.70
+79999933131,Медицинский центр МедикАСС на Ленинградской улице,medical,zoon,voronezh,https://zoon.ru/voronezh/medical/,0.70
+73432000131,"Установка пластиковых окон в Екатеринбурге - адреса, телефоны и отзывы",other,spravker,ekb,https://ekaterinburg.spravker.ru/okna/,0.70
+73432002888,"Установка пластиковых окон в Екатеринбурге - адреса, телефоны и отзывы",other,spravker,ekb,https://ekaterinburg.spravker.ru/okna/,0.70
+73432006088,"Установка пластиковых окон в Екатеринбурге - адреса, телефоны и отзывы",other,spravker,ekb,https://ekaterinburg.spravker.ru/okna/,0.70
+73432006316,"Установка пластиковых окон в Екатеринбурге - адреса, телефоны и отзывы",other,spravker,ekb,https://ekaterinburg.spravker.ru/okna/,0.70
+73432020218,"Установка пластиковых окон в Екатеринбурге - адреса, телефоны и отзывы",other,spravker,ekb,https://ekaterinburg.spravker.ru/okna/,0.70
+73432062611,"Установка пластиковых окон в Екатеринбурге - адреса, телефоны и отзывы",other,spravker,ekb,https://ekaterinburg.spravker.ru/okna/,0.70
+73432063582,"Установка пластиковых окон в Екатеринбурге - адреса, телефоны и отзывы",other,spravker,ekb,https://ekaterinburg.spravker.ru/okna/,0.70
+73432144595,"Установка пластиковых окон в Екатеринбурге - адреса, телефоны и отзывы",other,spravker,ekb,https://ekaterinburg.spravker.ru/okna/,0.70
+73432159804,Лазертаг Портал-66 в ТЦ Свердловск,other,zoon,ekb,https://zoon.ru/ekb/entertainment/,0.70
+73432193800,"Установка пластиковых окон в Екатеринбурге - адреса, телефоны и отзывы",other,spravker,ekb,https://ekaterinburg.spravker.ru/okna/,0.70
+73432220101,"Установка пластиковых окон в Екатеринбурге - адреса, телефоны и отзывы",other,spravker,ekb,https://ekaterinburg.spravker.ru/okna/,0.70
+73432241088,Компания по организации квестов и праздников Место Пряток,other,zoon,ekb,https://zoon.ru/ekb/entertainment/,0.70
+73432260818,"Сервисный центр Искра сервис на Профсоюзной улице, 45",other,zoon,ekb,https://zoon.ru/ekb/repair/,0.70
+73432261348,Сервисный центр СБТ Сервис на улице Стачек,other,zoon,ekb,https://zoon.ru/ekb/repair/,0.70
+73432261358,Сервисный центр Знак качества на улице Академика Бардина,other,zoon,ekb,https://zoon.ru/ekb/repair/,0.70
+73432261373,Сервисный центр Искра сервис на Надеждинской улице,other,zoon,ekb,https://zoon.ru/ekb/repair/,0.70
+73432451502,"Установка пластиковых окон в Екатеринбурге - адреса, телефоны и отзывы",other,spravker,ekb,https://ekaterinburg.spravker.ru/okna/,0.70
+73432510295,"Установка пластиковых окон в Екатеринбурге - адреса, телефоны и отзывы",other,spravker,ekb,https://ekaterinburg.spravker.ru/okna/,0.70
+73432535306,"Установка пластиковых окон в Екатеринбурге - адреса, телефоны и отзывы",other,spravker,ekb,https://ekaterinburg.spravker.ru/okna/,0.70
+73432575600,"Установка пластиковых окон в Екатеринбурге - адреса, телефоны и отзывы",other,spravker,ekb,https://ekaterinburg.spravker.ru/okna/,0.70
+73432662030,"Установка пластиковых окон в Екатеринбурге - адреса, телефоны и отзывы",other,spravker,ekb,https://ekaterinburg.spravker.ru/okna/,0.70
+73432662032,"Установка пластиковых окон в Екатеринбурге - адреса, телефоны и отзывы",other,spravker,ekb,https://ekaterinburg.spravker.ru/okna/,0.70
+73432693252,"Установка пластиковых окон в Екатеринбурге - адреса, телефоны и отзывы",other,spravker,ekb,https://ekaterinburg.spravker.ru/okna/,0.70
+73432706096,"Установка пластиковых окон в Екатеринбурге - адреса, телефоны и отзывы",other,spravker,ekb,https://ekaterinburg.spravker.ru/okna/,0.70
+73432830000,"Установка пластиковых окон в Екатеринбурге - адреса, телефоны и отзывы",other,spravker,ekb,https://ekaterinburg.spravker.ru/okna/,0.70
+73432861234,Екатеринбургский зоопарк на улице Мамина-Сибиряка,other,zoon,ekb,https://zoon.ru/ekb/entertainment/,0.70
+73432879434,"Центр помощи студентам ""Успешная сессия""",other,zoon,ekb,https://zoon.ru/ekb/education/,0.70
+73432890257,"Сервисный центр Сервис Всем на улице Хомякова, 12",other,zoon,ekb,https://zoon.ru/ekb/repair/,0.70
+73432890398,"Сервисный центр Квант сервис на улице Бебеля, 156",other,zoon,ekb,https://zoon.ru/ekb/repair/,0.70
+73432890417,"Установка пластиковых окон в Екатеринбурге - адреса, телефоны и отзывы",other,spravker,ekb,https://ekaterinburg.spravker.ru/okna/,0.70
+73432892287,"Установка пластиковых окон в Екатеринбурге - адреса, телефоны и отзывы",other,spravker,ekb,https://ekaterinburg.spravker.ru/okna/,0.70
+73432894488,Гончарная мастерская Ёлка,other,zoon,ekb,https://zoon.ru/ekb/entertainment/,0.70
+73432981091,Сервисный центр Грит сервис на улице Тверитина,other,zoon,ekb,https://zoon.ru/ekb/repair/,0.70
+73433015505,Детский развлекательный центр Планета ИГРиК на улице Щербакова,other,zoon,ekb,https://zoon.ru/ekb/entertainment/,0.70
+73433017400,"Установка пластиковых окон в Екатеринбурге - адреса, телефоны и отзывы",other,spravker,ekb,https://ekaterinburg.spravker.ru/okna/,0.70
+73433017800,"Установка пластиковых окон в Екатеринбурге - адреса, телефоны и отзывы",other,spravker,ekb,https://ekaterinburg.spravker.ru/okna/,0.70
+73433020629,Студия детских праздников Домми,other,zoon,ekb,https://zoon.ru/ekb/entertainment/,0.70
+73433021843,Аквапарк Лимпопо на улице Щербакова,other,zoon,ekb,https://zoon.ru/ekb/entertainment/,0.70
+73433052017,Екатеринбургский центральный парк культуры и отдыха им. В.В. Маяковского,other,zoon,ekb,https://zoon.ru/ekb/entertainment/,0.70
+73433100091,Сервисный центр РемЭвм,other,zoon,ekb,https://zoon.ru/ekb/repair/,0.70
+73433114153,"Установка пластиковых окон в Екатеринбурге - адреса, телефоны и отзывы",other,spravker,ekb,https://ekaterinburg.spravker.ru/okna/,0.70
+73433171633,Океанариум на улице Щербакова,other,zoon,ekb,https://zoon.ru/ekb/entertainment/,0.70
+73433172290,Екатеринбургский техникум отраслевых технологий и сервиса на улице Учителей,other,zoon,ekb,https://zoon.ru/ekb/education/,0.70
+73433174174,"Установка пластиковых окон в Екатеринбурге - адреса, телефоны и отзывы",other,spravker,ekb,https://ekaterinburg.spravker.ru/okna/,0.70
+73433182518,"Установка пластиковых окон в Екатеринбурге - адреса, телефоны и отзывы",other,spravker,ekb,https://ekaterinburg.spravker.ru/okna/,0.70
+73433281683,"Установка пластиковых окон в Екатеринбурге - адреса, телефоны и отзывы",other,spravker,ekb,https://ekaterinburg.spravker.ru/okna/,0.70
+73433282181,"Установка пластиковых окон в Екатеринбурге - адреса, телефоны и отзывы",other,spravker,ekb,https://ekaterinburg.spravker.ru/okna/,0.70
+73433282292,"Установка пластиковых окон в Екатеринбурге - адреса, телефоны и отзывы",other,spravker,ekb,https://ekaterinburg.spravker.ru/okna/,0.70
+73433289482,Батутный парк ОТРЫВ на улице Щербакова,other,zoon,ekb,https://zoon.ru/ekb/entertainment/,0.70
+73433394171,"Установка пластиковых окон в Екатеринбурге - адреса, телефоны и отзывы",other,spravker,ekb,https://ekaterinburg.spravker.ru/okna/,0.70
+73433450131,"Установка пластиковых окон в Екатеринбурге - адреса, телефоны и отзывы",other,spravker,ekb,https://ekaterinburg.spravker.ru/okna/,0.70
+73433451145,Центр помощи студентам Ресурс,other,zoon,ekb,https://zoon.ru/ekb/education/,0.70
+73433468986,Клуб единоборств и силового спорта Ратиборец в районе ЖБИ,other,zoon,ekb,https://zoon.ru/ekb/fitness/,0.70
+73433469034,"Установка пластиковых окон в Екатеринбурге - адреса, телефоны и отзывы",other,spravker,ekb,https://ekaterinburg.spravker.ru/okna/,0.70
+73433494051,Кадетский корпус Спасатель в Корейском переулке,other,zoon,ekb,https://zoon.ru/ekb/education/,0.70
+73433500467,"Установка пластиковых окон в Екатеринбурге - адреса, телефоны и отзывы",other,spravker,ekb,https://ekaterinburg.spravker.ru/okna/,0.70
+73433503911,"Установка пластиковых окон в Екатеринбурге - адреса, телефоны и отзывы",other,spravker,ekb,https://ekaterinburg.spravker.ru/okna/,0.70
+73433553099,"Установка пластиковых окон в Екатеринбурге - адреса, телефоны и отзывы",other,spravker,ekb,https://ekaterinburg.spravker.ru/okna/,0.70
+73433619666,"Установка пластиковых окон в Екатеринбурге - адреса, телефоны и отзывы",other,spravker,ekb,https://ekaterinburg.spravker.ru/okna/,0.70
+73433632147,"Театр праздников, ужасов и веселья ""Страшно весело""",other,zoon,ekb,https://zoon.ru/ekb/entertainment/,0.70
+73433639617,Интерактивный парк развлечений Тутокруто,other,zoon,ekb,https://zoon.ru/ekb/entertainment/,0.70
+73433716591,Центр помощи в обучении Тебе зачет на улице Малышева,other,zoon,ekb,https://zoon.ru/ekb/education/,0.70
+73433797393,"Установка пластиковых окон в Екатеринбурге - адреса, телефоны и отзывы",other,spravker,ekb,https://ekaterinburg.spravker.ru/okna/,0.70
+73433797394,"Установка пластиковых окон в Екатеринбурге - адреса, телефоны и отзывы",other,spravker,ekb,https://ekaterinburg.spravker.ru/okna/,0.70
+73433820008,"Компания по прокату и аренде квадроциклов, снегоходов и кроссовых мотоциклов Короли драйва",other,zoon,ekb,https://zoon.ru/ekb/entertainment/,0.70
+73433820201,"Установка пластиковых окон в Екатеринбурге - адреса, телефоны и отзывы",other,spravker,ekb,https://ekaterinburg.spravker.ru/okna/,0.70
+73433822171,"Установка пластиковых окон в Екатеринбурге - адреса, телефоны и отзывы",other,spravker,ekb,https://ekaterinburg.spravker.ru/okna/,0.70
+73433823223,"Установка пластиковых окон в Екатеринбурге - адреса, телефоны и отзывы",other,spravker,ekb,https://ekaterinburg.spravker.ru/okna/,0.70
+73433828318,"Установка пластиковых окон в Екатеринбурге - адреса, телефоны и отзывы",other,spravker,ekb,https://ekaterinburg.spravker.ru/okna/,0.70
+73433856195,"Установка пластиковых окон в Екатеринбурге - адреса, телефоны и отзывы",other,spravker,ekb,https://ekaterinburg.spravker.ru/okna/,0.70
+73433898080,"Установка пластиковых окон в Екатеринбурге - адреса, телефоны и отзывы",other,spravker,ekb,https://ekaterinburg.spravker.ru/okna/,0.70
+73472010213,Конный клуб Жуковский,other,zoon,ufa,https://zoon.ru/ufa/entertainment/,0.70
+73472163000,Спорт-клуб МетроFitness на улице Менделеева,other,zoon,ufa,https://zoon.ru/ufa/fitness/,0.70
+73472165260,"Установка пластиковых окон в Уфе - адреса, телефоны и отзывы",other,spravker,ufa,https://ufa.spravker.ru/okna/,0.70
+73472238888,"Установка пластиковых окон в Уфе - адреса, телефоны и отзывы",other,spravker,ufa,https://ufa.spravker.ru/okna/,0.70
+73472250076,"Установка пластиковых окон в Уфе - адреса, телефоны и отзывы",other,spravker,ufa,https://ufa.spravker.ru/okna/,0.70
+73472250332,Rbt Service,other,zoon,ufa,https://zoon.ru/ufa/repair/,0.70
+73472251470,"Установка пластиковых окон в Уфе - адреса, телефоны и отзывы",other,spravker,ufa,https://ufa.spravker.ru/okna/,0.70
+73472251882,Специализированный центр по восстановлению информации Вольф,other,zoon,ufa,https://zoon.ru/ufa/repair/,0.70
+73472258929,Ледовый дворец Уфа-Арена в Советском районе,other,zoon,ufa,https://zoon.ru/ufa/entertainment/,0.70
+73472268770,"Установка пластиковых окон в Уфе - адреса, телефоны и отзывы",other,spravker,ufa,https://ufa.spravker.ru/okna/,0.70
+73472288330,Центр современного образования,other,zoon,ufa,https://zoon.ru/ufa/education/,0.70
+73472460766,"Установка пластиковых окон в Уфе - адреса, телефоны и отзывы",other,spravker,ufa,https://ufa.spravker.ru/okna/,0.70
+73472539098,Академия наук Республики Башкортостан,other,zoon,ufa,https://zoon.ru/ufa/education/,0.70
+73472576757,Парк культуры и отдыха Дёмский в Дёмском районе,other,zoon,ufa,https://zoon.ru/ufa/entertainment/,0.70
+73472579202,"Установка пластиковых окон в Уфе - адреса, телефоны и отзывы",other,spravker,ufa,https://ufa.spravker.ru/okna/,0.70
+73472586500,"Установка пластиковых окон в Уфе - адреса, телефоны и отзывы",other,spravker,ufa,https://ufa.spravker.ru/okna/,0.70
+73472607958,"Установка пластиковых окон в Уфе - адреса, телефоны и отзывы",other,spravker,ufa,https://ufa.spravker.ru/okna/,0.70
+73472627161,"Установка пластиковых окон в Уфе - адреса, телефоны и отзывы",other,spravker,ufa,https://ufa.spravker.ru/okna/,0.70
+73472635036,Спорт-клуб МетроFitness на улице Юрия Гагарина,other,zoon,ufa,https://zoon.ru/ufa/fitness/,0.70
+73472669085,Concept hookah Edison на улице Гафури,other,zoon,ufa,https://zoon.ru/ufa/entertainment/,0.70
+73472720000,"Установка пластиковых окон в Уфе - адреса, телефоны и отзывы",other,spravker,ufa,https://ufa.spravker.ru/okna/,0.70
+73472736488,Клуб виртуальной реальности WARPOINT на улице Свердлова,other,zoon,ufa,https://zoon.ru/ufa/entertainment/,0.70
+73472752550,"Установка пластиковых окон в Уфе - адреса, телефоны и отзывы",other,spravker,ufa,https://ufa.spravker.ru/okna/,0.70
+73472754411,"Установка пластиковых окон в Уфе - адреса, телефоны и отзывы",other,spravker,ufa,https://ufa.spravker.ru/okna/,0.70
+73472861635,"Установка пластиковых окон в Уфе - адреса, телефоны и отзывы",other,spravker,ufa,https://ufa.spravker.ru/okna/,0.70
+73472862826,Батутный центр Flypark на Луганской улице,other,zoon,ufa,https://zoon.ru/ufa/entertainment/,0.70
+73472920808,"Студия пилатеса Рельеф на Коммунистической улице, д109",other,zoon,ufa,https://zoon.ru/ufa/fitness/,0.70
+73472923840,Парк имени И. Якутова на улице Ленина,other,zoon,ufa,https://zoon.ru/ufa/entertainment/,0.70
+73472927233,Уфимское училище искусств,other,zoon,ufa,https://zoon.ru/ufa/education/,0.70
+73472948414,Матурgadget,other,zoon,ufa,https://zoon.ru/ufa/repair/,0.70
+73472984477,"Установка пластиковых окон в Уфе - адреса, телефоны и отзывы",other,spravker,ufa,https://ufa.spravker.ru/okna/,0.70
+73472985098,"Установка пластиковых окон в Уфе - адреса, телефоны и отзывы",other,spravker,ufa,https://ufa.spravker.ru/okna/,0.70
+73472991955,"Установка пластиковых окон в Уфе - адреса, телефоны и отзывы",other,spravker,ufa,https://ufa.spravker.ru/okna/,0.70
+73472994002,"Установка пластиковых окон в Уфе - адреса, телефоны и отзывы",other,spravker,ufa,https://ufa.spravker.ru/okna/,0.70
+73472995503,"Установка пластиковых окон в Уфе - адреса, телефоны и отзывы",other,spravker,ufa,https://ufa.spravker.ru/okna/,0.70
+73472996955,"Установка пластиковых окон в Уфе - адреса, телефоны и отзывы",other,spravker,ufa,https://ufa.spravker.ru/okna/,0.70
+73472996980,Пейнтбольный парк Рубикон,other,zoon,ufa,https://zoon.ru/ufa/entertainment/,0.70
+73512002093,"Установка пластиковых окон в Челябинске - адреса, телефоны и отзывы",other,spravker,chelyabinsk,https://chelyabinsk.spravker.ru/okna/,0.70
+73512002094,"Установка пластиковых окон в Челябинске - адреса, телефоны и отзывы",other,spravker,chelyabinsk,https://chelyabinsk.spravker.ru/okna/,0.70
+73512002555,"Установка пластиковых окон в Челябинске - адреса, телефоны и отзывы",other,spravker,chelyabinsk,https://chelyabinsk.spravker.ru/okna/,0.70
+73512100222,"Установка пластиковых окон в Челябинске - адреса, телефоны и отзывы",other,spravker,chelyabinsk,https://chelyabinsk.spravker.ru/okna/,0.70
+73512155557,"Установка пластиковых окон в Челябинске - адреса, телефоны и отзывы",other,spravker,chelyabinsk,https://chelyabinsk.spravker.ru/okna/,0.70
+73512158618,"Установка пластиковых окон в Челябинске - адреса, телефоны и отзывы",other,spravker,chelyabinsk,https://chelyabinsk.spravker.ru/okna/,0.70
+73512158999,Аквилон,other,zoon,chelyabinsk,https://zoon.ru/chelyabinsk/entertainment/,0.70
+73512160026,Спорт-клуб МетроFitness на Южном бульваре,other,zoon,chelyabinsk,https://zoon.ru/chelyabinsk/fitness/,0.70
+73512161214,"Установка пластиковых окон в Челябинске - адреса, телефоны и отзывы",other,spravker,chelyabinsk,https://chelyabinsk.spravker.ru/okna/,0.70
+73512170329,Web-студия Koshcomp`s на улице Дегтярёва,other,zoon,chelyabinsk,https://zoon.ru/chelyabinsk/repair/,0.70
+73512170529,Профессиональный сервисный центр Балвер,other,zoon,chelyabinsk,https://zoon.ru/chelyabinsk/repair/,0.70
+73512170543,Сервисный центр Bv-сервис в Тракторозаводском районе,other,zoon,chelyabinsk,https://zoon.ru/chelyabinsk/repair/,0.70
+73512170881,"Компания по замкам MastersLock на Красноармейской улице, 116",other,zoon,chelyabinsk,https://zoon.ru/chelyabinsk/repair/,0.70
+73512183698,"Установка пластиковых окон в Челябинске - адреса, телефоны и отзывы",other,spravker,chelyabinsk,https://chelyabinsk.spravker.ru/okna/,0.70
+73512184461,"Установка пластиковых окон в Челябинске - адреса, телефоны и отзывы",other,spravker,chelyabinsk,https://chelyabinsk.spravker.ru/okna/,0.70
+73512192818,SPA-комплекс Organica Day в отеле Radisson Blu,other,zoon,chelyabinsk,https://zoon.ru/chelyabinsk/fitness/,0.70
+73512197961,"Установка пластиковых окон в Челябинске - адреса, телефоны и отзывы",other,spravker,chelyabinsk,https://chelyabinsk.spravker.ru/okna/,0.70
+73512201774,Лазертаг Первый Легионер на улице Захаренко,other,zoon,chelyabinsk,https://zoon.ru/chelyabinsk/entertainment/,0.70
+73512205316,Оздоровительный центр Софт,other,zoon,chelyabinsk,https://zoon.ru/chelyabinsk/fitness/,0.70
+73512207220,Бар-центр паровых коктейлей OverPack Центр на проспекте Ленина,other,zoon,chelyabinsk,https://zoon.ru/chelyabinsk/entertainment/,0.70
+73512207780,"Установка пластиковых окон в Челябинске - адреса, телефоны и отзывы",other,spravker,chelyabinsk,https://chelyabinsk.spravker.ru/okna/,0.70
+73512207881,"Установка пластиковых окон в Челябинске - адреса, телефоны и отзывы",other,spravker,chelyabinsk,https://chelyabinsk.spravker.ru/okna/,0.70
+73512207883,"Установка пластиковых окон в Челябинске - адреса, телефоны и отзывы",other,spravker,chelyabinsk,https://chelyabinsk.spravker.ru/okna/,0.70
+73512207884,"Установка пластиковых окон в Челябинске - адреса, телефоны и отзывы",other,spravker,chelyabinsk,https://chelyabinsk.spravker.ru/okna/,0.70
+73512208891,Сервисный центр Формула сервис,other,zoon,chelyabinsk,https://zoon.ru/chelyabinsk/repair/,0.70
+73512209690,Студия танцев,other,zoon,chelyabinsk,https://zoon.ru/chelyabinsk/fitness/,0.70
+73512233704,"Установка пластиковых окон в Челябинске - адреса, телефоны и отзывы",other,spravker,chelyabinsk,https://chelyabinsk.spravker.ru/okna/,0.70
+73512236070,"Установка пластиковых окон в Челябинске - адреса, телефоны и отзывы",other,spravker,chelyabinsk,https://chelyabinsk.spravker.ru/okna/,0.70
+73512252200,Клуб конструкторов Starbricks в ТЦ Фокус,other,zoon,chelyabinsk,https://zoon.ru/chelyabinsk/entertainment/,0.70
+73512253046,Центр помощи студентам Диплом-тут,other,zoon,chelyabinsk,https://zoon.ru/chelyabinsk/education/,0.70
+73512256821,"Установка пластиковых окон в Челябинске - адреса, телефоны и отзывы",other,spravker,chelyabinsk,https://chelyabinsk.spravker.ru/okna/,0.70
+73512304673,"Установка пластиковых окон в Челябинске - адреса, телефоны и отзывы",other,spravker,chelyabinsk,https://chelyabinsk.spravker.ru/okna/,0.70
+73512336727,"Установка пластиковых окон в Челябинске - адреса, телефоны и отзывы",other,spravker,chelyabinsk,https://chelyabinsk.spravker.ru/okna/,0.70
+73512387755,"Установка пластиковых окон в Челябинске - адреса, телефоны и отзывы",other,spravker,chelyabinsk,https://chelyabinsk.spravker.ru/okna/,0.70
+73512408071,Сервисный центр Fixed,other,zoon,chelyabinsk,https://zoon.ru/chelyabinsk/repair/,0.70
+73512420215,"Установка пластиковых окон в Челябинске - адреса, телефоны и отзывы",other,spravker,chelyabinsk,https://chelyabinsk.spravker.ru/okna/,0.70
+73512420555,Клуб дуэльного фехтования Fight and fit,other,zoon,chelyabinsk,https://zoon.ru/chelyabinsk/fitness/,0.70
+73512480058,"Установка пластиковых окон в Челябинске - адреса, телефоны и отзывы",other,spravker,chelyabinsk,https://chelyabinsk.spravker.ru/okna/,0.70
+73512480678,"Установка пластиковых окон в Челябинске - адреса, телефоны и отзывы",other,spravker,chelyabinsk,https://chelyabinsk.spravker.ru/okna/,0.70
+73512483138,"Установка пластиковых окон в Челябинске - адреса, телефоны и отзывы",other,spravker,chelyabinsk,https://chelyabinsk.spravker.ru/okna/,0.70
+73512487289,"Установка пластиковых окон в Челябинске - адреса, телефоны и отзывы",other,spravker,chelyabinsk,https://chelyabinsk.spravker.ru/okna/,0.70
+73512487535,"Установка пластиковых окон в Челябинске - адреса, телефоны и отзывы",other,spravker,chelyabinsk,https://chelyabinsk.spravker.ru/okna/,0.70
+73512489316,"Установка пластиковых окон в Челябинске - адреса, телефоны и отзывы",other,spravker,chelyabinsk,https://chelyabinsk.spravker.ru/okna/,0.70
+73512510473,"Установка пластиковых окон в Челябинске - адреса, телефоны и отзывы",other,spravker,chelyabinsk,https://chelyabinsk.spravker.ru/okna/,0.70
+73512744500,Клуб для женщин и детей Sport Family Club на улице Гагарина,other,zoon,chelyabinsk,https://zoon.ru/chelyabinsk/fitness/,0.70
+73512779253,"Установка пластиковых окон в Челябинске - адреса, телефоны и отзывы",other,spravker,chelyabinsk,https://chelyabinsk.spravker.ru/okna/,0.70
+73517001017,"Установка пластиковых окон в Челябинске - адреса, телефоны и отзывы",other,spravker,chelyabinsk,https://chelyabinsk.spravker.ru/okna/,0.70
+73517007457,Арена виртуальной реальности Другие Миры в Миассе,other,zoon,chelyabinsk,https://zoon.ru/chelyabinsk/entertainment/,0.70
+73517007480,"Установка пластиковых окон в Челябинске - адреса, телефоны и отзывы",other,spravker,chelyabinsk,https://chelyabinsk.spravker.ru/okna/,0.70
+73517007506,Игровая комната Не дома на улице Салавата Юлаева,other,zoon,chelyabinsk,https://zoon.ru/chelyabinsk/entertainment/,0.70
+73517007510,"Установка пластиковых окон в Челябинске - адреса, телефоны и отзывы",other,spravker,chelyabinsk,https://chelyabinsk.spravker.ru/okna/,0.70
+73517007573,"Установка пластиковых окон в Челябинске - адреса, телефоны и отзывы",other,spravker,chelyabinsk,https://chelyabinsk.spravker.ru/okna/,0.70
+73517007586,Лазертаг-арена Лазерфорс на улице Воровского,other,zoon,chelyabinsk,https://zoon.ru/chelyabinsk/entertainment/,0.70
+73517007800,Sokolfit,other,zoon,chelyabinsk,https://zoon.ru/chelyabinsk/fitness/,0.70
+73517009891,"Установка пластиковых окон в Челябинске - адреса, телефоны и отзывы",other,spravker,chelyabinsk,https://chelyabinsk.spravker.ru/okna/,0.70
+73517250373,"Установка пластиковых окон в Челябинске - адреса, телефоны и отзывы",other,spravker,chelyabinsk,https://chelyabinsk.spravker.ru/okna/,0.70
+73517257752,"Установка пластиковых окон в Челябинске - адреса, телефоны и отзывы",other,spravker,chelyabinsk,https://chelyabinsk.spravker.ru/okna/,0.70
+73517259397,"Установка пластиковых окон в Челябинске - адреса, телефоны и отзывы",other,spravker,chelyabinsk,https://chelyabinsk.spravker.ru/okna/,0.70
+73517259992,"Установка пластиковых окон в Челябинске - адреса, телефоны и отзывы",other,spravker,chelyabinsk,https://chelyabinsk.spravker.ru/okna/,0.70
+73517299425,"Установка пластиковых окон в Челябинске - адреса, телефоны и отзывы",other,spravker,chelyabinsk,https://chelyabinsk.spravker.ru/okna/,0.70
+73517506727,"Установка пластиковых окон в Челябинске - адреса, телефоны и отзывы",other,spravker,chelyabinsk,https://chelyabinsk.spravker.ru/okna/,0.70
+73517511587,Клуб виртуальной реальности Vrc на Каслинской улице,other,zoon,chelyabinsk,https://zoon.ru/chelyabinsk/entertainment/,0.70
+73517763035,"Установка пластиковых окон в Челябинске - адреса, телефоны и отзывы",other,spravker,chelyabinsk,https://chelyabinsk.spravker.ru/okna/,0.70
+73517766742,"Установка пластиковых окон в Челябинске - адреса, телефоны и отзывы",other,spravker,chelyabinsk,https://chelyabinsk.spravker.ru/okna/,0.70
+73517769522,"Установка пластиковых окон в Челябинске - адреса, телефоны и отзывы",other,spravker,chelyabinsk,https://chelyabinsk.spravker.ru/okna/,0.70
+73517769776,"Установка пластиковых окон в Челябинске - адреса, телефоны и отзывы",other,spravker,chelyabinsk,https://chelyabinsk.spravker.ru/okna/,0.70
+73517771126,"Установка пластиковых окон в Челябинске - адреса, телефоны и отзывы",other,spravker,chelyabinsk,https://chelyabinsk.spravker.ru/okna/,0.70
+73517772130,Дворец спорта Заря,other,zoon,chelyabinsk,https://zoon.ru/chelyabinsk/fitness/,0.70
+73517775307,Центр развлечений Джази,other,zoon,chelyabinsk,https://zoon.ru/chelyabinsk/entertainment/,0.70
+73517779862,Скалодром Искра на улице Худякова,other,zoon,chelyabinsk,https://zoon.ru/chelyabinsk/fitness/,0.70
+73822996164,Развлекательный центр Теория Отрыва,other,zoon,voronezh,https://zoon.ru/voronezh/entertainment/,0.70
+74732006283,"Установка пластиковых окон в Воронеже - адреса, телефоны и отзывы",other,spravker,voronezh,https://voronezh.spravker.ru/okna/,0.70
+74732009415,"Установка пластиковых окон в Воронеже - адреса, телефоны и отзывы",other,spravker,voronezh,https://voronezh.spravker.ru/okna/,0.70
+74732021040,Воронежский политехнический техникум на улице Ворошилова,other,zoon,voronezh,https://zoon.ru/voronezh/education/,0.70
+74732023105,Центр имплантологии Dr. Arman в Советском районе,other,zoon,voronezh,https://zoon.ru/voronezh/medical/,0.70
+74732023367,"Сервисный центр Флекс сервис на улице Ленина, 73",other,zoon,voronezh,https://zoon.ru/voronezh/repair/,0.70
+74732026055,Учебный центр Нейропродленка,other,zoon,voronezh,https://zoon.ru/voronezh/education/,0.70
+74732029335,Сервисный центр Рядом мастер,other,zoon,voronezh,https://zoon.ru/voronezh/repair/,0.70
+74732030701,Клуб виртуальной реальности VREALIA,other,zoon,voronezh,https://zoon.ru/voronezh/entertainment/,0.70
+74732045251,"Установка пластиковых окон в Воронеже - адреса, телефоны и отзывы",other,spravker,voronezh,https://voronezh.spravker.ru/okna/,0.70
+74732052042,"Установка пластиковых окон в Воронеже - адреса, телефоны и отзывы",other,spravker,voronezh,https://voronezh.spravker.ru/okna/,0.70
+74732070285,Студия балета и растяжки Екатерины Плошкиной на Московском проспекте,other,zoon,voronezh,https://zoon.ru/voronezh/fitness/,0.70
+74732070706,Центр плавания 7 морей на Холмистой улице,other,zoon,voronezh,https://zoon.ru/voronezh/entertainment/,0.70
+74732071680,"Установка пластиковых окон в Воронеже - адреса, телефоны и отзывы",other,spravker,voronezh,https://voronezh.spravker.ru/okna/,0.70
+74732100448,"Установка пластиковых окон в Воронеже - адреса, телефоны и отзывы",other,spravker,voronezh,https://voronezh.spravker.ru/okna/,0.70
+74732106095,"Установка пластиковых окон в Воронеже - адреса, телефоны и отзывы",other,spravker,voronezh,https://voronezh.spravker.ru/okna/,0.70
+74732106677,"Установка пластиковых окон в Воронеже - адреса, телефоны и отзывы",other,spravker,voronezh,https://voronezh.spravker.ru/okna/,0.70
+74732108200,"Установка пластиковых окон в Воронеже - адреса, телефоны и отзывы",other,spravker,voronezh,https://voronezh.spravker.ru/okna/,0.70
+74732122081,"Установка пластиковых окон в Воронеже - адреса, телефоны и отзывы",other,spravker,voronezh,https://voronezh.spravker.ru/okna/,0.70
+74732122093,Компания по проведению кулинарных шоу CooknRun Events,other,zoon,voronezh,https://zoon.ru/voronezh/entertainment/,0.70
+74732204099,"Установка пластиковых окон в Воронеже - адреса, телефоны и отзывы",other,spravker,voronezh,https://voronezh.spravker.ru/okna/,0.70
+74732204199,"Установка пластиковых окон в Воронеже - адреса, телефоны и отзывы",other,spravker,voronezh,https://voronezh.spravker.ru/okna/,0.70
+74732220342,"Установка пластиковых окон в Воронеже - адреса, телефоны и отзывы",other,spravker,voronezh,https://voronezh.spravker.ru/okna/,0.70
+74732284868,"Установка пластиковых окон в Воронеже - адреса, телефоны и отзывы",other,spravker,voronezh,https://voronezh.spravker.ru/okna/,0.70
+74732290608,Картинг-клуб ENERGY на Московском проспекте,other,zoon,voronezh,https://zoon.ru/voronezh/entertainment/,0.70
+74732290692,"Установка пластиковых окон в Воронеже - адреса, телефоны и отзывы",other,spravker,voronezh,https://voronezh.spravker.ru/okna/,0.70
+74732293001,"Установка пластиковых окон в Воронеже - адреса, телефоны и отзывы",other,spravker,voronezh,https://voronezh.spravker.ru/okna/,0.70
+74732299062,"Установка пластиковых окон в Воронеже - адреса, телефоны и отзывы",other,spravker,voronezh,https://voronezh.spravker.ru/okna/,0.70
+74732320172,"Установка пластиковых окон в Воронеже - адреса, телефоны и отзывы",other,spravker,voronezh,https://voronezh.spravker.ru/okna/,0.70
+74732320204,"Установка пластиковых окон в Воронеже - адреса, телефоны и отзывы",other,spravker,voronezh,https://voronezh.spravker.ru/okna/,0.70
+74732320224,"Установка пластиковых окон в Воронеже - адреса, телефоны и отзывы",other,spravker,voronezh,https://voronezh.spravker.ru/okna/,0.70
+74732321982,"Установка пластиковых окон в Воронеже - адреса, телефоны и отзывы",other,spravker,voronezh,https://voronezh.spravker.ru/okna/,0.70
+74732331047,"Установка пластиковых окон в Воронеже - адреса, телефоны и отзывы",other,spravker,voronezh,https://voronezh.spravker.ru/okna/,0.70
+74732384250,"Установка пластиковых окон в Воронеже - адреса, телефоны и отзывы",other,spravker,voronezh,https://voronezh.spravker.ru/okna/,0.70
+74732390659,"Установка пластиковых окон в Воронеже - адреса, телефоны и отзывы",other,spravker,voronezh,https://voronezh.spravker.ru/okna/,0.70
+74732394941,Воронежский зоопарк им. А.С. Попова на улице Полины Осипенко,other,zoon,voronezh,https://zoon.ru/voronezh/entertainment/,0.70
+74732397722,"Установка пластиковых окон в Воронеже - адреса, телефоны и отзывы",other,spravker,voronezh,https://voronezh.spravker.ru/okna/,0.70
+74732399206,"Установка пластиковых окон в Воронеже - адреса, телефоны и отзывы",other,spravker,voronezh,https://voronezh.spravker.ru/okna/,0.70
+74732464389,Воронежский техникум пищевой и перерабатывающей промышленности на Московском проспекте,other,zoon,voronezh,https://zoon.ru/voronezh/education/,0.70
+74732509600,"Установка пластиковых окон в Воронеже - адреса, телефоны и отзывы",other,spravker,voronezh,https://voronezh.spravker.ru/okna/,0.70
+74732509951,"Установка пластиковых окон в Воронеже - адреса, телефоны и отзывы",other,spravker,voronezh,https://voronezh.spravker.ru/okna/,0.70
+74732541513,"Установка пластиковых окон в Воронеже - адреса, телефоны и отзывы",other,spravker,voronezh,https://voronezh.spravker.ru/okna/,0.70
+74732554267,Top IT School,other,zoon,voronezh,https://zoon.ru/voronezh/education/,0.70
+74732569292,"Установка пластиковых окон в Воронеже - адреса, телефоны и отзывы",other,spravker,voronezh,https://voronezh.spravker.ru/okna/,0.70
+74732585700,Тренажерный зал Атлет №1 на улице Владимира Невского,other,zoon,voronezh,https://zoon.ru/voronezh/fitness/,0.70
+74732588585,"Установка пластиковых окон в Воронеже - адреса, телефоны и отзывы",other,spravker,voronezh,https://voronezh.spravker.ru/okna/,0.70
+74732593030,Развлекательный комплекс Парнас на улице Карла Маркса,other,zoon,voronezh,https://zoon.ru/voronezh/entertainment/,0.70
+74732602090,"Установка пластиковых окон в Воронеже - адреса, телефоны и отзывы",other,spravker,voronezh,https://voronezh.spravker.ru/okna/,0.70
+74732604888,Развлекательный комплекс Сити-парк Град в ТЦ Сити-парк Град,other,zoon,voronezh,https://zoon.ru/voronezh/entertainment/,0.70
+74732695351,"Установка пластиковых окон в Воронеже - адреса, телефоны и отзывы",other,spravker,voronezh,https://voronezh.spravker.ru/okna/,0.70
+74732778586,"Установка пластиковых окон в Воронеже - адреса, телефоны и отзывы",other,spravker,voronezh,https://voronezh.spravker.ru/okna/,0.70
+74732800805,"Сервисный центр Флекс сервис на улице Владимира Невского, 38п",other,zoon,voronezh,https://zoon.ru/voronezh/repair/,0.70
+74732802800,Семейный клуб Остров детства на Беговой улице,other,zoon,voronezh,https://zoon.ru/voronezh/entertainment/,0.70
+74732915560,Компания Арт Праздник на улице Владимира Невского,other,zoon,voronezh,https://zoon.ru/voronezh/entertainment/,0.70
+74732929236,"Установка пластиковых окон в Воронеже - адреса, телефоны и отзывы",other,spravker,voronezh,https://voronezh.spravker.ru/okna/,0.70
+74732938363,"Установка пластиковых окон в Воронеже - адреса, телефоны и отзывы",other,spravker,voronezh,https://voronezh.spravker.ru/okna/,0.70
+74732939636,"Установка пластиковых окон в Воронеже - адреса, телефоны и отзывы",other,spravker,voronezh,https://voronezh.spravker.ru/okna/,0.70
+74732960001,"Установка пластиковых окон в Воронеже - адреса, телефоны и отзывы",other,spravker,voronezh,https://voronezh.spravker.ru/okna/,0.70
+74732962461,"Установка пластиковых окон в Воронеже - адреса, телефоны и отзывы",other,spravker,voronezh,https://voronezh.spravker.ru/okna/,0.70
+74733002902,Компьютерный сервис Arkcomp.ru,other,zoon,voronezh,https://zoon.ru/voronezh/repair/,0.70
+74733002998,Пейнтбольный клуб Splash,other,zoon,voronezh,https://zoon.ru/voronezh/entertainment/,0.70
+74733003803,Батутный центр развлечений Невесомость-Воронеж,other,zoon,voronezh,https://zoon.ru/voronezh/entertainment/,0.70
+74733003906,"Установка пластиковых окон в Воронеже - адреса, телефоны и отзывы",other,spravker,voronezh,https://voronezh.spravker.ru/okna/,0.70
+74950326385,"Установка пластиковых окон в Санкт-Петербурге - адреса, телефоны и отзывы",other,spravker,spb,https://spb.spravker.ru/okna/,0.70
+74951340785,Сервисный центр Починим! на Шлюзовой набережной,other,zoon,msk,https://zoon.ru/msk/repair/,0.70
+74951345276,Сервисный центр Смарт Сервис на Мичуринском проспекте,other,zoon,msk,https://zoon.ru/msk/repair/,0.70
+74951464133,Сервисный центр МастерПД в Подольске,other,zoon,msk,https://zoon.ru/msk/repair/,0.70
+74951897101,Семейный парк развлечений Зaмания в ТЦ Максимир,other,zoon,voronezh,https://zoon.ru/voronezh/entertainment/,0.70
+74956333388,"Установка пластиковых окон в Воронеже - адреса, телефоны и отзывы",other,spravker,voronezh,https://voronezh.spravker.ru/okna/,0.70
+74956404214,"Установка пластиковых окон в Санкт-Петербурге - адреса, телефоны и отзывы",other,spravker,spb,https://spb.spravker.ru/okna/,0.70
+74956455575,Сервисный центр Cool-stir на проспекте Андропова,other,zoon,msk,https://zoon.ru/msk/repair/,0.70
+74957800800,"Установка пластиковых окон в Воронеже - адреса, телефоны и отзывы",other,spravker,voronezh,https://voronezh.spravker.ru/okna/,0.70
+74959807540,"Установка пластиковых окон в Воронеже - адреса, телефоны и отзывы",other,spravker,voronezh,https://voronezh.spravker.ru/okna/,0.70
+74996382265,Бар HookahMagic Lounge на улице Космонавтов,other,zoon,msk,https://zoon.ru/msk/entertainment/,0.70
+74996435480,Кальянная Барвиха Lounge Менделеевская,other,zoon,msk,https://zoon.ru/msk/entertainment/,0.70
+74998995499,Сервисный центр Смарт Сервис на метро Перово,other,zoon,msk,https://zoon.ru/msk/repair/,0.70
+78001004890,"Установка пластиковых окон в Казани - адреса, телефоны и отзывы",other,spravker,kzn,https://kazan.spravker.ru/okna/,0.70
+78002006569,Санаторий Жемчужина моря,other,zoon,krasnodar,https://zoon.ru/krasnodar/fitness/,0.70
+78002009509,"Установка пластиковых окон в Уфе - адреса, телефоны и отзывы",other,spravker,ufa,https://ufa.spravker.ru/okna/,0.70
+78002010010,Лофт Винтаж,other,zoon,ekb,https://zoon.ru/ekb/entertainment/,0.70
+78002224328,"Установка пластиковых окон в Екатеринбурге - адреса, телефоны и отзывы",other,spravker,ekb,https://ekaterinburg.spravker.ru/okna/,0.70
+78002349686,"Установка пластиковых окон в Казани - адреса, телефоны и отзывы",other,spravker,kzn,https://kazan.spravker.ru/okna/,0.70
+78002501375,"Установка пластиковых окон в Казани - адреса, телефоны и отзывы",other,spravker,kzn,https://kazan.spravker.ru/okna/,0.70
+78002503070,"Установка пластиковых окон в Казани - адреса, телефоны и отзывы",other,spravker,kzn,https://kazan.spravker.ru/okna/,0.70
+78002504011,Пеликан на улице им. Соколова М.Е.,other,zoon,krasnodar,https://zoon.ru/krasnodar/fitness/,0.70
+78002508744,"Установка пластиковых окон в Уфе - адреса, телефоны и отзывы",other,spravker,ufa,https://ufa.spravker.ru/okna/,0.70
+78003017330,"Установка пластиковых окон в Воронеже - адреса, телефоны и отзывы",other,spravker,voronezh,https://voronezh.spravker.ru/okna/,0.70
+78003509668,"Установка пластиковых окон в Воронеже - адреса, телефоны и отзывы",other,spravker,voronezh,https://voronezh.spravker.ru/okna/,0.70
+78004501248,"Установка пластиковых окон в Воронеже - адреса, телефоны и отзывы",other,spravker,voronezh,https://voronezh.spravker.ru/okna/,0.70
+78005053114,Сервисный центр МегаВольт,other,zoon,krasnodar,https://zoon.ru/krasnodar/repair/,0.70
+78005503575,"Установка пластиковых окон в Воронеже - адреса, телефоны и отзывы",other,spravker,voronezh,https://voronezh.spravker.ru/okna/,0.70
+78005551275,"Установка пластиковых окон в Санкт-Петербурге - адреса, телефоны и отзывы",other,spravker,spb,https://spb.spravker.ru/okna/,0.70
+78005553319,"Установка пластиковых окон в Санкт-Петербурге - адреса, телефоны и отзывы",other,spravker,spb,https://spb.spravker.ru/okna/,0.70
+78005553355,"Установка пластиковых окон в Екатеринбурге - адреса, телефоны и отзывы",other,spravker,ekb,https://ekaterinburg.spravker.ru/okna/,0.70
+78006003531,"Установка пластиковых окон в Воронеже - адреса, телефоны и отзывы",other,spravker,voronezh,https://voronezh.spravker.ru/okna/,0.70
+78007007800,Интерактивный музей кубиков МойГород в ТРЦ Сити-Парк Град,other,zoon,voronezh,https://zoon.ru/voronezh/entertainment/,0.70
+78007009764,"Установка пластиковых окон в Казани - адреса, телефоны и отзывы",other,spravker,kzn,https://kazan.spravker.ru/okna/,0.70
+78007750008,"Установка пластиковых окон в Уфе - адреса, телефоны и отзывы",other,spravker,ufa,https://ufa.spravker.ru/okna/,0.70
+78122008439,"Установка пластиковых окон в Санкт-Петербурге - адреса, телефоны и отзывы",other,spravker,spb,https://spb.spravker.ru/okna/,0.70
+78122092009,"Установка пластиковых окон в Санкт-Петербурге - адреса, телефоны и отзывы",other,spravker,spb,https://spb.spravker.ru/okna/,0.70
+78122136914,Мастерская Времени в ТРК Nord на метро Проспект Просвещения в Выборгском районе,other,zoon,spb,https://zoon.ru/spb/repair/,0.70
+78122194044,"Установка пластиковых окон в Санкт-Петербурге - адреса, телефоны и отзывы",other,spravker,spb,https://spb.spravker.ru/okna/,0.70
+78122407929,"Установка пластиковых окон в Санкт-Петербурге - адреса, телефоны и отзывы",other,spravker,spb,https://spb.spravker.ru/okna/,0.70
+78122408737,"Установка пластиковых окон в Санкт-Петербурге - адреса, телефоны и отзывы",other,spravker,spb,https://spb.spravker.ru/okna/,0.70
+78123098972,"Установка пластиковых окон в Санкт-Петербурге - адреса, телефоны и отзывы",other,spravker,spb,https://spb.spravker.ru/okna/,0.70
+78123225500,"Установка пластиковых окон в Санкт-Петербурге - адреса, телефоны и отзывы",other,spravker,spb,https://spb.spravker.ru/okna/,0.70
+78123277921,"Установка пластиковых окон в Санкт-Петербурге - адреса, телефоны и отзывы",other,spravker,spb,https://spb.spravker.ru/okna/,0.70
+78123299211,"Установка пластиковых окон в Санкт-Петербурге - адреса, телефоны и отзывы",other,spravker,spb,https://spb.spravker.ru/okna/,0.70
+78123324200,"Установка пластиковых окон в Санкт-Петербурге - адреса, телефоны и отзывы",other,spravker,spb,https://spb.spravker.ru/okna/,0.70
+78123324208,"Установка пластиковых окон в Санкт-Петербурге - адреса, телефоны и отзывы",other,spravker,spb,https://spb.spravker.ru/okna/,0.70
+78123325388,"Установка пластиковых окон в Санкт-Петербурге - адреса, телефоны и отзывы",other,spravker,spb,https://spb.spravker.ru/okna/,0.70
+78123348000,"Установка пластиковых окон в Санкт-Петербурге - адреса, телефоны и отзывы",other,spravker,spb,https://spb.spravker.ru/okna/,0.70
+78123367955,"Установка пластиковых окон в Санкт-Петербурге - адреса, телефоны и отзывы",other,spravker,spb,https://spb.spravker.ru/okna/,0.70
+78123393272,"Установка пластиковых окон в Санкт-Петербурге - адреса, телефоны и отзывы",other,spravker,spb,https://spb.spravker.ru/okna/,0.70
+78123631693,"Установка пластиковых окон в Санкт-Петербурге - адреса, телефоны и отзывы",other,spravker,spb,https://spb.spravker.ru/okna/,0.70
+78123728853,Другие Миры в ТЦ РИО,other,zoon,spb,https://zoon.ru/spb/entertainment/,0.70
+78123801188,"Установка пластиковых окон в Санкт-Петербурге - адреса, телефоны и отзывы",other,spravker,spb,https://spb.spravker.ru/okna/,0.70
+78123839924,"Установка пластиковых окон в Санкт-Петербурге - адреса, телефоны и отзывы",other,spravker,spb,https://spb.spravker.ru/okna/,0.70
+78123839971,"Установка пластиковых окон в Санкт-Петербурге - адреса, телефоны и отзывы",other,spravker,spb,https://spb.spravker.ru/okna/,0.70
+78123839981,"Установка пластиковых окон в Санкт-Петербурге - адреса, телефоны и отзывы",other,spravker,spb,https://spb.spravker.ru/okna/,0.70
+78123896002,Сервисный центр Ts service на метро Комендантский проспект,other,zoon,spb,https://zoon.ru/spb/repair/,0.70
+78124254995,"Установка пластиковых окон в Санкт-Петербурге - адреса, телефоны и отзывы",other,spravker,spb,https://spb.spravker.ru/okna/,0.70
+78124442545,"Установка пластиковых окон в Санкт-Петербурге - адреса, телефоны и отзывы",other,spravker,spb,https://spb.spravker.ru/okna/,0.70
+78124452016,"Установка пластиковых окон в Санкт-Петербурге - адреса, телефоны и отзывы",other,spravker,spb,https://spb.spravker.ru/okna/,0.70
+78124580520,"Сервисный центр Юмедиа сервис на улице Руставели, 66",other,zoon,spb,https://zoon.ru/spb/repair/,0.70
+78124580663,"Установка пластиковых окон в Санкт-Петербурге - адреса, телефоны и отзывы",other,spravker,spb,https://spb.spravker.ru/okna/,0.70
+78124580744,"Установка пластиковых окон в Санкт-Петербурге - адреса, телефоны и отзывы",other,spravker,spb,https://spb.spravker.ru/okna/,0.70
+78124673335,"Установка пластиковых окон в Санкт-Петербурге - адреса, телефоны и отзывы",other,spravker,spb,https://spb.spravker.ru/okna/,0.70
+78124674486,"Установка пластиковых окон в Санкт-Петербурге - адреса, телефоны и отзывы",other,spravker,spb,https://spb.spravker.ru/okna/,0.70
+78124907472,"Установка пластиковых окон в Санкт-Петербурге - адреса, телефоны и отзывы",other,spravker,spb,https://spb.spravker.ru/okna/,0.70
+78125000800,"Установка пластиковых окон в Санкт-Петербурге - адреса, телефоны и отзывы",other,spravker,spb,https://spb.spravker.ru/okna/,0.70
+78125000810,"Установка пластиковых окон в Санкт-Петербурге - адреса, телефоны и отзывы",other,spravker,spb,https://spb.spravker.ru/okna/,0.70
+78125000870,"Установка пластиковых окон в Санкт-Петербурге - адреса, телефоны и отзывы",other,spravker,spb,https://spb.spravker.ru/okna/,0.70
+78125011538,"Установка пластиковых окон в Санкт-Петербурге - адреса, телефоны и отзывы",other,spravker,spb,https://spb.spravker.ru/okna/,0.70
+78125020752,"Установка пластиковых окон в Санкт-Петербурге - адреса, телефоны и отзывы",other,spravker,spb,https://spb.spravker.ru/okna/,0.70
+78125078968,"Установка пластиковых окон в Санкт-Петербурге - адреса, телефоны и отзывы",other,spravker,spb,https://spb.spravker.ru/okna/,0.70
+78125079897,"Установка пластиковых окон в Санкт-Петербурге - адреса, телефоны и отзывы",other,spravker,spb,https://spb.spravker.ru/okna/,0.70
+78125092716,"Сервисный центр Юмедиа сервис на проспекте Маршала Жукова, 35 к 1",other,zoon,spb,https://zoon.ru/spb/repair/,0.70
+78125092868,"Установка пластиковых окон в Санкт-Петербурге - адреса, телефоны и отзывы",other,spravker,spb,https://spb.spravker.ru/okna/,0.70
+78125614866,VR-парк развлечений и отдыха ANVIO на метро Бухарестская,other,zoon,spb,https://zoon.ru/spb/entertainment/,0.70
+78125616993,"Установка пластиковых окон в Санкт-Петербурге - адреса, телефоны и отзывы",other,spravker,spb,https://spb.spravker.ru/okna/,0.70
+78125653216,"Сервисный центр Юмедиа сервис на Морской набережной, 35",other,zoon,spb,https://zoon.ru/spb/repair/,0.70
+78126400251,"Установка пластиковых окон в Санкт-Петербурге - адреса, телефоны и отзывы",other,spravker,spb,https://spb.spravker.ru/okna/,0.70
+78126404711,"Установка пластиковых окон в Санкт-Петербурге - адреса, телефоны и отзывы",other,spravker,spb,https://spb.spravker.ru/okna/,0.70
+78126409060,"Установка пластиковых окон в Санкт-Петербурге - адреса, телефоны и отзывы",other,spravker,spb,https://spb.spravker.ru/okna/,0.70
+78126409810,"Установка пластиковых окон в Санкт-Петербурге - адреса, телефоны и отзывы",other,spravker,spb,https://spb.spravker.ru/okna/,0.70
+78126556858,"Установка пластиковых окон в Санкт-Петербурге - адреса, телефоны и отзывы",other,spravker,spb,https://spb.spravker.ru/okna/,0.70
+78126660751,"Сервисный центр Юмедиа сервис на проспекте Авиаконструкторов, 5",other,zoon,spb,https://zoon.ru/spb/repair/,0.70
+78127023247,"Установка пластиковых окон в Санкт-Петербурге - адреса, телефоны и отзывы",other,spravker,spb,https://spb.spravker.ru/okna/,0.70
+78127403817,"Установка пластиковых окон в Санкт-Петербурге - адреса, телефоны и отзывы",other,spravker,spb,https://spb.spravker.ru/okna/,0.70
+78127482555,"Установка пластиковых окон в Санкт-Петербурге - адреса, телефоны и отзывы",other,spravker,spb,https://spb.spravker.ru/okna/,0.70
+78127650650,"Установка пластиковых окон в Санкт-Петербурге - адреса, телефоны и отзывы",other,spravker,spb,https://spb.spravker.ru/okna/,0.70
+78129031938,"Установка пластиковых окон в Санкт-Петербурге - адреса, телефоны и отзывы",other,spravker,spb,https://spb.spravker.ru/okna/,0.70
+78129182493,"Установка пластиковых окон в Санкт-Петербурге - адреса, телефоны и отзывы",other,spravker,spb,https://spb.spravker.ru/okna/,0.70
+78129251792,Сервисный центр Юмедиа сервис на Христиновском проспекте во Всеволожске,other,zoon,spb,https://zoon.ru/spb/repair/,0.70
+78129459739,"Установка пластиковых окон в Санкт-Петербурге - адреса, телефоны и отзывы",other,spravker,spb,https://spb.spravker.ru/okna/,0.70
+78129530236,"Установка пластиковых окон в Санкт-Петербурге - адреса, телефоны и отзывы",other,spravker,spb,https://spb.spravker.ru/okna/,0.70
+78129582878,Сервисный центр ПАЯЛЬНЯ на метро Озерки,other,zoon,spb,https://zoon.ru/spb/repair/,0.70
+78129838313,"Установка пластиковых окон в Санкт-Петербурге - адреса, телефоны и отзывы",other,spravker,spb,https://spb.spravker.ru/okna/,0.70
+78129841122,"Установка пластиковых окон в Санкт-Петербурге - адреса, телефоны и отзывы",other,spravker,spb,https://spb.spravker.ru/okna/,0.70
+78129863065,"Установка пластиковых окон в Санкт-Петербурге - адреса, телефоны и отзывы",other,spravker,spb,https://spb.spravker.ru/okna/,0.70
+78432022195,"Установка пластиковых окон в Казани - адреса, телефоны и отзывы",other,spravker,kzn,https://kazan.spravker.ru/okna/,0.70
+78432032533,"Установка пластиковых окон в Казани - адреса, телефоны и отзывы",other,spravker,kzn,https://kazan.spravker.ru/okna/,0.70
+78432032622,"Установка пластиковых окон в Казани - адреса, телефоны и отзывы",other,spravker,kzn,https://kazan.spravker.ru/okna/,0.70
+78432041740,"Установка пластиковых окон в Казани - адреса, телефоны и отзывы",other,spravker,kzn,https://kazan.spravker.ru/okna/,0.70
+78432042900,"Установка пластиковых окон в Казани - адреса, телефоны и отзывы",other,spravker,kzn,https://kazan.spravker.ru/okna/,0.70
+78432055055,"Установка пластиковых окон в Казани - адреса, телефоны и отзывы",other,spravker,kzn,https://kazan.spravker.ru/okna/,0.70
+78432071885,"Установка пластиковых окон в Казани - адреса, телефоны и отзывы",other,spravker,kzn,https://kazan.spravker.ru/okna/,0.70
+78432122211,"Установка пластиковых окон в Казани - адреса, телефоны и отзывы",other,spravker,kzn,https://kazan.spravker.ru/okna/,0.70
+78432122412,"Установка пластиковых окон в Казани - адреса, телефоны и отзывы",other,spravker,kzn,https://kazan.spravker.ru/okna/,0.70
+78432148800,"Установка пластиковых окон в Казани - адреса, телефоны и отзывы",other,spravker,kzn,https://kazan.spravker.ru/okna/,0.70
+78432149922,"Установка пластиковых окон в Казани - адреса, телефоны и отзывы",other,spravker,kzn,https://kazan.spravker.ru/okna/,0.70
+78432260333,"Установка пластиковых окон в Казани - адреса, телефоны и отзывы",other,spravker,kzn,https://kazan.spravker.ru/okna/,0.70
+78432270131,"Установка пластиковых окон в Казани - адреса, телефоны и отзывы",other,spravker,kzn,https://kazan.spravker.ru/okna/,0.70
+78432275075,"Установка пластиковых окон в Казани - адреса, телефоны и отзывы",other,spravker,kzn,https://kazan.spravker.ru/okna/,0.70
+78432400194,"Установка пластиковых окон в Казани - адреса, телефоны и отзывы",other,spravker,kzn,https://kazan.spravker.ru/okna/,0.70
+78432451606,"Установка пластиковых окон в Казани - адреса, телефоны и отзывы",other,spravker,kzn,https://kazan.spravker.ru/okna/,0.70
+78432453155,"Установка пластиковых окон в Казани - адреса, телефоны и отзывы",other,spravker,kzn,https://kazan.spravker.ru/okna/,0.70
+78432454541,"Установка пластиковых окон в Казани - адреса, телефоны и отзывы",other,spravker,kzn,https://kazan.spravker.ru/okna/,0.70
+78432494954,"Установка пластиковых окон в Казани - адреса, телефоны и отзывы",other,spravker,kzn,https://kazan.spravker.ru/okna/,0.70
+78432532105,"Установка пластиковых окон в Казани - адреса, телефоны и отзывы",other,spravker,kzn,https://kazan.spravker.ru/okna/,0.70
+78432537545,"Установка пластиковых окон в Казани - адреса, телефоны и отзывы",other,spravker,kzn,https://kazan.spravker.ru/okna/,0.70
+78432585494,"Установка пластиковых окон в Казани - адреса, телефоны и отзывы",other,spravker,kzn,https://kazan.spravker.ru/okna/,0.70
+78432586858,"Установка пластиковых окон в Казани - адреса, телефоны и отзывы",other,spravker,kzn,https://kazan.spravker.ru/okna/,0.70
+78432591102,"Установка пластиковых окон в Казани - адреса, телефоны и отзывы",other,spravker,kzn,https://kazan.spravker.ru/okna/,0.70
+78432591103,"Установка пластиковых окон в Казани - адреса, телефоны и отзывы",other,spravker,kzn,https://kazan.spravker.ru/okna/,0.70
+78432594700,"Установка пластиковых окон в Казани - адреса, телефоны и отзывы",other,spravker,kzn,https://kazan.spravker.ru/okna/,0.70
+78432783070,"Установка пластиковых окон в Казани - адреса, телефоны и отзывы",other,spravker,kzn,https://kazan.spravker.ru/okna/,0.70
+78432969608,"Установка пластиковых окон в Казани - адреса, телефоны и отзывы",other,spravker,kzn,https://kazan.spravker.ru/okna/,0.70
+78435032323,"Установка пластиковых окон в Казани - адреса, телефоны и отзывы",other,spravker,kzn,https://kazan.spravker.ru/okna/,0.70
+78435671952,"Установка пластиковых окон в Казани - адреса, телефоны и отзывы",other,spravker,kzn,https://kazan.spravker.ru/okna/,0.70
+78435677755,"Установка пластиковых окон в Казани - адреса, телефоны и отзывы",other,spravker,kzn,https://kazan.spravker.ru/okna/,0.70
+78435709621,"Установка пластиковых окон в Казани - адреса, телефоны и отзывы",other,spravker,kzn,https://kazan.spravker.ru/okna/,0.70
+78612012659,Сервисный центр Мива сервис в Центральном округе,other,zoon,krasnodar,https://zoon.ru/krasnodar/repair/,0.70
+78612026461,Торгово-сервисный центр Плаза на улице 9 Мая,other,zoon,krasnodar,https://zoon.ru/krasnodar/repair/,0.70
+78612029862,Event-агентство Тимбилдинг PRO,other,zoon,krasnodar,https://zoon.ru/krasnodar/entertainment/,0.70
+78612034787,Клуб виртуальной реальности Notreal VR Club на улице Дзержинского,other,zoon,krasnodar,https://zoon.ru/krasnodar/entertainment/,0.70
+78612050588,Сервисный центр РемFIX на проспекте Чекистов,other,zoon,krasnodar,https://zoon.ru/krasnodar/repair/,0.70
+78612055737,"Сервисный центр ЭтоСервис на улице 1 Мая, 291",other,zoon,krasnodar,https://zoon.ru/krasnodar/repair/,0.70
+78612057872,Сервисный центр РемFIX на улице Трудовой Славы,other,zoon,krasnodar,https://zoon.ru/krasnodar/repair/,0.70
+78612058712,Сервисный центр Мива-сервис,other,zoon,krasnodar,https://zoon.ru/krasnodar/repair/,0.70
+78612059320,Сервисный центр МАКСИН в Прикубанском округе,other,zoon,krasnodar,https://zoon.ru/krasnodar/repair/,0.70
+78612066048,Компания Юг-кейтеринг в Прикубанском округе,other,zoon,krasnodar,https://zoon.ru/krasnodar/entertainment/,0.70
+78612410404,Компания Forparty23,other,zoon,krasnodar,https://zoon.ru/krasnodar/entertainment/,0.70
+78612530414,КМК им. Н.А. Римского-Корсакова на Октябрьской улице,other,zoon,krasnodar,https://zoon.ru/krasnodar/education/,0.70
+78612907902,Сервисный центр Apple Service на улице Гаврилова,other,zoon,krasnodar,https://zoon.ru/krasnodar/repair/,0.70
+78612993410,Арена виртуальной реальности Avatar Arena,other,zoon,krasnodar,https://zoon.ru/krasnodar/entertainment/,0.70
+78619907576,Лазертаг-клуб Шторм,other,zoon,krasnodar,https://zoon.ru/krasnodar/entertainment/,0.70
+79000807038,"Установка пластиковых окон в Челябинске - адреса, телефоны и отзывы",other,spravker,chelyabinsk,https://chelyabinsk.spravker.ru/okna/,0.70
+79001990423,Развлекательный центр Просторы на улице Титова,other,zoon,ekb,https://zoon.ru/ekb/entertainment/,0.70
+79002022291,Сервисный центр Белый сервис на улице Куйбышева,other,zoon,ekb,https://zoon.ru/ekb/repair/,0.70
+79002115181,"Установка пластиковых окон в Екатеринбурге - адреса, телефоны и отзывы",other,spravker,ekb,https://ekaterinburg.spravker.ru/okna/,0.70
+79002742723,Детский лазертаг-центр Планета Героев в ТЦ Новый Горизонт,other,zoon,krasnodar,https://zoon.ru/krasnodar/entertainment/,0.70
+79002860441,"Караоке-бар ""Главная Сцена""",other,zoon,krasnodar,https://zoon.ru/krasnodar/entertainment/,0.70
+79003026474,"Установка пластиковых окон в Воронеже - адреса, телефоны и отзывы",other,spravker,voronezh,https://voronezh.spravker.ru/okna/,0.70
+79006314141,"Установка пластиковых окон в Санкт-Петербурге - адреса, телефоны и отзывы",other,spravker,spb,https://spb.spravker.ru/okna/,0.70
+79009242275,"Установка пластиковых окон в Воронеже - адреса, телефоны и отзывы",other,spravker,voronezh,https://voronezh.spravker.ru/okna/,0.70
+79009299249,"Установка пластиковых окон в Воронеже - адреса, телефоны и отзывы",other,spravker,voronezh,https://voronezh.spravker.ru/okna/,0.70
+79009324747,"Установка пластиковых окон в Воронеже - адреса, телефоны и отзывы",other,spravker,voronezh,https://voronezh.spravker.ru/okna/,0.70
+79009325577,"Установка пластиковых окон в Воронеже - адреса, телефоны и отзывы",other,spravker,voronezh,https://voronezh.spravker.ru/okna/,0.70
+79009507525,"Установка пластиковых окон в Воронеже - адреса, телефоны и отзывы",other,spravker,voronezh,https://voronezh.spravker.ru/okna/,0.70
+79012201010,Компания по организации квестов Дом Квестов на улице Энгельса,other,zoon,ekb,https://zoon.ru/ekb/entertainment/,0.70
+79012450711,Центр эстетики лица и тела Esher,other,zoon,chelyabinsk,https://zoon.ru/chelyabinsk/beauty/,0.70
+79012451182,Кардиоцентр на Кашириных,other,zoon,chelyabinsk,https://zoon.ru/chelyabinsk/medical/,0.70
+79012451527,Эстетик-центр Комильфо на улице Елькина,other,zoon,chelyabinsk,https://zoon.ru/chelyabinsk/beauty/,0.70
+79012452265,Сервисный центр iLink на улице Сони Кривой,other,zoon,chelyabinsk,https://zoon.ru/chelyabinsk/repair/,0.70
+79012457596,Центр подологии здоровых стоп и ногтей ПодоТочка,other,zoon,chelyabinsk,https://zoon.ru/chelyabinsk/beauty/,0.70
+79012462203,Косметологический центр Lady Star на Ставропольской улице,other,zoon,krasnodar,https://zoon.ru/krasnodar/beauty/,0.70
+79012462967,Сервисный центр РемFIX в Прикубанском округе,other,zoon,krasnodar,https://zoon.ru/krasnodar/repair/,0.70
+79012463016,Центр врачебной подологии на улице Красных Партизан,other,zoon,krasnodar,https://zoon.ru/krasnodar/beauty/,0.70
+79012463459,Студия взгляда и ногтей Лофт,other,zoon,krasnodar,https://zoon.ru/krasnodar/beauty/,0.70
+79012463844,Компания РЕКОМ Сервис,other,zoon,krasnodar,https://zoon.ru/krasnodar/repair/,0.70
+79012463924,"Кабинет лазерной эпиляции LW LASER STUDIO на Командорской улице, 15 к 1",other,zoon,krasnodar,https://zoon.ru/krasnodar/beauty/,0.70
+79012463956,Центр эстетики лица и тела Face&body на Казбекской улице,other,zoon,krasnodar,https://zoon.ru/krasnodar/beauty/,0.70
+79012464007,Центр подологии и эстетики Medis CLINIC,other,zoon,krasnodar,https://zoon.ru/krasnodar/medical/,0.70
+79012464463,Лемармед,other,zoon,krasnodar,https://zoon.ru/krasnodar/medical/,0.70
+79012464578,Студия Lavanda,other,zoon,krasnodar,https://zoon.ru/krasnodar/beauty/,0.70
+79012464834,Центр эмоциональной разгрузки и качественной тишины БЕЗМЯТЕЖНОСТЬ на Северной улице,other,zoon,krasnodar,https://zoon.ru/krasnodar/beauty/,0.70
+79012466058,"Студия Анны Давыдовой Люби Себя на улице Героя А.А. Аверкиева, 18",other,zoon,krasnodar,https://zoon.ru/krasnodar/beauty/,0.70
+79012497835,Сервисный центр Искра сервис на Ясной улице,other,zoon,ekb,https://zoon.ru/ekb/repair/,0.70
+79012498526,Центр остеопатической коррекции Здоровье в Ленинском районе,other,zoon,ekb,https://zoon.ru/ekb/medical/,0.70
+79012498869,Косметология Космо Бьюти Криомедикал,other,zoon,ekb,https://zoon.ru/ekb/beauty/,0.70
+79012499344,Первый подологический центр на улице Чапаева,other,zoon,ekb,https://zoon.ru/ekb/beauty/,0.70
+79012499348,Центр коррекции и лечения сетчатки глаза Профессорская + на улице Вайнера,other,zoon,ekb,https://zoon.ru/ekb/medical/,0.70
+79012499366,Студия эпиляции Барбарис,other,zoon,ekb,https://zoon.ru/ekb/beauty/,0.70
+79012499378,"Студия эпиляции, косметологии и массажа ДепилЛюкс на улице Кирова",other,zoon,ekb,https://zoon.ru/ekb/beauty/,0.70
+79012499568,Центр проблемной стопы Podospecific на улице Фронтовых Бригад,other,zoon,ekb,https://zoon.ru/ekb/beauty/,0.70
+79012499667,Сервисный центр Свой мастер на улице Антона Валека,other,zoon,ekb,https://zoon.ru/ekb/repair/,0.70
+79012566047,Городская замочная служба,other,zoon,msk,https://zoon.ru/msk/repair/,0.70
+79012566073,Семейное пространство Вестман,other,zoon,msk,https://zoon.ru/msk/education/,0.70
+79012566841,Студия Shine Pilates Pro,other,zoon,msk,https://zoon.ru/msk/fitness/,0.70
+79012567046,Кальянная Барвиха Lounge Раменки,other,zoon,msk,https://zoon.ru/msk/entertainment/,0.70
+79012569124,Центр паровых коктейлей Block smoke,other,zoon,msk,https://zoon.ru/msk/entertainment/,0.70
+79012569529,Лаундж-бар МСК Lounge в Беляево,other,zoon,msk,https://zoon.ru/msk/entertainment/,0.70
+79012579564,Клуб Планета Боулинг в Измайлово,other,zoon,msk,https://zoon.ru/msk/entertainment/,0.70
+79012584374,Сервисный центр Ультра сервис в ТЦ Ереван Плаза,other,zoon,msk,https://zoon.ru/msk/repair/,0.70
+79012585347,Компьютерный клуб Трушка на Вешняковской улице,other,zoon,msk,https://zoon.ru/msk/entertainment/,0.70
+79012591650,Кальянная Барвиха Lounge Митино,other,zoon,msk,https://zoon.ru/msk/entertainment/,0.70
+79014488751,Сервисный центр РемFIX в Ленинском районе на Плехановской улице,other,zoon,voronezh,https://zoon.ru/voronezh/repair/,0.70
+79014946943,Кубанский краевой центр остеопатии на улице Дзержинского,other,zoon,krasnodar,https://zoon.ru/krasnodar/medical/,0.70
+79017027575,"Международная академия бизнеса и управления в 5-ом проезде Марьиной Рощи, 15а",other,zoon,msk,https://zoon.ru/msk/education/,0.70
+79022733569,"Установка пластиковых окон в Екатеринбурге - адреса, телефоны и отзывы",other,spravker,ekb,https://ekaterinburg.spravker.ru/okna/,0.70
+79022765080,"Установка пластиковых окон в Екатеринбурге - адреса, телефоны и отзывы",other,spravker,ekb,https://ekaterinburg.spravker.ru/okna/,0.70
+79024093355,Студия пилатеса GymNastiKo в микрорайоне Химмаш,other,zoon,ekb,https://zoon.ru/ekb/fitness/,0.70
+79024692146,Центр подологии Легкий Шаг на Привольной улице,other,zoon,msk,https://zoon.ru/msk/medical/,0.70
+79024699735,"Компания по организации детских праздников Wow Land на Октябрьском проспекте, 368 в Люберцах",other,zoon,msk,https://zoon.ru/msk/entertainment/,0.70
+79026100660,"Установка пластиковых окон в Челябинске - адреса, телефоны и отзывы",other,spravker,chelyabinsk,https://chelyabinsk.spravker.ru/okna/,0.70
+79026132826,"Установка пластиковых окон в Челябинске - адреса, телефоны и отзывы",other,spravker,chelyabinsk,https://chelyabinsk.spravker.ru/okna/,0.70
+79028614717,"Установка пластиковых окон в Челябинске - адреса, телефоны и отзывы",other,spravker,chelyabinsk,https://chelyabinsk.spravker.ru/okna/,0.70
+79028624403,"Установка пластиковых окон в Челябинске - адреса, телефоны и отзывы",other,spravker,chelyabinsk,https://chelyabinsk.spravker.ru/okna/,0.70
+79030863060,Лазертаг Охота в Кировском районе,other,zoon,ekb,https://zoon.ru/ekb/entertainment/,0.70
+79033887545,"Установка пластиковых окон в Казани - адреса, телефоны и отзывы",other,spravker,kzn,https://kazan.spravker.ru/okna/,0.70
+79034555675,Кубаньпрофисервис,other,zoon,krasnodar,https://zoon.ru/krasnodar/repair/,0.70
+79036542376,"Установка пластиковых окон в Воронеже - адреса, телефоны и отзывы",other,spravker,voronezh,https://voronezh.spravker.ru/okna/,0.70
+79038589341,"Установка пластиковых окон в Воронеже - адреса, телефоны и отзывы",other,spravker,voronezh,https://voronezh.spravker.ru/okna/,0.70
+79038589760,"Установка пластиковых окон в Воронеже - адреса, телефоны и отзывы",other,spravker,voronezh,https://voronezh.spravker.ru/okna/,0.70
+79041693800,"Установка пластиковых окон в Екатеринбурге - адреса, телефоны и отзывы",other,spravker,ekb,https://ekaterinburg.spravker.ru/okna/,0.70
+79043042865,"Установка пластиковых окон в Челябинске - адреса, телефоны и отзывы",other,spravker,chelyabinsk,https://chelyabinsk.spravker.ru/okna/,0.70
+79045128518,Тир Плинкеръ,other,zoon,spb,https://zoon.ru/spb/entertainment/,0.70
+79045406598,"Установка пластиковых окон в Екатеринбурге - адреса, телефоны и отзывы",other,spravker,ekb,https://ekaterinburg.spravker.ru/okna/,0.70
+79045670715,Косметология Skin Premium на улице Покровка,other,zoon,msk,https://zoon.ru/msk/beauty/,0.70
+79045671685,Кальянная Барвиха Lounge Киевская,other,zoon,msk,https://zoon.ru/msk/entertainment/,0.70
+79045672441,"Акваклуб Море детям на улице Малыгина, 1 стр 2",other,zoon,msk,https://zoon.ru/msk/entertainment/,0.70
+79045672761,Центр Внеземных Развлечений LaserLand,other,zoon,msk,https://zoon.ru/msk/entertainment/,0.70
+79045674279,Студия лазерной эпиляции на метро Аминьевская,other,zoon,msk,https://zoon.ru/msk/beauty/,0.70
+79045675071,Парк виртуальной реальности Другие Миры на Дачной улице в Красногорске,other,zoon,msk,https://zoon.ru/msk/entertainment/,0.70
+79045675142,Плавательный клуб Детская бухта на метро Щёлковская,other,zoon,msk,https://zoon.ru/msk/entertainment/,0.70
+79045675466,Студия косметологии ESTECLUB в Северном Бутово,other,zoon,msk,https://zoon.ru/msk/beauty/,0.70
+79045675563,Сервисный центр Умный Мастер Бро на улице Большие Каменщики,other,zoon,msk,https://zoon.ru/msk/repair/,0.70
+79045676523,Студия маникюра и подологии Kill All Nails на метро Бауманская,other,zoon,msk,https://zoon.ru/msk/beauty/,0.70
+79045678521,Оздоровительный центр Луч,other,zoon,msk,https://zoon.ru/msk/fitness/,0.70
+79045678630,Dojo sport club,other,zoon,msk,https://zoon.ru/msk/fitness/,0.70
+79045679235,"Студия эпиляции Dr. Laser на бульваре Космонавтов, 4 в Красногорске",other,zoon,msk,https://zoon.ru/msk/beauty/,0.70
+79045680836,Лаундж-бар TIMELESS на Якиманке,other,zoon,msk,https://zoon.ru/msk/entertainment/,0.70
+79045682018,Студия Shine Pilates Pro на улице Сальвадора Дали в Коммунарке,other,zoon,msk,https://zoon.ru/msk/fitness/,0.70
+79045682647,Игровой центр ExitGames в проезде Берёзовой Рощи,other,zoon,msk,https://zoon.ru/msk/entertainment/,0.70
+79045682778,Кальянная Барвиха Lounge Юго-Западная,other,zoon,msk,https://zoon.ru/msk/entertainment/,0.70
+79045682916,Студия косметологии D’cosmoskin,other,zoon,msk,https://zoon.ru/msk/beauty/,0.70
+79045683143,Детский центр Весёлкин,other,zoon,msk,https://zoon.ru/msk/entertainment/,0.70
+79045685391,Pilates Guru,other,zoon,msk,https://zoon.ru/msk/fitness/,0.70
+79045686214,Центр паровых коктейлей Sova,other,zoon,msk,https://zoon.ru/msk/entertainment/,0.70
+79045688436,Развлекательный центр LaserLand в ТЦ Азовский,other,zoon,msk,https://zoon.ru/msk/entertainment/,0.70
+79045688438,"Сервисный центр Дело мастера на проспекте Вернадского, 29",other,zoon,msk,https://zoon.ru/msk/repair/,0.70
+79045688940,Центр КТ и МРТ на Дмитровском шоссе,other,zoon,msk,https://zoon.ru/msk/medical/,0.70
+79049811477,"Установка пластиковых окон в Екатеринбурге - адреса, телефоны и отзывы",other,spravker,ekb,https://ekaterinburg.spravker.ru/okna/,0.70
+79050206706,"Установка пластиковых окон в Казани - адреса, телефоны и отзывы",other,spravker,kzn,https://kazan.spravker.ru/okna/,0.70
+79052231900,"Установка пластиковых окон в Санкт-Петербурге - адреса, телефоны и отзывы",other,spravker,spb,https://spb.spravker.ru/okna/,0.70
+79053503335,Парк виртуальной реальности AVR в ТЦ Ultra,other,zoon,ufa,https://zoon.ru/ufa/entertainment/,0.70
+79057279689,Караоке клуб ИСТЕРИКА,other,zoon,krasnodar,https://zoon.ru/krasnodar/entertainment/,0.70
+79058368778,"Установка пластиковых окон в Челябинске - адреса, телефоны и отзывы",other,spravker,chelyabinsk,https://chelyabinsk.spravker.ru/okna/,0.70
+79061008050,Скалодром 5+,other,zoon,ufa,https://zoon.ru/ufa/entertainment/,0.70
+79061065651,"Установка пластиковых окон в Уфе - адреса, телефоны и отзывы",other,spravker,ufa,https://ufa.spravker.ru/okna/,0.70
+79062500505,"Сервисный центр Юмедиа сервис на улице Антонова-Овсеенко, 25 к 1",other,zoon,spb,https://zoon.ru/spb/repair/,0.70
+79066754632,"Установка пластиковых окон в Воронеже - адреса, телефоны и отзывы",other,spravker,voronezh,https://voronezh.spravker.ru/okna/,0.70
+79066794865,Студия декора и флористики Флорида на Плехановской улице,other,zoon,voronezh,https://zoon.ru/voronezh/entertainment/,0.70
+79068055557,"Студия эпиляции, ухода за лицом и телом ДепилЛюкс на улице Мира",other,zoon,ekb,https://zoon.ru/ekb/beauty/,0.70
+79068611928,Праздничное агентство Like на улице Братьев Кашириных,other,zoon,chelyabinsk,https://zoon.ru/chelyabinsk/entertainment/,0.70
+79068693669,Сервисный центр АйПрофи,other,zoon,chelyabinsk,https://zoon.ru/chelyabinsk/repair/,0.70
+79068902388,Парк чудес Галилео научно-развлекательный центр на улице Кирова,other,zoon,chelyabinsk,https://zoon.ru/chelyabinsk/entertainment/,0.70
+79080417638,Подология Парковый,other,zoon,chelyabinsk,https://zoon.ru/chelyabinsk/beauty/,0.70
+79080479022,Детское пространство Праздник на улице Салавата Юлаева,other,zoon,chelyabinsk,https://zoon.ru/chelyabinsk/entertainment/,0.70
+79080557605,Центр развлечений Первый легионер на Копейском шоссе,other,zoon,chelyabinsk,https://zoon.ru/chelyabinsk/entertainment/,0.70
+79080632203,"Установка пластиковых окон в Челябинске - адреса, телефоны и отзывы",other,spravker,chelyabinsk,https://chelyabinsk.spravker.ru/okna/,0.70
+79080656094,"Установка пластиковых окон в Челябинске - адреса, телефоны и отзывы",other,spravker,chelyabinsk,https://chelyabinsk.spravker.ru/okna/,0.70
+79080951717,Лазертаг и VR-арена Портал-74 в Центральном районе,other,zoon,chelyabinsk,https://zoon.ru/chelyabinsk/entertainment/,0.70
+79081342223,"Установка пластиковых окон в Воронеже - адреса, телефоны и отзывы",other,spravker,voronezh,https://voronezh.spravker.ru/okna/,0.70
+79081344310,"Установка пластиковых окон в Воронеже - адреса, телефоны и отзывы",other,spravker,voronezh,https://voronezh.spravker.ru/okna/,0.70
+79081366554,Детский город профессий КидБург,other,zoon,voronezh,https://zoon.ru/voronezh/entertainment/,0.70
+79086313252,"Установка пластиковых окон в Екатеринбурге - адреса, телефоны и отзывы",other,spravker,ekb,https://ekaterinburg.spravker.ru/okna/,0.70
+79087077066,"Установка пластиковых окон в Челябинске - адреса, телефоны и отзывы",other,spravker,chelyabinsk,https://chelyabinsk.spravker.ru/okna/,0.70
+79088120678,"Установка пластиковых окон в Челябинске - адреса, телефоны и отзывы",other,spravker,chelyabinsk,https://chelyabinsk.spravker.ru/okna/,0.70
+79089251770,"Установка пластиковых окон в Екатеринбурге - адреса, телефоны и отзывы",other,spravker,ekb,https://ekaterinburg.spravker.ru/okna/,0.70
+79090184251,"Установка пластиковых окон в Екатеринбурге - адреса, телефоны и отзывы",other,spravker,ekb,https://ekaterinburg.spravker.ru/okna/,0.70
+79090904340,Детская игровая комната Золотая Рыбка,other,zoon,chelyabinsk,https://zoon.ru/chelyabinsk/entertainment/,0.70
+79092178227,Сервисный центр БытМастер в Монтажном проезде,other,zoon,voronezh,https://zoon.ru/voronezh/repair/,0.70
+79093491955,"Установка пластиковых окон в Уфе - адреса, телефоны и отзывы",other,spravker,ufa,https://ufa.spravker.ru/okna/,0.70
+79097005449,"Установка пластиковых окон в Екатеринбурге - адреса, телефоны и отзывы",other,spravker,ekb,https://ekaterinburg.spravker.ru/okna/,0.70
+79103472920,Студия виртуальной реальности RElife,other,zoon,voronezh,https://zoon.ru/voronezh/entertainment/,0.70
+79107468988,"Установка пластиковых окон в Воронеже - адреса, телефоны и отзывы",other,spravker,voronezh,https://voronezh.spravker.ru/okna/,0.70
+79107498985,"Установка пластиковых окон в Воронеже - адреса, телефоны и отзывы",other,spravker,voronezh,https://voronezh.spravker.ru/okna/,0.70
+79110001135,"Установка пластиковых окон в Санкт-Петербурге - адреса, телефоны и отзывы",other,spravker,spb,https://spb.spravker.ru/okna/,0.70
+79110943222,"Установка пластиковых окон в Санкт-Петербурге - адреса, телефоны и отзывы",other,spravker,spb,https://spb.spravker.ru/okna/,0.70
+79112157779,"Пункт приёма Юмедиа сервис на проспекте Космонавтов, 38/4",other,zoon,spb,https://zoon.ru/spb/repair/,0.70
+79118276878,Центр эстетики Eva SPA,other,zoon,spb,https://zoon.ru/spb/beauty/,0.70
+79119182595,Бар Mirage Lounge на Парашютной улице,other,zoon,spb,https://zoon.ru/spb/entertainment/,0.70
+79119206568,"Установка пластиковых окон в Санкт-Петербурге - адреса, телефоны и отзывы",other,spravker,spb,https://spb.spravker.ru/okna/,0.70
+79120385404,"Установка пластиковых окон в Екатеринбурге - адреса, телефоны и отзывы",other,spravker,ekb,https://ekaterinburg.spravker.ru/okna/,0.70
+79120828555,"Установка пластиковых окон в Челябинске - адреса, телефоны и отзывы",other,spravker,chelyabinsk,https://chelyabinsk.spravker.ru/okna/,0.70
+79122236677,"Установка пластиковых окон в Екатеринбурге - адреса, телефоны и отзывы",other,spravker,ekb,https://ekaterinburg.spravker.ru/okna/,0.70
+79122377025,"Установка пластиковых окон в Екатеринбурге - адреса, телефоны и отзывы",other,spravker,ekb,https://ekaterinburg.spravker.ru/okna/,0.70
+79122614483,"Установка пластиковых окон в Екатеринбурге - адреса, телефоны и отзывы",other,spravker,ekb,https://ekaterinburg.spravker.ru/okna/,0.70
+79122848195,"Установка пластиковых окон в Екатеринбурге - адреса, телефоны и отзывы",other,spravker,ekb,https://ekaterinburg.spravker.ru/okna/,0.70
+79122874201,"Установка пластиковых окон в Екатеринбурге - адреса, телефоны и отзывы",other,spravker,ekb,https://ekaterinburg.spravker.ru/okna/,0.70
+79123225211,Студия маникюра VENZEL на улице Героев Танкограда,other,zoon,chelyabinsk,https://zoon.ru/chelyabinsk/beauty/,0.70
+79123247174,"Установка пластиковых окон в Челябинске - адреса, телефоны и отзывы",other,spravker,chelyabinsk,https://chelyabinsk.spravker.ru/okna/,0.70
+79123261840,Студия эпиляции Июнь в Западном,other,zoon,chelyabinsk,https://zoon.ru/chelyabinsk/beauty/,0.70
+79126565564,Кальянная Полки LOUNGE на улице 8 Марта,other,zoon,ekb,https://zoon.ru/ekb/entertainment/,0.70
+79126620783,Сервисный центр Service 99 на Родонитовой улице,other,zoon,ekb,https://zoon.ru/ekb/repair/,0.70
+79151100052,"Установка пластиковых окон в Уфе - адреса, телефоны и отзывы",other,spravker,ufa,https://ufa.spravker.ru/okna/,0.70
+79155483880,Воронежский Океанариум,other,zoon,voronezh,https://zoon.ru/voronezh/entertainment/,0.70
+79156362058,Пейнтбольный клуб Застава на Береговой улице,other,zoon,krasnodar,https://zoon.ru/krasnodar/entertainment/,0.70
+79162908943,Студия ногтевого сервиса Мэнни Кьюри на Постовой улице,other,zoon,krasnodar,https://zoon.ru/krasnodar/beauty/,0.70
+79167407327,Black Panther Studio,other,zoon,msk,https://zoon.ru/msk/fitness/,0.70
+79170470719,"Установка пластиковых окон в Уфе - адреса, телефоны и отзывы",other,spravker,ufa,https://ufa.spravker.ru/okna/,0.70
+79172204324,"Установка пластиковых окон в Казани - адреса, телефоны и отзывы",other,spravker,kzn,https://kazan.spravker.ru/okna/,0.70
+79173476308,"Студия фейслифтинга Idol Face на улице Рихарда Зорге, 17/8",other,zoon,ufa,https://zoon.ru/ufa/beauty/,0.70
+79173557277,Студия маникюра AMERI,other,zoon,ufa,https://zoon.ru/ufa/beauty/,0.70
+79173588088,"Установка пластиковых окон в Уфе - адреса, телефоны и отзывы",other,spravker,ufa,https://ufa.spravker.ru/okna/,0.70
+79173688896,"Установка пластиковых окон в Уфе - адреса, телефоны и отзывы",other,spravker,ufa,https://ufa.spravker.ru/okna/,0.70
+79173810390,Центр аппаратной косметологии в Кушнаренково,other,zoon,ufa,https://zoon.ru/ufa/beauty/,0.70
+79173819772,"Студия завивки и колористики Живи кучеряво на Российской улице, 20",other,zoon,ufa,https://zoon.ru/ufa/beauty/,0.70
+79173819827,Центр паровых коктейлей Pride lounge,other,zoon,ufa,https://zoon.ru/ufa/entertainment/,0.70
+79173885597,"Установка пластиковых окон в Уфе - адреса, телефоны и отзывы",other,spravker,ufa,https://ufa.spravker.ru/okna/,0.70
+79174063699,"Установка пластиковых окон в Уфе - адреса, телефоны и отзывы",other,spravker,ufa,https://ufa.spravker.ru/okna/,0.70
+79174119935,Компания по организации квестов и праздников Архипелаг развлечений ОСТРОВА на улице Даута Юлтыя,other,zoon,ufa,https://zoon.ru/ufa/entertainment/,0.70
+79174150615,"Установка пластиковых окон в Уфе - адреса, телефоны и отзывы",other,spravker,ufa,https://ufa.spravker.ru/okna/,0.70
+79174277641,"Установка пластиковых окон в Уфе - адреса, телефоны и отзывы",other,spravker,ufa,https://ufa.spravker.ru/okna/,0.70
+79174304146,Студия маникюра и педикюра Nailroom,other,zoon,ufa,https://zoon.ru/ufa/beauty/,0.70
+79174304943,Студия эпиляции LaseR'Ok,other,zoon,ufa,https://zoon.ru/ufa/beauty/,0.70
+79174305454,Наркологический центр Похмелочная на улице Авроры,other,zoon,ufa,https://zoon.ru/ufa/medical/,0.70
+79174308680,Beauty Dent,other,zoon,ufa,https://zoon.ru/ufa/medical/,0.70
+79174390555,"Установка пластиковых окон в Уфе - адреса, телефоны и отзывы",other,spravker,ufa,https://ufa.spravker.ru/okna/,0.70
+79174410567,"Установка пластиковых окон в Уфе - адреса, телефоны и отзывы",other,spravker,ufa,https://ufa.spravker.ru/okna/,0.70
+79174457758,Зоопарк Обнимашки в ТЦ Гостиный двор,other,zoon,ufa,https://zoon.ru/ufa/entertainment/,0.70
+79174516321,Сервисный центр RBT Service,other,zoon,ufa,https://zoon.ru/ufa/repair/,0.70
+79174671613,"Установка пластиковых окон в Уфе - адреса, телефоны и отзывы",other,spravker,ufa,https://ufa.spravker.ru/okna/,0.70
+79174720835,"Установка пластиковых окон в Уфе - адреса, телефоны и отзывы",other,spravker,ufa,https://ufa.spravker.ru/okna/,0.70
+79174911937,"Установка пластиковых окон в Уфе - адреса, телефоны и отзывы",other,spravker,ufa,https://ufa.spravker.ru/okna/,0.70
+79177300718,"Установка пластиковых окон в Уфе - адреса, телефоны и отзывы",other,spravker,ufa,https://ufa.spravker.ru/okna/,0.70
+79177312060,"Установка пластиковых окон в Уфе - адреса, телефоны и отзывы",other,spravker,ufa,https://ufa.spravker.ru/okna/,0.70
+79177357171,Детский центр Квадрат на улице Чернышевского,other,zoon,ufa,https://zoon.ru/ufa/entertainment/,0.70
+79177501122,"Установка пластиковых окон в Уфе - адреса, телефоны и отзывы",other,spravker,ufa,https://ufa.spravker.ru/okna/,0.70
+79177530119,"Установка пластиковых окон в Уфе - адреса, телефоны и отзывы",other,spravker,ufa,https://ufa.spravker.ru/okna/,0.70
+79177700571,Каток Мега на Рубежной улице,other,zoon,ufa,https://zoon.ru/ufa/entertainment/,0.70
+79177878881,Агентство детских праздников Акварель на Комсомольской улице,other,zoon,ufa,https://zoon.ru/ufa/entertainment/,0.70
+79177919642,Ногтевая студия T nails в Кировском районе ,other,zoon,ufa,https://zoon.ru/ufa/beauty/,0.70
+79178000828,"Установка пластиковых окон в Уфе - адреса, телефоны и отзывы",other,spravker,ufa,https://ufa.spravker.ru/okna/,0.70
+79178023022,"Установка пластиковых окон в Уфе - адреса, телефоны и отзывы",other,spravker,ufa,https://ufa.spravker.ru/okna/,0.70
+79178032961,"Установка пластиковых окон в Уфе - адреса, телефоны и отзывы",other,spravker,ufa,https://ufa.spravker.ru/okna/,0.70
+79178980932,"Установка пластиковых окон в Казани - адреса, телефоны и отзывы",other,spravker,kzn,https://kazan.spravker.ru/okna/,0.70
+79179011838,"Установка пластиковых окон в Казани - адреса, телефоны и отзывы",other,spravker,kzn,https://kazan.spravker.ru/okna/,0.70
+79179179955,"Установка пластиковых окон в Казани - адреса, телефоны и отзывы",other,spravker,kzn,https://kazan.spravker.ru/okna/,0.70
+79180013779,Студия реконструкции волос Avdeeva Treatment,other,zoon,krasnodar,https://zoon.ru/krasnodar/beauty/,0.70
+79180013810,Детский центр для проведения праздников Страна чудес,other,zoon,krasnodar,https://zoon.ru/krasnodar/entertainment/,0.70
+79180014063,Рен тату студия,other,zoon,krasnodar,https://zoon.ru/krasnodar/beauty/,0.70
+79180208076,Сервисный центр Атлант,other,zoon,krasnodar,https://zoon.ru/krasnodar/repair/,0.70
+79180304488,Сервисный центр Ktc plus,other,zoon,krasnodar,https://zoon.ru/krasnodar/repair/,0.70
+79180311000,Центр аппаратной и эстетической косметологии 4You beauty club,other,zoon,krasnodar,https://zoon.ru/krasnodar/beauty/,0.70
+79181500076,Картинг Crazy Drift,other,zoon,krasnodar,https://zoon.ru/krasnodar/entertainment/,0.70
+79182293538,"Билетная касса Kassir.ru на Красной улице, 154",other,zoon,krasnodar,https://zoon.ru/krasnodar/entertainment/,0.70
+79182456063,"Клуб пейнтбола, лазертага и тир Саботаж",other,zoon,krasnodar,https://zoon.ru/krasnodar/entertainment/,0.70
+79183280068,Международная Академия Психологических Профессий,other,zoon,krasnodar,https://zoon.ru/krasnodar/education/,0.70
+79183316401,Семейный оздоровительный центр Родник на улице 1 Мая,other,zoon,krasnodar,https://zoon.ru/krasnodar/fitness/,0.70
+79183351206,Ногтевая студия X-Profi,other,zoon,krasnodar,https://zoon.ru/krasnodar/beauty/,0.70
+79191236070,"Установка пластиковых окон в Челябинске - адреса, телефоны и отзывы",other,spravker,chelyabinsk,https://chelyabinsk.spravker.ru/okna/,0.70
+79191265555,"Установка пластиковых окон в Челябинске - адреса, телефоны и отзывы",other,spravker,chelyabinsk,https://chelyabinsk.spravker.ru/okna/,0.70
+79191408400,"Установка пластиковых окон в Уфе - адреса, телефоны и отзывы",other,spravker,ufa,https://ufa.spravker.ru/okna/,0.70
+79191408855,Авторизованный сервисный центр Cps-Ural на Кольцевой улице,other,zoon,ufa,https://zoon.ru/ufa/repair/,0.70
+79191862702,"Установка пластиковых окон в Воронеже - адреса, телефоны и отзывы",other,spravker,voronezh,https://voronezh.spravker.ru/okna/,0.70
+79193001164,VR-арена Juzzy,other,zoon,chelyabinsk,https://zoon.ru/chelyabinsk/entertainment/,0.70
+79193300525,"Установка пластиковых окон в Челябинске - адреса, телефоны и отзывы",other,spravker,chelyabinsk,https://chelyabinsk.spravker.ru/okna/,0.70
+79193774770,Сервисный центр Белый сервис на улице 8 Марта,other,zoon,ekb,https://zoon.ru/ekb/repair/,0.70
+79196893579,"Установка пластиковых окон в Казани - адреса, телефоны и отзывы",other,spravker,kzn,https://kazan.spravker.ru/okna/,0.70
+79198164745,"Установка пластиковых окон в Уфе - адреса, телефоны и отзывы",other,spravker,ufa,https://ufa.spravker.ru/okna/,0.70
+79202114090,"Установка пластиковых окон в Воронеже - адреса, телефоны и отзывы",other,spravker,voronezh,https://voronezh.spravker.ru/okna/,0.70
+79202119063,"Установка пластиковых окон в Воронеже - адреса, телефоны и отзывы",other,spravker,voronezh,https://voronezh.spravker.ru/okna/,0.70
+79202150258,Студия Бровушка,other,zoon,voronezh,https://zoon.ru/voronezh/beauty/,0.70
+79202159795,"Установка пластиковых окон в Воронеже - адреса, телефоны и отзывы",other,spravker,voronezh,https://voronezh.spravker.ru/okna/,0.70
+79202286682,"Установка пластиковых окон в Воронеже - адреса, телефоны и отзывы",other,spravker,voronezh,https://voronezh.spravker.ru/okna/,0.70
+79204040022,"Установка пластиковых окон в Воронеже - адреса, телефоны и отзывы",other,spravker,voronezh,https://voronezh.spravker.ru/okna/,0.70
+79204109493,"Установка пластиковых окон в Воронеже - адреса, телефоны и отзывы",other,spravker,voronezh,https://voronezh.spravker.ru/okna/,0.70
+79204150431,"Установка пластиковых окон в Воронеже - адреса, телефоны и отзывы",other,spravker,voronezh,https://voronezh.spravker.ru/okna/,0.70
+79204371604,Компания по организации полетов в аэротрубе Аэротруба комета,other,zoon,voronezh,https://zoon.ru/voronezh/entertainment/,0.70
+79204413694,"Установка пластиковых окон в Воронеже - адреса, телефоны и отзывы",other,spravker,voronezh,https://voronezh.spravker.ru/okna/,0.70
+79204455072,"Сервисный центр Ноутбук Эксперт на улице Шишкова, 142",other,zoon,voronezh,https://zoon.ru/voronezh/repair/,0.70
+79204545065,Агентство детских праздников Baby Boss,other,zoon,voronezh,https://zoon.ru/voronezh/entertainment/,0.70
+79204682755,Студия балета и растяжки Екатерины Плошкиной на Кольцовской улице,other,zoon,voronezh,https://zoon.ru/voronezh/fitness/,0.70
+79204688130,"Установка пластиковых окон в Воронеже - адреса, телефоны и отзывы",other,spravker,voronezh,https://voronezh.spravker.ru/okna/,0.70
+79208773777,Look lounge bar на Большой Конюшенной улице,other,zoon,spb,https://zoon.ru/spb/entertainment/,0.70
+79215770757,Центр паровых коктейлей Милки вей,other,zoon,spb,https://zoon.ru/spb/entertainment/,0.70
+79218962308,Образовательный центр Ай Класс на метро Петроградская,other,zoon,spb,https://zoon.ru/spb/education/,0.70
+79219036102,"Установка пластиковых окон в Санкт-Петербурге - адреса, телефоны и отзывы",other,spravker,spb,https://spb.spravker.ru/okna/,0.70
+79219087748,Компьютерный клуб SoulGame на Большом Сампсониевском проспекте,other,zoon,spb,https://zoon.ru/spb/entertainment/,0.70
+79219182493,"Установка пластиковых окон в Санкт-Петербурге - адреса, телефоны и отзывы",other,spravker,spb,https://spb.spravker.ru/okna/,0.70
+79219420389,INSIDE lounge bar на улице Правды,other,zoon,spb,https://zoon.ru/spb/entertainment/,0.70
+79219459739,"Установка пластиковых окон в Санкт-Петербурге - адреса, телефоны и отзывы",other,spravker,spb,https://spb.spravker.ru/okna/,0.70
+79219530236,"Установка пластиковых окон в Санкт-Петербурге - адреса, телефоны и отзывы",other,spravker,spb,https://spb.spravker.ru/okna/,0.70
+79219742637,"Установка пластиковых окон в Санкт-Петербурге - адреса, телефоны и отзывы",other,spravker,spb,https://spb.spravker.ru/okna/,0.70
+79220299977,"Установка пластиковых окон в Екатеринбурге - адреса, телефоны и отзывы",other,spravker,ekb,https://ekaterinburg.spravker.ru/okna/,0.70
+79220380888,"Установка пластиковых окон в Екатеринбурге - адреса, телефоны и отзывы",other,spravker,ekb,https://ekaterinburg.spravker.ru/okna/,0.70
+79221191251,"Установка пластиковых окон в Екатеринбурге - адреса, телефоны и отзывы",other,spravker,ekb,https://ekaterinburg.spravker.ru/okna/,0.70
+79221199119,"Установка пластиковых окон в Екатеринбурге - адреса, телефоны и отзывы",other,spravker,ekb,https://ekaterinburg.spravker.ru/okna/,0.70
+79221383216,Центр лечения сетчатки глаза и коррекции зрения Профессорская Плюс на Восточной улице,other,zoon,ekb,https://zoon.ru/ekb/medical/,0.70
+79221455585,"Установка пластиковых окон в Екатеринбурге - адреса, телефоны и отзывы",other,spravker,ekb,https://ekaterinburg.spravker.ru/okna/,0.70
+79221882181,"Установка пластиковых окон в Екатеринбурге - адреса, телефоны и отзывы",other,spravker,ekb,https://ekaterinburg.spravker.ru/okna/,0.70
+79221963603,"Установка пластиковых окон в Екатеринбурге - адреса, телефоны и отзывы",other,spravker,ekb,https://ekaterinburg.spravker.ru/okna/,0.70
+79222223832,"Установка пластиковых окон в Екатеринбурге - адреса, телефоны и отзывы",other,spravker,ekb,https://ekaterinburg.spravker.ru/okna/,0.70
+79222332461,Сервисный центр Белый сервис,other,zoon,chelyabinsk,https://zoon.ru/chelyabinsk/repair/,0.70
+79222345500,"Установка пластиковых окон в Челябинске - адреса, телефоны и отзывы",other,spravker,chelyabinsk,https://chelyabinsk.spravker.ru/okna/,0.70
+79225088939,"Установка пластиковых окон в Казани - адреса, телефоны и отзывы",other,spravker,kzn,https://kazan.spravker.ru/okna/,0.70
+79226111770,"Установка пластиковых окон в Екатеринбурге - адреса, телефоны и отзывы",other,spravker,ekb,https://ekaterinburg.spravker.ru/okna/,0.70
+79226163882,"Установка пластиковых окон в Екатеринбурге - адреса, телефоны и отзывы",other,spravker,ekb,https://ekaterinburg.spravker.ru/okna/,0.70
+79227315012,Пейнтбольный клуб Восторг,other,zoon,chelyabinsk,https://zoon.ru/chelyabinsk/entertainment/,0.70
+79227318504,Лазертаг-арена Unit,other,zoon,chelyabinsk,https://zoon.ru/chelyabinsk/entertainment/,0.70
+79227506621,"Студия маникюра VENZEL на проспекте Победы, 184",other,zoon,chelyabinsk,https://zoon.ru/chelyabinsk/beauty/,0.70
+79227507069,"Установка пластиковых окон в Челябинске - адреса, телефоны и отзывы",other,spravker,chelyabinsk,https://chelyabinsk.spravker.ru/okna/,0.70
+79227508050,Пейнтбольный клуб Rush на улице Коммуны,other,zoon,chelyabinsk,https://zoon.ru/chelyabinsk/entertainment/,0.70
+79254620665,Компьютерный клуб Dizzy Cyber Lounge в ТЦ Петровский Пассаж,other,zoon,voronezh,https://zoon.ru/voronezh/entertainment/,0.70
+79258205812,Сервисный центр Кожухово-сервис,other,zoon,msk,https://zoon.ru/msk/repair/,0.70
+79258858345,Студия персональных тренировок Лары Шелл на метро Академическая,other,zoon,msk,https://zoon.ru/msk/fitness/,0.70
+79260309234,Сервисный центр Технобыт на Селезнёвке,other,zoon,msk,https://zoon.ru/msk/repair/,0.70
+79270304999,"Установка пластиковых окон в Казани - адреса, телефоны и отзывы",other,spravker,kzn,https://kazan.spravker.ru/okna/,0.70
+79270325540,"Установка пластиковых окон в Казани - адреса, телефоны и отзывы",other,spravker,kzn,https://kazan.spravker.ru/okna/,0.70
+79270325620,"Установка пластиковых окон в Казани - адреса, телефоны и отзывы",other,spravker,kzn,https://kazan.spravker.ru/okna/,0.70
+79270350003,"Установка пластиковых окон в Казани - адреса, телефоны и отзывы",other,spravker,kzn,https://kazan.spravker.ru/okna/,0.70
+79270390288,"Установка пластиковых окон в Казани - адреса, телефоны и отзывы",other,spravker,kzn,https://kazan.spravker.ru/okna/,0.70
+79270392646,"Установка пластиковых окон в Казани - адреса, телефоны и отзывы",other,spravker,kzn,https://kazan.spravker.ru/okna/,0.70
+79271309060,Точка скупки,other,zoon,ufa,https://zoon.ru/ufa/repair/,0.70
+79272355101,Компания по организации квестов Место Пряток,other,zoon,ufa,https://zoon.ru/ufa/entertainment/,0.70
+79272362396,"Установка пластиковых окон в Уфе - адреса, телефоны и отзывы",other,spravker,ufa,https://ufa.spravker.ru/okna/,0.70
+79272366429,"Компания по организации событий Планета праздника и кейтеринга на Комсомольской улице, 23",other,zoon,ufa,https://zoon.ru/ufa/entertainment/,0.70
+79272368921,Детский центр Анимашки,other,zoon,ufa,https://zoon.ru/ufa/entertainment/,0.70
+79272459005,"Установка пластиковых окон в Казани - адреса, телефоны и отзывы",other,spravker,kzn,https://kazan.spravker.ru/okna/,0.70
+79273003460,"Установка пластиковых окон в Уфе - адреса, телефоны и отзывы",other,spravker,ufa,https://ufa.spravker.ru/okna/,0.70
+79273058745,Кальянная Fumari в БЦ Деловой мир,other,zoon,ufa,https://zoon.ru/ufa/entertainment/,0.70
+79273090795,"Установка пластиковых окон в Уфе - адреса, телефоны и отзывы",other,spravker,ufa,https://ufa.spravker.ru/okna/,0.70
+79274006004,"Установка пластиковых окон в Казани - адреса, телефоны и отзывы",other,spravker,kzn,https://kazan.spravker.ru/okna/,0.70
+79274946202,"Установка пластиковых окон в Казани - адреса, телефоны и отзывы",other,spravker,kzn,https://kazan.spravker.ru/okna/,0.70
+79279277333,"Центр аппаратного педикюра и подологии ПОДОЛОГ.УФА на улице Кирова, 39",other,zoon,ufa,https://zoon.ru/ufa/beauty/,0.70
+79279374428,"Установка пластиковых окон в Уфе - адреса, телефоны и отзывы",other,spravker,ufa,https://ufa.spravker.ru/okna/,0.70
+79279535653,ZerrFix,other,zoon,ufa,https://zoon.ru/ufa/repair/,0.70
+79279535705,Студия маникюра Tessi на проспекте Октября,other,zoon,ufa,https://zoon.ru/ufa/beauty/,0.70
+79279638479,"Установка пластиковых окон в Уфе - адреса, телефоны и отзывы",other,spravker,ufa,https://ufa.spravker.ru/okna/,0.70
+79282036363,Центр паровых коктейлей Данхилс,other,zoon,krasnodar,https://zoon.ru/krasnodar/entertainment/,0.70
+79284079994,Сервисный центр Лайм сервис на Сормовской улице,other,zoon,krasnodar,https://zoon.ru/krasnodar/repair/,0.70
+79290060076,"Установка пластиковых окон в Воронеже - адреса, телефоны и отзывы",other,spravker,voronezh,https://voronezh.spravker.ru/okna/,0.70
+79292131400,Компания по организации детских праздников Острова Чудес на улице 8 Марта,other,zoon,ekb,https://zoon.ru/ekb/entertainment/,0.70
+79292718583,Нейл-бар Nail & brow bar на Комсомольском проспекте,other,zoon,chelyabinsk,https://zoon.ru/chelyabinsk/beauty/,0.70
+79296157958,«Подология и Здоровая эстетика» на улице Верхние Поля,other,zoon,msk,https://zoon.ru/msk/medical/,0.70
+79297535878,"Установка пластиковых окон в Уфе - адреса, телефоны и отзывы",other,spravker,ufa,https://ufa.spravker.ru/okna/,0.70
+79304034542,"Установка пластиковых окон в Воронеже - адреса, телефоны и отзывы",other,spravker,voronezh,https://voronezh.spravker.ru/okna/,0.70
+79304119149,"Установка пластиковых окон в Воронеже - адреса, телефоны и отзывы",other,spravker,voronezh,https://voronezh.spravker.ru/okna/,0.70
+79304222224,Студия лазерной эпиляции Dr. Laser,other,zoon,voronezh,https://zoon.ru/voronezh/beauty/,0.70
+79312583099,Студия криолиполиза и хис CRIO_ZONE,other,zoon,spb,https://zoon.ru/spb/beauty/,0.70
+79312590322,Сервисный центр Cool-stir на Наличной улице,other,zoon,spb,https://zoon.ru/spb/repair/,0.70
+79313040448,Сервисный центр Cool-stir на Ждановской улице,other,zoon,spb,https://zoon.ru/spb/repair/,0.70
+79313390572,Центр паровых коктейлей R8 Lounge на Российском проспекте,other,zoon,spb,https://zoon.ru/spb/entertainment/,0.70
+79316254660,"Установка пластиковых окон в Санкт-Петербурге - адреса, телефоны и отзывы",other,spravker,spb,https://spb.spravker.ru/okna/,0.70
+79320165153,Студия маникюра VENZEL на улице 250-летия Челябинска,other,zoon,chelyabinsk,https://zoon.ru/chelyabinsk/beauty/,0.70
+79323080323,Студия маникюра Venzel на улице Салавата Юлаева,other,zoon,chelyabinsk,https://zoon.ru/chelyabinsk/beauty/,0.70
+79324902567,Сервисный центр Remmac,other,zoon,ufa,https://zoon.ru/ufa/repair/,0.70
+79326097999,Компания Warnite на улице Краснолесья,other,zoon,ekb,https://zoon.ru/ekb/entertainment/,0.70
+79346682957,Компания Бытовой сервис на бульваре Победы,other,zoon,voronezh,https://zoon.ru/voronezh/repair/,0.70
+79365507163,"Компания Флекс сервис на Южно-Моравской улице, 21",other,zoon,voronezh,https://zoon.ru/voronezh/repair/,0.70
+79370004306,"Установка пластиковых окон в Казани - адреса, телефоны и отзывы",other,spravker,kzn,https://kazan.spravker.ru/okna/,0.70
+79370004365,"Установка пластиковых окон в Казани - адреса, телефоны и отзывы",other,spravker,kzn,https://kazan.spravker.ru/okna/,0.70
+79373003460,"Установка пластиковых окон в Уфе - адреса, телефоны и отзывы",other,spravker,ufa,https://ufa.spravker.ru/okna/,0.70
+79373007676,Клуб пейнтбола и лазертага Пиранья в Новоабзаково,other,zoon,ufa,https://zoon.ru/ufa/entertainment/,0.70
+79373555585,"Установка пластиковых окон в Уфе - адреса, телефоны и отзывы",other,spravker,ufa,https://ufa.spravker.ru/okna/,0.70
+79373558577,"Установка пластиковых окон в Уфе - адреса, телефоны и отзывы",other,spravker,ufa,https://ufa.spravker.ru/okna/,0.70
+79373688899,"Установка пластиковых окон в Уфе - адреса, телефоны и отзывы",other,spravker,ufa,https://ufa.spravker.ru/okna/,0.70
+79375978101,"Установка пластиковых окон в Казани - адреса, телефоны и отзывы",other,spravker,kzn,https://kazan.spravker.ru/okna/,0.70
+79376117801,"Установка пластиковых окон в Казани - адреса, телефоны и отзывы",other,spravker,kzn,https://kazan.spravker.ru/okna/,0.70
+79376153363,"Установка пластиковых окон в Казани - адреса, телефоны и отзывы",other,spravker,kzn,https://kazan.spravker.ru/okna/,0.70
+79376252622,"Установка пластиковых окон в Казани - адреса, телефоны и отзывы",other,spravker,kzn,https://kazan.spravker.ru/okna/,0.70
+79376254107,"Установка пластиковых окон в Казани - адреса, телефоны и отзывы",other,spravker,kzn,https://kazan.spravker.ru/okna/,0.70
+79376254108,"Установка пластиковых окон в Казани - адреса, телефоны и отзывы",other,spravker,kzn,https://kazan.spravker.ru/okna/,0.70
+79376254144,"Установка пластиковых окон в Казани - адреса, телефоны и отзывы",other,spravker,kzn,https://kazan.spravker.ru/okna/,0.70
+79377791623,"Установка пластиковых окон в Казани - адреса, телефоны и отзывы",other,spravker,kzn,https://kazan.spravker.ru/okna/,0.70
+79378497161,"Установка пластиковых окон в Уфе - адреса, телефоны и отзывы",other,spravker,ufa,https://ufa.spravker.ru/okna/,0.70
+79378497700,"Установка пластиковых окон в Уфе - адреса, телефоны и отзывы",other,spravker,ufa,https://ufa.spravker.ru/okna/,0.70
+79378497808,"Установка пластиковых окон в Уфе - адреса, телефоны и отзывы",other,spravker,ufa,https://ufa.spravker.ru/okna/,0.70
+79378499239,"Сервисный центр Ноутбук Сервис на улице Рихарда Зорге, 45/2",other,zoon,ufa,https://zoon.ru/ufa/repair/,0.70
+79384156633,Центр эстетической косметологии Релоад,other,zoon,spb,https://zoon.ru/spb/beauty/,0.70
+79385246509,Клуб виртуальной реальности escape.,other,zoon,krasnodar,https://zoon.ru/krasnodar/entertainment/,0.70
+79385380603,"kartingclub.pro ""Галактика""",other,zoon,krasnodar,https://zoon.ru/krasnodar/entertainment/,0.70
+79385501800,Развлекательный центр Арена Дронов,other,zoon,krasnodar,https://zoon.ru/krasnodar/entertainment/,0.70
+79388817135,Мастерская детских событий Барнафи,other,zoon,krasnodar,https://zoon.ru/krasnodar/entertainment/,0.70
+79388888886,Клуб виртуальной реальности Другие миры,other,zoon,krasnodar,https://zoon.ru/krasnodar/entertainment/,0.70
+79393083000,"Установка пластиковых окон в Казани - адреса, телефоны и отзывы",other,spravker,kzn,https://kazan.spravker.ru/okna/,0.70
+79397751105,"Установка пластиковых окон в Воронеже - адреса, телефоны и отзывы",other,spravker,voronezh,https://voronezh.spravker.ru/okna/,0.70
+79397754321,"Установка пластиковых окон в Воронеже - адреса, телефоны и отзывы",other,spravker,voronezh,https://voronezh.spravker.ru/okna/,0.70
+79501942888,"Установка пластиковых окон в Екатеринбурге - адреса, телефоны и отзывы",other,spravker,ekb,https://ekaterinburg.spravker.ru/okna/,0.70
+79503103153,"Установка пластиковых окон в Казани - адреса, телефоны и отзывы",other,spravker,kzn,https://kazan.spravker.ru/okna/,0.70
+79505620664,"Установка пластиковых окон в Екатеринбурге - адреса, телефоны и отзывы",other,spravker,ekb,https://ekaterinburg.spravker.ru/okna/,0.70
+79506480055,"Установка пластиковых окон в Екатеринбурге - адреса, телефоны и отзывы",other,spravker,ekb,https://ekaterinburg.spravker.ru/okna/,0.70
+79507799987,"Установка пластиковых окон в Воронеже - адреса, телефоны и отзывы",other,spravker,voronezh,https://voronezh.spravker.ru/okna/,0.70
+79511230530,"Установка пластиковых окон в Челябинске - адреса, телефоны и отзывы",other,spravker,chelyabinsk,https://chelyabinsk.spravker.ru/okna/,0.70
+79511233374,"Установка пластиковых окон в Челябинске - адреса, телефоны и отзывы",other,spravker,chelyabinsk,https://chelyabinsk.spravker.ru/okna/,0.70
+79512479393,Компания МастерОК на улице Пушкина,other,zoon,chelyabinsk,https://zoon.ru/chelyabinsk/repair/,0.70
+79512561588,"Установка пластиковых окон в Челябинске - адреса, телефоны и отзывы",other,spravker,chelyabinsk,https://chelyabinsk.spravker.ru/okna/,0.70
+79514304673,"Установка пластиковых окон в Челябинске - адреса, телефоны и отзывы",other,spravker,chelyabinsk,https://chelyabinsk.spravker.ru/okna/,0.70
+79514403566,Парк-отель Берёзка,other,zoon,chelyabinsk,https://zoon.ru/chelyabinsk/fitness/,0.70
+79514668856,"Установка пластиковых окон в Челябинске - адреса, телефоны и отзывы",other,spravker,chelyabinsk,https://chelyabinsk.spravker.ru/okna/,0.70
+79514812477,Служба знакомств Сваха на улице Чичерина,other,zoon,chelyabinsk,https://zoon.ru/chelyabinsk/entertainment/,0.70
+79514879990,"Установка пластиковых окон в Челябинске - адреса, телефоны и отзывы",other,spravker,chelyabinsk,https://chelyabinsk.spravker.ru/okna/,0.70
+79515408595,Компьютерный клуб Escape esport Place,other,zoon,voronezh,https://zoon.ru/voronezh/entertainment/,0.70
+79516733198,"Установка пластиковых окон в Санкт-Петербурге - адреса, телефоны и отзывы",other,spravker,spb,https://spb.spravker.ru/okna/,0.70
+79517894784,Аэродром Челябинский областной аэроклуб ДОСААФ России,other,zoon,chelyabinsk,https://zoon.ru/chelyabinsk/entertainment/,0.70
+79518107796,Сервисный центр Разлочка74 на улице Минина,other,zoon,chelyabinsk,https://zoon.ru/chelyabinsk/repair/,0.70
+79518120116,"Установка пластиковых окон в Челябинске - адреса, телефоны и отзывы",other,spravker,chelyabinsk,https://chelyabinsk.spravker.ru/okna/,0.70
+79518182970,"Установка пластиковых окон в Челябинске - адреса, телефоны и отзывы",other,spravker,chelyabinsk,https://chelyabinsk.spravker.ru/okna/,0.70
+79518190444,Лаундж-бар Крыша,other,zoon,chelyabinsk,https://zoon.ru/chelyabinsk/entertainment/,0.70
+79518562670,"Установка пластиковых окон в Воронеже - адреса, телефоны и отзывы",other,spravker,voronezh,https://voronezh.spravker.ru/okna/,0.70
+79520319190,"Установка пластиковых окон в Казани - адреса, телефоны и отзывы",other,spravker,kzn,https://kazan.spravker.ru/okna/,0.70
+79521015951,Лаундж-бар Dizzy в ТЦ Петровский Пассаж,other,zoon,voronezh,https://zoon.ru/voronezh/entertainment/,0.70
+79521353297,"Установка пластиковых окон в Екатеринбурге - адреса, телефоны и отзывы",other,spravker,ekb,https://ekaterinburg.spravker.ru/okna/,0.70
+79525046070,Компания по организации детских праздников Семейный клуб друзей Микки Мауса на улице 50-летия ВЛКСМ,other,zoon,chelyabinsk,https://zoon.ru/chelyabinsk/entertainment/,0.70
+79525200688,Детский развлекательный клуб Шаляй-валяй,other,zoon,chelyabinsk,https://zoon.ru/chelyabinsk/entertainment/,0.70
+79525447176,"Установка пластиковых окон в Воронеже - адреса, телефоны и отзывы",other,spravker,voronezh,https://voronezh.spravker.ru/okna/,0.70
+79525528074,Ногтевая студия Black nails nk,other,zoon,voronezh,https://zoon.ru/voronezh/beauty/,0.70
+79527301001,Сервисный центр РемFIX в Ленинском районе на улице Пушкина,other,zoon,ekb,https://zoon.ru/ekb/repair/,0.70
+79529525583,"Установка пластиковых окон в Воронеже - адреса, телефоны и отзывы",other,spravker,voronezh,https://voronezh.spravker.ru/okna/,0.70
+79529529424,"Установка пластиковых окон в Воронеже - адреса, телефоны и отзывы",other,spravker,voronezh,https://voronezh.spravker.ru/okna/,0.70
+79529562502,"Установка пластиковых окон в Воронеже - адреса, телефоны и отзывы",other,spravker,voronezh,https://voronezh.spravker.ru/okna/,0.70
+79529562878,"Установка пластиковых окон в Воронеже - адреса, телефоны и отзывы",other,spravker,voronezh,https://voronezh.spravker.ru/okna/,0.70
+79529563114,Лазерный клуб Портал в ТЦ Атмосфера,other,zoon,voronezh,https://zoon.ru/voronezh/entertainment/,0.70
+79530906666,Ивент-агентство Event Pro,other,zoon,krasnodar,https://zoon.ru/krasnodar/entertainment/,0.70
+79534999311,"Установка пластиковых окон в Казани - адреса, телефоны и отзывы",other,spravker,kzn,https://kazan.spravker.ru/okna/,0.70
+79534999322,"Установка пластиковых окон в Казани - адреса, телефоны и отзывы",other,spravker,kzn,https://kazan.spravker.ru/okna/,0.70
+79582952486,Сервисный центр Норлин сервис на проспекте Победы,other,zoon,chelyabinsk,https://zoon.ru/chelyabinsk/repair/,0.70
+79584175879,Студия эпиляции Epilkate,other,zoon,chelyabinsk,https://zoon.ru/chelyabinsk/beauty/,0.70
+79586064033,ТОПЛАЗЕР ПРО на улице Победы,other,zoon,ekb,https://zoon.ru/ekb/beauty/,0.70
+79587356502,Центр лазерной хирургии ЛазерПанда на Московском проспекте,other,zoon,voronezh,https://zoon.ru/voronezh/medical/,0.70
+79587356588,Реабилитационный наркологический центр Реванш на улице Пирогова,other,zoon,voronezh,https://zoon.ru/voronezh/medical/,0.70
+79587356770,Студия лазерной эпиляции SECRET,other,zoon,voronezh,https://zoon.ru/voronezh/beauty/,0.70
+79587357155,Подология Подоидеал,other,zoon,voronezh,https://zoon.ru/voronezh/beauty/,0.70
+79587431089,Oksana Belkina Studio,other,zoon,chelyabinsk,https://zoon.ru/chelyabinsk/beauty/,0.70
+79600486858,"Установка пластиковых окон в Казани - адреса, телефоны и отзывы",other,spravker,kzn,https://kazan.spravker.ru/okna/,0.70
+79601254627,Клуб единоборств 36 TEAM,other,zoon,voronezh,https://zoon.ru/voronezh/fitness/,0.70
+79601262325,Сервисный центр МастерБыт,other,zoon,krasnodar,https://zoon.ru/krasnodar/repair/,0.70
+79602706249,Karaoke-restoclub Sinatra,other,zoon,spb,https://zoon.ru/spb/entertainment/,0.70
+79603877469,Студия лазерной эпиляции и коррекции фигуры LASER PRO,other,zoon,ufa,https://zoon.ru/ufa/beauty/,0.70
+79608004002,"Установка пластиковых окон в Уфе - адреса, телефоны и отзывы",other,spravker,ufa,https://ufa.spravker.ru/okna/,0.70
+79608005503,"Установка пластиковых окон в Уфе - адреса, телефоны и отзывы",other,spravker,ufa,https://ufa.spravker.ru/okna/,0.70
+79608006060,"Установка пластиковых окон в Уфе - адреса, телефоны и отзывы",other,spravker,ufa,https://ufa.spravker.ru/okna/,0.70
+79608006955,"Установка пластиковых окон в Уфе - адреса, телефоны и отзывы",other,spravker,ufa,https://ufa.spravker.ru/okna/,0.70
+79610512222,Клуб пейнтбола и лазертага Пиранья на улице Зелёная Поляна,other,zoon,ufa,https://zoon.ru/ufa/entertainment/,0.70
+79615190126,Клуб виртуальной реальности Top vr,other,zoon,krasnodar,https://zoon.ru/krasnodar/entertainment/,0.70
+79616131212,"Установка пластиковых окон в Воронеже - адреса, телефоны и отзывы",other,spravker,voronezh,https://voronezh.spravker.ru/okna/,0.70
+79616165404,Дом гладкого тела Korshunova,other,zoon,voronezh,https://zoon.ru/voronezh/beauty/,0.70
+79617623532,"Установка пластиковых окон в Екатеринбурге - адреса, телефоны и отзывы",other,spravker,ekb,https://ekaterinburg.spravker.ru/okna/,0.70
+79625507901,"Установка пластиковых окон в Казани - адреса, телефоны и отзывы",other,spravker,kzn,https://kazan.spravker.ru/okna/,0.70
+79625507924,"Установка пластиковых окон в Казани - адреса, телефоны и отзывы",other,spravker,kzn,https://kazan.spravker.ru/okna/,0.70
+79625591102,"Установка пластиковых окон в Казани - адреса, телефоны и отзывы",other,spravker,kzn,https://kazan.spravker.ru/okna/,0.70
+79626841122,"Установка пластиковых окон в Санкт-Петербурге - адреса, телефоны и отзывы",other,spravker,spb,https://spb.spravker.ru/okna/,0.70
+79628731572,Кабинет косметолога Перевозниковой Ирины,other,zoon,krasnodar,https://zoon.ru/krasnodar/beauty/,0.70
+79628860676,Сервисный центр МобиТехСервис в Прикубанском округе,other,zoon,krasnodar,https://zoon.ru/krasnodar/repair/,0.70
+79630553742,"Установка пластиковых окон в Екатеринбурге - адреса, телефоны и отзывы",other,spravker,ekb,https://ekaterinburg.spravker.ru/okna/,0.70
+79631313171,Детский игровой клуб И-грушка на проспекте Октября,other,zoon,ufa,https://zoon.ru/ufa/entertainment/,0.70
+79631366208,"Установка пластиковых окон в Уфе - адреса, телефоны и отзывы",other,spravker,ufa,https://ufa.spravker.ru/okna/,0.70
+79631366734,"Установка пластиковых окон в Уфе - адреса, телефоны и отзывы",other,spravker,ufa,https://ufa.spravker.ru/okna/,0.70
+79632727707,Парк отдыха Victory Парк на Республиканской улице,other,zoon,ekb,https://zoon.ru/ekb/entertainment/,0.70
+79638944777,"Сервисный центр Джистор на проспекте Октября, 16",other,zoon,ufa,https://zoon.ru/ufa/repair/,0.70
+79638972999,Эведа SPA в Октябрьском,other,zoon,ufa,https://zoon.ru/ufa/beauty/,0.70
+79649221193,Парк виртуальной реальности Another World на Яснополянской улице,other,zoon,krasnodar,https://zoon.ru/krasnodar/entertainment/,0.70
+79649650979,"Установка пластиковых окон в Уфе - адреса, телефоны и отзывы",other,spravker,ufa,https://ufa.spravker.ru/okna/,0.70
+79650070912,"Установка пластиковых окон в Санкт-Петербурге - адреса, телефоны и отзывы",other,spravker,spb,https://spb.spravker.ru/okna/,0.70
+79650509998,Primo картинг на метро Ладожская,other,zoon,spb,https://zoon.ru/spb/entertainment/,0.70
+79654580001,Клуб виртуальной реальности escape. VR на Восточно-Кругликовской улице,other,zoon,krasnodar,https://zoon.ru/krasnodar/entertainment/,0.70
+79656044110,"Установка пластиковых окон в Казани - адреса, телефоны и отзывы",other,spravker,kzn,https://kazan.spravker.ru/okna/,0.70
+79659225776,"Установка пластиковых окон в Уфе - адреса, телефоны и отзывы",other,spravker,ufa,https://ufa.spravker.ru/okna/,0.70
+79662039139,Cansta,other,zoon,msk,https://zoon.ru/msk/beauty/,0.70
+79662056386,Кабинет пластического хирурга Меладзе Зураба,other,zoon,msk,https://zoon.ru/msk/medical/,0.70
+79662058976,Европейский Гимнастический Центр в Ростокино,other,zoon,msk,https://zoon.ru/msk/fitness/,0.70
+79662501878,"Установка пластиковых окон в Казани - адреса, телефоны и отзывы",other,spravker,kzn,https://kazan.spravker.ru/okna/,0.70
+79667374089,PC-Way,other,zoon,ekb,https://zoon.ru/ekb/repair/,0.70
+79667378872,Клуб виртуальной реальности Baza VR,other,zoon,msk,https://zoon.ru/msk/entertainment/,0.70
+79667780031,Клуб эстетики Cactus,other,zoon,voronezh,https://zoon.ru/voronezh/beauty/,0.70
+79667787198,"Центр аппаратной косметологии и коррекции фигуры Angels на улице Станкевича, 1",other,zoon,voronezh,https://zoon.ru/voronezh/beauty/,0.70
+79667787213,Наркологический реабилитационный центр Равновесие в Ямном,other,zoon,voronezh,https://zoon.ru/voronezh/medical/,0.70
+79667787214,Студия праздника Friends Loft,other,zoon,voronezh,https://zoon.ru/voronezh/entertainment/,0.70
+79667787823,"Центр клинической офтальмологии ""МЕДИНВЕСТ"" на улице Студенческой",other,zoon,voronezh,https://zoon.ru/voronezh/medical/,0.70
+79667788269,Центр подологии Ольги Сошниковой,other,zoon,voronezh,https://zoon.ru/voronezh/beauty/,0.70
+79674389514,Студия воздушной гимнастики и мягких практик ИЗИАП,other,zoon,msk,https://zoon.ru/msk/fitness/,0.70
+79674984056,Клуб Боулинг Про на проспекте Андропова,other,zoon,msk,https://zoon.ru/msk/entertainment/,0.70
+79675553525,"Установка пластиковых окон в Челябинске - адреса, телефоны и отзывы",other,spravker,chelyabinsk,https://chelyabinsk.spravker.ru/okna/,0.70
+79676399034,"Установка пластиковых окон в Екатеринбурге - адреса, телефоны и отзывы",other,spravker,ekb,https://ekaterinburg.spravker.ru/okna/,0.70
+79677799098,"Установка пластиковых окон в Казани - адреса, телефоны и отзывы",other,spravker,kzn,https://kazan.spravker.ru/okna/,0.70
+79681273518,"Установка пластиковых окон в Челябинске - адреса, телефоны и отзывы",other,spravker,chelyabinsk,https://chelyabinsk.spravker.ru/okna/,0.70
+79770939427,"Установка пластиковых окон в Челябинске - адреса, телефоны и отзывы",other,spravker,chelyabinsk,https://chelyabinsk.spravker.ru/okna/,0.70
+79802432888,"Установка пластиковых окон в Воронеже - адреса, телефоны и отзывы",other,spravker,voronezh,https://voronezh.spravker.ru/okna/,0.70
+79802470485,Студия цвета и дизайна волос Pro Color,other,zoon,voronezh,https://zoon.ru/voronezh/beauty/,0.70
+79802471017,"Установка пластиковых окон в Воронеже - адреса, телефоны и отзывы",other,spravker,voronezh,https://voronezh.spravker.ru/okna/,0.70
+79805485555,"Установка пластиковых окон в Воронеже - адреса, телефоны и отзывы",other,spravker,voronezh,https://voronezh.spravker.ru/okna/,0.70
+79806976751,Компьютерный клуб FPS Arena eSports Gaming Center,other,zoon,msk,https://zoon.ru/msk/entertainment/,0.70
+79806977028,Лазертаг-клуб Медведь на Вишнёвой улице,other,zoon,msk,https://zoon.ru/msk/entertainment/,0.70
+79806977349,Центр подологии и эстетики Мастерс на Новой улице в Балашихе,other,zoon,msk,https://zoon.ru/msk/beauty/,0.70
+79806977946,Боулинг-клуб и бильярдный клуб Золотой Шар в Красногорске,other,zoon,msk,https://zoon.ru/msk/entertainment/,0.70
+79806977990,Центр коррекции фигуры Силуэт,other,zoon,msk,https://zoon.ru/msk/beauty/,0.70
+79806978011,Кальянная Mos Lounge & Bar в Марьино на метро Братиславская,other,zoon,msk,https://zoon.ru/msk/entertainment/,0.70
+79806978233,Сервисный центр в ТЦ Панорама,other,zoon,msk,https://zoon.ru/msk/repair/,0.70
+79809764614,"Установка пластиковых окон в Казани - адреса, телефоны и отзывы",other,spravker,kzn,https://kazan.spravker.ru/okna/,0.70
+79809794970,Сервисный центр Power плюс в Тверском районе,other,zoon,msk,https://zoon.ru/msk/repair/,0.70
+79812230000,"Установка пластиковых окон в Санкт-Петербурге - адреса, телефоны и отзывы",other,spravker,spb,https://spb.spravker.ru/okna/,0.70
+79813352644,Детский развлекательный центр Interactive Kids в Гатчине,other,zoon,spb,https://zoon.ru/spb/entertainment/,0.70
+79813353097,Центр доступной эпиляции и маникюрного сервиса Сахар на улице Восстания,other,zoon,spb,https://zoon.ru/spb/beauty/,0.70
+79813353140,Кальянный клуб Lounge time в Кудрово,other,zoon,spb,https://zoon.ru/spb/entertainment/,0.70
+79813354960,Травмпункт Диона на улице Коллонтай,other,zoon,spb,https://zoon.ru/spb/medical/,0.70
+79813354992,Студия массажа Гуру Боли на Камышовой улице,other,zoon,spb,https://zoon.ru/spb/beauty/,0.70
+79813356255,Европейский Гимнастический Центр в ТЦ Жемчужная Плаза,other,zoon,spb,https://zoon.ru/spb/fitness/,0.70
+79813356482,Студия аппаратной косметологии Delay.telo.spb на метро Обводный канал,other,zoon,spb,https://zoon.ru/spb/beauty/,0.70
+79813356785,Выездной сервисный центр СмартРемТех на проспекте Просвещения,other,zoon,spb,https://zoon.ru/spb/repair/,0.70
+79813357143,Европейский гимнастический центр на проспекте Просвещения,other,zoon,spb,https://zoon.ru/spb/fitness/,0.70
+79813358298,Косметология Sorry for my beauty,other,zoon,spb,https://zoon.ru/spb/beauty/,0.70
+79813359021,Студия бровей мастера Анастасии на метро Улица Дыбенко,other,zoon,spb,https://zoon.ru/spb/beauty/,0.70
+79813359365,"Студия спорта и танца Пума на улице Маршала Захарова, 20",other,zoon,spb,https://zoon.ru/spb/fitness/,0.70
+79813359406,Студия пилатеса Царевна,other,zoon,spb,https://zoon.ru/spb/fitness/,0.70
+79813360352,Сервисный центр Run computer,other,zoon,spb,https://zoon.ru/spb/repair/,0.70
+79813360893,Студия косметологии Saint-P beauty,other,zoon,spb,https://zoon.ru/spb/beauty/,0.70
+79813361438,"Компьютерный клуб Colizeum на Бухарестской улице, 96",other,zoon,spb,https://zoon.ru/spb/entertainment/,0.70
+79813361498,Йога-центр Пинча,other,zoon,spb,https://zoon.ru/spb/fitness/,0.70
+79813362113,Компьютерный клуб Colizeum на метро Балтийская,other,zoon,spb,https://zoon.ru/spb/entertainment/,0.70
+79813363086,Детский клуб физического развития Кидкорт,other,zoon,spb,https://zoon.ru/spb/entertainment/,0.70
+79813364570,Теннисный клуб Лахта-теннис на Колхозной улице,other,zoon,spb,https://zoon.ru/spb/entertainment/,0.70
+79813364986,Студия пилатеса Арт Пилатес,other,zoon,spb,https://zoon.ru/spb/fitness/,0.70
+79813365001,Студия депиляции Velais,other,zoon,spb,https://zoon.ru/spb/beauty/,0.70
+79813366137,Студия Katieluxhair на Киевской улице,other,zoon,spb,https://zoon.ru/spb/beauty/,0.70
+79813367610,Бойцовский клуб Панчер на Фонтанной улице на метро Чернышевская,other,zoon,spb,https://zoon.ru/spb/fitness/,0.70
+79813367903,Центр Флебологии на Парадной улице,other,zoon,spb,https://zoon.ru/spb/medical/,0.70
+79813368458,Компьютерный клуб COLIZEUM на проспект Энгельса,other,zoon,spb,https://zoon.ru/spb/entertainment/,0.70
+79813368590,"Сервисный центр Юмедиа на Тверской улице, 60 в Колпино",other,zoon,spb,https://zoon.ru/spb/repair/,0.70
+79813371877,Компания по организации детских праздников Wow Land,other,zoon,spb,https://zoon.ru/spb/entertainment/,0.70
+79815270475,Сервисный центр Лайм сервис на улице Стасова,other,zoon,krasnodar,https://zoon.ru/krasnodar/repair/,0.70
+79817178585,Компьютерный клуб Cybersmoke на метро Звёздная,other,zoon,spb,https://zoon.ru/spb/entertainment/,0.70
+79818776700,"Установка пластиковых окон в Санкт-Петербурге - адреса, телефоны и отзывы",other,spravker,spb,https://spb.spravker.ru/okna/,0.70
+79821815999,"Установка пластиковых окон в Екатеринбурге - адреса, телефоны и отзывы",other,spravker,ekb,https://ekaterinburg.spravker.ru/okna/,0.70
+79822892592,"Установка пластиковых окон в Челябинске - адреса, телефоны и отзывы",other,spravker,chelyabinsk,https://chelyabinsk.spravker.ru/okna/,0.70
+79823278846,"Установка пластиковых окон в Челябинске - адреса, телефоны и отзывы",other,spravker,chelyabinsk,https://chelyabinsk.spravker.ru/okna/,0.70
+79826889420,Компания по организации праздников Warnite,other,zoon,ekb,https://zoon.ru/ekb/entertainment/,0.70
+79842691026,Бар Pravda Lounge,other,zoon,msk,https://zoon.ru/msk/entertainment/,0.70
+79867219976,"Установка пластиковых окон в Казани - адреса, телефоны и отзывы",other,spravker,kzn,https://kazan.spravker.ru/okna/,0.70
+79869721594,Центр паровых коктейлей HP на улице Карла Маркса,other,zoon,ufa,https://zoon.ru/ufa/entertainment/,0.70
+79870068550,"Установка пластиковых окон в Казани - адреса, телефоны и отзывы",other,spravker,kzn,https://kazan.spravker.ru/okna/,0.70
+79870900243,"Установка пластиковых окон в Уфе - адреса, телефоны и отзывы",other,spravker,ufa,https://ufa.spravker.ru/okna/,0.70
+79872215909,"Установка пластиковых окон в Казани - адреса, телефоны и отзывы",other,spravker,kzn,https://kazan.spravker.ru/okna/,0.70
+79872260333,"Установка пластиковых окон в Казани - адреса, телефоны и отзывы",other,spravker,kzn,https://kazan.spravker.ru/okna/,0.70
+79872268008,"Установка пластиковых окон в Казани - адреса, телефоны и отзывы",other,spravker,kzn,https://kazan.spravker.ru/okna/,0.70
+79872278008,"Установка пластиковых окон в Казани - адреса, телефоны и отзывы",other,spravker,kzn,https://kazan.spravker.ru/okna/,0.70
+79872543333,Компания Rayzer Service,other,zoon,ufa,https://zoon.ru/ufa/repair/,0.70
+79872546434,Картинг клуб ПроЭкстрим на Рубежной улице,other,zoon,ufa,https://zoon.ru/ufa/entertainment/,0.70
+79874747744,"Установка пластиковых окон в Уфе - адреса, телефоны и отзывы",other,spravker,ufa,https://ufa.spravker.ru/okna/,0.70
+79876143013,"Установка пластиковых окон в Уфе - адреса, телефоны и отзывы",other,spravker,ufa,https://ufa.spravker.ru/okna/,0.70
+79881141516,"Сервисный центр Джистор на проспекте Октября, 56",other,zoon,ufa,https://zoon.ru/ufa/repair/,0.70
+79882428542,Сервисный центр МАКСИН,other,zoon,krasnodar,https://zoon.ru/krasnodar/repair/,0.70
+79882456990,Студия Сергея Дубровского на улице Гудимы,other,zoon,krasnodar,https://zoon.ru/krasnodar/beauty/,0.70
+79882464554,Лазертаг-клуб активного отдыха и развлечений Stalker в микрорайоне ЗИП,other,zoon,krasnodar,https://zoon.ru/krasnodar/entertainment/,0.70
+79896694545,Спортклуб Energy,other,zoon,krasnodar,https://zoon.ru/krasnodar/fitness/,0.70
+79898062576,"Центр паровых коктейлей Puff Puff Pass на Карасунской улице, 73",other,zoon,krasnodar,https://zoon.ru/krasnodar/entertainment/,0.70
+79910188779,Центр проблемной стопы Podospecific на улице Академика Шварца,other,zoon,ekb,https://zoon.ru/ekb/beauty/,0.70
+79918536493,Лор центр. Центр слуха на улице Курчатова,other,zoon,chelyabinsk,https://zoon.ru/chelyabinsk/medical/,0.70
+79920001327,"Установка пластиковых окон в Екатеринбурге - адреса, телефоны и отзывы",other,spravker,ekb,https://ekaterinburg.spravker.ru/okna/,0.70
+79920166211,"Установка пластиковых окон в Екатеринбурге - адреса, телефоны и отзывы",other,spravker,ekb,https://ekaterinburg.spravker.ru/okna/,0.70
+79925053599,"Установка пластиковых окон в Челябинске - адреса, телефоны и отзывы",other,spravker,chelyabinsk,https://chelyabinsk.spravker.ru/okna/,0.70
+79925254435,"Установка пластиковых окон в Челябинске - адреса, телефоны и отзывы",other,spravker,chelyabinsk,https://chelyabinsk.spravker.ru/okna/,0.70
+79933140064,Центр физического развития детей Ум Фит,other,zoon,krasnodar,https://zoon.ru/krasnodar/fitness/,0.70
+79937666393,Игровой центр Игратория на улице Тургенева,other,zoon,krasnodar,https://zoon.ru/krasnodar/entertainment/,0.70
+79937738395,Лаундж-бар Сахара,other,zoon,ekb,https://zoon.ru/ekb/entertainment/,0.70
+79938283488,"Установка пластиковых окон в Екатеринбурге - адреса, телефоны и отзывы",other,spravker,ekb,https://ekaterinburg.spravker.ru/okna/,0.70
+79940293371,Сервисный центр Фиксер на Саянской улице,other,zoon,msk,https://zoon.ru/msk/repair/,0.70
+79945006187,TopLaser Pro на улице Фролова,other,zoon,ekb,https://zoon.ru/ekb/beauty/,0.70
+79950942956,"Конный клуб Эквитерра на Маринской улице, 13а",other,zoon,voronezh,https://zoon.ru/voronezh/entertainment/,0.70
+79952226527,"Установка пластиковых окон в Челябинске - адреса, телефоны и отзывы",other,spravker,chelyabinsk,https://chelyabinsk.spravker.ru/okna/,0.70
+79953430733,Центр активных развлечений Портал-66 на улице Айвазовского,other,zoon,ekb,https://zoon.ru/ekb/entertainment/,0.70
+79955477555,"Установка пластиковых окон в Челябинске - адреса, телефоны и отзывы",other,spravker,chelyabinsk,https://chelyabinsk.spravker.ru/okna/,0.70
+79955962569,"Установка пластиковых окон в Санкт-Петербурге - адреса, телефоны и отзывы",other,spravker,spb,https://spb.spravker.ru/okna/,0.70
+79956308883,Лаундж-бар Томми на метро Чернышевская,other,zoon,spb,https://zoon.ru/spb/entertainment/,0.70
+79956627760,Гриль-парк Академус,other,zoon,ekb,https://zoon.ru/ekb/entertainment/,0.70
+79961009909,Сервисный центр Nanorepair,other,zoon,ufa,https://zoon.ru/ufa/repair/,0.70
+79961846677,Клуб единоборств Kwon,other,zoon,ekb,https://zoon.ru/ekb/fitness/,0.70
+79964505575,Тренажерный зал Турбо-Русич: Железный мир на Ленинском проспекте,other,zoon,voronezh,https://zoon.ru/voronezh/fitness/,0.70
+79967690740,Центр здорового движения RehabSpace на Каменноостровском проспекте,other,zoon,spb,https://zoon.ru/spb/fitness/,0.70
+79994030550,Студия аппаратной косметологии Гладко,other,zoon,voronezh,https://zoon.ru/voronezh/beauty/,0.70
+79996305301,Компания по организации квестов 101 квест на Кубанской набережной,other,zoon,krasnodar,https://zoon.ru/krasnodar/entertainment/,0.70
+70073946558,Drom.ru,private_seller,drom,,https://baza.drom.ru/,0.70
+71101251794,Drom.ru,private_seller,drom,,https://baza.drom.ru/,0.70
+73255536575,"Лучшие мастера по строительству и ремонту рядом с вами на Профи.ру: цены, отзывы, рейтинг. Москва",private_seller,service_marketplace,,https://profi.ru/remont/,0.60
+73283285482,"Лучшие мастера по строительству и ремонту рядом с вами на Профи.ру: цены, отзывы, рейтинг. Москва",private_seller,service_marketplace,,https://profi.ru/remont/,0.60
+73474647881,"Лучшие мастера по строительству и ремонту рядом с вами на Профи.ру: цены, отзывы, рейтинг. Москва",private_seller,service_marketplace,,https://profi.ru/remont/,0.60
+73672644977,Услуги. Страница 2,private_seller,classified_public,,https://www.farpost.ru/service/?page=2,0.55
+73872945954,Услуги,private_seller,classified_public,,https://www.farpost.ru/service/,0.55
+74401650681,Услуги. Страница 2,private_seller,classified_public,,https://www.farpost.ru/service/?page=2,0.55
+75594508285,Drom.ru,private_seller,drom,,https://baza.drom.ru/,0.70
+76701812158,Drom.ru,private_seller,drom,,https://auto.drom.ru/region77/,0.70
+79002450753,Барахла.нет &mdash; дать объявление об оказании услуг в России! Российский сайт объявлений — Барахла.Нет,private_seller,classified_public,,https://barahla.net/services/,0.55
+79128060033,Барахла.нет &mdash; дать объявление об оказании услуг в России! Российский сайт объявлений — Барахла.Нет,private_seller,classified_public,,https://barahla.net/services/,0.55
+79372252086,Барахла.нет &mdash; дать объявление об оказании услуг в России! Российский сайт объявлений — Барахла.Нет,private_seller,classified_public,,https://barahla.net/services/,0.55
+79527262225,Барахла.нет &mdash; дать объявление об оказании услуг в России! Российский сайт объявлений — Барахла.Нет,private_seller,classified_public,,https://barahla.net/services/,0.55
+79634399815,Барахла.нет &mdash; дать объявление об оказании услуг в России! Российский сайт объявлений — Барахла.Нет,private_seller,classified_public,,https://barahla.net/services/,0.55
+79680276221,Drom.ru,private_seller,drom,,https://baza.drom.ru/,0.70
+70952380952,"Агентства недвижимости в Москве - адреса, телефоны и отзывы",realestate,spravker,msk,https://msk.spravker.ru/agentstva-nedvizhimosti/,0.70
+73432008887,"Агентства недвижимости в Екатеринбурге - адреса, телефоны и отзывы",realestate,spravker,ekb,https://ekaterinburg.spravker.ru/agentstva-nedvizhimosti/,0.70
+73432012014,"Агентства недвижимости в Екатеринбурге - адреса, телефоны и отзывы",realestate,spravker,ekb,https://ekaterinburg.spravker.ru/agentstva-nedvizhimosti/,0.70
+73432015222,"Агентства недвижимости в Екатеринбурге - адреса, телефоны и отзывы",realestate,spravker,ekb,https://ekaterinburg.spravker.ru/agentstva-nedvizhimosti/,0.70
+73432021122,"Агентства недвижимости в Екатеринбурге - адреса, телефоны и отзывы",realestate,spravker,ekb,https://ekaterinburg.spravker.ru/agentstva-nedvizhimosti/,0.70
+73432077713,"Агентства недвижимости в Екатеринбурге - адреса, телефоны и отзывы",realestate,spravker,ekb,https://ekaterinburg.spravker.ru/agentstva-nedvizhimosti/,0.70
+73432131300,"Агентства недвижимости в Екатеринбурге - адреса, телефоны и отзывы",realestate,spravker,ekb,https://ekaterinburg.spravker.ru/agentstva-nedvizhimosti/,0.70
+73432159220,"Агентства недвижимости в Екатеринбурге - адреса, телефоны и отзывы",realestate,spravker,ekb,https://ekaterinburg.spravker.ru/agentstva-nedvizhimosti/,0.70
+73432159222,"Агентства недвижимости в Екатеринбурге - адреса, телефоны и отзывы",realestate,spravker,ekb,https://ekaterinburg.spravker.ru/agentstva-nedvizhimosti/,0.70
+73432213358,"Агентства недвижимости в Екатеринбурге - адреса, телефоны и отзывы",realestate,spravker,ekb,https://ekaterinburg.spravker.ru/agentstva-nedvizhimosti/,0.70
+73432213359,"Агентства недвижимости в Екатеринбурге - адреса, телефоны и отзывы",realestate,spravker,ekb,https://ekaterinburg.spravker.ru/agentstva-nedvizhimosti/,0.70
+73432220151,"Агентства недвижимости в Екатеринбурге - адреса, телефоны и отзывы",realestate,spravker,ekb,https://ekaterinburg.spravker.ru/agentstva-nedvizhimosti/,0.70
+73432223800,"Агентства недвижимости в Екатеринбурге - адреса, телефоны и отзывы",realestate,spravker,ekb,https://ekaterinburg.spravker.ru/agentstva-nedvizhimosti/,0.70
+73432227373,"Агентства недвижимости в Екатеринбурге - адреса, телефоны и отзывы",realestate,spravker,ekb,https://ekaterinburg.spravker.ru/agentstva-nedvizhimosti/,0.70
+73432244242,"Агентства недвижимости в Екатеринбурге - адреса, телефоны и отзывы",realestate,spravker,ekb,https://ekaterinburg.spravker.ru/agentstva-nedvizhimosti/,0.70
+73432260842,"Агентства недвижимости в Екатеринбурге - адреса, телефоны и отзывы",realestate,spravker,ekb,https://ekaterinburg.spravker.ru/agentstva-nedvizhimosti/,0.70
+73432372727,"Агентства недвижимости в Екатеринбурге - адреса, телефоны и отзывы",realestate,spravker,ekb,https://ekaterinburg.spravker.ru/agentstva-nedvizhimosti/,0.70
+73432372737,"Агентства недвижимости в Екатеринбурге - адреса, телефоны и отзывы",realestate,spravker,ekb,https://ekaterinburg.spravker.ru/agentstva-nedvizhimosti/,0.70
+73432435547,"Агентства недвижимости в Екатеринбурге - адреса, телефоны и отзывы",realestate,spravker,ekb,https://ekaterinburg.spravker.ru/agentstva-nedvizhimosti/,0.70
+73432478200,"Агентства недвижимости в Екатеринбурге - адреса, телефоны и отзывы",realestate,spravker,ekb,https://ekaterinburg.spravker.ru/agentstva-nedvizhimosti/,0.70
+73432516888,"Агентства недвижимости в Екатеринбурге - адреса, телефоны и отзывы",realestate,spravker,ekb,https://ekaterinburg.spravker.ru/agentstva-nedvizhimosti/,0.70
+73432535073,"Агентства недвижимости в Екатеринбурге - адреса, телефоны и отзывы",realestate,spravker,ekb,https://ekaterinburg.spravker.ru/agentstva-nedvizhimosti/,0.70
+73432539147,"Агентства недвижимости в Екатеринбурге - адреса, телефоны и отзывы",realestate,spravker,ekb,https://ekaterinburg.spravker.ru/agentstva-nedvizhimosti/,0.70
+73432681501,"Агентства недвижимости в Екатеринбурге - адреса, телефоны и отзывы",realestate,spravker,ekb,https://ekaterinburg.spravker.ru/agentstva-nedvizhimosti/,0.70
+73432681591,"Агентства недвижимости в Екатеринбурге - адреса, телефоны и отзывы",realestate,spravker,ekb,https://ekaterinburg.spravker.ru/agentstva-nedvizhimosti/,0.70
+73432685348,"Агентства недвижимости в Екатеринбурге - адреса, телефоны и отзывы",realestate,spravker,ekb,https://ekaterinburg.spravker.ru/agentstva-nedvizhimosti/,0.70
+73432695505,"Агентства недвижимости в Екатеринбурге - адреса, телефоны и отзывы",realestate,spravker,ekb,https://ekaterinburg.spravker.ru/agentstva-nedvizhimosti/,0.70
+73432695595,"Агентства недвижимости в Екатеринбурге - адреса, телефоны и отзывы",realestate,spravker,ekb,https://ekaterinburg.spravker.ru/agentstva-nedvizhimosti/,0.70
+73432700020,"Агентства недвижимости в Екатеринбурге - адреса, телефоны и отзывы",realestate,spravker,ekb,https://ekaterinburg.spravker.ru/agentstva-nedvizhimosti/,0.70
+73432860914,"Агентства недвижимости в Екатеринбурге - адреса, телефоны и отзывы",realestate,spravker,ekb,https://ekaterinburg.spravker.ru/agentstva-nedvizhimosti/,0.70
+73432868656,"Агентства недвижимости в Екатеринбурге - адреса, телефоны и отзывы",realestate,spravker,ekb,https://ekaterinburg.spravker.ru/agentstva-nedvizhimosti/,0.70
+73432868680,"Агентства недвижимости в Екатеринбурге - адреса, телефоны и отзывы",realestate,spravker,ekb,https://ekaterinburg.spravker.ru/agentstva-nedvizhimosti/,0.70
+73432885009,"Агентства недвижимости в Екатеринбурге - адреса, телефоны и отзывы",realestate,spravker,ekb,https://ekaterinburg.spravker.ru/agentstva-nedvizhimosti/,0.70
+73432885400,"Агентства недвижимости в Екатеринбурге - адреса, телефоны и отзывы",realestate,spravker,ekb,https://ekaterinburg.spravker.ru/agentstva-nedvizhimosti/,0.70
+73432885403,"Агентства недвижимости в Екатеринбурге - адреса, телефоны и отзывы",realestate,spravker,ekb,https://ekaterinburg.spravker.ru/agentstva-nedvizhimosti/,0.70
+73432885618,"Агентства недвижимости в Екатеринбурге - адреса, телефоны и отзывы",realestate,spravker,ekb,https://ekaterinburg.spravker.ru/agentstva-nedvizhimosti/,0.70
+73432887331,"Агентства недвижимости в Екатеринбурге - адреса, телефоны и отзывы",realestate,spravker,ekb,https://ekaterinburg.spravker.ru/agentstva-nedvizhimosti/,0.70
+73432887346,"Агентства недвижимости в Екатеринбурге - адреса, телефоны и отзывы",realestate,spravker,ekb,https://ekaterinburg.spravker.ru/agentstva-nedvizhimosti/,0.70
+73432887609,"Агентства недвижимости в Екатеринбурге - адреса, телефоны и отзывы",realestate,spravker,ekb,https://ekaterinburg.spravker.ru/agentstva-nedvizhimosti/,0.70
+73432887703,"Агентства недвижимости в Екатеринбурге - адреса, телефоны и отзывы",realestate,spravker,ekb,https://ekaterinburg.spravker.ru/agentstva-nedvizhimosti/,0.70
+73432887768,"Агентства недвижимости в Екатеринбурге - адреса, телефоны и отзывы",realestate,spravker,ekb,https://ekaterinburg.spravker.ru/agentstva-nedvizhimosti/,0.70
+73432887867,"Агентства недвижимости в Екатеринбурге - адреса, телефоны и отзывы",realestate,spravker,ekb,https://ekaterinburg.spravker.ru/agentstva-nedvizhimosti/,0.70
+73432908877,"Агентства недвижимости в Екатеринбурге - адреса, телефоны и отзывы",realestate,spravker,ekb,https://ekaterinburg.spravker.ru/agentstva-nedvizhimosti/,0.70
+73432965505,"Агентства недвижимости в Екатеринбурге - адреса, телефоны и отзывы",realestate,spravker,ekb,https://ekaterinburg.spravker.ru/agentstva-nedvizhimosti/,0.70
+73432980505,"Агентства недвижимости в Екатеринбурге - адреса, телефоны и отзывы",realestate,spravker,ekb,https://ekaterinburg.spravker.ru/agentstva-nedvizhimosti/,0.70
+73433003600,"Агентства недвижимости в Екатеринбурге - адреса, телефоны и отзывы",realestate,spravker,ekb,https://ekaterinburg.spravker.ru/agentstva-nedvizhimosti/,0.70
+73433020322,"Агентства недвижимости в Екатеринбурге - адреса, телефоны и отзывы",realestate,spravker,ekb,https://ekaterinburg.spravker.ru/agentstva-nedvizhimosti/,0.70
+73433073898,"Агентства недвижимости в Екатеринбурге - адреса, телефоны и отзывы",realestate,spravker,ekb,https://ekaterinburg.spravker.ru/agentstva-nedvizhimosti/,0.70
+73433110380,"Агентства недвижимости в Екатеринбурге - адреса, телефоны и отзывы",realestate,spravker,ekb,https://ekaterinburg.spravker.ru/agentstva-nedvizhimosti/,0.70
+73433115190,"Агентства недвижимости в Екатеринбурге - адреса, телефоны и отзывы",realestate,spravker,ekb,https://ekaterinburg.spravker.ru/agentstva-nedvizhimosti/,0.70
+73433115505,"Агентства недвижимости в Екатеринбурге - адреса, телефоны и отзывы",realestate,spravker,ekb,https://ekaterinburg.spravker.ru/agentstva-nedvizhimosti/,0.70
+73433118989,"Агентства недвижимости в Екатеринбурге - адреса, телефоны и отзывы",realestate,spravker,ekb,https://ekaterinburg.spravker.ru/agentstva-nedvizhimosti/,0.70
+73433124369,"Агентства недвижимости в Екатеринбурге - адреса, телефоны и отзывы",realestate,spravker,ekb,https://ekaterinburg.spravker.ru/agentstva-nedvizhimosti/,0.70
+73433194327,"Агентства недвижимости в Екатеринбурге - адреса, телефоны и отзывы",realestate,spravker,ekb,https://ekaterinburg.spravker.ru/agentstva-nedvizhimosti/,0.70
+73433443403,"Агентства недвижимости в Екатеринбурге - адреса, телефоны и отзывы",realestate,spravker,ekb,https://ekaterinburg.spravker.ru/agentstva-nedvizhimosti/,0.70
+73433444445,"Агентства недвижимости в Екатеринбурге - адреса, телефоны и отзывы",realestate,spravker,ekb,https://ekaterinburg.spravker.ru/agentstva-nedvizhimosti/,0.70
+73433453419,"Агентства недвижимости в Екатеринбурге - адреса, телефоны и отзывы",realestate,spravker,ekb,https://ekaterinburg.spravker.ru/agentstva-nedvizhimosti/,0.70
+73433517596,"Агентства недвижимости в Екатеринбурге - адреса, телефоны и отзывы",realestate,spravker,ekb,https://ekaterinburg.spravker.ru/agentstva-nedvizhimosti/,0.70
+73433585816,"Агентства недвижимости в Екатеринбурге - адреса, телефоны и отзывы",realestate,spravker,ekb,https://ekaterinburg.spravker.ru/agentstva-nedvizhimosti/,0.70
+73433641621,"Агентства недвижимости в Екатеринбурге - адреса, телефоны и отзывы",realestate,spravker,ekb,https://ekaterinburg.spravker.ru/agentstva-nedvizhimosti/,0.70
+73433758833,"Агентства недвижимости в Екатеринбурге - адреса, телефоны и отзывы",realestate,spravker,ekb,https://ekaterinburg.spravker.ru/agentstva-nedvizhimosti/,0.70
+73433775090,"Агентства недвижимости в Екатеринбурге - адреса, телефоны и отзывы",realestate,spravker,ekb,https://ekaterinburg.spravker.ru/agentstva-nedvizhimosti/,0.70
+73433780598,"Агентства недвижимости в Екатеринбурге - адреса, телефоны и отзывы",realestate,spravker,ekb,https://ekaterinburg.spravker.ru/agentstva-nedvizhimosti/,0.70
+73433784543,"Агентства недвижимости в Екатеринбурге - адреса, телефоны и отзывы",realestate,spravker,ekb,https://ekaterinburg.spravker.ru/agentstva-nedvizhimosti/,0.70
+73433790994,"Агентства недвижимости в Екатеринбурге - адреса, телефоны и отзывы",realestate,spravker,ekb,https://ekaterinburg.spravker.ru/agentstva-nedvizhimosti/,0.70
+73433799937,"Агентства недвижимости в Екатеринбурге - адреса, телефоны и отзывы",realestate,spravker,ekb,https://ekaterinburg.spravker.ru/agentstva-nedvizhimosti/,0.70
+73433825750,"Агентства недвижимости в Екатеринбурге - адреса, телефоны и отзывы",realestate,spravker,ekb,https://ekaterinburg.spravker.ru/agentstva-nedvizhimosti/,0.70
+73433840144,"Агентства недвижимости в Екатеринбурге - адреса, телефоны и отзывы",realestate,spravker,ekb,https://ekaterinburg.spravker.ru/agentstva-nedvizhimosti/,0.70
+73433852009,"Агентства недвижимости в Екатеринбурге - адреса, телефоны и отзывы",realestate,spravker,ekb,https://ekaterinburg.spravker.ru/agentstva-nedvizhimosti/,0.70
+73433855816,"Агентства недвижимости в Екатеринбурге - адреса, телефоны и отзывы",realestate,spravker,ekb,https://ekaterinburg.spravker.ru/agentstva-nedvizhimosti/,0.70
+73433858058,"Агентства недвижимости в Екатеринбурге - адреса, телефоны и отзывы",realestate,spravker,ekb,https://ekaterinburg.spravker.ru/agentstva-nedvizhimosti/,0.70
+73433859050,"Агентства недвижимости в Екатеринбурге - адреса, телефоны и отзывы",realestate,spravker,ekb,https://ekaterinburg.spravker.ru/agentstva-nedvizhimosti/,0.70
+73433859100,"Агентства недвижимости в Екатеринбурге - адреса, телефоны и отзывы",realestate,spravker,ekb,https://ekaterinburg.spravker.ru/agentstva-nedvizhimosti/,0.70
+73433859300,"Агентства недвижимости в Екатеринбурге - адреса, телефоны и отзывы",realestate,spravker,ekb,https://ekaterinburg.spravker.ru/agentstva-nedvizhimosti/,0.70
+73512102429,"Агентства недвижимости в Челябинске - адреса, телефоны и отзывы",realestate,spravker,chelyabinsk,https://chelyabinsk.spravker.ru/agentstva-nedvizhimosti/,0.70
+73512140808,"Агентства недвижимости в Челябинске - адреса, телефоны и отзывы",realestate,spravker,chelyabinsk,https://chelyabinsk.spravker.ru/agentstva-nedvizhimosti/,0.70
+73512146009,"Агентства недвижимости в Челябинске - адреса, телефоны и отзывы",realestate,spravker,chelyabinsk,https://chelyabinsk.spravker.ru/agentstva-nedvizhimosti/,0.70
+73512155515,"Агентства недвижимости в Челябинске - адреса, телефоны и отзывы",realestate,spravker,chelyabinsk,https://chelyabinsk.spravker.ru/agentstva-nedvizhimosti/,0.70
+73512159989,"Агентства недвижимости в Челябинске - адреса, телефоны и отзывы",realestate,spravker,chelyabinsk,https://chelyabinsk.spravker.ru/agentstva-nedvizhimosti/,0.70
+73512163766,"Агентства недвижимости в Челябинске - адреса, телефоны и отзывы",realestate,spravker,chelyabinsk,https://chelyabinsk.spravker.ru/agentstva-nedvizhimosti/,0.70
+73512170074,"Агентства недвижимости в Челябинске - адреса, телефоны и отзывы",realestate,spravker,chelyabinsk,https://chelyabinsk.spravker.ru/agentstva-nedvizhimosti/,0.70
+73512170202,"Агентства недвижимости в Челябинске - адреса, телефоны и отзывы",realestate,spravker,chelyabinsk,https://chelyabinsk.spravker.ru/agentstva-nedvizhimosti/,0.70
+73512180440,"Агентства недвижимости в Челябинске - адреса, телефоны и отзывы",realestate,spravker,chelyabinsk,https://chelyabinsk.spravker.ru/agentstva-nedvizhimosti/,0.70
+73512209085,"Агентства недвижимости в Челябинске - адреса, телефоны и отзывы",realestate,spravker,chelyabinsk,https://chelyabinsk.spravker.ru/agentstva-nedvizhimosti/,0.70
+73512231424,"Агентства недвижимости в Челябинске - адреса, телефоны и отзывы",realestate,spravker,chelyabinsk,https://chelyabinsk.spravker.ru/agentstva-nedvizhimosti/,0.70
+73512250100,"Агентства недвижимости в Челябинске - адреса, телефоны и отзывы",realestate,spravker,chelyabinsk,https://chelyabinsk.spravker.ru/agentstva-nedvizhimosti/,0.70
+73512400505,"Агентства недвижимости в Челябинске - адреса, телефоны и отзывы",realestate,spravker,chelyabinsk,https://chelyabinsk.spravker.ru/agentstva-nedvizhimosti/,0.70
+73512420077,"Агентства недвижимости в Челябинске - адреса, телефоны и отзывы",realestate,spravker,chelyabinsk,https://chelyabinsk.spravker.ru/agentstva-nedvizhimosti/,0.70
+73512420510,"Агентства недвижимости в Челябинске - адреса, телефоны и отзывы",realestate,spravker,chelyabinsk,https://chelyabinsk.spravker.ru/agentstva-nedvizhimosti/,0.70
+73512456060,"Агентства недвижимости в Челябинске - адреса, телефоны и отзывы",realestate,spravker,chelyabinsk,https://chelyabinsk.spravker.ru/agentstva-nedvizhimosti/,0.70
+73512465151,"Агентства недвижимости в Челябинске - адреса, телефоны и отзывы",realestate,spravker,chelyabinsk,https://chelyabinsk.spravker.ru/agentstva-nedvizhimosti/,0.70
+73512475555,"Агентства недвижимости в Челябинске - адреса, телефоны и отзывы",realestate,spravker,chelyabinsk,https://chelyabinsk.spravker.ru/agentstva-nedvizhimosti/,0.70
+73512478887,"Агентства недвижимости в Челябинске - адреса, телефоны и отзывы",realestate,spravker,chelyabinsk,https://chelyabinsk.spravker.ru/agentstva-nedvizhimosti/,0.70
+73512478888,"Агентства недвижимости в Челябинске - адреса, телефоны и отзывы",realestate,spravker,chelyabinsk,https://chelyabinsk.spravker.ru/agentstva-nedvizhimosti/,0.70
+73512482080,"Агентства недвижимости в Челябинске - адреса, телефоны и отзывы",realestate,spravker,chelyabinsk,https://chelyabinsk.spravker.ru/agentstva-nedvizhimosti/,0.70
+73512485711,"Агентства недвижимости в Челябинске - адреса, телефоны и отзывы",realestate,spravker,chelyabinsk,https://chelyabinsk.spravker.ru/agentstva-nedvizhimosti/,0.70
+73512489756,"Агентства недвижимости в Челябинске - адреса, телефоны и отзывы",realestate,spravker,chelyabinsk,https://chelyabinsk.spravker.ru/agentstva-nedvizhimosti/,0.70
+73512501750,"Агентства недвижимости в Челябинске - адреса, телефоны и отзывы",realestate,spravker,chelyabinsk,https://chelyabinsk.spravker.ru/agentstva-nedvizhimosti/,0.70
+73512503327,"Агентства недвижимости в Челябинске - адреса, телефоны и отзывы",realestate,spravker,chelyabinsk,https://chelyabinsk.spravker.ru/agentstva-nedvizhimosti/,0.70
+73512607650,"Агентства недвижимости в Челябинске - адреса, телефоны и отзывы",realestate,spravker,chelyabinsk,https://chelyabinsk.spravker.ru/agentstva-nedvizhimosti/,0.70
+73512624870,"Агентства недвижимости в Челябинске - адреса, телефоны и отзывы",realestate,spravker,chelyabinsk,https://chelyabinsk.spravker.ru/agentstva-nedvizhimosti/,0.70
+73512624872,"Агентства недвижимости в Челябинске - адреса, телефоны и отзывы",realestate,spravker,chelyabinsk,https://chelyabinsk.spravker.ru/agentstva-nedvizhimosti/,0.70
+73512643790,"Агентства недвижимости в Челябинске - адреса, телефоны и отзывы",realestate,spravker,chelyabinsk,https://chelyabinsk.spravker.ru/agentstva-nedvizhimosti/,0.70
+73512777474,"Агентства недвижимости в Челябинске - адреса, телефоны и отзывы",realestate,spravker,chelyabinsk,https://chelyabinsk.spravker.ru/agentstva-nedvizhimosti/,0.70
+73512815550,"Агентства недвижимости в Челябинске - адреса, телефоны и отзывы",realestate,spravker,chelyabinsk,https://chelyabinsk.spravker.ru/agentstva-nedvizhimosti/,0.70
+73512833024,"Агентства недвижимости в Челябинске - адреса, телефоны и отзывы",realestate,spravker,chelyabinsk,https://chelyabinsk.spravker.ru/agentstva-nedvizhimosti/,0.70
+73512833025,"Агентства недвижимости в Челябинске - адреса, телефоны и отзывы",realestate,spravker,chelyabinsk,https://chelyabinsk.spravker.ru/agentstva-nedvizhimosti/,0.70
+73512838008,"Агентства недвижимости в Челябинске - адреса, телефоны и отзывы",realestate,spravker,chelyabinsk,https://chelyabinsk.spravker.ru/agentstva-nedvizhimosti/,0.70
+73517000055,"Агентства недвижимости в Челябинске - адреса, телефоны и отзывы",realestate,spravker,chelyabinsk,https://chelyabinsk.spravker.ru/agentstva-nedvizhimosti/,0.70
+73517293529,"Агентства недвижимости в Челябинске - адреса, телефоны и отзывы",realestate,spravker,chelyabinsk,https://chelyabinsk.spravker.ru/agentstva-nedvizhimosti/,0.70
+73517293531,"Агентства недвижимости в Челябинске - адреса, телефоны и отзывы",realestate,spravker,chelyabinsk,https://chelyabinsk.spravker.ru/agentstva-nedvizhimosti/,0.70
+73517299600,"Агентства недвижимости в Челябинске - адреса, телефоны и отзывы",realestate,spravker,chelyabinsk,https://chelyabinsk.spravker.ru/agentstva-nedvizhimosti/,0.70
+73517319999,"Агентства недвижимости в Челябинске - адреса, телефоны и отзывы",realestate,spravker,chelyabinsk,https://chelyabinsk.spravker.ru/agentstva-nedvizhimosti/,0.70
+73517512220,"Агентства недвижимости в Челябинске - адреса, телефоны и отзывы",realestate,spravker,chelyabinsk,https://chelyabinsk.spravker.ru/agentstva-nedvizhimosti/,0.70
+73517761632,"Агентства недвижимости в Челябинске - адреса, телефоны и отзывы",realestate,spravker,chelyabinsk,https://chelyabinsk.spravker.ru/agentstva-nedvizhimosti/,0.70
+73517761669,"Агентства недвижимости в Челябинске - адреса, телефоны и отзывы",realestate,spravker,chelyabinsk,https://chelyabinsk.spravker.ru/agentstva-nedvizhimosti/,0.70
+73517774444,"Агентства недвижимости в Челябинске - адреса, телефоны и отзывы",realestate,spravker,chelyabinsk,https://chelyabinsk.spravker.ru/agentstva-nedvizhimosti/,0.70
+73517777953,"Агентства недвижимости в Челябинске - адреса, телефоны и отзывы",realestate,spravker,chelyabinsk,https://chelyabinsk.spravker.ru/agentstva-nedvizhimosti/,0.70
+73517778191,"Агентства недвижимости в Челябинске - адреса, телефоны и отзывы",realestate,spravker,chelyabinsk,https://chelyabinsk.spravker.ru/agentstva-nedvizhimosti/,0.70
+73517778626,"Агентства недвижимости в Челябинске - адреса, телефоны и отзывы",realestate,spravker,chelyabinsk,https://chelyabinsk.spravker.ru/agentstva-nedvizhimosti/,0.70
+74732000070,"Агентства недвижимости в Воронеже - адреса, телефоны и отзывы",realestate,spravker,voronezh,https://voronezh.spravker.ru/agentstva-nedvizhimosti/,0.70
+74732000124,"Агентства недвижимости в Воронеже - адреса, телефоны и отзывы",realestate,spravker,voronezh,https://voronezh.spravker.ru/agentstva-nedvizhimosti/,0.70
+74732000319,"Агентства недвижимости в Воронеже - адреса, телефоны и отзывы",realestate,spravker,voronezh,https://voronezh.spravker.ru/agentstva-nedvizhimosti/,0.70
+74732020814,"Агентства недвижимости в Воронеже - адреса, телефоны и отзывы",realestate,spravker,voronezh,https://voronezh.spravker.ru/agentstva-nedvizhimosti/,0.70
+74732021160,"Агентства недвижимости в Воронеже - адреса, телефоны и отзывы",realestate,spravker,voronezh,https://voronezh.spravker.ru/agentstva-nedvizhimosti/,0.70
+74732021161,"Агентства недвижимости в Воронеже - адреса, телефоны и отзывы",realestate,spravker,voronezh,https://voronezh.spravker.ru/agentstva-nedvizhimosti/,0.70
+74732029666,"Агентства недвижимости в Воронеже - адреса, телефоны и отзывы",realestate,spravker,voronezh,https://voronezh.spravker.ru/agentstva-nedvizhimosti/,0.70
+74732030530,"Агентства недвижимости в Воронеже - адреса, телефоны и отзывы",realestate,spravker,voronezh,https://voronezh.spravker.ru/agentstva-nedvizhimosti/,0.70
+74732030830,"Агентства недвижимости в Воронеже - адреса, телефоны и отзывы",realestate,spravker,voronezh,https://voronezh.spravker.ru/agentstva-nedvizhimosti/,0.70
+74732039038,"Агентства недвижимости в Воронеже - адреса, телефоны и отзывы",realestate,spravker,voronezh,https://voronezh.spravker.ru/agentstva-nedvizhimosti/,0.70
+74732039039,"Агентства недвижимости в Воронеже - адреса, телефоны и отзывы",realestate,spravker,voronezh,https://voronezh.spravker.ru/agentstva-nedvizhimosti/,0.70
+74732051010,"Агентства недвижимости в Воронеже - адреса, телефоны и отзывы",realestate,spravker,voronezh,https://voronezh.spravker.ru/agentstva-nedvizhimosti/,0.70
+74732070503,"Агентства недвижимости в Воронеже - адреса, телефоны и отзывы",realestate,spravker,voronezh,https://voronezh.spravker.ru/agentstva-nedvizhimosti/,0.70
+74732070505,"Агентства недвижимости в Воронеже - адреса, телефоны и отзывы",realestate,spravker,voronezh,https://voronezh.spravker.ru/agentstva-nedvizhimosti/,0.70
+74732100045,"Агентства недвижимости в Воронеже - адреса, телефоны и отзывы",realestate,spravker,voronezh,https://voronezh.spravker.ru/agentstva-nedvizhimosti/,0.70
+74732110005,"Агентства недвижимости в Воронеже - адреса, телефоны и отзывы",realestate,spravker,voronezh,https://voronezh.spravker.ru/agentstva-nedvizhimosti/,0.70
+74732110050,"Агентства недвижимости в Воронеже - адреса, телефоны и отзывы",realestate,spravker,voronezh,https://voronezh.spravker.ru/agentstva-nedvizhimosti/,0.70
+74732120691,"Агентства недвижимости в Воронеже - адреса, телефоны и отзывы",realestate,spravker,voronezh,https://voronezh.spravker.ru/agentstva-nedvizhimosti/,0.70
+74732204400,"Агентства недвижимости в Воронеже - адреса, телефоны и отзывы",realestate,spravker,voronezh,https://voronezh.spravker.ru/agentstva-nedvizhimosti/,0.70
+74732205270,"Агентства недвижимости в Воронеже - адреса, телефоны и отзывы",realestate,spravker,voronezh,https://voronezh.spravker.ru/agentstva-nedvizhimosti/,0.70
+74732227777,"Агентства недвижимости в Воронеже - адреса, телефоны и отзывы",realestate,spravker,voronezh,https://voronezh.spravker.ru/agentstva-nedvizhimosti/,0.70
+74732250834,"Агентства недвижимости в Воронеже - адреса, телефоны и отзывы",realestate,spravker,voronezh,https://voronezh.spravker.ru/agentstva-nedvizhimosti/,0.70
+74732253076,"Агентства недвижимости в Воронеже - адреса, телефоны и отзывы",realestate,spravker,voronezh,https://voronezh.spravker.ru/agentstva-nedvizhimosti/,0.70
+74732280330,"Агентства недвижимости в Воронеже - адреса, телефоны и отзывы",realestate,spravker,voronezh,https://voronezh.spravker.ru/agentstva-nedvizhimosti/,0.70
+74732291300,"Агентства недвижимости в Воронеже - адреса, телефоны и отзывы",realestate,spravker,voronezh,https://voronezh.spravker.ru/agentstva-nedvizhimosti/,0.70
+74732293929,"Агентства недвижимости в Воронеже - адреса, телефоны и отзывы",realestate,spravker,voronezh,https://voronezh.spravker.ru/agentstva-nedvizhimosti/,0.70
+74732334747,"Агентства недвижимости в Воронеже - адреса, телефоны и отзывы",realestate,spravker,voronezh,https://voronezh.spravker.ru/agentstva-nedvizhimosti/,0.70
+74732398384,"Агентства недвижимости в Воронеже - адреса, телефоны и отзывы",realestate,spravker,voronezh,https://voronezh.spravker.ru/agentstva-nedvizhimosti/,0.70
+74732399222,"Агентства недвижимости в Воронеже - адреса, телефоны и отзывы",realestate,spravker,voronezh,https://voronezh.spravker.ru/agentstva-nedvizhimosti/,0.70
+74732399314,"Агентства недвижимости в Воронеже - адреса, телефоны и отзывы",realestate,spravker,voronezh,https://voronezh.spravker.ru/agentstva-nedvizhimosti/,0.70
+74732407462,"Агентства недвижимости в Воронеже - адреса, телефоны и отзывы",realestate,spravker,voronezh,https://voronezh.spravker.ru/agentstva-nedvizhimosti/,0.70
+74732469122,"Агентства недвижимости в Воронеже - адреса, телефоны и отзывы",realestate,spravker,voronezh,https://voronezh.spravker.ru/agentstva-nedvizhimosti/,0.70
+74732509095,"Агентства недвижимости в Воронеже - адреса, телефоны и отзывы",realestate,spravker,voronezh,https://voronezh.spravker.ru/agentstva-nedvizhimosti/,0.70
+74732550665,"Агентства недвижимости в Воронеже - адреса, телефоны и отзывы",realestate,spravker,voronezh,https://voronezh.spravker.ru/agentstva-nedvizhimosti/,0.70
+74732557282,"Агентства недвижимости в Воронеже - адреса, телефоны и отзывы",realestate,spravker,voronezh,https://voronezh.spravker.ru/agentstva-nedvizhimosti/,0.70
+74732564990,"Агентства недвижимости в Воронеже - адреса, телефоны и отзывы",realestate,spravker,voronezh,https://voronezh.spravker.ru/agentstva-nedvizhimosti/,0.70
+74732568289,"Агентства недвижимости в Воронеже - адреса, телефоны и отзывы",realestate,spravker,voronezh,https://voronezh.spravker.ru/agentstva-nedvizhimosti/,0.70
+74732596606,"Агентства недвижимости в Воронеже - адреса, телефоны и отзывы",realestate,spravker,voronezh,https://voronezh.spravker.ru/agentstva-nedvizhimosti/,0.70
+74732605773,"Агентства недвижимости в Воронеже - адреса, телефоны и отзывы",realestate,spravker,voronezh,https://voronezh.spravker.ru/agentstva-nedvizhimosti/,0.70
+74732606550,"Агентства недвижимости в Воронеже - адреса, телефоны и отзывы",realestate,spravker,voronezh,https://voronezh.spravker.ru/agentstva-nedvizhimosti/,0.70
+74732606553,"Агентства недвижимости в Воронеже - адреса, телефоны и отзывы",realestate,spravker,voronezh,https://voronezh.spravker.ru/agentstva-nedvizhimosti/,0.70
+74732610600,"Агентства недвижимости в Воронеже - адреса, телефоны и отзывы",realestate,spravker,voronezh,https://voronezh.spravker.ru/agentstva-nedvizhimosti/,0.70
+74732638638,"Агентства недвижимости в Воронеже - адреса, телефоны и отзывы",realestate,spravker,voronezh,https://voronezh.spravker.ru/agentstva-nedvizhimosti/,0.70
+74732695531,"Агентства недвижимости в Воронеже - адреса, телефоны и отзывы",realestate,spravker,voronezh,https://voronezh.spravker.ru/agentstva-nedvizhimosti/,0.70
+74732717273,"Агентства недвижимости в Воронеже - адреса, телефоны и отзывы",realestate,spravker,voronezh,https://voronezh.spravker.ru/agentstva-nedvizhimosti/,0.70
+74732774422,"Агентства недвижимости в Воронеже - адреса, телефоны и отзывы",realestate,spravker,voronezh,https://voronezh.spravker.ru/agentstva-nedvizhimosti/,0.70
+74732776752,"Агентства недвижимости в Воронеже - адреса, телефоны и отзывы",realestate,spravker,voronezh,https://voronezh.spravker.ru/agentstva-nedvizhimosti/,0.70
+74732777157,"Агентства недвижимости в Воронеже - адреса, телефоны и отзывы",realestate,spravker,voronezh,https://voronezh.spravker.ru/agentstva-nedvizhimosti/,0.70
+74732777240,"Агентства недвижимости в Воронеже - адреса, телефоны и отзывы",realestate,spravker,voronezh,https://voronezh.spravker.ru/agentstva-nedvizhimosti/,0.70
+74732905899,"Агентства недвижимости в Воронеже - адреса, телефоны и отзывы",realestate,spravker,voronezh,https://voronezh.spravker.ru/agentstva-nedvizhimosti/,0.70
+74732922540,"Агентства недвижимости в Воронеже - адреса, телефоны и отзывы",realestate,spravker,voronezh,https://voronezh.spravker.ru/agentstva-nedvizhimosti/,0.70
+74732937650,"Агентства недвижимости в Воронеже - адреса, телефоны и отзывы",realestate,spravker,voronezh,https://voronezh.spravker.ru/agentstva-nedvizhimosti/,0.70
+74951034196,"Агентства недвижимости в Москве - адреса, телефоны и отзывы",realestate,spravker,msk,https://msk.spravker.ru/agentstva-nedvizhimosti/,0.70
+74951182498,"Агентства недвижимости в Москве - адреса, телефоны и отзывы",realestate,spravker,msk,https://msk.spravker.ru/agentstva-nedvizhimosti/,0.70
+74951203614,"Агентства недвижимости в Москве - адреса, телефоны и отзывы",realestate,spravker,msk,https://msk.spravker.ru/agentstva-nedvizhimosti/,0.70
+74951204687,"Агентства недвижимости в Москве - адреса, телефоны и отзывы",realestate,spravker,msk,https://msk.spravker.ru/agentstva-nedvizhimosti/,0.70
+74951281015,"Агентства недвижимости в Москве - адреса, телефоны и отзывы",realestate,spravker,msk,https://msk.spravker.ru/agentstva-nedvizhimosti/,0.70
+74951345699,"Агентства недвижимости в Москве - адреса, телефоны и отзывы",realestate,spravker,msk,https://msk.spravker.ru/agentstva-nedvizhimosti/,0.70
+74951350635,"Агентства недвижимости в Москве - адреса, телефоны и отзывы",realestate,spravker,msk,https://msk.spravker.ru/agentstva-nedvizhimosti/,0.70
+74951365000,"Агентства недвижимости в Москве - адреса, телефоны и отзывы",realestate,spravker,msk,https://msk.spravker.ru/agentstva-nedvizhimosti/,0.70
+74951501403,"Агентства недвижимости в Москве - адреса, телефоны и отзывы",realestate,spravker,msk,https://msk.spravker.ru/agentstva-nedvizhimosti/,0.70
+74951505354,"Агентства недвижимости в Москве - адреса, телефоны и отзывы",realestate,spravker,msk,https://msk.spravker.ru/agentstva-nedvizhimosti/,0.70
+74951779089,"Агентства недвижимости в Москве - адреса, телефоны и отзывы",realestate,spravker,msk,https://msk.spravker.ru/agentstva-nedvizhimosti/,0.70
+74951896699,"Агентства недвижимости в Москве - адреса, телефоны и отзывы",realestate,spravker,msk,https://msk.spravker.ru/agentstva-nedvizhimosti/,0.70
+74951911823,"Агентства недвижимости в Москве - адреса, телефоны и отзывы",realestate,spravker,msk,https://msk.spravker.ru/agentstva-nedvizhimosti/,0.70
+74952271555,"Агентства недвижимости в Москве - адреса, телефоны и отзывы",realestate,spravker,msk,https://msk.spravker.ru/agentstva-nedvizhimosti/,0.70
+74952272269,"Агентства недвижимости в Москве - адреса, телефоны и отзывы",realestate,spravker,msk,https://msk.spravker.ru/agentstva-nedvizhimosti/,0.70
+74952290460,"Агентства недвижимости в Москве - адреса, телефоны и отзывы",realestate,spravker,msk,https://msk.spravker.ru/agentstva-nedvizhimosti/,0.70
+74952492409,"Агентства недвижимости в Москве - адреса, телефоны и отзывы",realestate,spravker,msk,https://msk.spravker.ru/agentstva-nedvizhimosti/,0.70
+74952877663,"Агентства недвижимости в Москве - адреса, телефоны и отзывы",realestate,spravker,msk,https://msk.spravker.ru/agentstva-nedvizhimosti/,0.70
+74952943097,"Агентства недвижимости в Москве - адреса, телефоны и отзывы",realestate,spravker,msk,https://msk.spravker.ru/agentstva-nedvizhimosti/,0.70
+74953632498,ООО &quot;Живучесть Тэс-Аэс&quot; Москва (ИНН 7707536423) адрес и телефон,realestate,rusprofile,,https://www.rusprofile.ru/id/7772751,0.70
+74953699731,"Агентства недвижимости в Челябинске - адреса, телефоны и отзывы",realestate,spravker,chelyabinsk,https://chelyabinsk.spravker.ru/agentstva-nedvizhimosti/,0.70
+74953745795,"Агентства недвижимости в Челябинске - адреса, телефоны и отзывы",realestate,spravker,chelyabinsk,https://chelyabinsk.spravker.ru/agentstva-nedvizhimosti/,0.70
+74953747908,"Агентства недвижимости в Москве - адреса, телефоны и отзывы",realestate,spravker,msk,https://msk.spravker.ru/agentstva-nedvizhimosti/,0.70
+74955053900,"Агентства недвижимости в Москве - адреса, телефоны и отзывы",realestate,spravker,msk,https://msk.spravker.ru/agentstva-nedvizhimosti/,0.70
+74955055500,"Агентства недвижимости в Москве - адреса, телефоны и отзывы",realestate,spravker,msk,https://msk.spravker.ru/agentstva-nedvizhimosti/,0.70
+74956213203,"Агентства недвижимости в Москве - адреса, телефоны и отзывы",realestate,spravker,msk,https://msk.spravker.ru/agentstva-nedvizhimosti/,0.70
+74956404013,"Агентства недвижимости в Москве - адреса, телефоны и отзывы",realestate,spravker,msk,https://msk.spravker.ru/agentstva-nedvizhimosti/,0.70
+74956470818,"Агентства недвижимости в Москве - адреса, телефоны и отзывы",realestate,spravker,msk,https://msk.spravker.ru/agentstva-nedvizhimosti/,0.70
+74957272020,"Агентства недвижимости в Москве - адреса, телефоны и отзывы",realestate,spravker,msk,https://msk.spravker.ru/agentstva-nedvizhimosti/,0.70
+74957411104,"Агентства недвижимости в Москве - адреса, телефоны и отзывы",realestate,spravker,msk,https://msk.spravker.ru/agentstva-nedvizhimosti/,0.70
+74957601760,"Агентства недвижимости в Москве - адреса, телефоны и отзывы",realestate,spravker,msk,https://msk.spravker.ru/agentstva-nedvizhimosti/,0.70
+74957772620,"Агентства недвижимости в Москве - адреса, телефоны и отзывы",realestate,spravker,msk,https://msk.spravker.ru/agentstva-nedvizhimosti/,0.70
+74957892244,"Агентства недвижимости в Москве - адреса, телефоны и отзывы",realestate,spravker,msk,https://msk.spravker.ru/agentstva-nedvizhimosti/,0.70
+74957924886,"Агентства недвижимости в Москве - адреса, телефоны и отзывы",realestate,spravker,msk,https://msk.spravker.ru/agentstva-nedvizhimosti/,0.70
+74957955065,"Агентства недвижимости в Москве - адреса, телефоны и отзывы",realestate,spravker,msk,https://msk.spravker.ru/agentstva-nedvizhimosti/,0.70
+74957971117,"Агентства недвижимости в Москве - адреса, телефоны и отзывы",realestate,spravker,msk,https://msk.spravker.ru/agentstva-nedvizhimosti/,0.70
+74957979416,"Агентства недвижимости в Москве - адреса, телефоны и отзывы",realestate,spravker,msk,https://msk.spravker.ru/agentstva-nedvizhimosti/,0.70
+74991102294,"Агентства недвижимости в Москве - адреса, телефоны и отзывы",realestate,spravker,msk,https://msk.spravker.ru/agentstva-nedvizhimosti/,0.70
+74993408062,"Агентства недвижимости в Москве - адреса, телефоны и отзывы",realestate,spravker,msk,https://msk.spravker.ru/agentstva-nedvizhimosti/,0.70
+74993903494,"Агентства недвижимости в Москве - адреса, телефоны и отзывы",realestate,spravker,msk,https://msk.spravker.ru/agentstva-nedvizhimosti/,0.70
+74993995590,"Агентства недвижимости в Москве - адреса, телефоны и отзывы",realestate,spravker,msk,https://msk.spravker.ru/agentstva-nedvizhimosti/,0.70
+74994818888,"Агентства недвижимости в Москве - адреса, телефоны и отзывы",realestate,spravker,msk,https://msk.spravker.ru/agentstva-nedvizhimosti/,0.70
+74995860003,"Агентства недвижимости в Москве - адреса, телефоны и отзывы",realestate,spravker,msk,https://msk.spravker.ru/agentstva-nedvizhimosti/,0.70
+78001001068,"Агентства недвижимости в Москве - адреса, телефоны и отзывы",realestate,spravker,msk,https://msk.spravker.ru/agentstva-nedvizhimosti/,0.70
+78001004123,"Агентства недвижимости в Краснодаре - адреса, телефоны и отзывы",realestate,spravker,krasnodar,https://krasnodar.spravker.ru/agentstva-nedvizhimosti/,0.70
+78001012111,"Агентства недвижимости в Краснодаре - адреса, телефоны и отзывы",realestate,spravker,krasnodar,https://krasnodar.spravker.ru/agentstva-nedvizhimosti/,0.70
+78002000825,"Агентства недвижимости в Казани - адреса, телефоны и отзывы",realestate,spravker,kzn,https://kazan.spravker.ru/agentstva-nedvizhimosti/,0.70
+78002001023,"Агентства недвижимости в Краснодаре - адреса, телефоны и отзывы",realestate,spravker,krasnodar,https://krasnodar.spravker.ru/agentstva-nedvizhimosti/,0.70
+78002001032,"Агентства недвижимости в Краснодаре - адреса, телефоны и отзывы",realestate,spravker,krasnodar,https://krasnodar.spravker.ru/agentstva-nedvizhimosti/,0.70
+78002223550,"Агентства недвижимости в Краснодаре - адреса, телефоны и отзывы",realestate,spravker,krasnodar,https://krasnodar.spravker.ru/agentstva-nedvizhimosti/,0.70
+78002340909,"Агентства недвижимости в Краснодаре - адреса, телефоны и отзывы",realestate,spravker,krasnodar,https://krasnodar.spravker.ru/agentstva-nedvizhimosti/,0.70
+78002503040,"Агентства недвижимости в Воронеже - адреса, телефоны и отзывы",realestate,spravker,voronezh,https://voronezh.spravker.ru/agentstva-nedvizhimosti/,0.70
+78003028114,"Агентства недвижимости в Воронеже - адреса, телефоны и отзывы",realestate,spravker,voronezh,https://voronezh.spravker.ru/agentstva-nedvizhimosti/,0.70
+78003502227,"Агентства недвижимости в Москве - адреса, телефоны и отзывы",realestate,spravker,msk,https://msk.spravker.ru/agentstva-nedvizhimosti/,0.70
+78005005128,"Агентства недвижимости в Екатеринбурге - адреса, телефоны и отзывы",realestate,spravker,ekb,https://ekaterinburg.spravker.ru/agentstva-nedvizhimosti/,0.70
+78005005512,"Агентства недвижимости в Краснодаре - адреса, телефоны и отзывы",realestate,spravker,krasnodar,https://krasnodar.spravker.ru/agentstva-nedvizhimosti/,0.70
+78005005607,"Агентства недвижимости в Москве - адреса, телефоны и отзывы",realestate,spravker,msk,https://msk.spravker.ru/agentstva-nedvizhimosti/,0.70
+78005006795,"Агентства недвижимости в Челябинске - адреса, телефоны и отзывы",realestate,spravker,chelyabinsk,https://chelyabinsk.spravker.ru/agentstva-nedvizhimosti/,0.70
+78005007181,"Агентства недвижимости в Москве - адреса, телефоны и отзывы",realestate,spravker,msk,https://msk.spravker.ru/agentstva-nedvizhimosti/,0.70
+78005009222,"Агентства недвижимости в Воронеже - адреса, телефоны и отзывы",realestate,spravker,voronezh,https://voronezh.spravker.ru/agentstva-nedvizhimosti/,0.70
+78005055200,"Агентства недвижимости в Воронеже - адреса, телефоны и отзывы",realestate,spravker,voronezh,https://voronezh.spravker.ru/agentstva-nedvizhimosti/,0.70
+78005055885,"Агентства недвижимости в Воронеже - адреса, телефоны и отзывы",realestate,spravker,voronezh,https://voronezh.spravker.ru/agentstva-nedvizhimosti/,0.70
+78005116508,"Агентства недвижимости в Санкт-Петербурге - адреса, телефоны и отзывы",realestate,spravker,spb,https://spb.spravker.ru/agentstva-nedvizhimosti/,0.70
+78005119006,"Агентства недвижимости в Екатеринбурге - адреса, телефоны и отзывы",realestate,spravker,ekb,https://ekaterinburg.spravker.ru/agentstva-nedvizhimosti/,0.70
+78005503373,"Агентства недвижимости в Краснодаре - адреса, телефоны и отзывы",realestate,spravker,krasnodar,https://krasnodar.spravker.ru/agentstva-nedvizhimosti/,0.70
+78005506799,"Агентства недвижимости в Москве - адреса, телефоны и отзывы",realestate,spravker,msk,https://msk.spravker.ru/agentstva-nedvizhimosti/,0.70
+78005510182,"Агентства недвижимости в Челябинске - адреса, телефоны и отзывы",realestate,spravker,chelyabinsk,https://chelyabinsk.spravker.ru/agentstva-nedvizhimosti/,0.70
+78005553089,"Агентства недвижимости в Воронеже - адреса, телефоны и отзывы",realestate,spravker,voronezh,https://voronezh.spravker.ru/agentstva-nedvizhimosti/,0.70
+78007001510,"Агентства недвижимости в Воронеже - адреса, телефоны и отзывы",realestate,spravker,voronezh,https://voronezh.spravker.ru/agentstva-nedvizhimosti/,0.70
+78007004736,"Агентства недвижимости в Воронеже - адреса, телефоны и отзывы",realestate,spravker,voronezh,https://voronezh.spravker.ru/agentstva-nedvizhimosti/,0.70
+78007005203,"Агентства недвижимости в Воронеже - адреса, телефоны и отзывы",realestate,spravker,voronezh,https://voronezh.spravker.ru/agentstva-nedvizhimosti/,0.70
+78007005968,"Агентства недвижимости в Краснодаре - адреса, телефоны и отзывы",realestate,spravker,krasnodar,https://krasnodar.spravker.ru/agentstva-nedvizhimosti/,0.70
+78007070612,"Агентства недвижимости в Краснодаре - адреса, телефоны и отзывы",realestate,spravker,krasnodar,https://krasnodar.spravker.ru/agentstva-nedvizhimosti/,0.70
+78007070815,"Агентства недвижимости в Краснодаре - адреса, телефоны и отзывы",realestate,spravker,krasnodar,https://krasnodar.spravker.ru/agentstva-nedvizhimosti/,0.70
+78007075109,"ООО &quot;Айти Тест Групп&quot; Тула (ИНН 7100000374) адрес, официальный сайт и телефон",realestate,rusprofile,,https://www.rusprofile.ru/id/855116,0.70
+78007078144,"Агентства недвижимости в Санкт-Петербурге - адреса, телефоны и отзывы",realestate,spravker,spb,https://spb.spravker.ru/agentstva-nedvizhimosti/,0.70
+78007700609,"Агентства недвижимости в Краснодаре - адреса, телефоны и отзывы",realestate,spravker,krasnodar,https://krasnodar.spravker.ru/agentstva-nedvizhimosti/,0.70
+78007770154,"Агентства недвижимости в Краснодаре - адреса, телефоны и отзывы",realestate,spravker,krasnodar,https://krasnodar.spravker.ru/agentstva-nedvizhimosti/,0.70
+78007773223,"Агентства недвижимости в Санкт-Петербурге - адреса, телефоны и отзывы",realestate,spravker,spb,https://spb.spravker.ru/agentstva-nedvizhimosti/,0.70
+78007778753,"Агентства недвижимости в Санкт-Петербурге - адреса, телефоны и отзывы",realestate,spravker,spb,https://spb.spravker.ru/agentstva-nedvizhimosti/,0.70
+78122104674,"Агентства недвижимости в Санкт-Петербурге - адреса, телефоны и отзывы",realestate,spravker,spb,https://spb.spravker.ru/agentstva-nedvizhimosti/,0.70
+78122201545,"Агентства недвижимости в Санкт-Петербурге - адреса, телефоны и отзывы",realestate,spravker,spb,https://spb.spravker.ru/agentstva-nedvizhimosti/,0.70
+78123099101,"Агентства недвижимости в Санкт-Петербурге - адреса, телефоны и отзывы",realestate,spravker,spb,https://spb.spravker.ru/agentstva-nedvizhimosti/,0.70
+78123099407,"Агентства недвижимости в Санкт-Петербурге - адреса, телефоны и отзывы",realestate,spravker,spb,https://spb.spravker.ru/agentstva-nedvizhimosti/,0.70
+78123102539,"Агентства недвижимости в Санкт-Петербурге - адреса, телефоны и отзывы",realestate,spravker,spb,https://spb.spravker.ru/agentstva-nedvizhimosti/,0.70
+78123105006,"Агентства недвижимости в Санкт-Петербурге - адреса, телефоны и отзывы",realestate,spravker,spb,https://spb.spravker.ru/agentstva-nedvizhimosti/,0.70
+78123136162,"Агентства недвижимости в Санкт-Петербурге - адреса, телефоны и отзывы",realestate,spravker,spb,https://spb.spravker.ru/agentstva-nedvizhimosti/,0.70
+78123200320,"Агентства недвижимости в Санкт-Петербурге - адреса, телефоны и отзывы",realestate,spravker,spb,https://spb.spravker.ru/agentstva-nedvizhimosti/,0.70
+78123220055,"Агентства недвижимости в Санкт-Петербурге - адреса, телефоны и отзывы",realestate,spravker,spb,https://spb.spravker.ru/agentstva-nedvizhimosti/,0.70
+78123274979,"Агентства недвижимости в Санкт-Петербурге - адреса, телефоны и отзывы",realestate,spravker,spb,https://spb.spravker.ru/agentstva-nedvizhimosti/,0.70
+78123290579,"Агентства недвижимости в Санкт-Петербурге - адреса, телефоны и отзывы",realestate,spravker,spb,https://spb.spravker.ru/agentstva-nedvizhimosti/,0.70
+78123313248,"Агентства недвижимости в Санкт-Петербурге - адреса, телефоны и отзывы",realestate,spravker,spb,https://spb.spravker.ru/agentstva-nedvizhimosti/,0.70
+78123333999,"Агентства недвижимости в Санкт-Петербурге - адреса, телефоны и отзывы",realestate,spravker,spb,https://spb.spravker.ru/agentstva-nedvizhimosti/,0.70
+78123351851,"Агентства недвижимости в Санкт-Петербурге - адреса, телефоны и отзывы",realestate,spravker,spb,https://spb.spravker.ru/agentstva-nedvizhimosti/,0.70
+78123803091,"Агентства недвижимости в Санкт-Петербурге - адреса, телефоны и отзывы",realestate,spravker,spb,https://spb.spravker.ru/agentstva-nedvizhimosti/,0.70
+78123853308,"Агентства недвижимости в Санкт-Петербурге - адреса, телефоны и отзывы",realestate,spravker,spb,https://spb.spravker.ru/agentstva-nedvizhimosti/,0.70
+78124081485,"Агентства недвижимости в Санкт-Петербурге - адреса, телефоны и отзывы",realestate,spravker,spb,https://spb.spravker.ru/agentstva-nedvizhimosti/,0.70
+78124182070,"Агентства недвижимости в Санкт-Петербурге - адреса, телефоны и отзывы",realestate,spravker,spb,https://spb.spravker.ru/agentstva-nedvizhimosti/,0.70
+78124244395,"Агентства недвижимости в Санкт-Петербурге - адреса, телефоны и отзывы",realestate,spravker,spb,https://spb.spravker.ru/agentstva-nedvizhimosti/,0.70
+78124253948,"Агентства недвижимости в Санкт-Петербурге - адреса, телефоны и отзывы",realestate,spravker,spb,https://spb.spravker.ru/agentstva-nedvizhimosti/,0.70
+78124458220,"Агентства недвижимости в Санкт-Петербурге - адреса, телефоны и отзывы",realestate,spravker,spb,https://spb.spravker.ru/agentstva-nedvizhimosti/,0.70
+78124570650,"Агентства недвижимости в Санкт-Петербурге - адреса, телефоны и отзывы",realestate,spravker,spb,https://spb.spravker.ru/agentstva-nedvizhimosti/,0.70
+78124674505,"Агентства недвижимости в Санкт-Петербурге - адреса, телефоны и отзывы",realestate,spravker,spb,https://spb.spravker.ru/agentstva-nedvizhimosti/,0.70
+78126029772,"Агентства недвижимости в Санкт-Петербурге - адреса, телефоны и отзывы",realestate,spravker,spb,https://spb.spravker.ru/agentstva-nedvizhimosti/,0.70
+78126042830,"Агентства недвижимости в Санкт-Петербурге - адреса, телефоны и отзывы",realestate,spravker,spb,https://spb.spravker.ru/agentstva-nedvizhimosti/,0.70
+78126110311,"Агентства недвижимости в Санкт-Петербурге - адреса, телефоны и отзывы",realestate,spravker,spb,https://spb.spravker.ru/agentstva-nedvizhimosti/,0.70
+78126122828,"Агентства недвижимости в Санкт-Петербурге - адреса, телефоны и отзывы",realestate,spravker,spb,https://spb.spravker.ru/agentstva-nedvizhimosti/,0.70
+78126420686,"Агентства недвижимости в Санкт-Петербурге - адреса, телефоны и отзывы",realestate,spravker,spb,https://spb.spravker.ru/agentstva-nedvizhimosti/,0.70
+78126480357,"Агентства недвижимости в Санкт-Петербурге - адреса, телефоны и отзывы",realestate,spravker,spb,https://spb.spravker.ru/agentstva-nedvizhimosti/,0.70
+78126488822,"Агентства недвижимости в Санкт-Петербурге - адреса, телефоны и отзывы",realestate,spravker,spb,https://spb.spravker.ru/agentstva-nedvizhimosti/,0.70
+78127186545,"Агентства недвижимости в Санкт-Петербурге - адреса, телефоны и отзывы",realestate,spravker,spb,https://spb.spravker.ru/agentstva-nedvizhimosti/,0.70
+78127186918,"Агентства недвижимости в Санкт-Петербурге - адреса, телефоны и отзывы",realestate,spravker,spb,https://spb.spravker.ru/agentstva-nedvizhimosti/,0.70
+78127186969,"Агентства недвижимости в Санкт-Петербурге - адреса, телефоны и отзывы",realestate,spravker,spb,https://spb.spravker.ru/agentstva-nedvizhimosti/,0.70
+78127771220,"Агентства недвижимости в Санкт-Петербурге - адреса, телефоны и отзывы",realestate,spravker,spb,https://spb.spravker.ru/agentstva-nedvizhimosti/,0.70
+78129025050,"Агентства недвижимости в Санкт-Петербурге - адреса, телефоны и отзывы",realestate,spravker,spb,https://spb.spravker.ru/agentstva-nedvizhimosti/,0.70
+78129071515,"Агентства недвижимости в Санкт-Петербурге - адреса, телефоны и отзывы",realestate,spravker,spb,https://spb.spravker.ru/agentstva-nedvizhimosti/,0.70
+78129101040,"Агентства недвижимости в Санкт-Петербурге - адреса, телефоны и отзывы",realestate,spravker,spb,https://spb.spravker.ru/agentstva-nedvizhimosti/,0.70
+78129149292,"Агентства недвижимости в Санкт-Петербурге - адреса, телефоны и отзывы",realestate,spravker,spb,https://spb.spravker.ru/agentstva-nedvizhimosti/,0.70
+78129248817,"Агентства недвижимости в Санкт-Петербурге - адреса, телефоны и отзывы",realestate,spravker,spb,https://spb.spravker.ru/agentstva-nedvizhimosti/,0.70
+78129299612,"Агентства недвижимости в Санкт-Петербурге - адреса, телефоны и отзывы",realestate,spravker,spb,https://spb.spravker.ru/agentstva-nedvizhimosti/,0.70
+78129525400,"Агентства недвижимости в Санкт-Петербурге - адреса, телефоны и отзывы",realestate,spravker,spb,https://spb.spravker.ru/agentstva-nedvizhimosti/,0.70
+78129554040,"Агентства недвижимости в Санкт-Петербурге - адреса, телефоны и отзывы",realestate,spravker,spb,https://spb.spravker.ru/agentstva-nedvizhimosti/,0.70
+78129876306,"Агентства недвижимости в Санкт-Петербурге - адреса, телефоны и отзывы",realestate,spravker,spb,https://spb.spravker.ru/agentstva-nedvizhimosti/,0.70
+78235294118,"Агентства недвижимости в Санкт-Петербурге - адреса, телефоны и отзывы",realestate,spravker,spb,https://spb.spravker.ru/agentstva-nedvizhimosti/,0.70
+78432033411,"Агентства недвижимости в Казани - адреса, телефоны и отзывы",realestate,spravker,kzn,https://kazan.spravker.ru/agentstva-nedvizhimosti/,0.70
+78432033550,"Агентства недвижимости в Казани - адреса, телефоны и отзывы",realestate,spravker,kzn,https://kazan.spravker.ru/agentstva-nedvizhimosti/,0.70
+78432034116,"Агентства недвижимости в Казани - адреса, телефоны и отзывы",realestate,spravker,kzn,https://kazan.spravker.ru/agentstva-nedvizhimosti/,0.70
+78432057120,"Агентства недвижимости в Казани - адреса, телефоны и отзывы",realestate,spravker,kzn,https://kazan.spravker.ru/agentstva-nedvizhimosti/,0.70
+78432071095,"Агентства недвижимости в Казани - адреса, телефоны и отзывы",realestate,spravker,kzn,https://kazan.spravker.ru/agentstva-nedvizhimosti/,0.70
+78432071392,"Агентства недвижимости в Казани - адреса, телефоны и отзывы",realestate,spravker,kzn,https://kazan.spravker.ru/agentstva-nedvizhimosti/,0.70
+78432071438,"Агентства недвижимости в Казани - адреса, телефоны и отзывы",realestate,spravker,kzn,https://kazan.spravker.ru/agentstva-nedvizhimosti/,0.70
+78432072513,"Агентства недвижимости в Казани - адреса, телефоны и отзывы",realestate,spravker,kzn,https://kazan.spravker.ru/agentstva-nedvizhimosti/,0.70
+78432100770,"Агентства недвижимости в Казани - адреса, телефоны и отзывы",realestate,spravker,kzn,https://kazan.spravker.ru/agentstva-nedvizhimosti/,0.70
+78432122069,"Агентства недвижимости в Казани - адреса, телефоны и отзывы",realestate,spravker,kzn,https://kazan.spravker.ru/agentstva-nedvizhimosti/,0.70
+78432122277,"Агентства недвижимости в Казани - адреса, телефоны и отзывы",realestate,spravker,kzn,https://kazan.spravker.ru/agentstva-nedvizhimosti/,0.70
+78432122938,"Агентства недвижимости в Казани - адреса, телефоны и отзывы",realestate,spravker,kzn,https://kazan.spravker.ru/agentstva-nedvizhimosti/,0.70
+78432123596,"Агентства недвижимости в Казани - адреса, телефоны и отзывы",realestate,spravker,kzn,https://kazan.spravker.ru/agentstva-nedvizhimosti/,0.70
+78432148824,"Агентства недвижимости в Казани - адреса, телефоны и отзывы",realestate,spravker,kzn,https://kazan.spravker.ru/agentstva-nedvizhimosti/,0.70
+78432262626,"Агентства недвижимости в Казани - адреса, телефоны и отзывы",realestate,spravker,kzn,https://kazan.spravker.ru/agentstva-nedvizhimosti/,0.70
+78432318484,"Агентства недвижимости в Казани - адреса, телефоны и отзывы",realestate,spravker,kzn,https://kazan.spravker.ru/agentstva-nedvizhimosti/,0.70
+78432330011,"Агентства недвижимости в Казани - адреса, телефоны и отзывы",realestate,spravker,kzn,https://kazan.spravker.ru/agentstva-nedvizhimosti/,0.70
+78432391111,"Агентства недвижимости в Казани - адреса, телефоны и отзывы",realestate,spravker,kzn,https://kazan.spravker.ru/agentstva-nedvizhimosti/,0.70
+78432392280,"Агентства недвижимости в Казани - адреса, телефоны и отзывы",realestate,spravker,kzn,https://kazan.spravker.ru/agentstva-nedvizhimosti/,0.70
+78432392668,"Агентства недвижимости в Казани - адреса, телефоны и отзывы",realestate,spravker,kzn,https://kazan.spravker.ru/agentstva-nedvizhimosti/,0.70
+78432408898,"Агентства недвижимости в Казани - адреса, телефоны и отзывы",realestate,spravker,kzn,https://kazan.spravker.ru/agentstva-nedvizhimosti/,0.70
+78432448021,"Агентства недвижимости в Казани - адреса, телефоны и отзывы",realestate,spravker,kzn,https://kazan.spravker.ru/agentstva-nedvizhimosti/,0.70
+78432450535,"Агентства недвижимости в Казани - адреса, телефоны и отзывы",realestate,spravker,kzn,https://kazan.spravker.ru/agentstva-nedvizhimosti/,0.70
+78432461020,"Агентства недвижимости в Казани - адреса, телефоны и отзывы",realestate,spravker,kzn,https://kazan.spravker.ru/agentstva-nedvizhimosti/,0.70
+78432463333,"Агентства недвижимости в Казани - адреса, телефоны и отзывы",realestate,spravker,kzn,https://kazan.spravker.ru/agentstva-nedvizhimosti/,0.70
+78432494309,"Агентства недвижимости в Казани - адреса, телефоны и отзывы",realestate,spravker,kzn,https://kazan.spravker.ru/agentstva-nedvizhimosti/,0.70
+78432511707,"Агентства недвижимости в Казани - адреса, телефоны и отзывы",realestate,spravker,kzn,https://kazan.spravker.ru/agentstva-nedvizhimosti/,0.70
+78432513884,"Агентства недвижимости в Казани - адреса, телефоны и отзывы",realestate,spravker,kzn,https://kazan.spravker.ru/agentstva-nedvizhimosti/,0.70
+78432514001,"Агентства недвижимости в Казани - адреса, телефоны и отзывы",realestate,spravker,kzn,https://kazan.spravker.ru/agentstva-nedvizhimosti/,0.70
+78432517960,"Агентства недвижимости в Казани - адреса, телефоны и отзывы",realestate,spravker,kzn,https://kazan.spravker.ru/agentstva-nedvizhimosti/,0.70
+78432580015,"Агентства недвижимости в Казани - адреса, телефоны и отзывы",realestate,spravker,kzn,https://kazan.spravker.ru/agentstva-nedvizhimosti/,0.70
+78432583913,"Агентства недвижимости в Казани - адреса, телефоны и отзывы",realestate,spravker,kzn,https://kazan.spravker.ru/agentstva-nedvizhimosti/,0.70
+78432596116,"Агентства недвижимости в Казани - адреса, телефоны и отзывы",realestate,spravker,kzn,https://kazan.spravker.ru/agentstva-nedvizhimosti/,0.70
+78432603090,"Агентства недвижимости в Казани - адреса, телефоны и отзывы",realestate,spravker,kzn,https://kazan.spravker.ru/agentstva-nedvizhimosti/,0.70
+78432603131,"Агентства недвижимости в Казани - адреса, телефоны и отзывы",realestate,spravker,kzn,https://kazan.spravker.ru/agentstva-nedvizhimosti/,0.70
+78432650577,"Агентства недвижимости в Казани - адреса, телефоны и отзывы",realestate,spravker,kzn,https://kazan.spravker.ru/agentstva-nedvizhimosti/,0.70
+78432655355,"Агентства недвижимости в Казани - адреса, телефоны и отзывы",realestate,spravker,kzn,https://kazan.spravker.ru/agentstva-nedvizhimosti/,0.70
+78432672929,"Агентства недвижимости в Казани - адреса, телефоны и отзывы",realestate,spravker,kzn,https://kazan.spravker.ru/agentstva-nedvizhimosti/,0.70
+78432791046,"Агентства недвижимости в Казани - адреса, телефоны и отзывы",realestate,spravker,kzn,https://kazan.spravker.ru/agentstva-nedvizhimosti/,0.70
+78432800697,"Агентства недвижимости в Казани - адреса, телефоны и отзывы",realestate,spravker,kzn,https://kazan.spravker.ru/agentstva-nedvizhimosti/,0.70
+78435000013,"Агентства недвижимости в Казани - адреса, телефоны и отзывы",realestate,spravker,kzn,https://kazan.spravker.ru/agentstva-nedvizhimosti/,0.70
+78435000026,"Агентства недвижимости в Казани - адреса, телефоны и отзывы",realestate,spravker,kzn,https://kazan.spravker.ru/agentstva-nedvizhimosti/,0.70
+78435555553,"Агентства недвижимости в Казани - адреса, телефоны и отзывы",realestate,spravker,kzn,https://kazan.spravker.ru/agentstva-nedvizhimosti/,0.70
+78452353817,"ООО Специализированный Застройщик &quot;Литис&quot; Воронеж (ИНН 3664060267) адрес, официальный сайт и телефон",realestate,rusprofile,,https://www.rusprofile.ru/id/2305752,0.70
+78612042910,"Агентства недвижимости в Краснодаре - адреса, телефоны и отзывы",realestate,spravker,krasnodar,https://krasnodar.spravker.ru/agentstva-nedvizhimosti/,0.70
+78612043379,"Агентства недвижимости в Краснодаре - адреса, телефоны и отзывы",realestate,spravker,krasnodar,https://krasnodar.spravker.ru/agentstva-nedvizhimosti/,0.70
+78612051108,"Агентства недвижимости в Краснодаре - адреса, телефоны и отзывы",realestate,spravker,krasnodar,https://krasnodar.spravker.ru/agentstva-nedvizhimosti/,0.70
+78612139511,"Агентства недвижимости в Краснодаре - адреса, телефоны и отзывы",realestate,spravker,krasnodar,https://krasnodar.spravker.ru/agentstva-nedvizhimosti/,0.70
+78612166692,"Агентства недвижимости в Краснодаре - адреса, телефоны и отзывы",realestate,spravker,krasnodar,https://krasnodar.spravker.ru/agentstva-nedvizhimosti/,0.70
+78612166693,"Агентства недвижимости в Краснодаре - адреса, телефоны и отзывы",realestate,spravker,krasnodar,https://krasnodar.spravker.ru/agentstva-nedvizhimosti/,0.70
+78612421101,"Агентства недвижимости в Краснодаре - адреса, телефоны и отзывы",realestate,spravker,krasnodar,https://krasnodar.spravker.ru/agentstva-nedvizhimosti/,0.70
+78612452552,"Агентства недвижимости в Краснодаре - адреса, телефоны и отзывы",realestate,spravker,krasnodar,https://krasnodar.spravker.ru/agentstva-nedvizhimosti/,0.70
+78612621334,"Агентства недвижимости в Краснодаре - адреса, телефоны и отзывы",realestate,spravker,krasnodar,https://krasnodar.spravker.ru/agentstva-nedvizhimosti/,0.70
+78612634059,"Агентства недвижимости в Краснодаре - адреса, телефоны и отзывы",realestate,spravker,krasnodar,https://krasnodar.spravker.ru/agentstva-nedvizhimosti/,0.70
+78612794444,"Агентства недвижимости в Краснодаре - адреса, телефоны и отзывы",realestate,spravker,krasnodar,https://krasnodar.spravker.ru/agentstva-nedvizhimosti/,0.70
+78619459405,"Агентства недвижимости в Краснодаре - адреса, телефоны и отзывы",realestate,spravker,krasnodar,https://krasnodar.spravker.ru/agentstva-nedvizhimosti/,0.70
+78619915323,"Агентства недвижимости в Краснодаре - адреса, телефоны и отзывы",realestate,spravker,krasnodar,https://krasnodar.spravker.ru/agentstva-nedvizhimosti/,0.70
+79000222499,"Агентства недвижимости в Челябинске - адреса, телефоны и отзывы",realestate,spravker,chelyabinsk,https://chelyabinsk.spravker.ru/agentstva-nedvizhimosti/,0.70
+79000282277,"Агентства недвижимости в Челябинске - адреса, телефоны и отзывы",realestate,spravker,chelyabinsk,https://chelyabinsk.spravker.ru/agentstva-nedvizhimosti/,0.70
+79000807080,"Агентства недвижимости в Челябинске - адреса, телефоны и отзывы",realestate,spravker,chelyabinsk,https://chelyabinsk.spravker.ru/agentstva-nedvizhimosti/,0.70
+79000926088,"Агентства недвижимости в Челябинске - адреса, телефоны и отзывы",realestate,spravker,chelyabinsk,https://chelyabinsk.spravker.ru/agentstva-nedvizhimosti/,0.70
+79002326151,"Агентства недвижимости в Краснодаре - адреса, телефоны и отзывы",realestate,spravker,krasnodar,https://krasnodar.spravker.ru/agentstva-nedvizhimosti/,0.70
+79002432223,"Агентства недвижимости в Краснодаре - адреса, телефоны и отзывы",realestate,spravker,krasnodar,https://krasnodar.spravker.ru/agentstva-nedvizhimosti/,0.70
+79002432225,"Агентства недвижимости в Краснодаре - адреса, телефоны и отзывы",realestate,spravker,krasnodar,https://krasnodar.spravker.ru/agentstva-nedvizhimosti/,0.70
+79002485151,"Агентства недвижимости в Краснодаре - адреса, телефоны и отзывы",realestate,spravker,krasnodar,https://krasnodar.spravker.ru/agentstva-nedvizhimosti/,0.70
+79002559454,"Агентства недвижимости в Краснодаре - адреса, телефоны и отзывы",realestate,spravker,krasnodar,https://krasnodar.spravker.ru/agentstva-nedvizhimosti/,0.70
+79002956420,"Агентства недвижимости в Краснодаре - адреса, телефоны и отзывы",realestate,spravker,krasnodar,https://krasnodar.spravker.ru/agentstva-nedvizhimosti/,0.70
+79003075807,"Агентства недвижимости в Воронеже - адреса, телефоны и отзывы",realestate,spravker,voronezh,https://voronezh.spravker.ru/agentstva-nedvizhimosti/,0.70
+79022625259,"Агентства недвижимости в Екатеринбурге - адреса, телефоны и отзывы",realestate,spravker,ekb,https://ekaterinburg.spravker.ru/agentstva-nedvizhimosti/,0.70
+79024098877,"Агентства недвижимости в Екатеринбурге - адреса, телефоны и отзывы",realestate,spravker,ekb,https://ekaterinburg.spravker.ru/agentstva-nedvizhimosti/,0.70
+79026058128,"Агентства недвижимости в Челябинске - адреса, телефоны и отзывы",realestate,spravker,chelyabinsk,https://chelyabinsk.spravker.ru/agentstva-nedvizhimosti/,0.70
+79028707614,"Агентства недвижимости в Екатеринбурге - адреса, телефоны и отзывы",realestate,spravker,ekb,https://ekaterinburg.spravker.ru/agentstva-nedvizhimosti/,0.70
+79028724063,"Агентства недвижимости в Екатеринбурге - адреса, телефоны и отзывы",realestate,spravker,ekb,https://ekaterinburg.spravker.ru/agentstva-nedvizhimosti/,0.70
+79028961109,"Агентства недвижимости в Челябинске - адреса, телефоны и отзывы",realestate,spravker,chelyabinsk,https://chelyabinsk.spravker.ru/agentstva-nedvizhimosti/,0.70
+79030925270,"Агентства недвижимости в Санкт-Петербурге - адреса, телефоны и отзывы",realestate,spravker,spb,https://spb.spravker.ru/agentstva-nedvizhimosti/,0.70
+79033055004,"Агентства недвижимости в Казани - адреса, телефоны и отзывы",realestate,spravker,kzn,https://kazan.spravker.ru/agentstva-nedvizhimosti/,0.70
+79033638863,"Агентства недвижимости в Москве - адреса, телефоны и отзывы",realestate,spravker,msk,https://msk.spravker.ru/agentstva-nedvizhimosti/,0.70
+79034112403,"Агентства недвижимости в Краснодаре - адреса, телефоны и отзывы",realestate,spravker,krasnodar,https://krasnodar.spravker.ru/agentstva-nedvizhimosti/,0.70
+79034591413,"Агентства недвижимости в Краснодаре - адреса, телефоны и отзывы",realestate,spravker,krasnodar,https://krasnodar.spravker.ru/agentstva-nedvizhimosti/,0.70
+79034592564,"Агентства недвижимости в Краснодаре - адреса, телефоны и отзывы",realestate,spravker,krasnodar,https://krasnodar.spravker.ru/agentstva-nedvizhimosti/,0.70
+79037261501,"Агентства недвижимости в Москве - адреса, телефоны и отзывы",realestate,spravker,msk,https://msk.spravker.ru/agentstva-nedvizhimosti/,0.70
+79037924886,"Агентства недвижимости в Москве - адреса, телефоны и отзывы",realestate,spravker,msk,https://msk.spravker.ru/agentstva-nedvizhimosti/,0.70
+79037971117,"Агентства недвижимости в Москве - адреса, телефоны и отзывы",realestate,spravker,msk,https://msk.spravker.ru/agentstva-nedvizhimosti/,0.70
+79038589453,"Агентства недвижимости в Воронеже - адреса, телефоны и отзывы",realestate,spravker,voronezh,https://voronezh.spravker.ru/agentstva-nedvizhimosti/,0.70
+79042100446,"Агентства недвижимости в Воронеже - адреса, телефоны и отзывы",realestate,spravker,voronezh,https://voronezh.spravker.ru/agentstva-nedvizhimosti/,0.70
+79043018581,"Агентства недвижимости в Челябинске - адреса, телефоны и отзывы",realestate,spravker,chelyabinsk,https://chelyabinsk.spravker.ru/agentstva-nedvizhimosti/,0.70
+79043867210,"Агентства недвижимости в Екатеринбурге - адреса, телефоны и отзывы",realestate,spravker,ekb,https://ekaterinburg.spravker.ru/agentstva-nedvizhimosti/,0.70
+79045121018,"Агентства недвижимости в Санкт-Петербурге - адреса, телефоны и отзывы",realestate,spravker,spb,https://spb.spravker.ru/agentstva-nedvizhimosti/,0.70
+79045140489,"Агентства недвижимости в Санкт-Петербурге - адреса, телефоны и отзывы",realestate,spravker,spb,https://spb.spravker.ru/agentstva-nedvizhimosti/,0.70
+79046768610,"Агентства недвижимости в Казани - адреса, телефоны и отзывы",realestate,spravker,kzn,https://kazan.spravker.ru/agentstva-nedvizhimosti/,0.70
+79046773355,"Агентства недвижимости в Казани - адреса, телефоны и отзывы",realestate,spravker,kzn,https://kazan.spravker.ru/agentstva-nedvizhimosti/,0.70
+79047121314,"Агентства недвижимости в Казани - адреса, телефоны и отзывы",realestate,spravker,kzn,https://kazan.spravker.ru/agentstva-nedvizhimosti/,0.70
+79047147960,"Агентства недвижимости в Казани - адреса, телефоны и отзывы",realestate,spravker,kzn,https://kazan.spravker.ru/agentstva-nedvizhimosti/,0.70
+79047172292,"Агентства недвижимости в Казани - адреса, телефоны и отзывы",realestate,spravker,kzn,https://kazan.spravker.ru/agentstva-nedvizhimosti/,0.70
+79048024555,"Агентства недвижимости в Челябинске - адреса, телефоны и отзывы",realestate,spravker,chelyabinsk,https://chelyabinsk.spravker.ru/agentstva-nedvizhimosti/,0.70
+79048033388,"Агентства недвижимости в Челябинске - адреса, телефоны и отзывы",realestate,spravker,chelyabinsk,https://chelyabinsk.spravker.ru/agentstva-nedvizhimosti/,0.70
+79049488989,"Агентства недвижимости в Челябинске - адреса, телефоны и отзывы",realestate,spravker,chelyabinsk,https://chelyabinsk.spravker.ru/agentstva-nedvizhimosti/,0.70
+79049799519,"Агентства недвижимости в Челябинске - адреса, телефоны и отзывы",realestate,spravker,chelyabinsk,https://chelyabinsk.spravker.ru/agentstva-nedvizhimosti/,0.70
+79052545585,"Агентства недвижимости в Санкт-Петербурге - адреса, телефоны и отзывы",realestate,spravker,spb,https://spb.spravker.ru/agentstva-nedvizhimosti/,0.70
+79052845599,"Агентства недвижимости в Санкт-Петербурге - адреса, телефоны и отзывы",realestate,spravker,spb,https://spb.spravker.ru/agentstva-nedvizhimosti/,0.70
+79052858885,"Агентства недвижимости в Санкт-Петербурге - адреса, телефоны и отзывы",realestate,spravker,spb,https://spb.spravker.ru/agentstva-nedvizhimosti/,0.70
+79053757962,"Агентства недвижимости в Казани - адреса, телефоны и отзывы",realestate,spravker,kzn,https://kazan.spravker.ru/agentstva-nedvizhimosti/,0.70
+79053772101,"Агентства недвижимости в Казани - адреса, телефоны и отзывы",realestate,spravker,kzn,https://kazan.spravker.ru/agentstva-nedvizhimosti/,0.70
+79053779262,"Агентства недвижимости в Казани - адреса, телефоны и отзывы",realestate,spravker,kzn,https://kazan.spravker.ru/agentstva-nedvizhimosti/,0.70
+79055153346,"Агентства недвижимости в Москве - адреса, телефоны и отзывы",realestate,spravker,msk,https://msk.spravker.ru/agentstva-nedvizhimosti/,0.70
+79056538386,"Агентства недвижимости в Воронеже - адреса, телефоны и отзывы",realestate,spravker,voronezh,https://voronezh.spravker.ru/agentstva-nedvizhimosti/,0.70
+79057499922,"Агентства недвижимости в Москве - адреса, телефоны и отзывы",realestate,spravker,msk,https://msk.spravker.ru/agentstva-nedvizhimosti/,0.70
+79057990027,"Агентства недвижимости в Москве - адреса, телефоны и отзывы",realestate,spravker,msk,https://msk.spravker.ru/agentstva-nedvizhimosti/,0.70
+79060330366,"Агентства недвижимости в Москве - адреса, телефоны и отзывы",realestate,spravker,msk,https://msk.spravker.ru/agentstva-nedvizhimosti/,0.70
+79061211374,"Агентства недвижимости в Казани - адреса, телефоны и отзывы",realestate,spravker,kzn,https://kazan.spravker.ru/agentstva-nedvizhimosti/,0.70
+79063271955,"Агентства недвижимости в Казани - адреса, телефоны и отзывы",realestate,spravker,kzn,https://kazan.spravker.ru/agentstva-nedvizhimosti/,0.70
+79080516151,"Агентства недвижимости в Челябинске - адреса, телефоны и отзывы",realestate,spravker,chelyabinsk,https://chelyabinsk.spravker.ru/agentstva-nedvizhimosti/,0.70
+79080807707,"Агентства недвижимости в Челябинске - адреса, телефоны и отзывы",realestate,spravker,chelyabinsk,https://chelyabinsk.spravker.ru/agentstva-nedvizhimosti/,0.70
+79080811300,"Агентства недвижимости в Челябинске - адреса, телефоны и отзывы",realestate,spravker,chelyabinsk,https://chelyabinsk.spravker.ru/agentstva-nedvizhimosti/,0.70
+79081379845,"Агентства недвижимости в Воронеже - адреса, телефоны и отзывы",realestate,spravker,voronezh,https://voronezh.spravker.ru/agentstva-nedvizhimosti/,0.70
+79086315339,"Агентства недвижимости в Екатеринбурге - адреса, телефоны и отзывы",realestate,spravker,ekb,https://ekaterinburg.spravker.ru/agentstva-nedvizhimosti/,0.70
+79087001681,"Агентства недвижимости в Челябинске - адреса, телефоны и отзывы",realestate,spravker,chelyabinsk,https://chelyabinsk.spravker.ru/agentstva-nedvizhimosti/,0.70
+79089332150,"Агентства недвижимости в Челябинске - адреса, телефоны и отзывы",realestate,spravker,chelyabinsk,https://chelyabinsk.spravker.ru/agentstva-nedvizhimosti/,0.70
+79092163242,"Агентства недвижимости в Воронеже - адреса, телефоны и отзывы",realestate,spravker,voronezh,https://voronezh.spravker.ru/agentstva-nedvizhimosti/,0.70
+79101436667,"Агентства недвижимости в Казани - адреса, телефоны и отзывы",realestate,spravker,kzn,https://kazan.spravker.ru/agentstva-nedvizhimosti/,0.70
+79102406431,"Агентства недвижимости в Воронеже - адреса, телефоны и отзывы",realestate,spravker,voronezh,https://voronezh.spravker.ru/agentstva-nedvizhimosti/,0.70
+79102435880,"Агентства недвижимости в Воронеже - адреса, телефоны и отзывы",realestate,spravker,voronezh,https://voronezh.spravker.ru/agentstva-nedvizhimosti/,0.70
+79104265635,"Агентства недвижимости в Москве - адреса, телефоны и отзывы",realestate,spravker,msk,https://msk.spravker.ru/agentstva-nedvizhimosti/,0.70
+79111714493,"Агентства недвижимости в Санкт-Петербурге - адреса, телефоны и отзывы",realestate,spravker,spb,https://spb.spravker.ru/agentstva-nedvizhimosti/,0.70
+79112616108,"Агентства недвижимости в Санкт-Петербурге - адреса, телефоны и отзывы",realestate,spravker,spb,https://spb.spravker.ru/agentstva-nedvizhimosti/,0.70
+79118470545,"Агентства недвижимости в Санкт-Петербурге - адреса, телефоны и отзывы",realestate,spravker,spb,https://spb.spravker.ru/agentstva-nedvizhimosti/,0.70
+79120462626,"Агентства недвижимости в Екатеринбурге - адреса, телефоны и отзывы",realestate,spravker,ekb,https://ekaterinburg.spravker.ru/agentstva-nedvizhimosti/,0.70
+79120502626,"Агентства недвижимости в Екатеринбурге - адреса, телефоны и отзывы",realestate,spravker,ekb,https://ekaterinburg.spravker.ru/agentstva-nedvizhimosti/,0.70
+79122520447,"Агентства недвижимости в Екатеринбурге - адреса, телефоны и отзывы",realestate,spravker,ekb,https://ekaterinburg.spravker.ru/agentstva-nedvizhimosti/,0.70
+79123040505,"Агентства недвижимости в Челябинске - адреса, телефоны и отзывы",realestate,spravker,chelyabinsk,https://chelyabinsk.spravker.ru/agentstva-nedvizhimosti/,0.70
+79126131232,"Агентства недвижимости в Екатеринбурге - адреса, телефоны и отзывы",realestate,spravker,ekb,https://ekaterinburg.spravker.ru/agentstva-nedvizhimosti/,0.70
+79126203801,"Агентства недвижимости в Екатеринбурге - адреса, телефоны и отзывы",realestate,spravker,ekb,https://ekaterinburg.spravker.ru/agentstva-nedvizhimosti/,0.70
+79127733398,"Агентства недвижимости в Челябинске - адреса, телефоны и отзывы",realestate,spravker,chelyabinsk,https://chelyabinsk.spravker.ru/agentstva-nedvizhimosti/,0.70
+79127762090,"Агентства недвижимости в Челябинске - адреса, телефоны и отзывы",realestate,spravker,chelyabinsk,https://chelyabinsk.spravker.ru/agentstva-nedvizhimosti/,0.70
+79151000573,"Агентства недвижимости в Москве - адреса, телефоны и отзывы",realestate,spravker,msk,https://msk.spravker.ru/agentstva-nedvizhimosti/,0.70
+79163103003,"Агентства недвижимости в Москве - адреса, телефоны и отзывы",realestate,spravker,msk,https://msk.spravker.ru/agentstva-nedvizhimosti/,0.70
+79172328777,"Агентства недвижимости в Казани - адреса, телефоны и отзывы",realestate,spravker,kzn,https://kazan.spravker.ru/agentstva-nedvizhimosti/,0.70
+79172756440,"Агентства недвижимости в Казани - адреса, телефоны и отзывы",realestate,spravker,kzn,https://kazan.spravker.ru/agentstva-nedvizhimosti/,0.70
+79172788358,"Агентства недвижимости в Казани - адреса, телефоны и отзывы",realestate,spravker,kzn,https://kazan.spravker.ru/agentstva-nedvizhimosti/,0.70
+79172882088,"Агентства недвижимости в Казани - адреса, телефоны и отзывы",realestate,spravker,kzn,https://kazan.spravker.ru/agentstva-nedvizhimosti/,0.70
+79173960943,"Агентства недвижимости в Казани - адреса, телефоны и отзывы",realestate,spravker,kzn,https://kazan.spravker.ru/agentstva-nedvizhimosti/,0.70
+79181890073,"Агентства недвижимости в Краснодаре - адреса, телефоны и отзывы",realestate,spravker,krasnodar,https://krasnodar.spravker.ru/agentstva-nedvizhimosti/,0.70
+79181988456,"Агентства недвижимости в Краснодаре - адреса, телефоны и отзывы",realestate,spravker,krasnodar,https://krasnodar.spravker.ru/agentstva-nedvizhimosti/,0.70
+79182136776,"Агентства недвижимости в Краснодаре - адреса, телефоны и отзывы",realestate,spravker,krasnodar,https://krasnodar.spravker.ru/agentstva-nedvizhimosti/,0.70
+79182433847,"Агентства недвижимости в Москве - адреса, телефоны и отзывы",realestate,spravker,msk,https://msk.spravker.ru/agentstva-nedvizhimosti/,0.70
+79182551337,"Агентства недвижимости в Краснодаре - адреса, телефоны и отзывы",realestate,spravker,krasnodar,https://krasnodar.spravker.ru/agentstva-nedvizhimosti/,0.70
+79184199920,"Агентства недвижимости в Краснодаре - адреса, телефоны и отзывы",realestate,spravker,krasnodar,https://krasnodar.spravker.ru/agentstva-nedvizhimosti/,0.70
+79184361977,"Агентства недвижимости в Краснодаре - адреса, телефоны и отзывы",realestate,spravker,krasnodar,https://krasnodar.spravker.ru/agentstva-nedvizhimosti/,0.70
+79184633321,"Агентства недвижимости в Краснодаре - адреса, телефоны и отзывы",realestate,spravker,krasnodar,https://krasnodar.spravker.ru/agentstva-nedvizhimosti/,0.70
+79184752727,"Агентства недвижимости в Краснодаре - адреса, телефоны и отзывы",realestate,spravker,krasnodar,https://krasnodar.spravker.ru/agentstva-nedvizhimosti/,0.70
+79184857940,"Агентства недвижимости в Краснодаре - адреса, телефоны и отзывы",realestate,spravker,krasnodar,https://krasnodar.spravker.ru/agentstva-nedvizhimosti/,0.70
+79186556159,"Агентства недвижимости в Краснодаре - адреса, телефоны и отзывы",realestate,spravker,krasnodar,https://krasnodar.spravker.ru/agentstva-nedvizhimosti/,0.70
+79189809569,"Агентства недвижимости в Краснодаре - адреса, телефоны и отзывы",realestate,spravker,krasnodar,https://krasnodar.spravker.ru/agentstva-nedvizhimosti/,0.70
+79191164030,"Агентства недвижимости в Челябинске - адреса, телефоны и отзывы",realestate,spravker,chelyabinsk,https://chelyabinsk.spravker.ru/agentstva-nedvizhimosti/,0.70
+79193145408,"Агентства недвижимости в Челябинске - адреса, телефоны и отзывы",realestate,spravker,chelyabinsk,https://chelyabinsk.spravker.ru/agentstva-nedvizhimosti/,0.70
+79193393280,"Агентства недвижимости в Челябинске - адреса, телефоны и отзывы",realestate,spravker,chelyabinsk,https://chelyabinsk.spravker.ru/agentstva-nedvizhimosti/,0.70
+79193394605,"Агентства недвижимости в Челябинске - адреса, телефоны и отзывы",realestate,spravker,chelyabinsk,https://chelyabinsk.spravker.ru/agentstva-nedvizhimosti/,0.70
+79196916116,"Агентства недвижимости в Казани - адреса, телефоны и отзывы",realestate,spravker,kzn,https://kazan.spravker.ru/agentstva-nedvizhimosti/,0.70
+79199241996,ООО &quot;Вояж&quot; Тюмень (ИНН 7204194727) адрес и телефон,realestate,rusprofile,,https://www.rusprofile.ru/id/1249500003917,0.70
+79199409902,ООО &quot;Вояж&quot; Тюмень (ИНН 7204194727) адрес и телефон,realestate,rusprofile,,https://www.rusprofile.ru/id/1249500003917,0.70
+79202208805,"Агентства недвижимости в Воронеже - адреса, телефоны и отзывы",realestate,spravker,voronezh,https://voronezh.spravker.ru/agentstva-nedvizhimosti/,0.70
+79202276798,"Агентства недвижимости в Воронеже - адреса, телефоны и отзывы",realestate,spravker,voronezh,https://voronezh.spravker.ru/agentstva-nedvizhimosti/,0.70
+79204299535,"Агентства недвижимости в Воронеже - адреса, телефоны и отзывы",realestate,spravker,voronezh,https://voronezh.spravker.ru/agentstva-nedvizhimosti/,0.70
+79213242117,"Агентства недвижимости в Санкт-Петербурге - адреса, телефоны и отзывы",realestate,spravker,spb,https://spb.spravker.ru/agentstva-nedvizhimosti/,0.70
+79217411723,"Агентства недвижимости в Санкт-Петербурге - адреса, телефоны и отзывы",realestate,spravker,spb,https://spb.spravker.ru/agentstva-nedvizhimosti/,0.70
+79218984510,"Агентства недвижимости в Санкт-Петербурге - адреса, телефоны и отзывы",realestate,spravker,spb,https://spb.spravker.ru/agentstva-nedvizhimosti/,0.70
+79219025050,"Агентства недвижимости в Санкт-Петербурге - адреса, телефоны и отзывы",realestate,spravker,spb,https://spb.spravker.ru/agentstva-nedvizhimosti/,0.70
+79219383557,"Агентства недвижимости в Санкт-Петербурге - адреса, телефоны и отзывы",realestate,spravker,spb,https://spb.spravker.ru/agentstva-nedvizhimosti/,0.70
+79219423612,"Агентства недвижимости в Санкт-Петербурге - адреса, телефоны и отзывы",realestate,spravker,spb,https://spb.spravker.ru/agentstva-nedvizhimosti/,0.70
+79219522711,"Агентства недвижимости в Санкт-Петербурге - адреса, телефоны и отзывы",realestate,spravker,spb,https://spb.spravker.ru/agentstva-nedvizhimosti/,0.70
+79219610631,"Агентства недвижимости в Санкт-Петербурге - адреса, телефоны и отзывы",realestate,spravker,spb,https://spb.spravker.ru/agentstva-nedvizhimosti/,0.70
+79219619556,"Агентства недвижимости в Санкт-Петербурге - адреса, телефоны и отзывы",realestate,spravker,spb,https://spb.spravker.ru/agentstva-nedvizhimosti/,0.70
+79219672580,"Агентства недвижимости в Санкт-Петербурге - адреса, телефоны и отзывы",realestate,spravker,spb,https://spb.spravker.ru/agentstva-nedvizhimosti/,0.70
+79219959960,"Агентства недвижимости в Санкт-Петербурге - адреса, телефоны и отзывы",realestate,spravker,spb,https://spb.spravker.ru/agentstva-nedvizhimosti/,0.70
+79220187700,"Агентства недвижимости в Челябинске - адреса, телефоны и отзывы",realestate,spravker,chelyabinsk,https://chelyabinsk.spravker.ru/agentstva-nedvizhimosti/,0.70
+79221094327,"Агентства недвижимости в Екатеринбурге - адреса, телефоны и отзывы",realestate,spravker,ekb,https://ekaterinburg.spravker.ru/agentstva-nedvizhimosti/,0.70
+79222021831,"Агентства недвижимости в Екатеринбурге - адреса, телефоны и отзывы",realestate,spravker,ekb,https://ekaterinburg.spravker.ru/agentstva-nedvizhimosti/,0.70
+79222021842,"Агентства недвижимости в Екатеринбурге - адреса, телефоны и отзывы",realestate,spravker,ekb,https://ekaterinburg.spravker.ru/agentstva-nedvizhimosti/,0.70
+79222092612,"Агентства недвижимости в Екатеринбурге - адреса, телефоны и отзывы",realestate,spravker,ekb,https://ekaterinburg.spravker.ru/agentstva-nedvizhimosti/,0.70
+79222310510,"Агентства недвижимости в Челябинске - адреса, телефоны и отзывы",realestate,spravker,chelyabinsk,https://chelyabinsk.spravker.ru/agentstva-nedvizhimosti/,0.70
+79222374440,"Агентства недвижимости в Челябинске - адреса, телефоны и отзывы",realestate,spravker,chelyabinsk,https://chelyabinsk.spravker.ru/agentstva-nedvizhimosti/,0.70
+79222977129,"Агентства недвижимости в Екатеринбурге - адреса, телефоны и отзывы",realestate,spravker,ekb,https://ekaterinburg.spravker.ru/agentstva-nedvizhimosti/,0.70
+79227091550,"Агентства недвижимости в Челябинске - адреса, телефоны и отзывы",realestate,spravker,chelyabinsk,https://chelyabinsk.spravker.ru/agentstva-nedvizhimosti/,0.70
+79227108887,"Агентства недвижимости в Челябинске - адреса, телефоны и отзывы",realestate,spravker,chelyabinsk,https://chelyabinsk.spravker.ru/agentstva-nedvizhimosti/,0.70
+79227108888,"Агентства недвижимости в Челябинске - адреса, телефоны и отзывы",realestate,spravker,chelyabinsk,https://chelyabinsk.spravker.ru/agentstva-nedvizhimosti/,0.70
+79227175777,"Агентства недвижимости в Челябинске - адреса, телефоны и отзывы",realestate,spravker,chelyabinsk,https://chelyabinsk.spravker.ru/agentstva-nedvizhimosti/,0.70
+79227500510,"Агентства недвижимости в Челябинске - адреса, телефоны и отзывы",realestate,spravker,chelyabinsk,https://chelyabinsk.spravker.ru/agentstva-nedvizhimosti/,0.70
+79227501952,"Агентства недвижимости в Челябинске - адреса, телефоны и отзывы",realestate,spravker,chelyabinsk,https://chelyabinsk.spravker.ru/agentstva-nedvizhimosti/,0.70
+79257408353,"Агентства недвижимости в Москве - адреса, телефоны и отзывы",realestate,spravker,msk,https://msk.spravker.ru/agentstva-nedvizhimosti/,0.70
+79257771718,"Агентства недвижимости в Москве - адреса, телефоны и отзывы",realestate,spravker,msk,https://msk.spravker.ru/agentstva-nedvizhimosti/,0.70
+79258077003,"Агентства недвижимости в Москве - адреса, телефоны и отзывы",realestate,spravker,msk,https://msk.spravker.ru/agentstva-nedvizhimosti/,0.70
+79262241150,"Агентства недвижимости в Москве - адреса, телефоны и отзывы",realestate,spravker,msk,https://msk.spravker.ru/agentstva-nedvizhimosti/,0.70
+79262296622,"Агентства недвижимости в Москве - адреса, телефоны и отзывы",realestate,spravker,msk,https://msk.spravker.ru/agentstva-nedvizhimosti/,0.70
+79265203494,"Агентства недвижимости в Москве - адреса, телефоны и отзывы",realestate,spravker,msk,https://msk.spravker.ru/agentstva-nedvizhimosti/,0.70
+79266885293,"Агентства недвижимости в Москве - адреса, телефоны и отзывы",realestate,spravker,msk,https://msk.spravker.ru/agentstva-nedvizhimosti/,0.70
+79267383409,"Агентства недвижимости в Москве - адреса, телефоны и отзывы",realestate,spravker,msk,https://msk.spravker.ru/agentstva-nedvizhimosti/,0.70
+79267496738,"Агентства недвижимости в Москве - адреса, телефоны и отзывы",realestate,spravker,msk,https://msk.spravker.ru/agentstva-nedvizhimosti/,0.70
+79267770027,"Агентства недвижимости в Москве - адреса, телефоны и отзывы",realestate,spravker,msk,https://msk.spravker.ru/agentstva-nedvizhimosti/,0.70
+79274557775,"Агентства недвижимости в Казани - адреса, телефоны и отзывы",realestate,spravker,kzn,https://kazan.spravker.ru/agentstva-nedvizhimosti/,0.70
+79274742529,"Агентства недвижимости в Казани - адреса, телефоны и отзывы",realestate,spravker,kzn,https://kazan.spravker.ru/agentstva-nedvizhimosti/,0.70
+79274840314,"Агентства недвижимости в Казани - адреса, телефоны и отзывы",realestate,spravker,kzn,https://kazan.spravker.ru/agentstva-nedvizhimosti/,0.70
+79274968060,"Агентства недвижимости в Казани - адреса, телефоны и отзывы",realestate,spravker,kzn,https://kazan.spravker.ru/agentstva-nedvizhimosti/,0.70
+79280384527,"Агентства недвижимости в Краснодаре - адреса, телефоны и отзывы",realestate,spravker,krasnodar,https://krasnodar.spravker.ru/agentstva-nedvizhimosti/,0.70
+79280385044,"Агентства недвижимости в Краснодаре - адреса, телефоны и отзывы",realestate,spravker,krasnodar,https://krasnodar.spravker.ru/agentstva-nedvizhimosti/,0.70
+79280415251,"Агентства недвижимости в Краснодаре - адреса, телефоны и отзывы",realestate,spravker,krasnodar,https://krasnodar.spravker.ru/agentstva-nedvizhimosti/,0.70
+79282050560,"Агентства недвижимости в Краснодаре - адреса, телефоны и отзывы",realestate,spravker,krasnodar,https://krasnodar.spravker.ru/agentstva-nedvizhimosti/,0.70
+79282217830,"Агентства недвижимости в Краснодаре - адреса, телефоны и отзывы",realestate,spravker,krasnodar,https://krasnodar.spravker.ru/agentstva-nedvizhimosti/,0.70
+79296876791,"Агентства недвижимости в Москве - адреса, телефоны и отзывы",realestate,spravker,msk,https://msk.spravker.ru/agentstva-nedvizhimosti/,0.70
+79298333034,"Агентства недвижимости в Краснодаре - адреса, телефоны и отзывы",realestate,spravker,krasnodar,https://krasnodar.spravker.ru/agentstva-nedvizhimosti/,0.70
+79298464493,"Агентства недвижимости в Краснодаре - адреса, телефоны и отзывы",realestate,spravker,krasnodar,https://krasnodar.spravker.ru/agentstva-nedvizhimosti/,0.70
+79306007273,"Агентства недвижимости в Казани - адреса, телефоны и отзывы",realestate,spravker,kzn,https://kazan.spravker.ru/agentstva-nedvizhimosti/,0.70
+79310009888,"Агентства недвижимости в Санкт-Петербурге - адреса, телефоны и отзывы",realestate,spravker,spb,https://spb.spravker.ru/agentstva-nedvizhimosti/,0.70
+79311000767,"Агентства недвижимости в Санкт-Петербурге - адреса, телефоны и отзывы",realestate,spravker,spb,https://spb.spravker.ru/agentstva-nedvizhimosti/,0.70
+79326185945,"Агентства недвижимости в Екатеринбурге - адреса, телефоны и отзывы",realestate,spravker,ekb,https://ekaterinburg.spravker.ru/agentstva-nedvizhimosti/,0.70
+79370029020,"Агентства недвижимости в Казани - адреса, телефоны и отзывы",realestate,spravker,kzn,https://kazan.spravker.ru/agentstva-nedvizhimosti/,0.70
+79375233967,"Агентства недвижимости в Казани - адреса, телефоны и отзывы",realestate,spravker,kzn,https://kazan.spravker.ru/agentstva-nedvizhimosti/,0.70
+79375949146,"Агентства недвижимости в Казани - адреса, телефоны и отзывы",realestate,spravker,kzn,https://kazan.spravker.ru/agentstva-nedvizhimosti/,0.70
+79376150964,"Агентства недвижимости в Казани - адреса, телефоны и отзывы",realestate,spravker,kzn,https://kazan.spravker.ru/agentstva-nedvizhimosti/,0.70
+79377762711,"Агентства недвижимости в Казани - адреса, телефоны и отзывы",realestate,spravker,kzn,https://kazan.spravker.ru/agentstva-nedvizhimosti/,0.70
+79384312594,"Агентства недвижимости в Краснодаре - адреса, телефоны и отзывы",realestate,spravker,krasnodar,https://krasnodar.spravker.ru/agentstva-nedvizhimosti/,0.70
+79384755249,"Агентства недвижимости в Краснодаре - адреса, телефоны и отзывы",realestate,spravker,krasnodar,https://krasnodar.spravker.ru/agentstva-nedvizhimosti/,0.70
+79385023633,"Агентства недвижимости в Краснодаре - адреса, телефоны и отзывы",realestate,spravker,krasnodar,https://krasnodar.spravker.ru/agentstva-nedvizhimosti/,0.70
+79385044060,"Агентства недвижимости в Краснодаре - адреса, телефоны и отзывы",realestate,spravker,krasnodar,https://krasnodar.spravker.ru/agentstva-nedvizhimosti/,0.70
+79385179000,"Агентства недвижимости в Краснодаре - адреса, телефоны и отзывы",realestate,spravker,krasnodar,https://krasnodar.spravker.ru/agentstva-nedvizhimosti/,0.70
+79385222002,"Агентства недвижимости в Краснодаре - адреса, телефоны и отзывы",realestate,spravker,krasnodar,https://krasnodar.spravker.ru/agentstva-nedvizhimosti/,0.70
+79385231115,"Агентства недвижимости в Краснодаре - адреса, телефоны и отзывы",realestate,spravker,krasnodar,https://krasnodar.spravker.ru/agentstva-nedvizhimosti/,0.70
+79503092929,"Агентства недвижимости в Казани - адреса, телефоны и отзывы",realestate,spravker,kzn,https://kazan.spravker.ru/agentstva-nedvizhimosti/,0.70
+79503251199,"Агентства недвижимости в Казани - адреса, телефоны и отзывы",realestate,spravker,kzn,https://kazan.spravker.ru/agentstva-nedvizhimosti/,0.70
+79506497340,"Агентства недвижимости в Екатеринбурге - адреса, телефоны и отзывы",realestate,spravker,ekb,https://ekaterinburg.spravker.ru/agentstva-nedvizhimosti/,0.70
+79507233953,"Агентства недвижимости в Челябинске - адреса, телефоны и отзывы",realestate,spravker,chelyabinsk,https://chelyabinsk.spravker.ru/agentstva-nedvizhimosti/,0.70
+79507358008,"Агентства недвижимости в Челябинске - адреса, телефоны и отзывы",realestate,spravker,chelyabinsk,https://chelyabinsk.spravker.ru/agentstva-nedvizhimosti/,0.70
+79507433232,"Агентства недвижимости в Челябинске - адреса, телефоны и отзывы",realestate,spravker,chelyabinsk,https://chelyabinsk.spravker.ru/agentstva-nedvizhimosti/,0.70
+79507502577,"Агентства недвижимости в Воронеже - адреса, телефоны и отзывы",realestate,spravker,voronezh,https://voronezh.spravker.ru/agentstva-nedvizhimosti/,0.70
+79507542098,"Агентства недвижимости в Воронеже - адреса, телефоны и отзывы",realestate,spravker,voronezh,https://voronezh.spravker.ru/agentstva-nedvizhimosti/,0.70
+79507714830,"Агентства недвижимости в Воронеже - адреса, телефоны и отзывы",realestate,spravker,voronezh,https://voronezh.spravker.ru/agentstva-nedvizhimosti/,0.70
+79509495595,"Агентства недвижимости в Казани - адреса, телефоны и отзывы",realestate,spravker,kzn,https://kazan.spravker.ru/agentstva-nedvizhimosti/,0.70
+79511112120,"Агентства недвижимости в Челябинске - адреса, телефоны и отзывы",realestate,spravker,chelyabinsk,https://chelyabinsk.spravker.ru/agentstva-nedvizhimosti/,0.70
+79512413152,"Агентства недвижимости в Челябинске - адреса, телефоны и отзывы",realestate,spravker,chelyabinsk,https://chelyabinsk.spravker.ru/agentstva-nedvizhimosti/,0.70
+79512603424,"Агентства недвижимости в Челябинске - адреса, телефоны и отзывы",realestate,spravker,chelyabinsk,https://chelyabinsk.spravker.ru/agentstva-nedvizhimosti/,0.70
+79513339494,"Агентства недвижимости в Москве - адреса, телефоны и отзывы",realestate,spravker,msk,https://msk.spravker.ru/agentstva-nedvizhimosti/,0.70
+79514423719,"Агентства недвижимости в Челябинске - адреса, телефоны и отзывы",realestate,spravker,chelyabinsk,https://chelyabinsk.spravker.ru/agentstva-nedvizhimosti/,0.70
+79514459720,ООО &quot;Транс Ком&quot; Челябинск (ИНН 7452116726) адрес и телефон,realestate,rusprofile,,https://www.rusprofile.ru/id/2232419,0.70
+79515523844,"Агентства недвижимости в Воронеже - адреса, телефоны и отзывы",realestate,spravker,voronezh,https://voronezh.spravker.ru/agentstva-nedvizhimosti/,0.70
+79515688040,"Агентства недвижимости в Воронеже - адреса, телефоны и отзывы",realestate,spravker,voronezh,https://voronezh.spravker.ru/agentstva-nedvizhimosti/,0.70
+79517807060,"Агентства недвижимости в Челябинске - адреса, телефоны и отзывы",realestate,spravker,chelyabinsk,https://chelyabinsk.spravker.ru/agentstva-nedvizhimosti/,0.70
+79517884761,"Агентства недвижимости в Челябинске - адреса, телефоны и отзывы",realestate,spravker,chelyabinsk,https://chelyabinsk.spravker.ru/agentstva-nedvizhimosti/,0.70
+79520373688,"Агентства недвижимости в Казани - адреса, телефоны и отзывы",realestate,spravker,kzn,https://kazan.spravker.ru/agentstva-nedvizhimosti/,0.70
+79522373004,"Агентства недвижимости в Санкт-Петербурге - адреса, телефоны и отзывы",realestate,spravker,spb,https://spb.spravker.ru/agentstva-nedvizhimosti/,0.70
+79522876306,"Агентства недвижимости в Санкт-Петербурге - адреса, телефоны и отзывы",realestate,spravker,spb,https://spb.spravker.ru/agentstva-nedvizhimosti/,0.70
+79525114400,"Агентства недвижимости в Челябинске - адреса, телефоны и отзывы",realestate,spravker,chelyabinsk,https://chelyabinsk.spravker.ru/agentstva-nedvizhimosti/,0.70
+79525222025,"Агентства недвижимости в Челябинске - адреса, телефоны и отзывы",realestate,spravker,chelyabinsk,https://chelyabinsk.spravker.ru/agentstva-nedvizhimosti/,0.70
+79527535890,"Агентства недвижимости в Воронеже - адреса, телефоны и отзывы",realestate,spravker,voronezh,https://voronezh.spravker.ru/agentstva-nedvizhimosti/,0.70
+79529519794,"Агентства недвижимости в Воронеже - адреса, телефоны и отзывы",realestate,spravker,voronezh,https://voronezh.spravker.ru/agentstva-nedvizhimosti/,0.70
+79529543320,"Агентства недвижимости в Воронеже - адреса, телефоны и отзывы",realestate,spravker,voronezh,https://voronezh.spravker.ru/agentstva-nedvizhimosti/,0.70
+79529561042,"Агентства недвижимости в Воронеже - адреса, телефоны и отзывы",realestate,spravker,voronezh,https://voronezh.spravker.ru/agentstva-nedvizhimosti/,0.70
+79529592363,"Агентства недвижимости в Воронеже - адреса, телефоны и отзывы",realestate,spravker,voronezh,https://voronezh.spravker.ru/agentstva-nedvizhimosti/,0.70
+79529595145,"Агентства недвижимости в Воронеже - адреса, телефоны и отзывы",realestate,spravker,voronezh,https://voronezh.spravker.ru/agentstva-nedvizhimosti/,0.70
+79530047089,"Агентства недвижимости в Екатеринбурге - адреса, телефоны и отзывы",realestate,spravker,ekb,https://ekaterinburg.spravker.ru/agentstva-nedvizhimosti/,0.70
+79531541083,"Агентства недвижимости в Санкт-Петербурге - адреса, телефоны и отзывы",realestate,spravker,spb,https://spb.spravker.ru/agentstva-nedvizhimosti/,0.70
+79534219112,"ООО &quot;Айти Тест Групп&quot; Тула (ИНН 7100000374) адрес, официальный сайт и телефон",realestate,rusprofile,,https://www.rusprofile.ru/id/855116,0.70
+79534801020,"Агентства недвижимости в Казани - адреса, телефоны и отзывы",realestate,spravker,kzn,https://kazan.spravker.ru/agentstva-nedvizhimosti/,0.70
+79600343817,"Агентства недвижимости в Казани - адреса, телефоны и отзывы",realestate,spravker,kzn,https://kazan.spravker.ru/agentstva-nedvizhimosti/,0.70
+79600364513,"Агентства недвижимости в Казани - адреса, телефоны и отзывы",realestate,spravker,kzn,https://kazan.spravker.ru/agentstva-nedvizhimosti/,0.70
+79600375306,"Агентства недвижимости в Казани - адреса, телефоны и отзывы",realestate,spravker,kzn,https://kazan.spravker.ru/agentstva-nedvizhimosti/,0.70
+79600483913,"Агентства недвижимости в Казани - адреса, телефоны и отзывы",realestate,spravker,kzn,https://kazan.spravker.ru/agentstva-nedvizhimosti/,0.70
+79600559913,"Агентства недвижимости в Казани - адреса, телефоны и отзывы",realestate,spravker,kzn,https://kazan.spravker.ru/agentstva-nedvizhimosti/,0.70
+79601035772,"Агентства недвижимости в Воронеже - адреса, телефоны и отзывы",realestate,spravker,voronezh,https://voronezh.spravker.ru/agentstva-nedvizhimosti/,0.70
+79601219046,"Агентства недвижимости в Воронеже - адреса, телефоны и отзывы",realestate,spravker,voronezh,https://voronezh.spravker.ru/agentstva-nedvizhimosti/,0.70
+79601238786,"Агентства недвижимости в Воронеже - адреса, телефоны и отзывы",realestate,spravker,voronezh,https://voronezh.spravker.ru/agentstva-nedvizhimosti/,0.70
+79601276724,"Агентства недвижимости в Воронеже - адреса, телефоны и отзывы",realestate,spravker,voronezh,https://voronezh.spravker.ru/agentstva-nedvizhimosti/,0.70
+79601310333,"Агентства недвижимости в Воронеже - адреса, телефоны и отзывы",realestate,spravker,voronezh,https://voronezh.spravker.ru/agentstva-nedvizhimosti/,0.70
+79601395313,"Агентства недвижимости в Воронеже - адреса, телефоны и отзывы",realestate,spravker,voronezh,https://voronezh.spravker.ru/agentstva-nedvizhimosti/,0.70
+79602042978,"Агентства недвижимости в Москве - адреса, телефоны и отзывы",realestate,spravker,msk,https://msk.spravker.ru/agentstva-nedvizhimosti/,0.70
+79604858113,"Агентства недвижимости в Краснодаре - адреса, телефоны и отзывы",realestate,spravker,krasnodar,https://krasnodar.spravker.ru/agentstva-nedvizhimosti/,0.70
+79611846543,"Агентства недвижимости в Воронеже - адреса, телефоны и отзывы",realestate,spravker,voronezh,https://voronezh.spravker.ru/agentstva-nedvizhimosti/,0.70
+79611867477,"Агентства недвижимости в Воронеже - адреса, телефоны и отзывы",realestate,spravker,voronezh,https://voronezh.spravker.ru/agentstva-nedvizhimosti/,0.70
+79615196924,"Агентства недвижимости в Краснодаре - адреса, телефоны и отзывы",realestate,spravker,krasnodar,https://krasnodar.spravker.ru/agentstva-nedvizhimosti/,0.70
+79622592058,"Агентства недвижимости в Казани - адреса, телефоны и отзывы",realestate,spravker,kzn,https://kazan.spravker.ru/agentstva-nedvizhimosti/,0.70
+79625552774,"Агентства недвижимости в Казани - адреса, телефоны и отзывы",realestate,spravker,kzn,https://kazan.spravker.ru/agentstva-nedvizhimosti/,0.70
+79630394723,"Агентства недвижимости в Воронеже - адреса, телефоны и отзывы",realestate,spravker,voronezh,https://voronezh.spravker.ru/agentstva-nedvizhimosti/,0.70
+79630770333,"Агентства недвижимости в Челябинске - адреса, телефоны и отзывы",realestate,spravker,chelyabinsk,https://chelyabinsk.spravker.ru/agentstva-nedvizhimosti/,0.70
+79639203613,"Агентства недвижимости в Москве - адреса, телефоны и отзывы",realestate,spravker,msk,https://msk.spravker.ru/agentstva-nedvizhimosti/,0.70
+79650982651,"Агентства недвижимости в Санкт-Петербурге - адреса, телефоны и отзывы",realestate,spravker,spb,https://spb.spravker.ru/agentstva-nedvizhimosti/,0.70
+79654556688,"Агентства недвижимости в Краснодаре - адреса, телефоны и отзывы",realestate,spravker,krasnodar,https://krasnodar.spravker.ru/agentstva-nedvizhimosti/,0.70
+79655468768,"Агентства недвижимости в Екатеринбурге - адреса, телефоны и отзывы",realestate,spravker,ekb,https://ekaterinburg.spravker.ru/agentstva-nedvizhimosti/,0.70
+79660010303,"Агентства недвижимости в Москве - адреса, телефоны и отзывы",realestate,spravker,msk,https://msk.spravker.ru/agentstva-nedvizhimosti/,0.70
+79662502930,"Агентства недвижимости в Казани - адреса, телефоны и отзывы",realestate,spravker,kzn,https://kazan.spravker.ru/agentstva-nedvizhimosti/,0.70
+79668880545,"Агентства недвижимости в Воронеже - адреса, телефоны и отзывы",realestate,spravker,voronezh,https://voronezh.spravker.ru/agentstva-nedvizhimosti/,0.70
+79679678844,"Агентства недвижимости в Санкт-Петербурге - адреса, телефоны и отзывы",realestate,spravker,spb,https://spb.spravker.ru/agentstva-nedvizhimosti/,0.70
+79688004652,"Агентства недвижимости в Москве - адреса, телефоны и отзывы",realestate,spravker,msk,https://msk.spravker.ru/agentstva-nedvizhimosti/,0.70
+79802700576,"Агентства недвижимости в Воронеже - адреса, телефоны и отзывы",realestate,spravker,voronezh,https://voronezh.spravker.ru/agentstva-nedvizhimosti/,0.70
+79803439383,"Агентства недвижимости в Воронеже - адреса, телефоны и отзывы",realestate,spravker,voronezh,https://voronezh.spravker.ru/agentstva-nedvizhimosti/,0.70
+79805434871,"Агентства недвижимости в Воронеже - адреса, телефоны и отзывы",realestate,spravker,voronezh,https://voronezh.spravker.ru/agentstva-nedvizhimosti/,0.70
+79812691000,"Агентства недвижимости в Санкт-Петербурге - адреса, телефоны и отзывы",realestate,spravker,spb,https://spb.spravker.ru/agentstva-nedvizhimosti/,0.70
+79813355172,"Агентства недвижимости в Санкт-Петербурге - адреса, телефоны и отзывы",realestate,spravker,spb,https://spb.spravker.ru/agentstva-nedvizhimosti/,0.70
+79817390882,"Агентства недвижимости в Санкт-Петербурге - адреса, телефоны и отзывы",realestate,spravker,spb,https://spb.spravker.ru/agentstva-nedvizhimosti/,0.70
+79819100410,"Агентства недвижимости в Санкт-Петербурге - адреса, телефоны и отзывы",realestate,spravker,spb,https://spb.spravker.ru/agentstva-nedvizhimosti/,0.70
+79819474741,"Агентства недвижимости в Санкт-Петербурге - адреса, телефоны и отзывы",realestate,spravker,spb,https://spb.spravker.ru/agentstva-nedvizhimosti/,0.70
+79821143285,"Агентства недвижимости в Челябинске - адреса, телефоны и отзывы",realestate,spravker,chelyabinsk,https://chelyabinsk.spravker.ru/agentstva-nedvizhimosti/,0.70
+79822827212,"Агентства недвижимости в Челябинске - адреса, телефоны и отзывы",realestate,spravker,chelyabinsk,https://chelyabinsk.spravker.ru/agentstva-nedvizhimosti/,0.70
+79826359084,"Агентства недвижимости в Екатеринбурге - адреса, телефоны и отзывы",realestate,spravker,ekb,https://ekaterinburg.spravker.ru/agentstva-nedvizhimosti/,0.70
+79826968870,"Агентства недвижимости в Екатеринбурге - адреса, телефоны и отзывы",realestate,spravker,ekb,https://ekaterinburg.spravker.ru/agentstva-nedvizhimosti/,0.70
+79853644412,"Агентства недвижимости в Москве - адреса, телефоны и отзывы",realestate,spravker,msk,https://msk.spravker.ru/agentstva-nedvizhimosti/,0.70
+79855552546,"Агентства недвижимости в Москве - адреса, телефоны и отзывы",realestate,spravker,msk,https://msk.spravker.ru/agentstva-nedvizhimosti/,0.70
+79857674589,"Агентства недвижимости в Москве - адреса, телефоны и отзывы",realestate,spravker,msk,https://msk.spravker.ru/agentstva-nedvizhimosti/,0.70
+79870632836,"Агентства недвижимости в Казани - адреса, телефоны и отзывы",realestate,spravker,kzn,https://kazan.spravker.ru/agentstva-nedvizhimosti/,0.70
+79872053302,"Агентства недвижимости в Казани - адреса, телефоны и отзывы",realestate,spravker,kzn,https://kazan.spravker.ru/agentstva-nedvizhimosti/,0.70
+79872262626,"Агентства недвижимости в Казани - адреса, телефоны и отзывы",realestate,spravker,kzn,https://kazan.spravker.ru/agentstva-nedvizhimosti/,0.70
+79872307258,"Агентства недвижимости в Казани - адреса, телефоны и отзывы",realestate,spravker,kzn,https://kazan.spravker.ru/agentstva-nedvizhimosti/,0.70
+79872905157,"Агентства недвижимости в Казани - адреса, телефоны и отзывы",realestate,spravker,kzn,https://kazan.spravker.ru/agentstva-nedvizhimosti/,0.70
+79872909285,"Агентства недвижимости в Казани - адреса, телефоны и отзывы",realestate,spravker,kzn,https://kazan.spravker.ru/agentstva-nedvizhimosti/,0.70
+79872967524,"Агентства недвижимости в Казани - адреса, телефоны и отзывы",realestate,spravker,kzn,https://kazan.spravker.ru/agentstva-nedvizhimosti/,0.70
+79874079909,"Агентства недвижимости в Казани - адреса, телефоны и отзывы",realestate,spravker,kzn,https://kazan.spravker.ru/agentstva-nedvizhimosti/,0.70
+79882429864,"Агентства недвижимости в Краснодаре - адреса, телефоны и отзывы",realestate,spravker,krasnodar,https://krasnodar.spravker.ru/agentstva-nedvizhimosti/,0.70
+79884848437,"Агентства недвижимости в Краснодаре - адреса, телефоны и отзывы",realestate,spravker,krasnodar,https://krasnodar.spravker.ru/agentstva-nedvizhimosti/,0.70
+79885258660,"Агентства недвижимости в Краснодаре - адреса, телефоны и отзывы",realestate,spravker,krasnodar,https://krasnodar.spravker.ru/agentstva-nedvizhimosti/,0.70
+79889557103,"Агентства недвижимости в Краснодаре - адреса, телефоны и отзывы",realestate,spravker,krasnodar,https://krasnodar.spravker.ru/agentstva-nedvizhimosti/,0.70
+79898241020,"Агентства недвижимости в Краснодаре - адреса, телефоны и отзывы",realestate,spravker,krasnodar,https://krasnodar.spravker.ru/agentstva-nedvizhimosti/,0.70
+79898333199,"Агентства недвижимости в Краснодаре - адреса, телефоны и отзывы",realestate,spravker,krasnodar,https://krasnodar.spravker.ru/agentstva-nedvizhimosti/,0.70
+79898396111,"Агентства недвижимости в Краснодаре - адреса, телефоны и отзывы",realestate,spravker,krasnodar,https://krasnodar.spravker.ru/agentstva-nedvizhimosti/,0.70
+79932970244,"Агентства недвижимости в Воронеже - адреса, телефоны и отзывы",realestate,spravker,voronezh,https://voronezh.spravker.ru/agentstva-nedvizhimosti/,0.70
+79933995625,"Агентства недвижимости в Воронеже - адреса, телефоны и отзывы",realestate,spravker,voronezh,https://voronezh.spravker.ru/agentstva-nedvizhimosti/,0.70
+79937719316,"Агентства недвижимости в Краснодаре - адреса, телефоны и отзывы",realestate,spravker,krasnodar,https://krasnodar.spravker.ru/agentstva-nedvizhimosti/,0.70
+79955587000,"Агентства недвижимости в Москве - адреса, телефоны и отзывы",realestate,spravker,msk,https://msk.spravker.ru/agentstva-nedvizhimosti/,0.70
+79964500036,"Агентства недвижимости в Воронеже - адреса, телефоны и отзывы",realestate,spravker,voronezh,https://voronezh.spravker.ru/agentstva-nedvizhimosti/,0.70
+79964507273,"Агентства недвижимости в Воронеже - адреса, телефоны и отзывы",realestate,spravker,voronezh,https://voronezh.spravker.ru/agentstva-nedvizhimosti/,0.70
+79964507772,"Агентства недвижимости в Воронеже - адреса, телефоны и отзывы",realestate,spravker,voronezh,https://voronezh.spravker.ru/agentstva-nedvizhimosti/,0.70
+79994110746,"Агентства недвижимости в Краснодаре - адреса, телефоны и отзывы",realestate,spravker,krasnodar,https://krasnodar.spravker.ru/agentstva-nedvizhimosti/,0.70
+79994117360,"Агентства недвижимости в Краснодаре - адреса, телефоны и отзывы",realestate,spravker,krasnodar,https://krasnodar.spravker.ru/agentstva-nedvizhimosti/,0.70
+79995649763,"Агентства недвижимости в Санкт-Петербурге - адреса, телефоны и отзывы",realestate,spravker,spb,https://spb.spravker.ru/agentstva-nedvizhimosti/,0.70
+79996336009,"Агентства недвижимости в Краснодаре - адреса, телефоны и отзывы",realestate,spravker,krasnodar,https://krasnodar.spravker.ru/agentstva-nedvizhimosti/,0.70
+79999996592,"Агентства недвижимости в Москве - адреса, телефоны и отзывы",realestate,spravker,msk,https://msk.spravker.ru/agentstva-nedvizhimosti/,0.70
+70611176665,ЦИАН,realestate_agent,cian,,https://www.cian.ru/cat.php?deal_type=sale&engine_version=2&offer_type=flat&region=1&p=4,0.70
+70615730283,ЦИАН,realestate_agent,cian,,https://www.cian.ru/cat.php?deal_type=sale&engine_version=2&offer_type=flat&region=1&p=2,0.70
+70769839286,ЦИАН,realestate_agent,cian,,https://www.cian.ru/cat.php?deal_type=sale&engine_version=2&offer_type=flat&region=1&p=2,0.70
+72057315625,ЦИАН,realestate_agent,cian,,https://www.cian.ru/cat.php?deal_type=sale&engine_version=2&offer_type=flat&region=1&p=2,0.70
+72418938629,ЦИАН,realestate_agent,cian,,https://www.cian.ru/cat.php?deal_type=sale&engine_version=2&offer_type=flat&region=1&p=2,0.70
+72936582840,ЦИАН,realestate_agent,cian,,https://www.cian.ru/cat.php?deal_type=sale&engine_version=2&offer_type=flat&region=1&p=4,0.70
+73006402726,ЦИАН,realestate_agent,cian,,https://www.cian.ru/cat.php?deal_type=sale&engine_version=2&offer_type=flat&region=4615&p=1,0.60
+73093510013,ЦИАН,realestate_agent,cian,,https://www.cian.ru/cat.php?deal_type=sale&engine_version=2&offer_type=flat&region=1&p=4,0.70
+73100989675,ЦИАН,realestate_agent,cian,,https://www.cian.ru/cat.php?deal_type=rent&engine_version=2&offer_type=commercial&region=1&p=5,0.60
+73123486683,ЦИАН,realestate_agent,cian,,https://www.cian.ru/cat.php?deal_type=rent&engine_version=2&offer_type=commercial&region=2&p=1,0.60
+73158786011,ЦИАН,realestate_agent,cian,,https://www.cian.ru/cat.php?deal_type=sale&engine_version=2&offer_type=flat&region=1&p=2,0.70
+73182657110,ЦИАН,realestate_agent,cian,,https://www.cian.ru/cat.php?deal_type=rent&engine_version=2&offer_type=commercial&region=1&p=2,0.60
+73199989810,ЦИАН,realestate_agent,cian,,https://www.cian.ru/cat.php?deal_type=rent&engine_version=2&offer_type=commercial&region=2&p=1,0.60
+73199999999,ЦИАН,realestate_agent,cian,,https://www.cian.ru/cat.php?deal_type=sale&engine_version=2&offer_type=commercial&region=1&p=3,0.60
+73234534066,ЦИАН,realestate_agent,cian,,https://www.cian.ru/cat.php?deal_type=rent&engine_version=2&offer_type=commercial&region=4593&p=3,0.60
+73320031247,ЦИАН,realestate_agent,cian,,https://www.cian.ru/cat.php?deal_type=sale&engine_version=2&offer_type=commercial&region=2&p=2,0.60
+73322147651,ЦИАН,realestate_agent,cian,,https://www.cian.ru/cat.php?deal_type=rent&engine_version=2&offer_type=commercial&region=1&p=4,0.60
+73327922077,ЦИАН,realestate_agent,cian,,https://www.cian.ru/cat.php?deal_type=rent&engine_version=2&offer_type=commercial&region=1&p=4,0.60
+73332597855,ЦИАН,realestate_agent,cian,,https://www.cian.ru/cat.php?deal_type=rent&engine_version=2&offer_type=commercial&region=1&p=5,0.60
+73332811766,ЦИАН,realestate_agent,cian,,https://www.cian.ru/cat.php?deal_type=rent&engine_version=2&offer_type=commercial&region=1&p=5,0.60
+73355304910,ЦИАН,realestate_agent,cian,,https://www.cian.ru/cat.php?deal_type=rent&engine_version=2&offer_type=commercial&region=2&p=3,0.60
+73404255319,ЦИАН,realestate_agent,cian,,https://www.cian.ru/cat.php?deal_type=rent&engine_version=2&offer_type=commercial&region=1&p=4,0.60
+73488816595,ЦИАН,realestate_agent,cian,,https://www.cian.ru/cat.php?deal_type=sale&engine_version=2&offer_type=commercial&region=4593&p=2,0.60
+73562421910,ЦИАН,realestate_agent,cian,,https://www.cian.ru/cat.php?deal_type=rent&engine_version=2&offer_type=commercial&region=4612&p=1,0.60
+73584905661,ЦИАН,realestate_agent,cian,,https://www.cian.ru/cat.php?deal_type=rent&engine_version=2&offer_type=commercial&region=1&p=5,0.60
+73591102278,ЦИАН,realestate_agent,cian,,https://www.cian.ru/cat.php?deal_type=sale&engine_version=2&offer_type=commercial&region=4593&p=1,0.60
+73635754510,ЦИАН,realestate_agent,cian,,https://www.cian.ru/cat.php?deal_type=rent&engine_version=2&offer_type=commercial&region=4593&p=1,0.60
+73666497705,ЦИАН,realestate_agent,cian,,https://www.cian.ru/cat.php?deal_type=sale&engine_version=2&offer_type=commercial&region=2&p=3,0.60
+73738721067,ЦИАН,realestate_agent,cian,,https://www.cian.ru/cat.php?deal_type=rent&engine_version=2&offer_type=commercial&region=1&p=5,0.60
+73754453631,ЦИАН,realestate_agent,cian,,https://www.cian.ru/cat.php?deal_type=rent&engine_version=2&offer_type=commercial&region=4593&p=2,0.60
+73779185510,ЦИАН,realestate_agent,cian,,https://www.cian.ru/cat.php?deal_type=sale&engine_version=2&offer_type=flat&region=4597&p=1,0.60
+73886255924,ЦИАН,realestate_agent,cian,,https://www.cian.ru/cat.php?deal_type=rent&engine_version=2&offer_type=commercial&region=1&p=2,0.60
+73907194866,ЦИАН,realestate_agent,cian,,https://www.cian.ru/cat.php?deal_type=rent&engine_version=2&offer_type=commercial&region=1&p=2,0.60
+73958044115,ЦИАН,realestate_agent,cian,,https://www.cian.ru/cat.php?deal_type=rent&engine_version=2&offer_type=commercial&region=4593&p=2,0.60
+74103129917,ЦИАН,realestate_agent,cian,,https://www.cian.ru/cat.php?deal_type=sale&engine_version=2&offer_type=commercial&region=1&p=4,0.60
+74210526315,ЦИАН,realestate_agent,cian,,https://www.cian.ru/cat.php?deal_type=rent&engine_version=2&offer_type=commercial&region=1&p=2,0.60
+74344660194,ЦИАН,realestate_agent,cian,,https://www.cian.ru/cat.php?deal_type=rent&engine_version=2&offer_type=commercial&region=1&p=5,0.60
+74398868458,ЦИАН,realestate_agent,cian,,https://www.cian.ru/cat.php?deal_type=sale&engine_version=2&offer_type=commercial&region=1&p=4,0.60
+74399989289,ЦИАН,realestate_agent,cian,,https://www.cian.ru/cat.php?deal_type=sale&engine_version=2&offer_type=commercial&region=2&p=2,0.60
+74458198485,ЦИАН,realestate_agent,cian,,https://www.cian.ru/cat.php?deal_type=sale&engine_version=2&offer_type=flat&region=1&p=4,0.70
+74504840880,ЦИАН,realestate_agent,cian,,https://www.cian.ru/cat.php?deal_type=rent&engine_version=2&offer_type=commercial&region=2&p=3,0.60
+74617737003,ЦИАН,realestate_agent,cian,,https://www.cian.ru/cat.php?deal_type=rent&engine_version=2&offer_type=commercial&region=1&p=2,0.60
+74688528146,ЦИАН,realestate_agent,cian,,https://www.cian.ru/cat.php?deal_type=rent&engine_version=2&offer_type=commercial&region=2&p=1,0.60
+74737061190,ЦИАН,realestate_agent,cian,,https://www.cian.ru/cat.php?deal_type=rent&engine_version=2&offer_type=commercial&region=1&p=5,0.60
+74758679086,ЦИАН,realestate_agent,cian,,https://www.cian.ru/cat.php?deal_type=sale&engine_version=2&offer_type=commercial&region=1&p=4,0.60
+74803149607,ЦИАН,realestate_agent,cian,,https://www.cian.ru/cat.php?deal_type=rent&engine_version=2&offer_type=commercial&region=1&p=1,0.60
+74996032714,ЦИАН,realestate_agent,cian,,https://www.cian.ru/cat.php?deal_type=sale&engine_version=2&offer_type=flat&region=1&p=2,0.70
+77412568340,ЦИАН,realestate_agent,cian,,https://www.cian.ru/cat.php?deal_type=sale&engine_version=2&offer_type=flat&region=1&p=4,0.70
+79115982348,ЦИАН,realestate_agent,cian,,https://www.cian.ru/cat.php?deal_type=rent&engine_version=2&offer_type=commercial&region=1&p=1,0.60
+79176845767,ЦИАН,realestate_agent,cian,,https://www.cian.ru/cat.php?deal_type=sale&engine_version=2&offer_type=flat&region=4615&p=1,0.60
+79178693917,ЦИАН,realestate_agent,cian,,https://www.cian.ru/cat.php?deal_type=rent&engine_version=2&offer_type=commercial&region=1&p=1,0.60
+79239081494,ЦИАН,realestate_agent,cian,,https://www.cian.ru/cat.php?deal_type=rent&engine_version=2&offer_type=commercial&region=2&p=3,0.60
+79345789904,ЦИАН,realestate_agent,cian,,https://www.cian.ru/cat.php?deal_type=rent&engine_version=2&offer_type=commercial&region=2&p=1,0.60
+79417781117,ЦИАН,realestate_agent,cian,,https://www.cian.ru/cat.php?deal_type=rent&engine_version=2&offer_type=commercial&region=4593&p=1,0.60
+79441299532,ЦИАН,realestate_agent,cian,,https://www.cian.ru/cat.php?deal_type=rent&engine_version=2&offer_type=commercial&region=1&p=2,0.60
+79489234433,ЦИАН,realestate_agent,cian,,https://www.cian.ru/cat.php?deal_type=rent&engine_version=2&offer_type=commercial&region=4593&p=1,0.60
+79551995395,ЦИАН,realestate_agent,cian,,https://www.cian.ru/cat.php?deal_type=rent&engine_version=2&offer_type=commercial&region=1&p=1,0.60
+79691258395,ЦИАН,realestate_agent,cian,,https://www.cian.ru/cat.php?deal_type=rent&engine_version=2&offer_type=commercial&region=2&p=3,0.60
+79697376518,ЦИАН,realestate_agent,cian,,https://www.cian.ru/cat.php?deal_type=sale&engine_version=2&offer_type=flat&region=1&p=2,0.70
+79747795775,ЦИАН,realestate_agent,cian,,https://www.cian.ru/cat.php?deal_type=rent&engine_version=2&offer_type=commercial&region=2&p=2,0.60
+79831587860,ЦИАН,realestate_agent,cian,,https://www.cian.ru/cat.php?deal_type=sale&engine_version=2&offer_type=commercial&region=1&p=3,0.60
+79917511309,ЦИАН,realestate_agent,cian,,https://www.cian.ru/cat.php?deal_type=rent&engine_version=2&offer_type=commercial&region=2&p=1,0.60
+74012582396,"ГДП № 1 Калининград (ИНН 3906029290) адрес, официальный сайт и телефон",religious,rusprofile,,https://www.rusprofile.ru/id/3064989,0.70
+74012605027,"ГДП № 1 Калининград (ИНН 3906029290) адрес, официальный сайт и телефон",religious,rusprofile,,https://www.rusprofile.ru/id/3064989,0.70
+73333333333,"Рестораны в Москве - адреса, телефоны и отзывы",restaurant,spravker,msk,https://msk.spravker.ru/restoranyi/,0.70
+73432005151,"Рестораны в Екатеринбурге - адреса, телефоны и отзывы",restaurant,spravker,ekb,https://ekaterinburg.spravker.ru/restoranyi/,0.70
+73432020318,"Кафе в Екатеринбурге - адреса, телефоны и отзывы",restaurant,spravker,ekb,https://ekaterinburg.spravker.ru/kafe/,0.70
+73432159166,"Рестораны в Екатеринбурге - адреса, телефоны и отзывы",restaurant,spravker,ekb,https://ekaterinburg.spravker.ru/restoranyi/,0.70
+73432159168,"Рестораны в Екатеринбурге - адреса, телефоны и отзывы",restaurant,spravker,ekb,https://ekaterinburg.spravker.ru/restoranyi/,0.70
+73432221900,"Рестораны в Екатеринбурге - адреса, телефоны и отзывы",restaurant,spravker,ekb,https://ekaterinburg.spravker.ru/restoranyi/,0.70
+73432221901,"Рестораны в Екатеринбурге - адреса, телефоны и отзывы",restaurant,spravker,ekb,https://ekaterinburg.spravker.ru/restoranyi/,0.70
+73432221902,"Кафе в Екатеринбурге - адреса, телефоны и отзывы",restaurant,spravker,ekb,https://ekaterinburg.spravker.ru/kafe/,0.70
+73432221905,"Рестораны в Екатеринбурге - адреса, телефоны и отзывы",restaurant,spravker,ekb,https://ekaterinburg.spravker.ru/restoranyi/,0.70
+73432232363,"Рестораны в Екатеринбурге - адреса, телефоны и отзывы",restaurant,spravker,ekb,https://ekaterinburg.spravker.ru/restoranyi/,0.70
+73432269226,"Кафе в Екатеринбурге - адреса, телефоны и отзывы",restaurant,spravker,ekb,https://ekaterinburg.spravker.ru/kafe/,0.70
+73432279333,"Рестораны в Екатеринбурге - адреса, телефоны и отзывы",restaurant,spravker,ekb,https://ekaterinburg.spravker.ru/restoranyi/,0.70
+73432280059,"Рестораны в Екатеринбурге - адреса, телефоны и отзывы",restaurant,spravker,ekb,https://ekaterinburg.spravker.ru/restoranyi/,0.70
+73432286436,"Рестораны в Екатеринбурге - адреса, телефоны и отзывы",restaurant,spravker,ekb,https://ekaterinburg.spravker.ru/restoranyi/,0.70
+73432346451,"Кафе в Екатеринбурге - адреса, телефоны и отзывы",restaurant,spravker,ekb,https://ekaterinburg.spravker.ru/kafe/,0.70
+73432372222,"Рестораны в Екатеринбурге - адреса, телефоны и отзывы",restaurant,spravker,ekb,https://ekaterinburg.spravker.ru/restoranyi/,0.70
+73432434500,"Рестораны в Екатеринбурге - адреса, телефоны и отзывы",restaurant,spravker,ekb,https://ekaterinburg.spravker.ru/restoranyi/,0.70
+73432435400,"Рестораны в Екатеринбурге - адреса, телефоны и отзывы",restaurant,spravker,ekb,https://ekaterinburg.spravker.ru/restoranyi/,0.70
+73432472279,"Рестораны в Екатеринбурге - адреса, телефоны и отзывы",restaurant,spravker,ekb,https://ekaterinburg.spravker.ru/restoranyi/,0.70
+73432472540,"Рестораны в Екатеринбурге - адреса, телефоны и отзывы",restaurant,spravker,ekb,https://ekaterinburg.spravker.ru/restoranyi/,0.70
+73432473207,"Кафе в Екатеринбурге - адреса, телефоны и отзывы",restaurant,spravker,ekb,https://ekaterinburg.spravker.ru/kafe/,0.70
+73432537594,"Рестораны в Екатеринбурге - адреса, телефоны и отзывы",restaurant,spravker,ekb,https://ekaterinburg.spravker.ru/restoranyi/,0.70
+73432572951,"Кафе в Екатеринбурге - адреса, телефоны и отзывы",restaurant,spravker,ekb,https://ekaterinburg.spravker.ru/kafe/,0.70
+73432612145,"Рестораны в Екатеринбурге - адреса, телефоны и отзывы",restaurant,spravker,ekb,https://ekaterinburg.spravker.ru/restoranyi/,0.70
+73432663933,"Рестораны в Екатеринбурге - адреса, телефоны и отзывы",restaurant,spravker,ekb,https://ekaterinburg.spravker.ru/restoranyi/,0.70
+73432719955,"Кафе в Екатеринбурге - адреса, телефоны и отзывы",restaurant,spravker,ekb,https://ekaterinburg.spravker.ru/kafe/,0.70
+73432880578,"Рестораны в Екатеринбурге - адреса, телефоны и отзывы",restaurant,spravker,ekb,https://ekaterinburg.spravker.ru/restoranyi/,0.70
+73432882834,"Кафе в Екатеринбурге - адреса, телефоны и отзывы",restaurant,spravker,ekb,https://ekaterinburg.spravker.ru/kafe/,0.70
+73432884026,"Рестораны в Екатеринбурге - адреса, телефоны и отзывы",restaurant,spravker,ekb,https://ekaterinburg.spravker.ru/restoranyi/,0.70
+73432892233,"Кафе в Екатеринбурге - адреса, телефоны и отзывы",restaurant,spravker,ekb,https://ekaterinburg.spravker.ru/kafe/,0.70
+73433020102,"Рестораны в Екатеринбурге - адреса, телефоны и отзывы",restaurant,spravker,ekb,https://ekaterinburg.spravker.ru/restoranyi/,0.70
+73433102210,"Рестораны в Екатеринбурге - адреса, телефоны и отзывы",restaurant,spravker,ekb,https://ekaterinburg.spravker.ru/restoranyi/,0.70
+73433103751,"Рестораны в Екатеринбурге - адреса, телефоны и отзывы",restaurant,spravker,ekb,https://ekaterinburg.spravker.ru/restoranyi/,0.70
+73433122211,"Рестораны в Екатеринбурге - адреса, телефоны и отзывы",restaurant,spravker,ekb,https://ekaterinburg.spravker.ru/restoranyi/,0.70
+73433123737,"Рестораны в Екатеринбурге - адреса, телефоны и отзывы",restaurant,spravker,ekb,https://ekaterinburg.spravker.ru/restoranyi/,0.70
+73433171717,"Рестораны в Екатеринбурге - адреса, телефоны и отзывы",restaurant,spravker,ekb,https://ekaterinburg.spravker.ru/restoranyi/,0.70
+73433171803,"Кафе в Екатеринбурге - адреса, телефоны и отзывы",restaurant,spravker,ekb,https://ekaterinburg.spravker.ru/kafe/,0.70
+73433171853,"Рестораны в Екатеринбурге - адреса, телефоны и отзывы",restaurant,spravker,ekb,https://ekaterinburg.spravker.ru/restoranyi/,0.70
+73433171860,"Рестораны в Екатеринбурге - адреса, телефоны и отзывы",restaurant,spravker,ekb,https://ekaterinburg.spravker.ru/restoranyi/,0.70
+73433272222,"Рестораны в Екатеринбурге - адреса, телефоны и отзывы",restaurant,spravker,ekb,https://ekaterinburg.spravker.ru/restoranyi/,0.70
+73433388515,"Рестораны в Екатеринбурге - адреса, телефоны и отзывы",restaurant,spravker,ekb,https://ekaterinburg.spravker.ru/restoranyi/,0.70
+73433442515,"Рестораны в Екатеринбурге - адреса, телефоны и отзывы",restaurant,spravker,ekb,https://ekaterinburg.spravker.ru/restoranyi/,0.70
+73433446266,"Кафе в Екатеринбурге - адреса, телефоны и отзывы",restaurant,spravker,ekb,https://ekaterinburg.spravker.ru/kafe/,0.70
+73433500505,"Рестораны в Екатеринбурге - адреса, телефоны и отзывы",restaurant,spravker,ekb,https://ekaterinburg.spravker.ru/restoranyi/,0.70
+73433596000,"Рестораны в Екатеринбурге - адреса, телефоны и отзывы",restaurant,spravker,ekb,https://ekaterinburg.spravker.ru/restoranyi/,0.70
+73433596110,"Рестораны в Екатеринбурге - адреса, телефоны и отзывы",restaurant,spravker,ekb,https://ekaterinburg.spravker.ru/restoranyi/,0.70
+73433596381,"Рестораны в Екатеринбурге - адреса, телефоны и отзывы",restaurant,spravker,ekb,https://ekaterinburg.spravker.ru/restoranyi/,0.70
+73433613355,"Рестораны в Екатеринбурге - адреса, телефоны и отзывы",restaurant,spravker,ekb,https://ekaterinburg.spravker.ru/restoranyi/,0.70
+73433613377,"Рестораны в Екатеринбурге - адреса, телефоны и отзывы",restaurant,spravker,ekb,https://ekaterinburg.spravker.ru/restoranyi/,0.70
+73433616261,"Рестораны в Екатеринбурге - адреса, телефоны и отзывы",restaurant,spravker,ekb,https://ekaterinburg.spravker.ru/restoranyi/,0.70
+73433714060,"Рестораны в Екатеринбурге - адреса, телефоны и отзывы",restaurant,spravker,ekb,https://ekaterinburg.spravker.ru/restoranyi/,0.70
+73433715600,"Рестораны в Екатеринбурге - адреса, телефоны и отзывы",restaurant,spravker,ekb,https://ekaterinburg.spravker.ru/restoranyi/,0.70
+73433718250,"Рестораны в Екатеринбурге - адреса, телефоны и отзывы",restaurant,spravker,ekb,https://ekaterinburg.spravker.ru/restoranyi/,0.70
+73433720201,"Кафе в Екатеринбурге - адреса, телефоны и отзывы",restaurant,spravker,ekb,https://ekaterinburg.spravker.ru/kafe/,0.70
+73433749214,"Рестораны в Екатеринбурге - адреса, телефоны и отзывы",restaurant,spravker,ekb,https://ekaterinburg.spravker.ru/restoranyi/,0.70
+73433753216,"Рестораны в Екатеринбурге - адреса, телефоны и отзывы",restaurant,spravker,ekb,https://ekaterinburg.spravker.ru/restoranyi/,0.70
+73433758061,"Кафе в Екатеринбурге - адреса, телефоны и отзывы",restaurant,spravker,ekb,https://ekaterinburg.spravker.ru/kafe/,0.70
+73433766711,"Рестораны в Екатеринбурге - адреса, телефоны и отзывы",restaurant,spravker,ekb,https://ekaterinburg.spravker.ru/restoranyi/,0.70
+73433771344,"Кафе в Екатеринбурге - адреса, телефоны и отзывы",restaurant,spravker,ekb,https://ekaterinburg.spravker.ru/kafe/,0.70
+73433788118,"Рестораны в Екатеринбурге - адреса, телефоны и отзывы",restaurant,spravker,ekb,https://ekaterinburg.spravker.ru/restoranyi/,0.70
+73433790835,"Кафе в Екатеринбурге - адреса, телефоны и отзывы",restaurant,spravker,ekb,https://ekaterinburg.spravker.ru/kafe/,0.70
+73433802500,"Рестораны в Екатеринбурге - адреса, телефоны и отзывы",restaurant,spravker,ekb,https://ekaterinburg.spravker.ru/restoranyi/,0.70
+73433802501,"Рестораны в Екатеринбурге - адреса, телефоны и отзывы",restaurant,spravker,ekb,https://ekaterinburg.spravker.ru/restoranyi/,0.70
+73433808440,"Рестораны в Екатеринбурге - адреса, телефоны и отзывы",restaurant,spravker,ekb,https://ekaterinburg.spravker.ru/restoranyi/,0.70
+73433825535,"Рестораны в Екатеринбурге - адреса, телефоны и отзывы",restaurant,spravker,ekb,https://ekaterinburg.spravker.ru/restoranyi/,0.70
+73433836417,"Кафе в Екатеринбурге - адреса, телефоны и отзывы",restaurant,spravker,ekb,https://ekaterinburg.spravker.ru/kafe/,0.70
+73433850185,"Кафе в Екатеринбурге - адреса, телефоны и отзывы",restaurant,spravker,ekb,https://ekaterinburg.spravker.ru/kafe/,0.70
+73433850924,"Кафе в Екатеринбурге - адреса, телефоны и отзывы",restaurant,spravker,ekb,https://ekaterinburg.spravker.ru/kafe/,0.70
+73433850974,"Кафе в Екатеринбурге - адреса, телефоны и отзывы",restaurant,spravker,ekb,https://ekaterinburg.spravker.ru/kafe/,0.70
+73433856053,"Рестораны в Екатеринбурге - адреса, телефоны и отзывы",restaurant,spravker,ekb,https://ekaterinburg.spravker.ru/restoranyi/,0.70
+73433859090,"Рестораны в Екатеринбурге - адреса, телефоны и отзывы",restaurant,spravker,ekb,https://ekaterinburg.spravker.ru/restoranyi/,0.70
+73472000888,"Рестораны в Уфе - адреса, телефоны и отзывы",restaurant,spravker,ufa,https://ufa.spravker.ru/restoranyi/,0.70
+73472008343,"Рестораны в Уфе - адреса, телефоны и отзывы",restaurant,spravker,ufa,https://ufa.spravker.ru/restoranyi/,0.70
+73472017900,"Рестораны в Уфе - адреса, телефоны и отзывы",restaurant,spravker,ufa,https://ufa.spravker.ru/restoranyi/,0.70
+73472161103,"Рестораны в Уфе - адреса, телефоны и отзывы",restaurant,spravker,ufa,https://ufa.spravker.ru/restoranyi/,0.70
+73472161555,"Рестораны в Уфе - адреса, телефоны и отзывы",restaurant,spravker,ufa,https://ufa.spravker.ru/restoranyi/,0.70
+73472163471,"Рестораны в Уфе - адреса, телефоны и отзывы",restaurant,spravker,ufa,https://ufa.spravker.ru/restoranyi/,0.70
+73472164408,"Рестораны в Уфе - адреса, телефоны и отзывы",restaurant,spravker,ufa,https://ufa.spravker.ru/restoranyi/,0.70
+73472222058,"Рестораны в Уфе - адреса, телефоны и отзывы",restaurant,spravker,ufa,https://ufa.spravker.ru/restoranyi/,0.70
+73472262444,"Рестораны в Уфе - адреса, телефоны и отзывы",restaurant,spravker,ufa,https://ufa.spravker.ru/restoranyi/,0.70
+73472295270,"Рестораны в Уфе - адреса, телефоны и отзывы",restaurant,spravker,ufa,https://ufa.spravker.ru/restoranyi/,0.70
+73472333332,"Рестораны в Уфе - адреса, телефоны и отзывы",restaurant,spravker,ufa,https://ufa.spravker.ru/restoranyi/,0.70
+73472460246,"Рестораны в Уфе - адреса, телефоны и отзывы",restaurant,spravker,ufa,https://ufa.spravker.ru/restoranyi/,0.70
+73472461646,"Рестораны в Уфе - адреса, телефоны и отзывы",restaurant,spravker,ufa,https://ufa.spravker.ru/restoranyi/,0.70
+73472464545,"Рестораны в Уфе - адреса, телефоны и отзывы",restaurant,spravker,ufa,https://ufa.spravker.ru/restoranyi/,0.70
+73472468787,"Рестораны в Уфе - адреса, телефоны и отзывы",restaurant,spravker,ufa,https://ufa.spravker.ru/restoranyi/,0.70
+73472469292,"Рестораны в Уфе - адреса, телефоны и отзывы",restaurant,spravker,ufa,https://ufa.spravker.ru/restoranyi/,0.70
+73472489393,"Рестораны в Уфе - адреса, телефоны и отзывы",restaurant,spravker,ufa,https://ufa.spravker.ru/restoranyi/,0.70
+73472532003,"Рестораны в Уфе - адреса, телефоны и отзывы",restaurant,spravker,ufa,https://ufa.spravker.ru/restoranyi/,0.70
+73472532100,"Рестораны в Уфе - адреса, телефоны и отзывы",restaurant,spravker,ufa,https://ufa.spravker.ru/restoranyi/,0.70
+73472660191,"Рестораны в Уфе - адреса, телефоны и отзывы",restaurant,spravker,ufa,https://ufa.spravker.ru/restoranyi/,0.70
+73472663028,"Рестораны в Уфе - адреса, телефоны и отзывы",restaurant,spravker,ufa,https://ufa.spravker.ru/restoranyi/,0.70
+73472663936,"Рестораны в Уфе - адреса, телефоны и отзывы",restaurant,spravker,ufa,https://ufa.spravker.ru/restoranyi/,0.70
+73472668765,"Рестораны в Уфе - адреса, телефоны и отзывы",restaurant,spravker,ufa,https://ufa.spravker.ru/restoranyi/,0.70
+73472727207,"Рестораны в Уфе - адреса, телефоны и отзывы",restaurant,spravker,ufa,https://ufa.spravker.ru/restoranyi/,0.70
+73472850085,"Рестораны в Уфе - адреса, телефоны и отзывы",restaurant,spravker,ufa,https://ufa.spravker.ru/restoranyi/,0.70
+73472850100,"Рестораны в Уфе - адреса, телефоны и отзывы",restaurant,spravker,ufa,https://ufa.spravker.ru/restoranyi/,0.70
+73472850130,"Рестораны в Уфе - адреса, телефоны и отзывы",restaurant,spravker,ufa,https://ufa.spravker.ru/restoranyi/,0.70
+73472871133,"Рестораны в Уфе - адреса, телефоны и отзывы",restaurant,spravker,ufa,https://ufa.spravker.ru/restoranyi/,0.70
+73472871144,"Рестораны в Уфе - адреса, телефоны и отзывы",restaurant,spravker,ufa,https://ufa.spravker.ru/restoranyi/,0.70
+73472877271,"Рестораны в Уфе - адреса, телефоны и отзывы",restaurant,spravker,ufa,https://ufa.spravker.ru/restoranyi/,0.70
+73472927275,"Рестораны в Уфе - адреса, телефоны и отзывы",restaurant,spravker,ufa,https://ufa.spravker.ru/restoranyi/,0.70
+73472930077,"Рестораны в Уфе - адреса, телефоны и отзывы",restaurant,spravker,ufa,https://ufa.spravker.ru/restoranyi/,0.70
+73472935235,"Рестораны в Уфе - адреса, телефоны и отзывы",restaurant,spravker,ufa,https://ufa.spravker.ru/restoranyi/,0.70
+73472943535,"Рестораны в Уфе - адреса, телефоны и отзывы",restaurant,spravker,ufa,https://ufa.spravker.ru/restoranyi/,0.70
+73472959665,"Рестораны в Уфе - адреса, телефоны и отзывы",restaurant,spravker,ufa,https://ufa.spravker.ru/restoranyi/,0.70
+73472984000,"Рестораны в Уфе - адреса, телефоны и отзывы",restaurant,spravker,ufa,https://ufa.spravker.ru/restoranyi/,0.70
+73472987755,"Рестораны в Уфе - адреса, телефоны и отзывы",restaurant,spravker,ufa,https://ufa.spravker.ru/restoranyi/,0.70
+73472996727,"Рестораны в Уфе - адреса, телефоны и отзывы",restaurant,spravker,ufa,https://ufa.spravker.ru/restoranyi/,0.70
+73512110020,"Рестораны в Челябинске - адреса, телефоны и отзывы",restaurant,spravker,chelyabinsk,https://chelyabinsk.spravker.ru/restoranyi/,0.70
+73512110424,"Рестораны в Челябинске - адреса, телефоны и отзывы",restaurant,spravker,chelyabinsk,https://chelyabinsk.spravker.ru/restoranyi/,0.70
+73512110434,"Рестораны в Челябинске - адреса, телефоны и отзывы",restaurant,spravker,chelyabinsk,https://chelyabinsk.spravker.ru/restoranyi/,0.70
+73512113416,"Рестораны в Челябинске - адреса, телефоны и отзывы",restaurant,spravker,chelyabinsk,https://chelyabinsk.spravker.ru/restoranyi/,0.70
+73512147700,"Рестораны в Челябинске - адреса, телефоны и отзывы",restaurant,spravker,chelyabinsk,https://chelyabinsk.spravker.ru/restoranyi/,0.70
+73512170040,"Рестораны в Челябинске - адреса, телефоны и отзывы",restaurant,spravker,chelyabinsk,https://chelyabinsk.spravker.ru/restoranyi/,0.70
+73512179990,"Рестораны в Челябинске - адреса, телефоны и отзывы",restaurant,spravker,chelyabinsk,https://chelyabinsk.spravker.ru/restoranyi/,0.70
+73512184081,"Рестораны в Челябинске - адреса, телефоны и отзывы",restaurant,spravker,chelyabinsk,https://chelyabinsk.spravker.ru/restoranyi/,0.70
+73512200000,"Рестораны в Челябинске - адреса, телефоны и отзывы",restaurant,spravker,chelyabinsk,https://chelyabinsk.spravker.ru/restoranyi/,0.70
+73512200002,"Рестораны в Челябинске - адреса, телефоны и отзывы",restaurant,spravker,chelyabinsk,https://chelyabinsk.spravker.ru/restoranyi/,0.70
+73512203000,"Рестораны в Челябинске - адреса, телефоны и отзывы",restaurant,spravker,chelyabinsk,https://chelyabinsk.spravker.ru/restoranyi/,0.70
+73512203303,"Рестораны в Челябинске - адреса, телефоны и отзывы",restaurant,spravker,chelyabinsk,https://chelyabinsk.spravker.ru/restoranyi/,0.70
+73512204949,"Рестораны в Челябинске - адреса, телефоны и отзывы",restaurant,spravker,chelyabinsk,https://chelyabinsk.spravker.ru/restoranyi/,0.70
+73512207720,"Рестораны в Челябинске - адреса, телефоны и отзывы",restaurant,spravker,chelyabinsk,https://chelyabinsk.spravker.ru/restoranyi/,0.70
+73512208044,"Рестораны в Челябинске - адреса, телефоны и отзывы",restaurant,spravker,chelyabinsk,https://chelyabinsk.spravker.ru/restoranyi/,0.70
+73512232525,"Рестораны в Челябинске - адреса, телефоны и отзывы",restaurant,spravker,chelyabinsk,https://chelyabinsk.spravker.ru/restoranyi/,0.70
+73512250416,"Рестораны в Челябинске - адреса, телефоны и отзывы",restaurant,spravker,chelyabinsk,https://chelyabinsk.spravker.ru/restoranyi/,0.70
+73512250418,"Рестораны в Челябинске - адреса, телефоны и отзывы",restaurant,spravker,chelyabinsk,https://chelyabinsk.spravker.ru/restoranyi/,0.70
+73512250500,"Рестораны в Челябинске - адреса, телефоны и отзывы",restaurant,spravker,chelyabinsk,https://chelyabinsk.spravker.ru/restoranyi/,0.70
+73512254271,"Рестораны в Челябинске - адреса, телефоны и отзывы",restaurant,spravker,chelyabinsk,https://chelyabinsk.spravker.ru/restoranyi/,0.70
+73512254294,"Рестораны в Челябинске - адреса, телефоны и отзывы",restaurant,spravker,chelyabinsk,https://chelyabinsk.spravker.ru/restoranyi/,0.70
+73512307055,"Рестораны в Челябинске - адреса, телефоны и отзывы",restaurant,spravker,chelyabinsk,https://chelyabinsk.spravker.ru/restoranyi/,0.70
+73512311446,"Рестораны в Челябинске - адреса, телефоны и отзывы",restaurant,spravker,chelyabinsk,https://chelyabinsk.spravker.ru/restoranyi/,0.70
+73512316060,"Рестораны в Челябинске - адреса, телефоны и отзывы",restaurant,spravker,chelyabinsk,https://chelyabinsk.spravker.ru/restoranyi/,0.70
+73512337746,"Рестораны в Челябинске - адреса, телефоны и отзывы",restaurant,spravker,chelyabinsk,https://chelyabinsk.spravker.ru/restoranyi/,0.70
+73512399344,"Рестораны в Челябинске - адреса, телефоны и отзывы",restaurant,spravker,chelyabinsk,https://chelyabinsk.spravker.ru/restoranyi/,0.70
+73512420011,"Рестораны в Челябинске - адреса, телефоны и отзывы",restaurant,spravker,chelyabinsk,https://chelyabinsk.spravker.ru/restoranyi/,0.70
+73512444040,"Рестораны в Челябинске - адреса, телефоны и отзывы",restaurant,spravker,chelyabinsk,https://chelyabinsk.spravker.ru/restoranyi/,0.70
+73512453003,"Рестораны в Челябинске - адреса, телефоны и отзывы",restaurant,spravker,chelyabinsk,https://chelyabinsk.spravker.ru/restoranyi/,0.70
+73512628855,"Рестораны в Челябинске - адреса, телефоны и отзывы",restaurant,spravker,chelyabinsk,https://chelyabinsk.spravker.ru/restoranyi/,0.70
+73512638545,"Рестораны в Челябинске - адреса, телефоны и отзывы",restaurant,spravker,chelyabinsk,https://chelyabinsk.spravker.ru/restoranyi/,0.70
+73512639395,"Рестораны в Челябинске - адреса, телефоны и отзывы",restaurant,spravker,chelyabinsk,https://chelyabinsk.spravker.ru/restoranyi/,0.70
+73512651753,"Рестораны в Челябинске - адреса, телефоны и отзывы",restaurant,spravker,chelyabinsk,https://chelyabinsk.spravker.ru/restoranyi/,0.70
+73512657995,"Рестораны в Челябинске - адреса, телефоны и отзывы",restaurant,spravker,chelyabinsk,https://chelyabinsk.spravker.ru/restoranyi/,0.70
+73512659592,"Рестораны в Челябинске - адреса, телефоны и отзывы",restaurant,spravker,chelyabinsk,https://chelyabinsk.spravker.ru/restoranyi/,0.70
+73512707600,"Рестораны в Челябинске - адреса, телефоны и отзывы",restaurant,spravker,chelyabinsk,https://chelyabinsk.spravker.ru/restoranyi/,0.70
+73512718330,"Рестораны в Челябинске - адреса, телефоны и отзывы",restaurant,spravker,chelyabinsk,https://chelyabinsk.spravker.ru/restoranyi/,0.70
+73512724819,"Рестораны в Челябинске - адреса, телефоны и отзывы",restaurant,spravker,chelyabinsk,https://chelyabinsk.spravker.ru/restoranyi/,0.70
+73512779029,"Рестораны в Челябинске - адреса, телефоны и отзывы",restaurant,spravker,chelyabinsk,https://chelyabinsk.spravker.ru/restoranyi/,0.70
+73517271301,"Рестораны в Челябинске - адреса, телефоны и отзывы",restaurant,spravker,chelyabinsk,https://chelyabinsk.spravker.ru/restoranyi/,0.70
+73517342709,"Рестораны в Челябинске - адреса, телефоны и отзывы",restaurant,spravker,chelyabinsk,https://chelyabinsk.spravker.ru/restoranyi/,0.70
+73517770097,"Рестораны в Челябинске - адреса, телефоны и отзывы",restaurant,spravker,chelyabinsk,https://chelyabinsk.spravker.ru/restoranyi/,0.70
+73517778712,"Рестораны в Челябинске - адреса, телефоны и отзывы",restaurant,spravker,chelyabinsk,https://chelyabinsk.spravker.ru/restoranyi/,0.70
+73517918903,"Рестораны в Челябинске - адреса, телефоны и отзывы",restaurant,spravker,chelyabinsk,https://chelyabinsk.spravker.ru/restoranyi/,0.70
+73517919611,"Рестораны в Челябинске - адреса, телефоны и отзывы",restaurant,spravker,chelyabinsk,https://chelyabinsk.spravker.ru/restoranyi/,0.70
+74372356060,"Кафе в Воронеже - адреса, телефоны и отзывы",restaurant,spravker,voronezh,https://voronezh.spravker.ru/kafe/,0.70
+74732008866,"Кафе в Воронеже - адреса, телефоны и отзывы",restaurant,spravker,voronezh,https://voronezh.spravker.ru/kafe/,0.70
+74732024777,"Кафе в Воронеже - адреса, телефоны и отзывы",restaurant,spravker,voronezh,https://voronezh.spravker.ru/kafe/,0.70
+74732024778,"Кафе в Воронеже - адреса, телефоны и отзывы",restaurant,spravker,voronezh,https://voronezh.spravker.ru/kafe/,0.70
+74732027765,"Кафе в Воронеже - адреса, телефоны и отзывы",restaurant,spravker,voronezh,https://voronezh.spravker.ru/kafe/,0.70
+74732052068,"Кафе в Воронеже - адреса, телефоны и отзывы",restaurant,spravker,voronezh,https://voronezh.spravker.ru/kafe/,0.70
+74732052282,"Кафе в Воронеже - адреса, телефоны и отзывы",restaurant,spravker,voronezh,https://voronezh.spravker.ru/kafe/,0.70
+74732068558,"Кафе в Воронеже - адреса, телефоны и отзывы",restaurant,spravker,voronezh,https://voronezh.spravker.ru/kafe/,0.70
+74732068585,"Кафе в Воронеже - адреса, телефоны и отзывы",restaurant,spravker,voronezh,https://voronezh.spravker.ru/kafe/,0.70
+74732100031,"Кафе в Воронеже - адреса, телефоны и отзывы",restaurant,spravker,voronezh,https://voronezh.spravker.ru/kafe/,0.70
+74732106000,"Кафе в Воронеже - адреса, телефоны и отзывы",restaurant,spravker,voronezh,https://voronezh.spravker.ru/kafe/,0.70
+74732205301,"Кафе в Воронеже - адреса, телефоны и отзывы",restaurant,spravker,voronezh,https://voronezh.spravker.ru/kafe/,0.70
+74732224789,"Кафе в Воронеже - адреса, телефоны и отзывы",restaurant,spravker,voronezh,https://voronezh.spravker.ru/kafe/,0.70
+74732225577,"Кафе в Воронеже - адреса, телефоны и отзывы",restaurant,spravker,voronezh,https://voronezh.spravker.ru/kafe/,0.70
+74732259379,"Кафе в Воронеже - адреса, телефоны и отзывы",restaurant,spravker,voronezh,https://voronezh.spravker.ru/kafe/,0.70
+74732294420,"Кафе в Воронеже - адреса, телефоны и отзывы",restaurant,spravker,voronezh,https://voronezh.spravker.ru/kafe/,0.70
+74732295028,"Кафе в Воронеже - адреса, телефоны и отзывы",restaurant,spravker,voronezh,https://voronezh.spravker.ru/kafe/,0.70
+74732355599,"Кафе в Воронеже - адреса, телефоны и отзывы",restaurant,spravker,voronezh,https://voronezh.spravker.ru/kafe/,0.70
+74732390167,"Кафе в Воронеже - адреса, телефоны и отзывы",restaurant,spravker,voronezh,https://voronezh.spravker.ru/kafe/,0.70
+74732418800,"Кафе в Воронеже - адреса, телефоны и отзывы",restaurant,spravker,voronezh,https://voronezh.spravker.ru/kafe/,0.70
+74732422210,"Кафе в Воронеже - адреса, телефоны и отзывы",restaurant,spravker,voronezh,https://voronezh.spravker.ru/kafe/,0.70
+74732422230,"Кафе в Воронеже - адреса, телефоны и отзывы",restaurant,spravker,voronezh,https://voronezh.spravker.ru/kafe/,0.70
+74732512965,"Кафе в Воронеже - адреса, телефоны и отзывы",restaurant,spravker,voronezh,https://voronezh.spravker.ru/kafe/,0.70
+74732529191,"Кафе в Воронеже - адреса, телефоны и отзывы",restaurant,spravker,voronezh,https://voronezh.spravker.ru/kafe/,0.70
+74732532992,"Кафе в Воронеже - адреса, телефоны и отзывы",restaurant,spravker,voronezh,https://voronezh.spravker.ru/kafe/,0.70
+74732535320,"Кафе в Воронеже - адреса, телефоны и отзывы",restaurant,spravker,voronezh,https://voronezh.spravker.ru/kafe/,0.70
+74732543033,"Кафе в Воронеже - адреса, телефоны и отзывы",restaurant,spravker,voronezh,https://voronezh.spravker.ru/kafe/,0.70
+74732545043,"Кафе в Воронеже - адреса, телефоны и отзывы",restaurant,spravker,voronezh,https://voronezh.spravker.ru/kafe/,0.70
+74732550552,"Кафе в Воронеже - адреса, телефоны и отзывы",restaurant,spravker,voronezh,https://voronezh.spravker.ru/kafe/,0.70
+74732575707,"Кафе в Воронеже - адреса, телефоны и отзывы",restaurant,spravker,voronezh,https://voronezh.spravker.ru/kafe/,0.70
+74732597641,"Кафе в Воронеже - адреса, телефоны и отзывы",restaurant,spravker,voronezh,https://voronezh.spravker.ru/kafe/,0.70
+74732597757,"Кафе в Воронеже - адреса, телефоны и отзывы",restaurant,spravker,voronezh,https://voronezh.spravker.ru/kafe/,0.70
+74732598788,"Кафе в Воронеже - адреса, телефоны и отзывы",restaurant,spravker,voronezh,https://voronezh.spravker.ru/kafe/,0.70
+74732617517,"Кафе в Воронеже - адреса, телефоны и отзывы",restaurant,spravker,voronezh,https://voronezh.spravker.ru/kafe/,0.70
+74732707879,"Кафе в Воронеже - адреса, телефоны и отзывы",restaurant,spravker,voronezh,https://voronezh.spravker.ru/kafe/,0.70
+74732732820,"Кафе в Воронеже - адреса, телефоны и отзывы",restaurant,spravker,voronezh,https://voronezh.spravker.ru/kafe/,0.70
+74732783130,"Кафе в Воронеже - адреса, телефоны и отзывы",restaurant,spravker,voronezh,https://voronezh.spravker.ru/kafe/,0.70
+74732801271,"Кафе в Воронеже - адреса, телефоны и отзывы",restaurant,spravker,voronezh,https://voronezh.spravker.ru/kafe/,0.70
+74732801450,"Кафе в Воронеже - адреса, телефоны и отзывы",restaurant,spravker,voronezh,https://voronezh.spravker.ru/kafe/,0.70
+74732802020,"Кафе в Воронеже - адреса, телефоны и отзывы",restaurant,spravker,voronezh,https://voronezh.spravker.ru/kafe/,0.70
+74732900252,"Кафе в Воронеже - адреса, телефоны и отзывы",restaurant,spravker,voronezh,https://voronezh.spravker.ru/kafe/,0.70
+74732927879,"Кафе в Воронеже - адреса, телефоны и отзывы",restaurant,spravker,voronezh,https://voronezh.spravker.ru/kafe/,0.70
+74733002083,"Кафе в Воронеже - адреса, телефоны и отзывы",restaurant,spravker,voronezh,https://voronezh.spravker.ru/kafe/,0.70
+74733003235,"Кафе в Воронеже - адреса, телефоны и отзывы",restaurant,spravker,voronezh,https://voronezh.spravker.ru/kafe/,0.70
+74951034250,"Рестораны в Москве - адреса, телефоны и отзывы",restaurant,spravker,msk,https://msk.spravker.ru/restoranyi/,0.70
+74951183729,"Рестораны в Москве - адреса, телефоны и отзывы",restaurant,spravker,msk,https://msk.spravker.ru/restoranyi/,0.70
+74951202450,"Рестораны в Москве - адреса, телефоны и отзывы",restaurant,spravker,msk,https://msk.spravker.ru/restoranyi/,0.70
+74951414525,"Кафе в Москве - адреса, телефоны и отзывы",restaurant,spravker,msk,https://msk.spravker.ru/kafe/,0.70
+74951850005,"Рестораны в Москве - адреса, телефоны и отзывы",restaurant,spravker,msk,https://msk.spravker.ru/restoranyi/,0.70
+74951910115,"Кафе в Москве - адреса, телефоны и отзывы",restaurant,spravker,msk,https://msk.spravker.ru/kafe/,0.70
+74951980940,"Рестораны в Москве - адреса, телефоны и отзывы",restaurant,spravker,msk,https://msk.spravker.ru/restoranyi/,0.70
+74952101210,"Рестораны в Москве - адреса, телефоны и отзывы",restaurant,spravker,msk,https://msk.spravker.ru/restoranyi/,0.70
+74952103210,"Рестораны в Москве - адреса, телефоны и отзывы",restaurant,spravker,msk,https://msk.spravker.ru/restoranyi/,0.70
+74952151419,"Рестораны в Москве - адреса, телефоны и отзывы",restaurant,spravker,msk,https://msk.spravker.ru/restoranyi/,0.70
+74952152121,"Кафе в Москве - адреса, телефоны и отзывы",restaurant,spravker,msk,https://msk.spravker.ru/kafe/,0.70
+74952262677,"Рестораны в Москве - адреса, телефоны и отзывы",restaurant,spravker,msk,https://msk.spravker.ru/restoranyi/,0.70
+74952342424,"Рестораны в Москве - адреса, телефоны и отзывы",restaurant,spravker,msk,https://msk.spravker.ru/restoranyi/,0.70
+74952408424,"Кафе в Москве - адреса, телефоны и отзывы",restaurant,spravker,msk,https://msk.spravker.ru/kafe/,0.70
+74952520724,"Рестораны в Москве - адреса, телефоны и отзывы",restaurant,spravker,msk,https://msk.spravker.ru/restoranyi/,0.70
+74952520726,"Рестораны в Москве - адреса, телефоны и отзывы",restaurant,spravker,msk,https://msk.spravker.ru/restoranyi/,0.70
+74952520727,"Рестораны в Москве - адреса, телефоны и отзывы",restaurant,spravker,msk,https://msk.spravker.ru/restoranyi/,0.70
+74952525288,"Рестораны в Москве - адреса, телефоны и отзывы",restaurant,spravker,msk,https://msk.spravker.ru/restoranyi/,0.70
+74952752579,"Рестораны в Москве - адреса, телефоны и отзывы",restaurant,spravker,msk,https://msk.spravker.ru/restoranyi/,0.70
+74953062457,"Рестораны в Москве - адреса, телефоны и отзывы",restaurant,spravker,msk,https://msk.spravker.ru/restoranyi/,0.70
+74953291777,"Кафе в Москве - адреса, телефоны и отзывы",restaurant,spravker,msk,https://msk.spravker.ru/kafe/,0.70
+74954247000,"Рестораны в Москве - адреса, телефоны и отзывы",restaurant,spravker,msk,https://msk.spravker.ru/restoranyi/,0.70
+74954621207,"Кафе в Москве - адреса, телефоны и отзывы",restaurant,spravker,msk,https://msk.spravker.ru/kafe/,0.70
+74954622051,"Кафе в Москве - адреса, телефоны и отзывы",restaurant,spravker,msk,https://msk.spravker.ru/kafe/,0.70
+74954651013,"Кафе в Москве - адреса, телефоны и отзывы",restaurant,spravker,msk,https://msk.spravker.ru/kafe/,0.70
+74955437326,"Рестораны в Москве - адреса, телефоны и отзывы",restaurant,spravker,msk,https://msk.spravker.ru/restoranyi/,0.70
+74955445000,"Рестораны в Уфе - адреса, телефоны и отзывы",restaurant,spravker,ufa,https://ufa.spravker.ru/restoranyi/,0.70
+74956074716,"Рестораны в Москве - адреса, телефоны и отзывы",restaurant,spravker,msk,https://msk.spravker.ru/restoranyi/,0.70
+74956136201,"Рестораны в Москве - адреса, телефоны и отзывы",restaurant,spravker,msk,https://msk.spravker.ru/restoranyi/,0.70
+74956430888,"Кафе в Москве - адреса, телефоны и отзывы",restaurant,spravker,msk,https://msk.spravker.ru/kafe/,0.70
+74956445588,"Рестораны в Москве - адреса, телефоны и отзывы",restaurant,spravker,msk,https://msk.spravker.ru/restoranyi/,0.70
+74956468436,"Рестораны в Москве - адреса, телефоны и отзывы",restaurant,spravker,msk,https://msk.spravker.ru/restoranyi/,0.70
+74956516165,"Кафе в Москве - адреса, телефоны и отзывы",restaurant,spravker,msk,https://msk.spravker.ru/kafe/,0.70
+74956798688,"Рестораны в Москве - адреса, телефоны и отзывы",restaurant,spravker,msk,https://msk.spravker.ru/restoranyi/,0.70
+74956811326,"Кафе в Москве - адреса, телефоны и отзывы",restaurant,spravker,msk,https://msk.spravker.ru/kafe/,0.70
+74956929923,"Рестораны в Москве - адреса, телефоны и отзывы",restaurant,spravker,msk,https://msk.spravker.ru/restoranyi/,0.70
+74957559554,"Рестораны в Москве - адреса, телефоны и отзывы",restaurant,spravker,msk,https://msk.spravker.ru/restoranyi/,0.70
+74957723021,"ООО &quot;Кверт&quot; Москва (ИНН 7720864198) адрес, официальный сайт и телефон",restaurant,rusprofile,,https://www.rusprofile.ru/id/1595781,0.70
+74957756684,"Рестораны в Москве - адреса, телефоны и отзывы",restaurant,spravker,msk,https://msk.spravker.ru/restoranyi/,0.70
+74957800067,"Рестораны в Москве - адреса, телефоны и отзывы",restaurant,spravker,msk,https://msk.spravker.ru/restoranyi/,0.70
+74957847665,"Рестораны в Москве - адреса, телефоны и отзывы",restaurant,spravker,msk,https://msk.spravker.ru/restoranyi/,0.70
+74957857770,"Рестораны в Москве - адреса, телефоны и отзывы",restaurant,spravker,msk,https://msk.spravker.ru/restoranyi/,0.70
+74957907090,"Кафе в Москве - адреса, телефоны и отзывы",restaurant,spravker,msk,https://msk.spravker.ru/kafe/,0.70
+74958470506,"Рестораны в Москве - адреса, телефоны и отзывы",restaurant,spravker,msk,https://msk.spravker.ru/restoranyi/,0.70
+74959010914,"Рестораны в Екатеринбурге - адреса, телефоны и отзывы",restaurant,spravker,ekb,https://ekaterinburg.spravker.ru/restoranyi/,0.70
+74959212223,"Рестораны в Москве - адреса, телефоны и отзывы",restaurant,spravker,msk,https://msk.spravker.ru/restoranyi/,0.70
+74959363111,"Кафе в Москве - адреса, телефоны и отзывы",restaurant,spravker,msk,https://msk.spravker.ru/kafe/,0.70
+74959444242,"Кафе в Москве - адреса, телефоны и отзывы",restaurant,spravker,msk,https://msk.spravker.ru/kafe/,0.70
+74959444545,"Кафе в Москве - адреса, телефоны и отзывы",restaurant,spravker,msk,https://msk.spravker.ru/kafe/,0.70
+74959458899,"Рестораны в Москве - адреса, телефоны и отзывы",restaurant,spravker,msk,https://msk.spravker.ru/restoranyi/,0.70
+74959531647,"Рестораны в Москве - адреса, телефоны и отзывы",restaurant,spravker,msk,https://msk.spravker.ru/restoranyi/,0.70
+74959831070,"Кафе в Москве - адреса, телефоны и отзывы",restaurant,spravker,msk,https://msk.spravker.ru/kafe/,0.70
+74991282921,"Рестораны в Москве - адреса, телефоны и отзывы",restaurant,spravker,msk,https://msk.spravker.ru/restoranyi/,0.70
+74991800497,"Рестораны в Москве - адреса, телефоны и отзывы",restaurant,spravker,msk,https://msk.spravker.ru/restoranyi/,0.70
+74991899740,"Рестораны в Москве - адреса, телефоны и отзывы",restaurant,spravker,msk,https://msk.spravker.ru/restoranyi/,0.70
+74993978988,"Рестораны в Москве - адреса, телефоны и отзывы",restaurant,spravker,msk,https://msk.spravker.ru/restoranyi/,0.70
+74994033521,"Кафе в Москве - адреса, телефоны и отзывы",restaurant,spravker,msk,https://msk.spravker.ru/kafe/,0.70
+74994261126,"Кафе в Москве - адреса, телефоны и отзывы",restaurant,spravker,msk,https://msk.spravker.ru/kafe/,0.70
+74995308222,"Рестораны в Москве - адреса, телефоны и отзывы",restaurant,spravker,msk,https://msk.spravker.ru/restoranyi/,0.70
+74995308232,"Кафе в Москве - адреса, телефоны и отзывы",restaurant,spravker,msk,https://msk.spravker.ru/kafe/,0.70
+74996127247,"Рестораны в Москве - адреса, телефоны и отзывы",restaurant,spravker,msk,https://msk.spravker.ru/restoranyi/,0.70
+74996129186,"Рестораны в Москве - адреса, телефоны и отзывы",restaurant,spravker,msk,https://msk.spravker.ru/restoranyi/,0.70
+74996492223,"Рестораны в Екатеринбурге - адреса, телефоны и отзывы",restaurant,spravker,ekb,https://ekaterinburg.spravker.ru/restoranyi/,0.70
+74997390459,"Рестораны в Москве - адреса, телефоны и отзывы",restaurant,spravker,msk,https://msk.spravker.ru/restoranyi/,0.70
+74997551514,"Рестораны в Москве - адреса, телефоны и отзывы",restaurant,spravker,msk,https://msk.spravker.ru/restoranyi/,0.70
+74997934672,"Рестораны в Москве - адреса, телефоны и отзывы",restaurant,spravker,msk,https://msk.spravker.ru/restoranyi/,0.70
+74999645050,"Рестораны в Москве - адреса, телефоны и отзывы",restaurant,spravker,msk,https://msk.spravker.ru/restoranyi/,0.70
+76878999999,"Рестораны в Челябинске - адреса, телефоны и отзывы",restaurant,spravker,chelyabinsk,https://chelyabinsk.spravker.ru/restoranyi/,0.70
+78001000055,"Кафе в Воронеже - адреса, телефоны и отзывы",restaurant,spravker,voronezh,https://voronezh.spravker.ru/kafe/,0.70
+78001005033,"Кафе в Краснодаре - адреса, телефоны и отзывы",restaurant,spravker,krasnodar,https://krasnodar.spravker.ru/kafe/,0.70
+78001011818,"Кафе в Краснодаре - адреса, телефоны и отзывы",restaurant,spravker,krasnodar,https://krasnodar.spravker.ru/kafe/,0.70
+78001013002,"Кафе в Краснодаре - адреса, телефоны и отзывы",restaurant,spravker,krasnodar,https://krasnodar.spravker.ru/kafe/,0.70
+78002001040,"Кафе в Краснодаре - адреса, телефоны и отзывы",restaurant,spravker,krasnodar,https://krasnodar.spravker.ru/kafe/,0.70
+78002002685,"Кафе в Воронеже - адреса, телефоны и отзывы",restaurant,spravker,voronezh,https://voronezh.spravker.ru/kafe/,0.70
+78002005805,"Рестораны в Челябинске - адреса, телефоны и отзывы",restaurant,spravker,chelyabinsk,https://chelyabinsk.spravker.ru/restoranyi/,0.70
+78002005807,"Рестораны в Челябинске - адреса, телефоны и отзывы",restaurant,spravker,chelyabinsk,https://chelyabinsk.spravker.ru/restoranyi/,0.70
+78002010999,"Рестораны в Краснодаре - адреса, телефоны и отзывы",restaurant,spravker,krasnodar,https://krasnodar.spravker.ru/restoranyi/,0.70
+78003003745,"Рестораны в Краснодаре - адреса, телефоны и отзывы",restaurant,spravker,krasnodar,https://krasnodar.spravker.ru/restoranyi/,0.70
+78003020060,"Кафе в Санкт-Петербурге - адреса, телефоны и отзывы",restaurant,spravker,spb,https://spb.spravker.ru/kafe/,0.70
+78005001515,"Кафе в Казани - адреса, телефоны и отзывы",restaurant,spravker,kzn,https://kazan.spravker.ru/kafe/,0.70
+78005503030,"Рестораны в Краснодаре - адреса, телефоны и отзывы",restaurant,spravker,krasnodar,https://krasnodar.spravker.ru/restoranyi/,0.70
+78005508660,"Рестораны в Екатеринбурге - адреса, телефоны и отзывы",restaurant,spravker,ekb,https://ekaterinburg.spravker.ru/restoranyi/,0.70
+78005508717,"Кафе в Санкт-Петербурге - адреса, телефоны и отзывы",restaurant,spravker,spb,https://spb.spravker.ru/kafe/,0.70
+78005552286,"Кафе в Краснодаре - адреса, телефоны и отзывы",restaurant,spravker,krasnodar,https://krasnodar.spravker.ru/kafe/,0.70
+78005558333,"Рестораны в Казани - адреса, телефоны и отзывы",restaurant,spravker,kzn,https://kazan.spravker.ru/restoranyi/,0.70
+78006000770,"Кафе в Москве - адреса, телефоны и отзывы",restaurant,spravker,msk,https://msk.spravker.ru/kafe/,0.70
+78006002025,"Рестораны в Краснодаре - адреса, телефоны и отзывы",restaurant,spravker,krasnodar,https://krasnodar.spravker.ru/restoranyi/,0.70
+78007000110,"Кафе в Воронеже - адреса, телефоны и отзывы",restaurant,spravker,voronezh,https://voronezh.spravker.ru/kafe/,0.70
+78007007775,"Рестораны в Казани - адреса, телефоны и отзывы",restaurant,spravker,kzn,https://kazan.spravker.ru/restoranyi/,0.70
+78007075477,"Рестораны в Москве - адреса, телефоны и отзывы",restaurant,spravker,msk,https://msk.spravker.ru/restoranyi/,0.70
+78007079701,"Рестораны в Челябинске - адреса, телефоны и отзывы",restaurant,spravker,chelyabinsk,https://chelyabinsk.spravker.ru/restoranyi/,0.70
+78007707288,"Кафе в Воронеже - адреса, телефоны и отзывы",restaurant,spravker,voronezh,https://voronezh.spravker.ru/kafe/,0.70
+78007755599,"Рестораны в Краснодаре - адреса, телефоны и отзывы",restaurant,spravker,krasnodar,https://krasnodar.spravker.ru/restoranyi/,0.70
+78007772407,"Рестораны в Краснодаре - адреса, телефоны и отзывы",restaurant,spravker,krasnodar,https://krasnodar.spravker.ru/restoranyi/,0.70
+78007775955,"Кафе в Краснодаре - адреса, телефоны и отзывы",restaurant,spravker,krasnodar,https://krasnodar.spravker.ru/kafe/,0.70
+78122009621,"Кафе в Санкт-Петербурге - адреса, телефоны и отзывы",restaurant,spravker,spb,https://spb.spravker.ru/kafe/,0.70
+78122193827,"Кафе в Санкт-Петербурге - адреса, телефоны и отзывы",restaurant,spravker,spb,https://spb.spravker.ru/kafe/,0.70
+78122193836,"Кафе в Санкт-Петербурге - адреса, телефоны и отзывы",restaurant,spravker,spb,https://spb.spravker.ru/kafe/,0.70
+78122428644,"Кафе в Санкт-Петербурге - адреса, телефоны и отзывы",restaurant,spravker,spb,https://spb.spravker.ru/kafe/,0.70
+78122452301,"Кафе в Санкт-Петербурге - адреса, телефоны и отзывы",restaurant,spravker,spb,https://spb.spravker.ru/kafe/,0.70
+78122756246,"Кафе в Санкт-Петербурге - адреса, телефоны и отзывы",restaurant,spravker,spb,https://spb.spravker.ru/kafe/,0.70
+78123053565,"Кафе в Санкт-Петербурге - адреса, телефоны и отзывы",restaurant,spravker,spb,https://spb.spravker.ru/kafe/,0.70
+78123165541,"Кафе в Санкт-Петербурге - адреса, телефоны и отзывы",restaurant,spravker,spb,https://spb.spravker.ru/kafe/,0.70
+78123171181,"Кафе в Санкт-Петербурге - адреса, телефоны и отзывы",restaurant,spravker,spb,https://spb.spravker.ru/kafe/,0.70
+78123220058,"Кафе в Санкт-Петербурге - адреса, телефоны и отзывы",restaurant,spravker,spb,https://spb.spravker.ru/kafe/,0.70
+78123303333,"Кафе в Санкт-Петербурге - адреса, телефоны и отзывы",restaurant,spravker,spb,https://spb.spravker.ru/kafe/,0.70
+78123375755,"Кафе в Санкт-Петербурге - адреса, телефоны и отзывы",restaurant,spravker,spb,https://spb.spravker.ru/kafe/,0.70
+78123656538,"Кафе в Санкт-Петербурге - адреса, телефоны и отзывы",restaurant,spravker,spb,https://spb.spravker.ru/kafe/,0.70
+78123820592,"Кафе в Санкт-Петербурге - адреса, телефоны и отзывы",restaurant,spravker,spb,https://spb.spravker.ru/kafe/,0.70
+78124096088,"Кафе в Санкт-Петербурге - адреса, телефоны и отзывы",restaurant,spravker,spb,https://spb.spravker.ru/kafe/,0.70
+78124363132,"Кафе в Санкт-Петербурге - адреса, телефоны и отзывы",restaurant,spravker,spb,https://spb.spravker.ru/kafe/,0.70
+78125655047,"Кафе в Санкт-Петербурге - адреса, телефоны и отзывы",restaurant,spravker,spb,https://spb.spravker.ru/kafe/,0.70
+78125722685,"Кафе в Санкт-Петербурге - адреса, телефоны и отзывы",restaurant,spravker,spb,https://spb.spravker.ru/kafe/,0.70
+78126433823,"Кафе в Санкт-Петербурге - адреса, телефоны и отзывы",restaurant,spravker,spb,https://spb.spravker.ru/kafe/,0.70
+78126556235,"Кафе в Санкт-Петербурге - адреса, телефоны и отзывы",restaurant,spravker,spb,https://spb.spravker.ru/kafe/,0.70
+78126556565,"Кафе в Санкт-Петербурге - адреса, телефоны и отзывы",restaurant,spravker,spb,https://spb.spravker.ru/kafe/,0.70
+78126556666,"Кафе в Санкт-Петербурге - адреса, телефоны и отзывы",restaurant,spravker,spb,https://spb.spravker.ru/kafe/,0.70
+78126700505,"Кафе в Санкт-Петербурге - адреса, телефоны и отзывы",restaurant,spravker,spb,https://spb.spravker.ru/kafe/,0.70
+78126774144,"Кафе в Санкт-Петербурге - адреса, телефоны и отзывы",restaurant,spravker,spb,https://spb.spravker.ru/kafe/,0.70
+78126779578,"Кафе в Санкт-Петербурге - адреса, телефоны и отзывы",restaurant,spravker,spb,https://spb.spravker.ru/kafe/,0.70
+78126779807,"Кафе в Санкт-Петербурге - адреса, телефоны и отзывы",restaurant,spravker,spb,https://spb.spravker.ru/kafe/,0.70
+78127750055,"Кафе в Санкт-Петербурге - адреса, телефоны и отзывы",restaurant,spravker,spb,https://spb.spravker.ru/kafe/,0.70
+78129052277,"Кафе в Санкт-Петербурге - адреса, телефоны и отзывы",restaurant,spravker,spb,https://spb.spravker.ru/kafe/,0.70
+78129221557,"Кафе в Санкт-Петербурге - адреса, телефоны и отзывы",restaurant,spravker,spb,https://spb.spravker.ru/kafe/,0.70
+78129552288,"Кафе в Санкт-Петербурге - адреса, телефоны и отзывы",restaurant,spravker,spb,https://spb.spravker.ru/kafe/,0.70
+78129557961,"Кафе в Санкт-Петербурге - адреса, телефоны и отзывы",restaurant,spravker,spb,https://spb.spravker.ru/kafe/,0.70
+78129557972,"Кафе в Санкт-Петербурге - адреса, телефоны и отзывы",restaurant,spravker,spb,https://spb.spravker.ru/kafe/,0.70
+78129818182,"Кафе в Санкт-Петербурге - адреса, телефоны и отзывы",restaurant,spravker,spb,https://spb.spravker.ru/kafe/,0.70
+78129873323,"Кафе в Санкт-Петербурге - адреса, телефоны и отзывы",restaurant,spravker,spb,https://spb.spravker.ru/kafe/,0.70
+78129874488,"Кафе в Санкт-Петербурге - адреса, телефоны и отзывы",restaurant,spravker,spb,https://spb.spravker.ru/kafe/,0.70
+78131000000,"Рестораны в Краснодаре - адреса, телефоны и отзывы",restaurant,spravker,krasnodar,https://krasnodar.spravker.ru/restoranyi/,0.70
+78432023320,"Кафе в Казани - адреса, телефоны и отзывы",restaurant,spravker,kzn,https://kazan.spravker.ru/kafe/,0.70
+78432055077,"Кафе в Казани - адреса, телефоны и отзывы",restaurant,spravker,kzn,https://kazan.spravker.ru/kafe/,0.70
+78432080808,"Рестораны в Казани - адреса, телефоны и отзывы",restaurant,spravker,kzn,https://kazan.spravker.ru/restoranyi/,0.70
+78432101101,"Кафе в Казани - адреса, телефоны и отзывы",restaurant,spravker,kzn,https://kazan.spravker.ru/kafe/,0.70
+78432101644,"Рестораны в Казани - адреса, телефоны и отзывы",restaurant,spravker,kzn,https://kazan.spravker.ru/restoranyi/,0.70
+78432121118,"Рестораны в Казани - адреса, телефоны и отзывы",restaurant,spravker,kzn,https://kazan.spravker.ru/restoranyi/,0.70
+78432210208,"Рестораны в Казани - адреса, телефоны и отзывы",restaurant,spravker,kzn,https://kazan.spravker.ru/restoranyi/,0.70
+78432225555,"Рестораны в Казани - адреса, телефоны и отзывы",restaurant,spravker,kzn,https://kazan.spravker.ru/restoranyi/,0.70
+78432253488,"Кафе в Казани - адреса, телефоны и отзывы",restaurant,spravker,kzn,https://kazan.spravker.ru/kafe/,0.70
+78432255100,"Рестораны в Казани - адреса, телефоны и отзывы",restaurant,spravker,kzn,https://kazan.spravker.ru/restoranyi/,0.70
+78432263066,"Рестораны в Казани - адреса, телефоны и отзывы",restaurant,spravker,kzn,https://kazan.spravker.ru/restoranyi/,0.70
+78432304144,"Рестораны в Казани - адреса, телефоны и отзывы",restaurant,spravker,kzn,https://kazan.spravker.ru/restoranyi/,0.70
+78432334433,"Кафе в Казани - адреса, телефоны и отзывы",restaurant,spravker,kzn,https://kazan.spravker.ru/kafe/,0.70
+78432334971,"Рестораны в Казани - адреса, телефоны и отзывы",restaurant,spravker,kzn,https://kazan.spravker.ru/restoranyi/,0.70
+78432361133,"Кафе в Казани - адреса, телефоны и отзывы",restaurant,spravker,kzn,https://kazan.spravker.ru/kafe/,0.70
+78432361144,"Кафе в Казани - адреса, телефоны и отзывы",restaurant,spravker,kzn,https://kazan.spravker.ru/kafe/,0.70
+78432361633,"Рестораны в Казани - адреса, телефоны и отзывы",restaurant,spravker,kzn,https://kazan.spravker.ru/restoranyi/,0.70
+78432362075,"Рестораны в Казани - адреса, телефоны и отзывы",restaurant,spravker,kzn,https://kazan.spravker.ru/restoranyi/,0.70
+78432364508,"Рестораны в Казани - адреса, телефоны и отзывы",restaurant,spravker,kzn,https://kazan.spravker.ru/restoranyi/,0.70
+78432366070,"Рестораны в Казани - адреса, телефоны и отзывы",restaurant,spravker,kzn,https://kazan.spravker.ru/restoranyi/,0.70
+78432366424,"Рестораны в Казани - адреса, телефоны и отзывы",restaurant,spravker,kzn,https://kazan.spravker.ru/restoranyi/,0.70
+78432367433,"Рестораны в Казани - адреса, телефоны и отзывы",restaurant,spravker,kzn,https://kazan.spravker.ru/restoranyi/,0.70
+78432381082,"Рестораны в Казани - адреса, телефоны и отзывы",restaurant,spravker,kzn,https://kazan.spravker.ru/restoranyi/,0.70
+78432381092,"Рестораны в Казани - адреса, телефоны и отзывы",restaurant,spravker,kzn,https://kazan.spravker.ru/restoranyi/,0.70
+78432385266,"Кафе в Казани - адреса, телефоны и отзывы",restaurant,spravker,kzn,https://kazan.spravker.ru/kafe/,0.70
+78432387284,"Кафе в Казани - адреса, телефоны и отзывы",restaurant,spravker,kzn,https://kazan.spravker.ru/kafe/,0.70
+78432450007,"Кафе в Казани - адреса, телефоны и отзывы",restaurant,spravker,kzn,https://kazan.spravker.ru/kafe/,0.70
+78432464828,"Рестораны в Казани - адреса, телефоны и отзывы",restaurant,spravker,kzn,https://kazan.spravker.ru/restoranyi/,0.70
+78432475777,"Рестораны в Казани - адреса, телефоны и отзывы",restaurant,spravker,kzn,https://kazan.spravker.ru/restoranyi/,0.70
+78432508143,"Рестораны в Казани - адреса, телефоны и отзывы",restaurant,spravker,kzn,https://kazan.spravker.ru/restoranyi/,0.70
+78432521682,"Кафе в Казани - адреса, телефоны и отзывы",restaurant,spravker,kzn,https://kazan.spravker.ru/kafe/,0.70
+78432535532,"Рестораны в Казани - адреса, телефоны и отзывы",restaurant,spravker,kzn,https://kazan.spravker.ru/restoranyi/,0.70
+78432537979,"Рестораны в Казани - адреса, телефоны и отзывы",restaurant,spravker,kzn,https://kazan.spravker.ru/restoranyi/,0.70
+78432583212,"Рестораны в Казани - адреса, телефоны и отзывы",restaurant,spravker,kzn,https://kazan.spravker.ru/restoranyi/,0.70
+78432583818,"Рестораны в Казани - адреса, телефоны и отзывы",restaurant,spravker,kzn,https://kazan.spravker.ru/restoranyi/,0.70
+78432583933,"Рестораны в Казани - адреса, телефоны и отзывы",restaurant,spravker,kzn,https://kazan.spravker.ru/restoranyi/,0.70
+78432600824,"Рестораны в Казани - адреса, телефоны и отзывы",restaurant,spravker,kzn,https://kazan.spravker.ru/restoranyi/,0.70
+78432609966,"Рестораны в Казани - адреса, телефоны и отзывы",restaurant,spravker,kzn,https://kazan.spravker.ru/restoranyi/,0.70
+78432643651,"Кафе в Казани - адреса, телефоны и отзывы",restaurant,spravker,kzn,https://kazan.spravker.ru/kafe/,0.70
+78432789119,"Рестораны в Казани - адреса, телефоны и отзывы",restaurant,spravker,kzn,https://kazan.spravker.ru/restoranyi/,0.70
+78432789123,"Рестораны в Казани - адреса, телефоны и отзывы",restaurant,spravker,kzn,https://kazan.spravker.ru/restoranyi/,0.70
+78432789130,"Рестораны в Казани - адреса, телефоны и отзывы",restaurant,spravker,kzn,https://kazan.spravker.ru/restoranyi/,0.70
+78432789144,"Рестораны в Казани - адреса, телефоны и отзывы",restaurant,spravker,kzn,https://kazan.spravker.ru/restoranyi/,0.70
+78432793000,"Рестораны в Казани - адреса, телефоны и отзывы",restaurant,spravker,kzn,https://kazan.spravker.ru/restoranyi/,0.70
+78432793305,"Рестораны в Казани - адреса, телефоны и отзывы",restaurant,spravker,kzn,https://kazan.spravker.ru/restoranyi/,0.70
+78432793444,"Рестораны в Казани - адреса, телефоны и отзывы",restaurant,spravker,kzn,https://kazan.spravker.ru/restoranyi/,0.70
+78432800464,"Рестораны в Казани - адреса, телефоны и отзывы",restaurant,spravker,kzn,https://kazan.spravker.ru/restoranyi/,0.70
+78432920074,"Кафе в Казани - адреса, телефоны и отзывы",restaurant,spravker,kzn,https://kazan.spravker.ru/kafe/,0.70
+78432920292,"Рестораны в Казани - адреса, телефоны и отзывы",restaurant,spravker,kzn,https://kazan.spravker.ru/restoranyi/,0.70
+78432921682,"Кафе в Казани - адреса, телефоны и отзывы",restaurant,spravker,kzn,https://kazan.spravker.ru/kafe/,0.70
+78432926019,"Рестораны в Казани - адреса, телефоны и отзывы",restaurant,spravker,kzn,https://kazan.spravker.ru/restoranyi/,0.70
+78432926464,"Рестораны в Казани - адреса, телефоны и отзывы",restaurant,spravker,kzn,https://kazan.spravker.ru/restoranyi/,0.70
+78432926701,"Рестораны в Казани - адреса, телефоны и отзывы",restaurant,spravker,kzn,https://kazan.spravker.ru/restoranyi/,0.70
+78432927439,"Рестораны в Казани - адреса, телефоны и отзывы",restaurant,spravker,kzn,https://kazan.spravker.ru/restoranyi/,0.70
+78432937070,"Рестораны в Казани - адреса, телефоны и отзывы",restaurant,spravker,kzn,https://kazan.spravker.ru/restoranyi/,0.70
+78432940000,"Рестораны в Казани - адреса, телефоны и отзывы",restaurant,spravker,kzn,https://kazan.spravker.ru/restoranyi/,0.70
+78432950307,"Рестораны в Казани - адреса, телефоны и отзывы",restaurant,spravker,kzn,https://kazan.spravker.ru/restoranyi/,0.70
+78432966659,"Кафе в Казани - адреса, телефоны и отзывы",restaurant,spravker,kzn,https://kazan.spravker.ru/kafe/,0.70
+78432966759,"Кафе в Казани - адреса, телефоны и отзывы",restaurant,spravker,kzn,https://kazan.spravker.ru/kafe/,0.70
+78432972959,"Рестораны в Казани - адреса, телефоны и отзывы",restaurant,spravker,kzn,https://kazan.spravker.ru/restoranyi/,0.70
+78435004556,"Рестораны в Казани - адреса, телефоны и отзывы",restaurant,spravker,kzn,https://kazan.spravker.ru/restoranyi/,0.70
+78435031111,"Рестораны в Казани - адреса, телефоны и отзывы",restaurant,spravker,kzn,https://kazan.spravker.ru/restoranyi/,0.70
+78435212427,"Рестораны в Казани - адреса, телефоны и отзывы",restaurant,spravker,kzn,https://kazan.spravker.ru/restoranyi/,0.70
+78435248111,"Рестораны в Казани - адреса, телефоны и отзывы",restaurant,spravker,kzn,https://kazan.spravker.ru/restoranyi/,0.70
+78435278801,"АО &quot;Торговый Дом Казанский ЦУМ&quot; Казань (ИНН 1654002880) адрес, официальный сайт и телефон",restaurant,rusprofile,,https://www.rusprofile.ru/id/2966286,0.70
+78435278947,"АО &quot;Торговый Дом Казанский ЦУМ&quot; Казань (ИНН 1654002880) адрес, официальный сайт и телефон",restaurant,rusprofile,,https://www.rusprofile.ru/id/2966286,0.70
+78435550808,"Рестораны в Казани - адреса, телефоны и отзывы",restaurant,spravker,kzn,https://kazan.spravker.ru/restoranyi/,0.70
+78435552535,"Рестораны в Казани - адреса, телефоны и отзывы",restaurant,spravker,kzn,https://kazan.spravker.ru/restoranyi/,0.70
+78435587725,"Кафе в Казани - адреса, телефоны и отзывы",restaurant,spravker,kzn,https://kazan.spravker.ru/kafe/,0.70
+78435604044,"Рестораны в Казани - адреса, телефоны и отзывы",restaurant,spravker,kzn,https://kazan.spravker.ru/restoranyi/,0.70
+78435671331,"Рестораны в Казани - адреса, телефоны и отзывы",restaurant,spravker,kzn,https://kazan.spravker.ru/restoranyi/,0.70
+78435671671,"Рестораны в Казани - адреса, телефоны и отзывы",restaurant,spravker,kzn,https://kazan.spravker.ru/restoranyi/,0.70
+78435672000,"Рестораны в Казани - адреса, телефоны и отзывы",restaurant,spravker,kzn,https://kazan.spravker.ru/restoranyi/,0.70
+78435673377,"Рестораны в Казани - адреса, телефоны и отзывы",restaurant,spravker,kzn,https://kazan.spravker.ru/restoranyi/,0.70
+78435673388,"Рестораны в Казани - адреса, телефоны и отзывы",restaurant,spravker,kzn,https://kazan.spravker.ru/restoranyi/,0.70
+78435700700,"Рестораны в Казани - адреса, телефоны и отзывы",restaurant,spravker,kzn,https://kazan.spravker.ru/restoranyi/,0.70
+78435909001,"Рестораны в Казани - адреса, телефоны и отзывы",restaurant,spravker,kzn,https://kazan.spravker.ru/restoranyi/,0.70
+78435995382,"Рестораны в Казани - адреса, телефоны и отзывы",restaurant,spravker,kzn,https://kazan.spravker.ru/restoranyi/,0.70
+78612033586,"Рестораны в Краснодаре - адреса, телефоны и отзывы",restaurant,spravker,krasnodar,https://krasnodar.spravker.ru/restoranyi/,0.70
+78612034737,"Рестораны в Краснодаре - адреса, телефоны и отзывы",restaurant,spravker,krasnodar,https://krasnodar.spravker.ru/restoranyi/,0.70
+78612053000,"Кафе в Краснодаре - адреса, телефоны и отзывы",restaurant,spravker,krasnodar,https://krasnodar.spravker.ru/kafe/,0.70
+78612070743,"Рестораны в Краснодаре - адреса, телефоны и отзывы",restaurant,spravker,krasnodar,https://krasnodar.spravker.ru/restoranyi/,0.70
+78612110306,"Рестораны в Краснодаре - адреса, телефоны и отзывы",restaurant,spravker,krasnodar,https://krasnodar.spravker.ru/restoranyi/,0.70
+78612132963,"Рестораны в Краснодаре - адреса, телефоны и отзывы",restaurant,spravker,krasnodar,https://krasnodar.spravker.ru/restoranyi/,0.70
+78612204141,"Кафе в Краснодаре - адреса, телефоны и отзывы",restaurant,spravker,krasnodar,https://krasnodar.spravker.ru/kafe/,0.70
+78612205599,"Кафе в Краснодаре - адреса, телефоны и отзывы",restaurant,spravker,krasnodar,https://krasnodar.spravker.ru/kafe/,0.70
+78612214141,"Рестораны в Краснодаре - адреса, телефоны и отзывы",restaurant,spravker,krasnodar,https://krasnodar.spravker.ru/restoranyi/,0.70
+78612314847,"Кафе в Краснодаре - адреса, телефоны и отзывы",restaurant,spravker,krasnodar,https://krasnodar.spravker.ru/kafe/,0.70
+78612344343,"Кафе в Краснодаре - адреса, телефоны и отзывы",restaurant,spravker,krasnodar,https://krasnodar.spravker.ru/kafe/,0.70
+78612444600,"Рестораны в Краснодаре - адреса, телефоны и отзывы",restaurant,spravker,krasnodar,https://krasnodar.spravker.ru/restoranyi/,0.70
+78612531818,"Кафе в Краснодаре - адреса, телефоны и отзывы",restaurant,spravker,krasnodar,https://krasnodar.spravker.ru/kafe/,0.70
+78612551001,"Рестораны в Краснодаре - адреса, телефоны и отзывы",restaurant,spravker,krasnodar,https://krasnodar.spravker.ru/restoranyi/,0.70
+78612555590,"Рестораны в Краснодаре - адреса, телефоны и отзывы",restaurant,spravker,krasnodar,https://krasnodar.spravker.ru/restoranyi/,0.70
+78612559699,"Кафе в Краснодаре - адреса, телефоны и отзывы",restaurant,spravker,krasnodar,https://krasnodar.spravker.ru/kafe/,0.70
+78612588380,"Кафе в Краснодаре - адреса, телефоны и отзывы",restaurant,spravker,krasnodar,https://krasnodar.spravker.ru/kafe/,0.70
+78612670670,"Рестораны в Краснодаре - адреса, телефоны и отзывы",restaurant,spravker,krasnodar,https://krasnodar.spravker.ru/restoranyi/,0.70
+78612679267,"Рестораны в Краснодаре - адреса, телефоны и отзывы",restaurant,spravker,krasnodar,https://krasnodar.spravker.ru/restoranyi/,0.70
+78612679494,"Рестораны в Краснодаре - адреса, телефоны и отзывы",restaurant,spravker,krasnodar,https://krasnodar.spravker.ru/restoranyi/,0.70
+78612741212,"Рестораны в Краснодаре - адреса, телефоны и отзывы",restaurant,spravker,krasnodar,https://krasnodar.spravker.ru/restoranyi/,0.70
+78612743103,"Рестораны в Краснодаре - адреса, телефоны и отзывы",restaurant,spravker,krasnodar,https://krasnodar.spravker.ru/restoranyi/,0.70
+78612749074,"Кафе в Краснодаре - адреса, телефоны и отзывы",restaurant,spravker,krasnodar,https://krasnodar.spravker.ru/kafe/,0.70
+78612900045,"Рестораны в Краснодаре - адреса, телефоны и отзывы",restaurant,spravker,krasnodar,https://krasnodar.spravker.ru/restoranyi/,0.70
+79000321331,"Рестораны в Екатеринбурге - адреса, телефоны и отзывы",restaurant,spravker,ekb,https://ekaterinburg.spravker.ru/restoranyi/,0.70
+79002154782,"Кафе в Екатеринбурге - адреса, телефоны и отзывы",restaurant,spravker,ekb,https://ekaterinburg.spravker.ru/kafe/,0.70
+79002393250,"Рестораны в Краснодаре - адреса, телефоны и отзывы",restaurant,spravker,krasnodar,https://krasnodar.spravker.ru/restoranyi/,0.70
+79002857781,"Рестораны в Краснодаре - адреса, телефоны и отзывы",restaurant,spravker,krasnodar,https://krasnodar.spravker.ru/restoranyi/,0.70
+79002857790,"Рестораны в Краснодаре - адреса, телефоны и отзывы",restaurant,spravker,krasnodar,https://krasnodar.spravker.ru/restoranyi/,0.70
+79002858692,"Рестораны в Краснодаре - адреса, телефоны и отзывы",restaurant,spravker,krasnodar,https://krasnodar.spravker.ru/restoranyi/,0.70
+79002858698,"Рестораны в Краснодаре - адреса, телефоны и отзывы",restaurant,spravker,krasnodar,https://krasnodar.spravker.ru/restoranyi/,0.70
+79002999888,"Кафе в Воронеже - адреса, телефоны и отзывы",restaurant,spravker,voronezh,https://voronezh.spravker.ru/kafe/,0.70
+79003042592,"Кафе в Воронеже - адреса, телефоны и отзывы",restaurant,spravker,voronezh,https://voronezh.spravker.ru/kafe/,0.70
+79003077774,"Кафе в Воронеже - адреса, телефоны и отзывы",restaurant,spravker,voronezh,https://voronezh.spravker.ru/kafe/,0.70
+79009299796,"Кафе в Воронеже - адреса, телефоны и отзывы",restaurant,spravker,voronezh,https://voronezh.spravker.ru/kafe/,0.70
+79009303844,"Кафе в Воронеже - адреса, телефоны и отзывы",restaurant,spravker,voronezh,https://voronezh.spravker.ru/kafe/,0.70
+79009552087,"Кафе в Воронеже - адреса, телефоны и отзывы",restaurant,spravker,voronezh,https://voronezh.spravker.ru/kafe/,0.70
+79009596275,"Кафе в Воронеже - адреса, телефоны и отзывы",restaurant,spravker,voronezh,https://voronezh.spravker.ru/kafe/,0.70
+79009639570,"Кафе в Воронеже - адреса, телефоны и отзывы",restaurant,spravker,voronezh,https://voronezh.spravker.ru/kafe/,0.70
+79011322341,"Кафе в Санкт-Петербурге - адреса, телефоны и отзывы",restaurant,spravker,spb,https://spb.spravker.ru/kafe/,0.70
+79011478025,"Рестораны в Москве - адреса, телефоны и отзывы",restaurant,spravker,msk,https://msk.spravker.ru/restoranyi/,0.70
+79012442020,"Кафе в Санкт-Петербурге - адреса, телефоны и отзывы",restaurant,spravker,spb,https://spb.spravker.ru/kafe/,0.70
+79012499764,"Кафе в Екатеринбурге - адреса, телефоны и отзывы",restaurant,spravker,ekb,https://ekaterinburg.spravker.ru/kafe/,0.70
+79014681703,"Кафе в Москве - адреса, телефоны и отзывы",restaurant,spravker,msk,https://msk.spravker.ru/kafe/,0.70
+79030843247,"Рестораны в Екатеринбурге - адреса, телефоны и отзывы",restaurant,spravker,ekb,https://ekaterinburg.spravker.ru/restoranyi/,0.70
+79033887979,"Рестораны в Казани - адреса, телефоны и отзывы",restaurant,spravker,kzn,https://kazan.spravker.ru/restoranyi/,0.70
+79036534673,"Кафе в Воронеже - адреса, телефоны и отзывы",restaurant,spravker,voronezh,https://voronezh.spravker.ru/kafe/,0.70
+79037333736,"Рестораны в Москве - адреса, телефоны и отзывы",restaurant,spravker,msk,https://msk.spravker.ru/restoranyi/,0.70
+79041778677,"Кафе в Екатеринбурге - адреса, телефоны и отзывы",restaurant,spravker,ekb,https://ekaterinburg.spravker.ru/kafe/,0.70
+79043335678,"Кафе в Санкт-Петербурге - адреса, телефоны и отзывы",restaurant,spravker,spb,https://spb.spravker.ru/kafe/,0.70
+79045678311,Кафе The Лазать,restaurant,zoon,msk,https://zoon.ru/msk/entertainment/,0.70
+79045682273,"Рестораны в Москве - адреса, телефоны и отзывы",restaurant,spravker,msk,https://msk.spravker.ru/restoranyi/,0.70
+79047129797,"Рестораны в Казани - адреса, телефоны и отзывы",restaurant,spravker,kzn,https://kazan.spravker.ru/restoranyi/,0.70
+79047175600,"Рестораны в Казани - адреса, телефоны и отзывы",restaurant,spravker,kzn,https://kazan.spravker.ru/restoranyi/,0.70
+79049305574,"Рестораны в Челябинске - адреса, телефоны и отзывы",restaurant,spravker,chelyabinsk,https://chelyabinsk.spravker.ru/restoranyi/,0.70
+79049727788,"Рестораны в Челябинске - адреса, телефоны и отзывы",restaurant,spravker,chelyabinsk,https://chelyabinsk.spravker.ru/restoranyi/,0.70
+79053541481,"Рестораны в Уфе - адреса, телефоны и отзывы",restaurant,spravker,ufa,https://ufa.spravker.ru/restoranyi/,0.70
+79053545551,"Рестораны в Уфе - адреса, телефоны и отзывы",restaurant,spravker,ufa,https://ufa.spravker.ru/restoranyi/,0.70
+79057030806,"Рестораны в Москве - адреса, телефоны и отзывы",restaurant,spravker,msk,https://msk.spravker.ru/restoranyi/,0.70
+79057902000,"Рестораны в Москве - адреса, телефоны и отзывы",restaurant,spravker,msk,https://msk.spravker.ru/restoranyi/,0.70
+79060462211,"Кафе в Москве - адреса, телефоны и отзывы",restaurant,spravker,msk,https://msk.spravker.ru/kafe/,0.70
+79060482211,"Кафе в Москве - адреса, телефоны и отзывы",restaurant,spravker,msk,https://msk.spravker.ru/kafe/,0.70
+79062110020,"Рестораны в Челябинске - адреса, телефоны и отзывы",restaurant,spravker,chelyabinsk,https://chelyabinsk.spravker.ru/restoranyi/,0.70
+79063276054,"Кафе в Казани - адреса, телефоны и отзывы",restaurant,spravker,kzn,https://kazan.spravker.ru/kafe/,0.70
+79065470857,"Кафе в Краснодаре - адреса, телефоны и отзывы",restaurant,spravker,krasnodar,https://krasnodar.spravker.ru/kafe/,0.70
+79066769707,"Кафе в Воронеже - адреса, телефоны и отзывы",restaurant,spravker,voronezh,https://voronezh.spravker.ru/kafe/,0.70
+79080446382,"Рестораны в Челябинске - адреса, телефоны и отзывы",restaurant,spravker,chelyabinsk,https://chelyabinsk.spravker.ru/restoranyi/,0.70
+79080802746,"Рестораны в Челябинске - адреса, телефоны и отзывы",restaurant,spravker,chelyabinsk,https://chelyabinsk.spravker.ru/restoranyi/,0.70
+79081376269,"Кафе в Воронеже - адреса, телефоны и отзывы",restaurant,spravker,voronezh,https://voronezh.spravker.ru/kafe/,0.70
+79086318181,"Рестораны в Екатеринбурге - адреса, телефоны и отзывы",restaurant,spravker,ekb,https://ekaterinburg.spravker.ru/restoranyi/,0.70
+79088168880,"Рестораны в Челябинске - адреса, телефоны и отзывы",restaurant,spravker,chelyabinsk,https://chelyabinsk.spravker.ru/restoranyi/,0.70
+79089000335,"Кафе в Екатеринбурге - адреса, телефоны и отзывы",restaurant,spravker,ekb,https://ekaterinburg.spravker.ru/kafe/,0.70
+79089043232,"Рестораны в Екатеринбурге - адреса, телефоны и отзывы",restaurant,spravker,ekb,https://ekaterinburg.spravker.ru/restoranyi/,0.70
+79089101314,"Рестораны в Екатеринбурге - адреса, телефоны и отзывы",restaurant,spravker,ekb,https://ekaterinburg.spravker.ru/restoranyi/,0.70
+79090070961,"Рестораны в Екатеринбурге - адреса, телефоны и отзывы",restaurant,spravker,ekb,https://ekaterinburg.spravker.ru/restoranyi/,0.70
+79094472931,"Кафе в Краснодаре - адреса, телефоны и отзывы",restaurant,spravker,krasnodar,https://krasnodar.spravker.ru/kafe/,0.70
+79102800451,"Кафе в Воронеже - адреса, телефоны и отзывы",restaurant,spravker,voronezh,https://voronezh.spravker.ru/kafe/,0.70
+79110112838,"Кафе в Санкт-Петербурге - адреса, телефоны и отзывы",restaurant,spravker,spb,https://spb.spravker.ru/kafe/,0.70
+79112348989,"Кафе в Санкт-Петербурге - адреса, телефоны и отзывы",restaurant,spravker,spb,https://spb.spravker.ru/kafe/,0.70
+79120810845,"Рестораны в Челябинске - адреса, телефоны и отзывы",restaurant,spravker,chelyabinsk,https://chelyabinsk.spravker.ru/restoranyi/,0.70
+79122058079,Кулинарная студия Игра Столов на проспекте Ленина,restaurant,zoon,ekb,https://zoon.ru/ekb/entertainment/,0.70
+79122438886,"Кафе в Екатеринбурге - адреса, телефоны и отзывы",restaurant,spravker,ekb,https://ekaterinburg.spravker.ru/kafe/,0.70
+79122646707,"Рестораны в Екатеринбурге - адреса, телефоны и отзывы",restaurant,spravker,ekb,https://ekaterinburg.spravker.ru/restoranyi/,0.70
+79122858549,"Кафе в Екатеринбурге - адреса, телефоны и отзывы",restaurant,spravker,ekb,https://ekaterinburg.spravker.ru/kafe/,0.70
+79126000281,"Рестораны в Екатеринбурге - адреса, телефоны и отзывы",restaurant,spravker,ekb,https://ekaterinburg.spravker.ru/restoranyi/,0.70
+79126000329,"Рестораны в Екатеринбурге - адреса, телефоны и отзывы",restaurant,spravker,ekb,https://ekaterinburg.spravker.ru/restoranyi/,0.70
+79126000642,"Рестораны в Екатеринбурге - адреса, телефоны и отзывы",restaurant,spravker,ekb,https://ekaterinburg.spravker.ru/restoranyi/,0.70
+79126173500,"Кафе в Екатеринбурге - адреса, телефоны и отзывы",restaurant,spravker,ekb,https://ekaterinburg.spravker.ru/kafe/,0.70
+79126612519,"Рестораны в Екатеринбурге - адреса, телефоны и отзывы",restaurant,spravker,ekb,https://ekaterinburg.spravker.ru/restoranyi/,0.70
+79126700059,"Рестораны в Екатеринбурге - адреса, телефоны и отзывы",restaurant,spravker,ekb,https://ekaterinburg.spravker.ru/restoranyi/,0.70
+79126802200,"Рестораны в Екатеринбурге - адреса, телефоны и отзывы",restaurant,spravker,ekb,https://ekaterinburg.spravker.ru/restoranyi/,0.70
+79126818960,"Кафе в Екатеринбурге - адреса, телефоны и отзывы",restaurant,spravker,ekb,https://ekaterinburg.spravker.ru/kafe/,0.70
+79127720718,"Рестораны в Челябинске - адреса, телефоны и отзывы",restaurant,spravker,chelyabinsk,https://chelyabinsk.spravker.ru/restoranyi/,0.70
+79128076450,"Рестораны в Челябинске - адреса, телефоны и отзывы",restaurant,spravker,chelyabinsk,https://chelyabinsk.spravker.ru/restoranyi/,0.70
+79128959777,"Рестораны в Челябинске - адреса, телефоны и отзывы",restaurant,spravker,chelyabinsk,https://chelyabinsk.spravker.ru/restoranyi/,0.70
+79152171738,"Кафе в Москве - адреса, телефоны и отзывы",restaurant,spravker,msk,https://msk.spravker.ru/kafe/,0.70
+79154555333,"Рестораны в Москве - адреса, телефоны и отзывы",restaurant,spravker,msk,https://msk.spravker.ru/restoranyi/,0.70
+79155478509,"Кафе в Воронеже - адреса, телефоны и отзывы",restaurant,spravker,voronezh,https://voronezh.spravker.ru/kafe/,0.70
+79165779650,"Рестораны в Москве - адреса, телефоны и отзывы",restaurant,spravker,msk,https://msk.spravker.ru/restoranyi/,0.70
+79167652442,"Рестораны в Москве - адреса, телефоны и отзывы",restaurant,spravker,msk,https://msk.spravker.ru/restoranyi/,0.70
+79168404904,"Кафе в Москве - адреса, телефоны и отзывы",restaurant,spravker,msk,https://msk.spravker.ru/kafe/,0.70
+79169292789,"ООО &quot;Кверт&quot; Москва (ИНН 7720864198) адрес, официальный сайт и телефон",restaurant,rusprofile,,https://www.rusprofile.ru/id/1595781,0.70
+79169526449,"Рестораны в Москве - адреса, телефоны и отзывы",restaurant,spravker,msk,https://msk.spravker.ru/restoranyi/,0.70
+79172677346,"Рестораны в Казани - адреса, телефоны и отзывы",restaurant,spravker,kzn,https://kazan.spravker.ru/restoranyi/,0.70
+79173441664,"Рестораны в Уфе - адреса, телефоны и отзывы",restaurant,spravker,ufa,https://ufa.spravker.ru/restoranyi/,0.70
+79173720457,"Рестораны в Уфе - адреса, телефоны и отзывы",restaurant,spravker,ufa,https://ufa.spravker.ru/restoranyi/,0.70
+79173825127,"Рестораны в Уфе - адреса, телефоны и отзывы",restaurant,spravker,ufa,https://ufa.spravker.ru/restoranyi/,0.70
+79173957926,"Рестораны в Казани - адреса, телефоны и отзывы",restaurant,spravker,kzn,https://kazan.spravker.ru/restoranyi/,0.70
+79174016558,"Рестораны в Уфе - адреса, телефоны и отзывы",restaurant,spravker,ufa,https://ufa.spravker.ru/restoranyi/,0.70
+79174040829,"Рестораны в Уфе - адреса, телефоны и отзывы",restaurant,spravker,ufa,https://ufa.spravker.ru/restoranyi/,0.70
+79174405440,"Рестораны в Уфе - адреса, телефоны и отзывы",restaurant,spravker,ufa,https://ufa.spravker.ru/restoranyi/,0.70
+79174737999,"Рестораны в Уфе - адреса, телефоны и отзывы",restaurant,spravker,ufa,https://ufa.spravker.ru/restoranyi/,0.70
+79177359637,"Рестораны в Уфе - адреса, телефоны и отзывы",restaurant,spravker,ufa,https://ufa.spravker.ru/restoranyi/,0.70
+79177460647,"Рестораны в Уфе - адреса, телефоны и отзывы",restaurant,spravker,ufa,https://ufa.spravker.ru/restoranyi/,0.70
+79177622853,"Рестораны в Уфе - адреса, телефоны и отзывы",restaurant,spravker,ufa,https://ufa.spravker.ru/restoranyi/,0.70
+79177775757,"Рестораны в Уфе - адреса, телефоны и отзывы",restaurant,spravker,ufa,https://ufa.spravker.ru/restoranyi/,0.70
+79177840075,"Рестораны в Уфе - адреса, телефоны и отзывы",restaurant,spravker,ufa,https://ufa.spravker.ru/restoranyi/,0.70
+79178828828,"Рестораны в Казани - адреса, телефоны и отзывы",restaurant,spravker,kzn,https://kazan.spravker.ru/restoranyi/,0.70
+79179257592,"Рестораны в Казани - адреса, телефоны и отзывы",restaurant,spravker,kzn,https://kazan.spravker.ru/restoranyi/,0.70
+79180158800,"Кафе в Краснодаре - адреса, телефоны и отзывы",restaurant,spravker,krasnodar,https://krasnodar.spravker.ru/kafe/,0.70
+79180256565,"Рестораны в Краснодаре - адреса, телефоны и отзывы",restaurant,spravker,krasnodar,https://krasnodar.spravker.ru/restoranyi/,0.70
+79180309797,"Рестораны в Краснодаре - адреса, телефоны и отзывы",restaurant,spravker,krasnodar,https://krasnodar.spravker.ru/restoranyi/,0.70
+79180337999,"Рестораны в Краснодаре - адреса, телефоны и отзывы",restaurant,spravker,krasnodar,https://krasnodar.spravker.ru/restoranyi/,0.70
+79180487014,"Рестораны в Краснодаре - адреса, телефоны и отзывы",restaurant,spravker,krasnodar,https://krasnodar.spravker.ru/restoranyi/,0.70
+79180707137,"Кафе в Краснодаре - адреса, телефоны и отзывы",restaurant,spravker,krasnodar,https://krasnodar.spravker.ru/kafe/,0.70
+79180770887,"Кафе в Краснодаре - адреса, телефоны и отзывы",restaurant,spravker,krasnodar,https://krasnodar.spravker.ru/kafe/,0.70
+79181089000,"Рестораны в Краснодаре - адреса, телефоны и отзывы",restaurant,spravker,krasnodar,https://krasnodar.spravker.ru/restoranyi/,0.70
+79181182424,"Рестораны в Краснодаре - адреса, телефоны и отзывы",restaurant,spravker,krasnodar,https://krasnodar.spravker.ru/restoranyi/,0.70
+79181188113,"Кафе в Краснодаре - адреса, телефоны и отзывы",restaurant,spravker,krasnodar,https://krasnodar.spravker.ru/kafe/,0.70
+79181199955,"Кафе в Краснодаре - адреса, телефоны и отзывы",restaurant,spravker,krasnodar,https://krasnodar.spravker.ru/kafe/,0.70
+79181277307,Антикафе Анти Хаос,restaurant,zoon,krasnodar,https://zoon.ru/krasnodar/entertainment/,0.70
+79181688205,"Рестораны в Краснодаре - адреса, телефоны и отзывы",restaurant,spravker,krasnodar,https://krasnodar.spravker.ru/restoranyi/,0.70
+79181999943,"Рестораны в Краснодаре - адреса, телефоны и отзывы",restaurant,spravker,krasnodar,https://krasnodar.spravker.ru/restoranyi/,0.70
+79182161515,"Рестораны в Краснодаре - адреса, телефоны и отзывы",restaurant,spravker,krasnodar,https://krasnodar.spravker.ru/restoranyi/,0.70
+79182536657,"Кафе в Краснодаре - адреса, телефоны и отзывы",restaurant,spravker,krasnodar,https://krasnodar.spravker.ru/kafe/,0.70
+79182752691,"Кафе в Краснодаре - адреса, телефоны и отзывы",restaurant,spravker,krasnodar,https://krasnodar.spravker.ru/kafe/,0.70
+79182974752,"Рестораны в Краснодаре - адреса, телефоны и отзывы",restaurant,spravker,krasnodar,https://krasnodar.spravker.ru/restoranyi/,0.70
+79183186181,"Кафе в Краснодаре - адреса, телефоны и отзывы",restaurant,spravker,krasnodar,https://krasnodar.spravker.ru/kafe/,0.70
+79183301616,"Рестораны в Краснодаре - адреса, телефоны и отзывы",restaurant,spravker,krasnodar,https://krasnodar.spravker.ru/restoranyi/,0.70
+79183515784,"Рестораны в Краснодаре - адреса, телефоны и отзывы",restaurant,spravker,krasnodar,https://krasnodar.spravker.ru/restoranyi/,0.70
+79184101515,"Рестораны в Краснодаре - адреса, телефоны и отзывы",restaurant,spravker,krasnodar,https://krasnodar.spravker.ru/restoranyi/,0.70
+79184476939,"Рестораны в Краснодаре - адреса, телефоны и отзывы",restaurant,spravker,krasnodar,https://krasnodar.spravker.ru/restoranyi/,0.70
+79186554655,"Рестораны в Краснодаре - адреса, телефоны и отзывы",restaurant,spravker,krasnodar,https://krasnodar.spravker.ru/restoranyi/,0.70
+79186771133,"Кафе в Краснодаре - адреса, телефоны и отзывы",restaurant,spravker,krasnodar,https://krasnodar.spravker.ru/kafe/,0.70
+79186771155,"Кафе в Краснодаре - адреса, телефоны и отзывы",restaurant,spravker,krasnodar,https://krasnodar.spravker.ru/kafe/,0.70
+79189482083,"Кафе в Краснодаре - адреса, телефоны и отзывы",restaurant,spravker,krasnodar,https://krasnodar.spravker.ru/kafe/,0.70
+79189639322,"Рестораны в Краснодаре - адреса, телефоны и отзывы",restaurant,spravker,krasnodar,https://krasnodar.spravker.ru/restoranyi/,0.70
+79189708498,"Кафе в Краснодаре - адреса, телефоны и отзывы",restaurant,spravker,krasnodar,https://krasnodar.spravker.ru/kafe/,0.70
+79189999782,"Рестораны в Краснодаре - адреса, телефоны и отзывы",restaurant,spravker,krasnodar,https://krasnodar.spravker.ru/restoranyi/,0.70
+79191261329,"Рестораны в Челябинске - адреса, телефоны и отзывы",restaurant,spravker,chelyabinsk,https://chelyabinsk.spravker.ru/restoranyi/,0.70
+79192439603,"Кафе в Воронеже - адреса, телефоны и отзывы",restaurant,spravker,voronezh,https://voronezh.spravker.ru/kafe/,0.70
+79193229392,"Рестораны в Челябинске - адреса, телефоны и отзывы",restaurant,spravker,chelyabinsk,https://chelyabinsk.spravker.ru/restoranyi/,0.70
+79193321843,"Рестораны в Челябинске - адреса, телефоны и отзывы",restaurant,spravker,chelyabinsk,https://chelyabinsk.spravker.ru/restoranyi/,0.70
+79193600425,"Рестораны в Екатеринбурге - адреса, телефоны и отзывы",restaurant,spravker,ekb,https://ekaterinburg.spravker.ru/restoranyi/,0.70
+79193688490,"Кафе в Екатеринбурге - адреса, телефоны и отзывы",restaurant,spravker,ekb,https://ekaterinburg.spravker.ru/kafe/,0.70
+79193723248,"Рестораны в Екатеринбурге - адреса, телефоны и отзывы",restaurant,spravker,ekb,https://ekaterinburg.spravker.ru/restoranyi/,0.70
+79193745897,"Рестораны в Екатеринбурге - адреса, телефоны и отзывы",restaurant,spravker,ekb,https://ekaterinburg.spravker.ru/restoranyi/,0.70
+79196051745,Тайм-кафе Странные дела на улице Ленина,restaurant,zoon,ufa,https://zoon.ru/ufa/entertainment/,0.70
+79196466498,"Кафе в Казани - адреса, телефоны и отзывы",restaurant,spravker,kzn,https://kazan.spravker.ru/kafe/,0.70
+79202105666,"Кафе в Воронеже - адреса, телефоны и отзывы",restaurant,spravker,voronezh,https://voronezh.spravker.ru/kafe/,0.70
+79202135252,"Кафе в Воронеже - адреса, телефоны и отзывы",restaurant,spravker,voronezh,https://voronezh.spravker.ru/kafe/,0.70
+79204028054,"Кафе в Воронеже - адреса, телефоны и отзывы",restaurant,spravker,voronezh,https://voronezh.spravker.ru/kafe/,0.70
+79204098251,"Кафе в Воронеже - адреса, телефоны и отзывы",restaurant,spravker,voronezh,https://voronezh.spravker.ru/kafe/,0.70
+79204142162,"Кафе в Воронеже - адреса, телефоны и отзывы",restaurant,spravker,voronezh,https://voronezh.spravker.ru/kafe/,0.70
+79204672758,"Кафе в Воронеже - адреса, телефоны и отзывы",restaurant,spravker,voronezh,https://voronezh.spravker.ru/kafe/,0.70
+79213051185,"Кафе в Санкт-Петербурге - адреса, телефоны и отзывы",restaurant,spravker,spb,https://spb.spravker.ru/kafe/,0.70
+79213302158,"Кафе в Санкт-Петербурге - адреса, телефоны и отзывы",restaurant,spravker,spb,https://spb.spravker.ru/kafe/,0.70
+79214373031,"Кафе в Санкт-Петербурге - адреса, телефоны и отзывы",restaurant,spravker,spb,https://spb.spravker.ru/kafe/,0.70
+79214491155,"Кафе в Санкт-Петербурге - адреса, телефоны и отзывы",restaurant,spravker,spb,https://spb.spravker.ru/kafe/,0.70
+79215977577,"Кафе в Санкт-Петербурге - адреса, телефоны и отзывы",restaurant,spravker,spb,https://spb.spravker.ru/kafe/,0.70
+79219007719,"Кафе в Санкт-Петербурге - адреса, телефоны и отзывы",restaurant,spravker,spb,https://spb.spravker.ru/kafe/,0.70
+79219052277,"Кафе в Санкт-Петербурге - адреса, телефоны и отзывы",restaurant,spravker,spb,https://spb.spravker.ru/kafe/,0.70
+79219650097,"Кафе в Санкт-Петербурге - адреса, телефоны и отзывы",restaurant,spravker,spb,https://spb.spravker.ru/kafe/,0.70
+79220193300,"Рестораны в Челябинске - адреса, телефоны и отзывы",restaurant,spravker,chelyabinsk,https://chelyabinsk.spravker.ru/restoranyi/,0.70
+79221813355,"Рестораны в Екатеринбурге - адреса, телефоны и отзывы",restaurant,spravker,ekb,https://ekaterinburg.spravker.ru/restoranyi/,0.70
+79221816261,"Рестораны в Екатеринбурге - адреса, телефоны и отзывы",restaurant,spravker,ekb,https://ekaterinburg.spravker.ru/restoranyi/,0.70
+79222196521,"Кафе в Екатеринбурге - адреса, телефоны и отзывы",restaurant,spravker,ekb,https://ekaterinburg.spravker.ru/kafe/,0.70
+79222318131,"Рестораны в Челябинске - адреса, телефоны и отзывы",restaurant,spravker,chelyabinsk,https://chelyabinsk.spravker.ru/restoranyi/,0.70
+79226009493,"Рестораны в Екатеринбурге - адреса, телефоны и отзывы",restaurant,spravker,ekb,https://ekaterinburg.spravker.ru/restoranyi/,0.70
+79226051003,"Рестораны в Екатеринбурге - адреса, телефоны и отзывы",restaurant,spravker,ekb,https://ekaterinburg.spravker.ru/restoranyi/,0.70
+79240282852,"Рестораны в Казани - адреса, телефоны и отзывы",restaurant,spravker,kzn,https://kazan.spravker.ru/restoranyi/,0.70
+79251282767,"Кафе в Москве - адреса, телефоны и отзывы",restaurant,spravker,msk,https://msk.spravker.ru/kafe/,0.70
+79251888888,"Кафе в Москве - адреса, телефоны и отзывы",restaurant,spravker,msk,https://msk.spravker.ru/kafe/,0.70
+79252165199,"Рестораны в Москве - адреса, телефоны и отзывы",restaurant,spravker,msk,https://msk.spravker.ru/restoranyi/,0.70
+79253743526,"Кафе в Москве - адреса, телефоны и отзывы",restaurant,spravker,msk,https://msk.spravker.ru/kafe/,0.70
+79257725110,"Рестораны в Москве - адреса, телефоны и отзывы",restaurant,spravker,msk,https://msk.spravker.ru/restoranyi/,0.70
+79268117255,"Рестораны в Москве - адреса, телефоны и отзывы",restaurant,spravker,msk,https://msk.spravker.ru/restoranyi/,0.70
+79268623269,"Рестораны в Москве - адреса, телефоны и отзывы",restaurant,spravker,msk,https://msk.spravker.ru/restoranyi/,0.70
+79269048787,"Рестораны в Москве - адреса, телефоны и отзывы",restaurant,spravker,msk,https://msk.spravker.ru/restoranyi/,0.70
+79270393883,"Кафе в Казани - адреса, телефоны и отзывы",restaurant,spravker,kzn,https://kazan.spravker.ru/kafe/,0.70
+79274259504,"Рестораны в Казани - адреса, телефоны и отзывы",restaurant,spravker,kzn,https://kazan.spravker.ru/restoranyi/,0.70
+79274578361,"Рестораны в Казани - адреса, телефоны и отзывы",restaurant,spravker,kzn,https://kazan.spravker.ru/restoranyi/,0.70
+79274578363,"Кафе в Казани - адреса, телефоны и отзывы",restaurant,spravker,kzn,https://kazan.spravker.ru/kafe/,0.70
+79274578367,"Рестораны в Казани - адреса, телефоны и отзывы",restaurant,spravker,kzn,https://kazan.spravker.ru/restoranyi/,0.70
+79280350031,"Рестораны в Краснодаре - адреса, телефоны и отзывы",restaurant,spravker,krasnodar,https://krasnodar.spravker.ru/restoranyi/,0.70
+79280487878,"Рестораны в Краснодаре - адреса, телефоны и отзывы",restaurant,spravker,krasnodar,https://krasnodar.spravker.ru/restoranyi/,0.70
+79282744480,"Рестораны в Краснодаре - адреса, телефоны и отзывы",restaurant,spravker,krasnodar,https://krasnodar.spravker.ru/restoranyi/,0.70
+79284202420,"Рестораны в Краснодаре - адреса, телефоны и отзывы",restaurant,spravker,krasnodar,https://krasnodar.spravker.ru/restoranyi/,0.70
+79284373799,"Кафе в Краснодаре - адреса, телефоны и отзывы",restaurant,spravker,krasnodar,https://krasnodar.spravker.ru/kafe/,0.70
+79284444892,"Рестораны в Краснодаре - адреса, телефоны и отзывы",restaurant,spravker,krasnodar,https://krasnodar.spravker.ru/restoranyi/,0.70
+79292159666,"Кафе в Екатеринбурге - адреса, телефоны и отзывы",restaurant,spravker,ekb,https://ekaterinburg.spravker.ru/kafe/,0.70
+79296482188,"Рестораны в Москве - адреса, телефоны и отзывы",restaurant,spravker,msk,https://msk.spravker.ru/restoranyi/,0.70
+79298349600,"Рестораны в Краснодаре - адреса, телефоны и отзывы",restaurant,spravker,krasnodar,https://krasnodar.spravker.ru/restoranyi/,0.70
+79304302828,"Кафе в Воронеже - адреса, телефоны и отзывы",restaurant,spravker,voronezh,https://voronezh.spravker.ru/kafe/,0.70
+79313165576,"Кафе в Санкт-Петербурге - адреса, телефоны и отзывы",restaurant,spravker,spb,https://spb.spravker.ru/kafe/,0.70
+79321151000,"Кафе в Екатеринбурге - адреса, телефоны и отзывы",restaurant,spravker,ekb,https://ekaterinburg.spravker.ru/kafe/,0.70
+79321166742,"Рестораны в Екатеринбурге - адреса, телефоны и отзывы",restaurant,spravker,ekb,https://ekaterinburg.spravker.ru/restoranyi/,0.70
+79361253750,"Кафе в Москве - адреса, телефоны и отзывы",restaurant,spravker,msk,https://msk.spravker.ru/kafe/,0.70
+79366003077,"Кафе в Москве - адреса, телефоны и отзывы",restaurant,spravker,msk,https://msk.spravker.ru/kafe/,0.70
+79370004488,"Кафе в Казани - адреса, телефоны и отзывы",restaurant,spravker,kzn,https://kazan.spravker.ru/kafe/,0.70
+79376232868,"Рестораны в Казани - адреса, телефоны и отзывы",restaurant,spravker,kzn,https://kazan.spravker.ru/restoranyi/,0.70
+79377725828,"Рестораны в Казани - адреса, телефоны и отзывы",restaurant,spravker,kzn,https://kazan.spravker.ru/restoranyi/,0.70
+79377786783,"Рестораны в Казани - адреса, телефоны и отзывы",restaurant,spravker,kzn,https://kazan.spravker.ru/restoranyi/,0.70
+79378583039,"Рестораны в Уфе - адреса, телефоны и отзывы",restaurant,spravker,ufa,https://ufa.spravker.ru/restoranyi/,0.70
+79380855175,"Рестораны в Москве - адреса, телефоны и отзывы",restaurant,spravker,msk,https://msk.spravker.ru/restoranyi/,0.70
+79384074640,"Рестораны в Краснодаре - адреса, телефоны и отзывы",restaurant,spravker,krasnodar,https://krasnodar.spravker.ru/restoranyi/,0.70
+79384077373,"Рестораны в Краснодаре - адреса, телефоны и отзывы",restaurant,spravker,krasnodar,https://krasnodar.spravker.ru/restoranyi/,0.70
+79384222545,"Кафе в Краснодаре - адреса, телефоны и отзывы",restaurant,spravker,krasnodar,https://krasnodar.spravker.ru/kafe/,0.70
+79384730189,"Рестораны в Краснодаре - адреса, телефоны и отзывы",restaurant,spravker,krasnodar,https://krasnodar.spravker.ru/restoranyi/,0.70
+79384733211,"Рестораны в Краснодаре - адреса, телефоны и отзывы",restaurant,spravker,krasnodar,https://krasnodar.spravker.ru/restoranyi/,0.70
+79384798639,"Рестораны в Краснодаре - адреса, телефоны и отзывы",restaurant,spravker,krasnodar,https://krasnodar.spravker.ru/restoranyi/,0.70
+79385000690,"Кафе в Краснодаре - адреса, телефоны и отзывы",restaurant,spravker,krasnodar,https://krasnodar.spravker.ru/kafe/,0.70
+79385030808,"Рестораны в Краснодаре - адреса, телефоны и отзывы",restaurant,spravker,krasnodar,https://krasnodar.spravker.ru/restoranyi/,0.70
+79385454040,"Рестораны в Краснодаре - адреса, телефоны и отзывы",restaurant,spravker,krasnodar,https://krasnodar.spravker.ru/restoranyi/,0.70
+79385530808,"Рестораны в Краснодаре - адреса, телефоны и отзывы",restaurant,spravker,krasnodar,https://krasnodar.spravker.ru/restoranyi/,0.70
+79393410208,"Рестораны в Казани - адреса, телефоны и отзывы",restaurant,spravker,kzn,https://kazan.spravker.ru/restoranyi/,0.70
+79393944147,"Рестораны в Казани - адреса, телефоны и отзывы",restaurant,spravker,kzn,https://kazan.spravker.ru/restoranyi/,0.70
+79397310033,"Рестораны в Казани - адреса, телефоны и отзывы",restaurant,spravker,kzn,https://kazan.spravker.ru/restoranyi/,0.70
+79398077044,"Рестораны в Казани - адреса, телефоны и отзывы",restaurant,spravker,kzn,https://kazan.spravker.ru/restoranyi/,0.70
+79502003095,"Кафе в Екатеринбурге - адреса, телефоны и отзывы",restaurant,spravker,ekb,https://ekaterinburg.spravker.ru/kafe/,0.70
+79505413854,"Рестораны в Екатеринбурге - адреса, телефоны и отзывы",restaurant,spravker,ekb,https://ekaterinburg.spravker.ru/restoranyi/,0.70
+79506670667,"Рестораны в Казани - адреса, телефоны и отзывы",restaurant,spravker,kzn,https://kazan.spravker.ru/restoranyi/,0.70
+79507770379,"Кафе в Воронеже - адреса, телефоны и отзывы",restaurant,spravker,voronezh,https://voronezh.spravker.ru/kafe/,0.70
+79512585059,"Рестораны в Челябинске - адреса, телефоны и отзывы",restaurant,spravker,chelyabinsk,https://chelyabinsk.spravker.ru/restoranyi/,0.70
+79517952652,"Рестораны в Челябинске - адреса, телефоны и отзывы",restaurant,spravker,chelyabinsk,https://chelyabinsk.spravker.ru/restoranyi/,0.70
+79518764877,"Кафе в Воронеже - адреса, телефоны и отзывы",restaurant,spravker,voronezh,https://voronezh.spravker.ru/kafe/,0.70
+79522687005,ООО &quot;Император&quot; Калининград (ИНН 3906286266) адрес и телефон,restaurant,rusprofile,,https://www.rusprofile.ru/id/1146689,0.70
+79525164568,"Рестораны в Челябинске - адреса, телефоны и отзывы",restaurant,spravker,chelyabinsk,https://chelyabinsk.spravker.ru/restoranyi/,0.70
+79527263555,"Рестораны в Екатеринбурге - адреса, телефоны и отзывы",restaurant,spravker,ekb,https://ekaterinburg.spravker.ru/restoranyi/,0.70
+79529509593,"Кафе в Воронеже - адреса, телефоны и отзывы",restaurant,spravker,voronezh,https://voronezh.spravker.ru/kafe/,0.70
+79531190633,"Кафе в Воронеже - адреса, телефоны и отзывы",restaurant,spravker,voronezh,https://voronezh.spravker.ru/kafe/,0.70
+79534993656,"Кафе в Казани - адреса, телефоны и отзывы",restaurant,spravker,kzn,https://kazan.spravker.ru/kafe/,0.70
+79586837097,"Рестораны в Москве - адреса, телефоны и отзывы",restaurant,spravker,msk,https://msk.spravker.ru/restoranyi/,0.70
+79600483933,"Рестораны в Казани - адреса, телефоны и отзывы",restaurant,spravker,kzn,https://kazan.spravker.ru/restoranyi/,0.70
+79600484218,"Кафе в Казани - адреса, телефоны и отзывы",restaurant,spravker,kzn,https://kazan.spravker.ru/kafe/,0.70
+79600507058,"Кафе в Казани - адреса, телефоны и отзывы",restaurant,spravker,kzn,https://kazan.spravker.ru/kafe/,0.70
+79600566163,"Рестораны в Казани - адреса, телефоны и отзывы",restaurant,spravker,kzn,https://kazan.spravker.ru/restoranyi/,0.70
+79601004418,"Кафе в Воронеже - адреса, телефоны и отзывы",restaurant,spravker,voronezh,https://voronezh.spravker.ru/kafe/,0.70
+79601380440,"Кафе в Воронеже - адреса, телефоны и отзывы",restaurant,spravker,voronezh,https://voronezh.spravker.ru/kafe/,0.70
+79611098888,"Кафе в Воронеже - адреса, телефоны и отзывы",restaurant,spravker,voronezh,https://voronezh.spravker.ru/kafe/,0.70
+79615026404,"Рестораны в Краснодаре - адреса, телефоны и отзывы",restaurant,spravker,krasnodar,https://krasnodar.spravker.ru/restoranyi/,0.70
+79615335663,"Рестораны в Краснодаре - адреса, телефоны и отзывы",restaurant,spravker,krasnodar,https://krasnodar.spravker.ru/restoranyi/,0.70
+79623312710,"Кафе в Воронеже - адреса, телефоны и отзывы",restaurant,spravker,voronezh,https://voronezh.spravker.ru/kafe/,0.70
+79623406104,"Рестораны в Екатеринбурге - адреса, телефоны и отзывы",restaurant,spravker,ekb,https://ekaterinburg.spravker.ru/restoranyi/,0.70
+79624853343,"Рестораны в Челябинске - адреса, телефоны и отзывы",restaurant,spravker,chelyabinsk,https://chelyabinsk.spravker.ru/restoranyi/,0.70
+79625227021,"Рестораны в Уфе - адреса, телефоны и отзывы",restaurant,spravker,ufa,https://ufa.spravker.ru/restoranyi/,0.70
+79628586767,"Рестораны в Краснодаре - адреса, телефоны и отзывы",restaurant,spravker,krasnodar,https://krasnodar.spravker.ru/restoranyi/,0.70
+79630551686,"Кафе в Екатеринбурге - адреса, телефоны и отзывы",restaurant,spravker,ekb,https://ekaterinburg.spravker.ru/kafe/,0.70
+79631585484,"Рестораны в Казани - адреса, телефоны и отзывы",restaurant,spravker,kzn,https://kazan.spravker.ru/restoranyi/,0.70
+79636203101,"Кафе в Санкт-Петербурге - адреса, телефоны и отзывы",restaurant,spravker,spb,https://spb.spravker.ru/kafe/,0.70
+79636308825,"Кафе в Москве - адреса, телефоны и отзывы",restaurant,spravker,msk,https://msk.spravker.ru/kafe/,0.70
+79638555999,"Рестораны в Екатеринбурге - адреса, телефоны и отзывы",restaurant,spravker,ekb,https://ekaterinburg.spravker.ru/restoranyi/,0.70
+79639000093,"Рестораны в Уфе - адреса, телефоны и отзывы",restaurant,spravker,ufa,https://ufa.spravker.ru/restoranyi/,0.70
+79639006888,"Рестораны в Уфе - адреса, телефоны и отзывы",restaurant,spravker,ufa,https://ufa.spravker.ru/restoranyi/,0.70
+79645083758,"Кафе в Москве - адреса, телефоны и отзывы",restaurant,spravker,msk,https://msk.spravker.ru/kafe/,0.70
+79646470107,"Рестораны в Москве - адреса, телефоны и отзывы",restaurant,spravker,msk,https://msk.spravker.ru/restoranyi/,0.70
+79647904344,"Рестораны в Москве - адреса, телефоны и отзывы",restaurant,spravker,msk,https://msk.spravker.ru/restoranyi/,0.70
+79648902702,"Кафе в Краснодаре - адреса, телефоны и отзывы",restaurant,spravker,krasnodar,https://krasnodar.spravker.ru/kafe/,0.70
+79649652519,"Рестораны в Уфе - адреса, телефоны и отзывы",restaurant,spravker,ufa,https://ufa.spravker.ru/restoranyi/,0.70
+79650361394,"Кафе в Санкт-Петербурге - адреса, телефоны и отзывы",restaurant,spravker,spb,https://spb.spravker.ru/kafe/,0.70
+79650644723,"Кафе в Санкт-Петербурге - адреса, телефоны и отзывы",restaurant,spravker,spb,https://spb.spravker.ru/kafe/,0.70
+79654574164,"Рестораны в Краснодаре - адреса, телефоны и отзывы",restaurant,spravker,krasnodar,https://krasnodar.spravker.ru/restoranyi/,0.70
+79655464471,"Рестораны в Екатеринбурге - адреса, телефоны и отзывы",restaurant,spravker,ekb,https://ekaterinburg.spravker.ru/restoranyi/,0.70
+79655499444,"Кафе в Екатеринбурге - адреса, телефоны и отзывы",restaurant,spravker,ekb,https://ekaterinburg.spravker.ru/kafe/,0.70
+79655871655,"Кафе в Казани - адреса, телефоны и отзывы",restaurant,spravker,kzn,https://kazan.spravker.ru/kafe/,0.70
+79656582888,"Рестораны в Уфе - адреса, телефоны и отзывы",restaurant,spravker,ufa,https://ufa.spravker.ru/restoranyi/,0.70
+79656684888,"Рестораны в Уфе - адреса, телефоны и отзывы",restaurant,spravker,ufa,https://ufa.spravker.ru/restoranyi/,0.70
+79657971589,"Кафе в Санкт-Петербурге - адреса, телефоны и отзывы",restaurant,spravker,spb,https://spb.spravker.ru/kafe/,0.70
+79662508143,"Рестораны в Казани - адреса, телефоны и отзывы",restaurant,spravker,kzn,https://kazan.spravker.ru/restoranyi/,0.70
+79662600824,"Рестораны в Казани - адреса, телефоны и отзывы",restaurant,spravker,kzn,https://kazan.spravker.ru/restoranyi/,0.70
+79667787253,"Кафе в Воронеже - адреса, телефоны и отзывы",restaurant,spravker,voronezh,https://voronezh.spravker.ru/kafe/,0.70
+79668330555,"Кафе в Санкт-Петербурге - адреса, телефоны и отзывы",restaurant,spravker,spb,https://spb.spravker.ru/kafe/,0.70
+79677788770,"Кафе в Казани - адреса, телефоны и отзывы",restaurant,spravker,kzn,https://kazan.spravker.ru/kafe/,0.70
+79679673106,"Кафе в Санкт-Петербурге - адреса, телефоны и отзывы",restaurant,spravker,spb,https://spb.spravker.ru/kafe/,0.70
+79684999369,"Рестораны в Москве - адреса, телефоны и отзывы",restaurant,spravker,msk,https://msk.spravker.ru/restoranyi/,0.70
+79686811866,"Кафе в Москве - адреса, телефоны и отзывы",restaurant,spravker,msk,https://msk.spravker.ru/kafe/,0.70
+79687300010,"Рестораны в Москве - адреса, телефоны и отзывы",restaurant,spravker,msk,https://msk.spravker.ru/restoranyi/,0.70
+79688993344,"Кафе в Санкт-Петербурге - адреса, телефоны и отзывы",restaurant,spravker,spb,https://spb.spravker.ru/kafe/,0.70
+79690132536,"Кафе в Москве - адреса, телефоны и отзывы",restaurant,spravker,msk,https://msk.spravker.ru/kafe/,0.70
+79777810353,"Рестораны в Москве - адреса, телефоны и отзывы",restaurant,spravker,msk,https://msk.spravker.ru/restoranyi/,0.70
+79800231042,"Рестораны в Челябинске - адреса, телефоны и отзывы",restaurant,spravker,chelyabinsk,https://chelyabinsk.spravker.ru/restoranyi/,0.70
+79800942391,"Кафе в Воронеже - адреса, телефоны и отзывы",restaurant,spravker,voronezh,https://voronezh.spravker.ru/kafe/,0.70
+79809656632,"Кафе в Санкт-Петербурге - адреса, телефоны и отзывы",restaurant,spravker,spb,https://spb.spravker.ru/kafe/,0.70
+79813363762,Антикафе GomerZone на улице Дыбенко,restaurant,zoon,spb,https://zoon.ru/spb/entertainment/,0.70
+79813370554,"Антикафе Игральня на улице Крупской, 8",restaurant,zoon,spb,https://zoon.ru/spb/entertainment/,0.70
+79818768139,"Кафе в Санкт-Петербурге - адреса, телефоны и отзывы",restaurant,spravker,spb,https://spb.spravker.ru/kafe/,0.70
+79818883910,"Кафе в Санкт-Петербурге - адреса, телефоны и отзывы",restaurant,spravker,spb,https://spb.spravker.ru/kafe/,0.70
+79819672436,"Кафе в Санкт-Петербурге - адреса, телефоны и отзывы",restaurant,spravker,spb,https://spb.spravker.ru/kafe/,0.70
+79822926709,"Рестораны в Челябинске - адреса, телефоны и отзывы",restaurant,spravker,chelyabinsk,https://chelyabinsk.spravker.ru/restoranyi/,0.70
+79823477757,"Рестораны в Челябинске - адреса, телефоны и отзывы",restaurant,spravker,chelyabinsk,https://chelyabinsk.spravker.ru/restoranyi/,0.70
+79823477758,"Рестораны в Челябинске - адреса, телефоны и отзывы",restaurant,spravker,chelyabinsk,https://chelyabinsk.spravker.ru/restoranyi/,0.70
+79826301135,"Рестораны в Екатеринбурге - адреса, телефоны и отзывы",restaurant,spravker,ekb,https://ekaterinburg.spravker.ru/restoranyi/,0.70
+79826949955,"Кафе в Екатеринбурге - адреса, телефоны и отзывы",restaurant,spravker,ekb,https://ekaterinburg.spravker.ru/kafe/,0.70
+79827170109,"Рестораны в Екатеринбурге - адреса, телефоны и отзывы",restaurant,spravker,ekb,https://ekaterinburg.spravker.ru/restoranyi/,0.70
+79827170145,"Рестораны в Екатеринбурге - адреса, телефоны и отзывы",restaurant,spravker,ekb,https://ekaterinburg.spravker.ru/restoranyi/,0.70
+79842304196,"Кафе в Санкт-Петербурге - адреса, телефоны и отзывы",restaurant,spravker,spb,https://spb.spravker.ru/kafe/,0.70
+79856430888,"Рестораны в Москве - адреса, телефоны и отзывы",restaurant,spravker,msk,https://msk.spravker.ru/restoranyi/,0.70
+79856981250,"Рестораны в Москве - адреса, телефоны и отзывы",restaurant,spravker,msk,https://msk.spravker.ru/restoranyi/,0.70
+79858287338,"Рестораны в Москве - адреса, телефоны и отзывы",restaurant,spravker,msk,https://msk.spravker.ru/restoranyi/,0.70
+79859958777,"Рестораны в Москве - адреса, телефоны и отзывы",restaurant,spravker,msk,https://msk.spravker.ru/restoranyi/,0.70
+79869295056,"Кафе в Казани - адреса, телефоны и отзывы",restaurant,spravker,kzn,https://kazan.spravker.ru/kafe/,0.70
+79870944414,"Рестораны в Уфе - адреса, телефоны и отзывы",restaurant,spravker,ufa,https://ufa.spravker.ru/restoranyi/,0.70
+79872062666,"Рестораны в Казани - адреса, телефоны и отзывы",restaurant,spravker,kzn,https://kazan.spravker.ru/restoranyi/,0.70
+79872152215,"Рестораны в Казани - адреса, телефоны и отзывы",restaurant,spravker,kzn,https://kazan.spravker.ru/restoranyi/,0.70
+79872250433,"Рестораны в Казани - адреса, телефоны и отзывы",restaurant,spravker,kzn,https://kazan.spravker.ru/restoranyi/,0.70
+79872253488,"Кафе в Казани - адреса, телефоны и отзывы",restaurant,spravker,kzn,https://kazan.spravker.ru/kafe/,0.70
+79872255100,"Рестораны в Казани - адреса, телефоны и отзывы",restaurant,spravker,kzn,https://kazan.spravker.ru/restoranyi/,0.70
+79872421606,"Рестораны в Уфе - адреса, телефоны и отзывы",restaurant,spravker,ufa,https://ufa.spravker.ru/restoranyi/,0.70
+79872541343,"Рестораны в Уфе - адреса, телефоны и отзывы",restaurant,spravker,ufa,https://ufa.spravker.ru/restoranyi/,0.70
+79872541415,"Рестораны в Уфе - адреса, телефоны и отзывы",restaurant,spravker,ufa,https://ufa.spravker.ru/restoranyi/,0.70
+79872903074,"Кафе в Казани - адреса, телефоны и отзывы",restaurant,spravker,kzn,https://kazan.spravker.ru/kafe/,0.70
+79872904588,"Рестораны в Казани - адреса, телефоны и отзывы",restaurant,spravker,kzn,https://kazan.spravker.ru/restoranyi/,0.70
+79872920074,"Кафе в Казани - адреса, телефоны и отзывы",restaurant,spravker,kzn,https://kazan.spravker.ru/kafe/,0.70
+79872962686,"Рестораны в Казани - адреса, телефоны и отзывы",restaurant,spravker,kzn,https://kazan.spravker.ru/restoranyi/,0.70
+79872968825,"Рестораны в Казани - адреса, телефоны и отзывы",restaurant,spravker,kzn,https://kazan.spravker.ru/restoranyi/,0.70
+79872971023,"Рестораны в Казани - адреса, телефоны и отзывы",restaurant,spravker,kzn,https://kazan.spravker.ru/restoranyi/,0.70
+79872972959,"Рестораны в Казани - адреса, телефоны и отзывы",restaurant,spravker,kzn,https://kazan.spravker.ru/restoranyi/,0.70
+79872978910,"Кафе в Казани - адреса, телефоны и отзывы",restaurant,spravker,kzn,https://kazan.spravker.ru/kafe/,0.70
+79872979199,"Кафе в Казани - адреса, телефоны и отзывы",restaurant,spravker,kzn,https://kazan.spravker.ru/kafe/,0.70
+79872979998,"Рестораны в Казани - адреса, телефоны и отзывы",restaurant,spravker,kzn,https://kazan.spravker.ru/restoranyi/,0.70
+79872979999,"Рестораны в Казани - адреса, телефоны и отзывы",restaurant,spravker,kzn,https://kazan.spravker.ru/restoranyi/,0.70
+79874888850,"Рестораны в Уфе - адреса, телефоны и отзывы",restaurant,spravker,ufa,https://ufa.spravker.ru/restoranyi/,0.70
+79876000583,"Рестораны в Уфе - адреса, телефоны и отзывы",restaurant,spravker,ufa,https://ufa.spravker.ru/restoranyi/,0.70
+79876001017,"Рестораны в Уфе - адреса, телефоны и отзывы",restaurant,spravker,ufa,https://ufa.spravker.ru/restoranyi/,0.70
+79880808908,"Рестораны в Краснодаре - адреса, телефоны и отзывы",restaurant,spravker,krasnodar,https://krasnodar.spravker.ru/restoranyi/,0.70
+79882424249,"Рестораны в Краснодаре - адреса, телефоны и отзывы",restaurant,spravker,krasnodar,https://krasnodar.spravker.ru/restoranyi/,0.70
+79882435215,"Рестораны в Краснодаре - адреса, телефоны и отзывы",restaurant,spravker,krasnodar,https://krasnodar.spravker.ru/restoranyi/,0.70
+79882439595,"Рестораны в Краснодаре - адреса, телефоны и отзывы",restaurant,spravker,krasnodar,https://krasnodar.spravker.ru/restoranyi/,0.70
+79882444600,"Рестораны в Краснодаре - адреса, телефоны и отзывы",restaurant,spravker,krasnodar,https://krasnodar.spravker.ru/restoranyi/,0.70
+79882472466,"Кафе в Краснодаре - адреса, телефоны и отзывы",restaurant,spravker,krasnodar,https://krasnodar.spravker.ru/kafe/,0.70
+79883553542,"Рестораны в Краснодаре - адреса, телефоны и отзывы",restaurant,spravker,krasnodar,https://krasnodar.spravker.ru/restoranyi/,0.70
+79884604049,"Рестораны в Краснодаре - адреса, телефоны и отзывы",restaurant,spravker,krasnodar,https://krasnodar.spravker.ru/restoranyi/,0.70
+79889604316,"Кафе в Воронеже - адреса, телефоны и отзывы",restaurant,spravker,voronezh,https://voronezh.spravker.ru/kafe/,0.70
+79890954074,"Рестораны в Москве - адреса, телефоны и отзывы",restaurant,spravker,msk,https://msk.spravker.ru/restoranyi/,0.70
+79891287333,"Рестораны в Краснодаре - адреса, телефоны и отзывы",restaurant,spravker,krasnodar,https://krasnodar.spravker.ru/restoranyi/,0.70
+79891698899,"Кафе в Краснодаре - адреса, телефоны и отзывы",restaurant,spravker,krasnodar,https://krasnodar.spravker.ru/kafe/,0.70
+79891990444,"Рестораны в Краснодаре - адреса, телефоны и отзывы",restaurant,spravker,krasnodar,https://krasnodar.spravker.ru/restoranyi/,0.70
+79892279608,"Рестораны в Краснодаре - адреса, телефоны и отзывы",restaurant,spravker,krasnodar,https://krasnodar.spravker.ru/restoranyi/,0.70
+79892661499,"Рестораны в Краснодаре - адреса, телефоны и отзывы",restaurant,spravker,krasnodar,https://krasnodar.spravker.ru/restoranyi/,0.70
+79898550942,"Рестораны в Краснодаре - адреса, телефоны и отзывы",restaurant,spravker,krasnodar,https://krasnodar.spravker.ru/restoranyi/,0.70
+79914075110,"Кафе в Воронеже - адреса, телефоны и отзывы",restaurant,spravker,voronezh,https://voronezh.spravker.ru/kafe/,0.70
+79914078835,"Кафе в Воронеже - адреса, телефоны и отзывы",restaurant,spravker,voronezh,https://voronezh.spravker.ru/kafe/,0.70
+79920578450,"Кафе в Воронеже - адреса, телефоны и отзывы",restaurant,spravker,voronezh,https://voronezh.spravker.ru/kafe/,0.70
+79923361964,"Рестораны в Екатеринбурге - адреса, телефоны и отзывы",restaurant,spravker,ekb,https://ekaterinburg.spravker.ru/restoranyi/,0.70
+79936135099,"Кафе в Москве - адреса, телефоны и отзывы",restaurant,spravker,msk,https://msk.spravker.ru/kafe/,0.70
+79945084435,"Рестораны в Москве - адреса, телефоны и отзывы",restaurant,spravker,msk,https://msk.spravker.ru/restoranyi/,0.70
+79951529710,"Кафе в Казани - адреса, телефоны и отзывы",restaurant,spravker,kzn,https://kazan.spravker.ru/kafe/,0.70
+79955909550,"Кафе в Санкт-Петербурге - адреса, телефоны и отзывы",restaurant,spravker,spb,https://spb.spravker.ru/kafe/,0.70
+79958884246,"Рестораны в Краснодаре - адреса, телефоны и отзывы",restaurant,spravker,krasnodar,https://krasnodar.spravker.ru/restoranyi/,0.70
+79959205550,"Рестораны в Москве - адреса, телефоны и отзывы",restaurant,spravker,msk,https://msk.spravker.ru/restoranyi/,0.70
+79961075267,"Рестораны в Уфе - адреса, телефоны и отзывы",restaurant,spravker,ufa,https://ufa.spravker.ru/restoranyi/,0.70
+79963812152,"Кафе в Краснодаре - адреса, телефоны и отзывы",restaurant,spravker,krasnodar,https://krasnodar.spravker.ru/kafe/,0.70
+79966927291,"Рестораны в Челябинске - адреса, телефоны и отзывы",restaurant,spravker,chelyabinsk,https://chelyabinsk.spravker.ru/restoranyi/,0.70
+79990230305,"Кафе в Санкт-Петербурге - адреса, телефоны и отзывы",restaurant,spravker,spb,https://spb.spravker.ru/kafe/,0.70
+79995133335,"Кафе в Санкт-Петербурге - адреса, телефоны и отзывы",restaurant,spravker,spb,https://spb.spravker.ru/kafe/,0.70
+73433057187,Магазин Велоград на улице Малышева,retail,zoon,ekb,https://zoon.ru/ekb/repair/,0.70
+73512170141,"Магазин умных гаджетов Мир мобильных инноваций на Комсомольском проспекте, 47",retail,zoon,chelyabinsk,https://zoon.ru/chelyabinsk/repair/,0.70
+74957632352,ООО &quot;Вега Систем&quot; Москва (ИНН 7713502800) адрес и телефон,retail,rusprofile,,https://www.rusprofile.ru/id/3917879,0.70
+78002009002,Магнит,retail,official_hotline,,,0.70
+78002009555,Перекрёсток,retail,official_hotline,,,0.70
+78005555505,Пятёрочка,retail,official_hotline,,,0.70
+78007004111,Лента,retail,official_hotline,,,0.70
+78652296882,ООО &quot;Титан&quot; Ставрополь (ИНН 2636020736) адрес и телефон,retail,rusprofile,,https://www.rusprofile.ru/id/1250700001276,0.70
+79631371197,"Магазин Гаджет Уфа на проспекте Октября, 44",retail,zoon,ufa,https://zoon.ru/ufa/repair/,0.70
+74952624060,РЖД,support,official_whitelist,,,0.70
+74956361111,МегаФон поддержка,support,official_whitelist,,,0.70
+74956440000,Йота Москва,support,official_whitelist,,,0.70
+74957215550,Аэрофлот,support,official_whitelist,,,0.70
+74957274000,Ростелеком,support,official_whitelist,,,0.70
+74957274949,Ростелеком,support,official_whitelist,,,0.70
+74957770222,Яндекс Такси,support,official_whitelist,,,0.70
+74957773377,Россия авиалинии,support,official_whitelist,,,0.70
+74957774777,UTair,support,official_whitelist,,,0.70
+74957778877,Nordwind,support,official_whitelist,,,0.70
+74957778888,С7 Airlines,support,official_whitelist,,,0.70
+74957886777,Победа,support,official_whitelist,,,0.70
+74957975858,Билайн поддержка,support,official_whitelist,,,0.70
+74957995555,Озон,support,official_whitelist,,,0.70
+74957998888,Wildberries,support,official_whitelist,,,0.70
+78001000000,Яндекс Такси,support,official_whitelist,,,0.70
+78001000800,РЖД,support,official_whitelist,,,0.70
+78001008000,Ростелеком,support,official_whitelist,,,0.70
+78002500090,Аэрофлот,support,official_whitelist,,,0.70
+78003330858,Ростелеком,support,official_whitelist,,,0.70
+78003330890,МТС,support,official_whitelist,,,0.70
+78003331133,Яндекс Такси,support,official_whitelist,,,0.70
+78003334400,Ростелеком Интернет,support,official_whitelist,,,0.70
+78005001600,МТС Дом Ру,support,official_whitelist,,,0.70
+78005500500,МегаФон,support,official_whitelist,,,0.70
+78005500501,МегаФон,support,official_whitelist,,,0.70
+78005500800,МегаФон Йота,support,official_whitelist,,,0.70
+78005550611,Теле2,support,official_whitelist,,,0.70
+78005551312,РЖД,support,official_whitelist,,,0.70
+78007000611,Билайн,support,official_whitelist,,,0.70
+78007000838,Билайн,support,official_whitelist,,,0.70
+78007001116,Мегамаркет,support,official_whitelist,,,0.70
+78007001117,Ламода,support,official_whitelist,,,0.70
+78007001118,СберМегаМаркет,support,official_whitelist,,,0.70
+78007001119,Авито,support,official_whitelist,,,0.70
+78007001120,Юла,support,official_whitelist,,,0.70
+78007001121,Циан,support,official_whitelist,,,0.70
+78007001122,Авто.ру,support,official_whitelist,,,0.70
+78007001123,Домклик,support,official_whitelist,,,0.70
+78007001125,HeadHunter,support,official_whitelist,,,0.70
+78007001126,SuperJob,support,official_whitelist,,,0.70
+78007001127,Работа.ру,support,official_whitelist,,,0.70
+78007004545,ИрАэро,support,official_whitelist,,,0.70
+78007005556,Озон,support,official_whitelist,,,0.70
+78007007007,Россия авиалинии,support,official_whitelist,,,0.70
+78007007575,РЖД,support,official_whitelist,,,0.70
+78007008003,Йота,support,official_whitelist,,,0.70
+78007008889,СберЛогистика,support,official_whitelist,,,0.70
+78007009595,Оренбуржье,support,official_whitelist,,,0.70
+78007009966,Аэрофлот,support,official_whitelist,,,0.70
+78007009994,СберПрайм,support,official_whitelist,,,0.70
+78007009995,СберАвто,support,official_whitelist,,,0.70
+78007009996,СберЗдоровье,support,official_whitelist,,,0.70
+78007009997,СберЕаптека,support,official_whitelist,,,0.70
+78007009998,СберМаркет,support,official_whitelist,,,0.70
+78007753535,РЖД,support,official_whitelist,,,0.70
+78127008000,МегаФон СПб,support,official_whitelist,,,0.70
+73512143030,Концертный зал МТС Live Холл,telecom,zoon,chelyabinsk,https://zoon.ru/chelyabinsk/entertainment/,0.70
+78005550607,Tele2,telecom,official_hotline,,,0.70
+78635293388,ООО &quot;Форвард&quot; Ростов-на-Дону (ИНН 6165209220) адрес и телефон,telecom,rusprofile,,https://www.rusprofile.ru/id/1253200003836,0.70
+79065865555,Концертный зал МТС Live Холл Воронеж,telecom,zoon,voronezh,https://zoon.ru/voronezh/entertainment/,0.70
+73412583813,ООО &quot;Лес Ресурс&quot; Ижевск (ИНН 1835054216) адрес и телефон,transport,rusprofile,,https://www.rusprofile.ru/id/3650429,0.70
+74112210869,"ГАУ РС (Я) &quot;БИ РС (Я)&quot; Якутск (ИНН 1435108467) адрес, официальный сайт и телефон",transport,rusprofile,,https://www.rusprofile.ru/id/4033665,0.70
+74112440136,"ГАУ РС (Я) &quot;БИ РС (Я)&quot; Якутск (ИНН 1435108467) адрес, официальный сайт и телефон",transport,rusprofile,,https://www.rusprofile.ru/id/4033665,0.70
+78004445555,Аэрофлот,transport,official_hotline,,,0.70
+78007750000,РЖД,transport,official_hotline,,,0.70
+73432260843,Точка ремонта техники на улице Куйбышева,utility,zoon,ekb,https://zoon.ru/ekb/repair/,0.70
+73432279897,"Центр по ремонту смартфонов, планшетов, ноутбуков Сервис Pedant.ru в ТЦ Радуга Парк",utility,zoon,ekb,https://zoon.ru/ekb/repair/,0.70
+73432890314,Компания по ремонту бытовой техники Islzip,utility,zoon,ekb,https://zoon.ru/ekb/repair/,0.70
+73433023974,"Центр по ремонту смартфонов, планшетов, ноутбуков Сервис Pedant.ru на улице Краснолесья",utility,zoon,ekb,https://zoon.ru/ekb/repair/,0.70
+73433632217,Сервисный центр по ремонту техники Фиксит сервис на улице Малышева,utility,zoon,ekb,https://zoon.ru/ekb/repair/,0.70
+73472119532,"Центр по ремонту смартфонов, планшетов, ноутбуков Сервис Pedant.ru в ТЦ Аркада",utility,zoon,ufa,https://zoon.ru/ufa/repair/,0.70
+73472250195,Мастерская по ремонту бытовой и промышленной техники ПрофиТех Сервис,utility,zoon,ufa,https://zoon.ru/ufa/repair/,0.70
+73472251528,Компания по ремонту мобильной техники A-Service на улице Рихарда Зорге,utility,zoon,ufa,https://zoon.ru/ufa/repair/,0.70
+73472588170,"Сервисный центр по ремонту компьютеров, ноутбуков и телевизоров Лидер Проект",utility,zoon,ufa,https://zoon.ru/ufa/repair/,0.70
+73472668736,Мастерская по ремонту ноутбуков Уфаноут в Советском районе,utility,zoon,ufa,https://zoon.ru/ufa/repair/,0.70
+73472745835,"Компания по аренде, продаже, ремонту электроскутеров Ю-НЕВА в ТЦ Три кита",utility,zoon,ufa,https://zoon.ru/ufa/entertainment/,0.70
+73472959446,"Сервис Pedant.ru центр по ремонту смартфонов, планшетов, ноутбуков на проспекте Октября, 9",utility,zoon,ufa,https://zoon.ru/ufa/repair/,0.70
+73512170598,"Центр по ремонту смартфонов, планшетов, ноутбуков Сервис Pedant.ru на улице Энгельса",utility,zoon,chelyabinsk,https://zoon.ru/chelyabinsk/repair/,0.70
+73512170612,"Центр по ремонту смартфонов, планшетов, ноутбуков Сервис Pedant.ru в ТЦ Тарелка в Айском",utility,zoon,chelyabinsk,https://zoon.ru/chelyabinsk/repair/,0.70
+73512170615,"Центр по ремонту смартфонов, планшетов, ноутбуков Сервис Pedant.ru на Лесопарковой улице, 5 к 1",utility,zoon,chelyabinsk,https://zoon.ru/chelyabinsk/repair/,0.70
+73512170677,"Центр по ремонту смартфонов, планшетов, ноутбуков Сервис Pedant.ru в ТЦ Фокус",utility,zoon,chelyabinsk,https://zoon.ru/chelyabinsk/repair/,0.70
+73512170699,"Центр по ремонту смартфонов, планшетов, ноутбуков Сервис Pedant.ru в ТЦ КС",utility,zoon,chelyabinsk,https://zoon.ru/chelyabinsk/repair/,0.70
+73512170882,"Центр по ремонту смартфонов, планшетов, ноутбуков Сервис Pedant.ru в ТЦ Слон",utility,zoon,chelyabinsk,https://zoon.ru/chelyabinsk/repair/,0.70
+73512208006,"Центр по ремонту смартфонов, планшетов, ноутбуков Сервис Pedant.ru в ТЦ Алмаз",utility,zoon,chelyabinsk,https://zoon.ru/chelyabinsk/repair/,0.70
+73512408231,"Центр по ремонту смартфонов, планшетов, ноутбуков Сервис Pedant.ru в ТЦ Фиеста",utility,zoon,chelyabinsk,https://zoon.ru/chelyabinsk/repair/,0.70
+73517111374,"Центр по ремонту смартфонов, планшетов, ноутбуков Сервис Pedant.ru на Артиллерийской улице",utility,zoon,chelyabinsk,https://zoon.ru/chelyabinsk/repair/,0.70
+74732024203,"Центр по ремонту смартфонов, планшетов, ноутбуков Сервис Pedant.ru на улице Героев Сибиряков",utility,zoon,voronezh,https://zoon.ru/voronezh/repair/,0.70
+74732026081,"Сервисный центр по ремонту телефонов, ноутбуков и телевизоров Diod на Ленинском проспекте",utility,zoon,voronezh,https://zoon.ru/voronezh/repair/,0.70
+74732072003,Воронежский техникум строительных технологий на улице Димитрова,utility,zoon,voronezh,https://zoon.ru/voronezh/education/,0.70
+74732592434,"Сервисный центр по ремонту телефонов, ноутбуков и телевизоров Diod на улице Домостроителей",utility,zoon,voronezh,https://zoon.ru/voronezh/repair/,0.70
+74950552999,Компания по ремонту элитных часов Наше Время в ТЦ Vegas Сити,utility,zoon,msk,https://zoon.ru/msk/repair/,0.70
+74951116999,Компания по ремонту элитных часов Наше Время в Таганском районе,utility,zoon,msk,https://zoon.ru/msk/repair/,0.70
+74951370744,Компания Фотоуслуги и Ремонт компьютеров на метро Аэропорт Внуково,utility,zoon,msk,https://zoon.ru/msk/repair/,0.70
+74951445999,Компания по ремонту элитных часов Наше Время на Тверской улице,utility,zoon,msk,https://zoon.ru/msk/repair/,0.70
+74951470512,"Сервисный центр по ремонту бытовой техники ""ON Сервис"" на метро Медведково",utility,zoon,msk,https://zoon.ru/msk/repair/,0.70
+74951555799,Компания по ремонту элитных часов Наше Время на Смоленском бульваре,utility,zoon,msk,https://zoon.ru/msk/repair/,0.70
+74952231558,Ремонтная мастерская Сервис-ВМ на метро Улица Старокачаловская,utility,zoon,msk,https://zoon.ru/msk/repair/,0.70
+74957723528,Компания по ремонту элитных часов Наше Время на метро Арбатская,utility,zoon,msk,https://zoon.ru/msk/repair/,0.70
+74994994669,Компания по ремонту элитных часов Наше Время на метро Домодедовская,utility,zoon,msk,https://zoon.ru/msk/repair/,0.70
+78007774926,"Центр по ремонту смартфонов, планшетов, ноутбуков Сервис Pedant.ru в ТЦ Кольцо",utility,zoon,chelyabinsk,https://zoon.ru/chelyabinsk/repair/,0.70
+78123808841,Сервисный центр Служба Ремонта Бытовой Техники в Невском районе,utility,zoon,spb,https://zoon.ru/spb/repair/,0.70
+78129736740,ООО &quot;Нева-Охрана&quot; Санкт-Петербург (ИНН 7811144856) адрес и телефон,utility,rusprofile,,https://www.rusprofile.ru/id/4173104,0.70
+78312935103,ООО &quot;Предприятие Продкомплект&quot; Москва (ИНН 7717575929) адрес и телефон,utility,rusprofile,,https://www.rusprofile.ru/id/1241100004441,0.70
+78612053695,Ремонтная мастерская Доктор лабс,utility,zoon,krasnodar,https://zoon.ru/krasnodar/repair/,0.70
+78612057810,"Специализированный сервисный центр по ремонту офисной техники De`Longhi, Bosch, Saeco, Jura, Krups IT-Master на улице 1 Мая",utility,zoon,krasnodar,https://zoon.ru/krasnodar/repair/,0.70
+79000822084,"Центр по ремонту смартфонов, планшетов, ноутбуков Сервис Pedant.ru в ТЦ Родник",utility,zoon,chelyabinsk,https://zoon.ru/chelyabinsk/repair/,0.70
+79009453336,Сервисный центр по ремонту стиральных машин РемВрн36,utility,zoon,voronezh,https://zoon.ru/voronezh/repair/,0.70
+79009578232,Компания по ремонту бытовой техники Рефриз,utility,zoon,voronezh,https://zoon.ru/voronezh/repair/,0.70
+79012576216,Московский центр Ремонта,utility,zoon,msk,https://zoon.ru/msk/repair/,0.70
+79012578429,Компания по ремонту элитных часов Наше Время на улице Льва Толстого,utility,zoon,msk,https://zoon.ru/msk/repair/,0.70
+79024696904,Мастерская по ремонту бытовой техники Евро Сервис 77 на Варшавском шоссе,utility,zoon,msk,https://zoon.ru/msk/repair/,0.70
+79031995481,ООО &quot;Предприятие Продкомплект&quot; Москва (ИНН 7717575929) адрес и телефон,utility,rusprofile,,https://www.rusprofile.ru/id/1241100004441,0.70
+79173452888,Сервис по ремонту окон и дверей Окна Сервис Уфа на улице Адмирала Макарова,utility,zoon,ufa,https://zoon.ru/ufa/repair/,0.70
+79181111868,"Центр по ремонту смартфонов, планшетов, ноутбуков Сервис Pedant.ru на Московской улице, 160а",utility,zoon,krasnodar,https://zoon.ru/krasnodar/repair/,0.70
+79192404239,"Быт Ремонт на улице 60-й Армии, 21",utility,zoon,voronezh,https://zoon.ru/voronezh/repair/,0.70
+79202116656,"Центр по ремонту смартфонов, планшетов, ноутбуков Сервис Pedant.ru в ТЦ Арена",utility,zoon,voronezh,https://zoon.ru/voronezh/repair/,0.70
+79279561920,"Служба по ремонту телевизоров, компьютеров и бытовой техники Ufakompmaster",utility,zoon,ufa,https://zoon.ru/ufa/repair/,0.70
+79312548262,Сервисный центр Ленремонт на проспекте Маршала Жукова,utility,zoon,spb,https://zoon.ru/spb/repair/,0.70
+79324437103,"Сервис по ремонту смартфонов, ноутбуков и планшетов Pedant.ru на улице Рождественка",utility,zoon,msk,https://zoon.ru/msk/repair/,0.70
+79334033246,"Сервисный центр по ремонту телефонов, ноутбуков и телевизоров Diod на Московском проспекте",utility,zoon,voronezh,https://zoon.ru/voronezh/repair/,0.70
+79334082105,"Центр по ремонту смартфонов, планшетов, ноутбуков Сервис Pedant.ru на улице Брусилова",utility,zoon,voronezh,https://zoon.ru/voronezh/repair/,0.70
+79373594104,"Центр по ремонту смартфонов, планшетов, ноутбуков Сервис Pedant.ru в ТЦ Карусель",utility,zoon,ufa,https://zoon.ru/ufa/repair/,0.70
+79373610626,"Центр по ремонту смартфонов, планшетов, ноутбуков Сервис Pedant.ru в ТЦ Иремель",utility,zoon,ufa,https://zoon.ru/ufa/repair/,0.70
+79374834000,"Сервисный центр по ремонту мобильных устройств АйРемонт в переулке Ухтомского, 10",utility,zoon,ufa,https://zoon.ru/ufa/repair/,0.70
+79514606883,"Центр по ремонту смартфонов, планшетов, ноутбуков Сервис Pedant.ru на проспекте Славы в Копейске",utility,zoon,chelyabinsk,https://zoon.ru/chelyabinsk/repair/,0.70
+79581611990,Компания по ремонту бытовой техники Рефриз,utility,zoon,chelyabinsk,https://zoon.ru/chelyabinsk/repair/,0.70
+79603048454,ООО &quot;Комплект-Сервис&quot; Казань (ИНН 1655373661) адрес и телефон,utility,rusprofile,,https://www.rusprofile.ru/id/4924762,0.70
+79625223232,"Центр по ремонту смартфонов, планшетов, ноутбуков Сервис Pedant.ru",utility,zoon,ufa,https://zoon.ru/ufa/repair/,0.70
+79630334433,Центр по ремонту бытовой техники Норд-Сервис на Вишневой улице,utility,zoon,ekb,https://zoon.ru/ekb/repair/,0.70
+79639065500,"Центр по ремонту смартфонов, планшетов, ноутбуков Сервис Pedant.ru в Салавате",utility,zoon,ufa,https://zoon.ru/ufa/repair/,0.70
+79655287775,Компания Ремонт гидравлики,utility,zoon,ekb,https://zoon.ru/ekb/repair/,0.70
+79667772323,"Центр по ремонту смартфонов, планшетов, ноутбуков Сервис Pedant.ru в ТЦ Ашан на Уральской улице",utility,zoon,krasnodar,https://zoon.ru/krasnodar/repair/,0.70
+79811890007,Сервисный центр Служба Ремонта Бытовой Техники в Выборгском районе,utility,zoon,spb,https://zoon.ru/spb/repair/,0.70
+79823603564,Фирма по ремонту бытовой техники РемонтЧелЦентр,utility,zoon,chelyabinsk,https://zoon.ru/chelyabinsk/repair/,0.70
+79993336708,"Центр по ремонту смартфонов, планшетов, ноутбуков Сервис Pedant.ru в ТЦ Радуга",utility,zoon,chelyabinsk,https://zoon.ru/chelyabinsk/repair/,0.70
